round,date,portfolio_value,return,semicon,bank,car,finance,treasury3,ener&chem,iron,wti,gold,copper,necessities,healthcare,silver,treasury10
1,2019-01-02,1.00506757739478,0.005054780439287424,1.571544672174241e-08,2.0611250484137145e-09,2.0642036702156474e-07,2.135078034370963e-07,3.374399284439278e-06,1.1842182345844776e-08,2.184996006349138e-08,1.0385438997673191e-07,0.9999861717224121,8.986562534119003e-07,2.0040108950070135e-07,1.1335783511867703e-07,8.626370799902361e-06,6.941846919517047e-08
1,2019-01-03,1.0093442670427517,0.004246099014237006,1.8720388794690734e-08,2.7359777959645726e-05,2.4581569846304774e-07,2.6578823053569067e-07,1.0499023801457952e-06,4.5582979169012106e-08,4.08063272061554e-08,1.6859674190072838e-07,0.9999688863754272,5.159628244655323e-07,1.3664093501120078e-07,1.4709715401295398e-07,1.0598826065688627e-06,3.9981774335728915e-08
1,2019-01-04,1.0419280311581787,0.03177199350595474,3.5232653317507356e-05,3.0571422371394874e-07,6.115275823503907e-07,2.943803565358394e-06,7.927533260954078e-07,2.581681428637239e-07,3.817304730091564e-07,2.1489393375873078e-08,2.0610093631745485e-09,4.2858025040004577e-07,2.8888051019748673e-05,0.9999299645423889,2.768139317765872e-08,1.4473600629116845e-07
1,2019-01-07,1.0320833716602587,-0.009493422670662404,6.715335416629387e-07,0.4990779459476471,7.963940151967108e-05,2.5775125322979875e-05,5.2459010476013646e-05,0.00016630944446660578,5.504970613401383e-05,0.0011110663181170821,0.4990779459476471,7.591378380311653e-05,1.3930892919233884e-06,1.0286763663103216e-09,0.00021999867749400437,5.580834476859309e-05
1,2019-01-09,1.0431136963682481,0.010630728770792484,5.653427948004719e-08,0.9999472498893738,4.465647123197414e-07,5.222603363108647e-07,1.6965016413905687e-07,5.989135161144077e-07,1.5708093314970029e-07,3.2150052220458747e-07,4.510381040745415e-05,2.0995409499846573e-07,1.4065511777516804e-07,4.964131676388206e-06,2.548107325139881e-08,2.2706126756588674e-08
1,2019-01-10,1.0510210819319505,0.007551971560716629,4.6812318032607436e-05,4.727200320076008e-08,5.925181767452159e-07,3.119166194665013e-06,9.096308417610999e-07,2.1715423770274356e-07,3.751017061404127e-07,1.8609078722420236e-08,2.060966952655008e-09,4.6656083441121154e-07,3.7768983020214364e-05,0.9999094605445862,3.3359594198145714e-08,1.5951654575019347e-07
1,2019-01-11,1.0460656233961,-0.004726049473136663,1.124534151131229e-06,1.989905795696245e-09,1.883152691561918e-07,4.952011067871354e-07,1.575358623995271e-06,1.9369112536082866e-08,4.6320206337213676e-08,1.5628806693257502e-08,0.034558650106191635,5.064204628979496e-07,3.7883698951191036e-06,0.9654330611228943,4.6576550971622055e-07,7.330172024921922e-08
1,2019-01-14,1.04410262021564,-0.001878321291692555,1.5047682211388747e-08,2.0611363726885656e-09,1.378729166390258e-07,1.643389424543784e-07,2.0929978745698463e-06,8.59704130107275e-09,1.5211446324769895e-08,5.410229420022006e-08,0.9999915957450867,5.740852202507085e-07,1.8442908356064436e-07,1.2792048664778122e-06,3.831742560578277e-06,4.024707322969334e-08
1,2019-01-15,1.0565608770729882,0.01186139801889658,2.265214646968161e-07,0.4999992251396179,1.598360768184648e-07,3.2864079457795015e-07,7.142808300386605e-08,1.690846289648107e-07,6.79404337233791e-08,3.137680337772508e-08,3.1053779991907504e-08,7.190929096623222e-08,3.590068331504881e-07,0.4999992251396179,4.363224448411529e-09,1.0285001295073926e-08
1,2019-01-16,1.0434063095442903,-0.012528519186377525,1.4856520465400536e-05,5.0659885175718955e-09,3.1063203209669155e-07,1.4217617945178063e-06,7.886184221206349e-07,7.816675662297712e-08,1.5472510028757824e-07,1.3034659573918361e-08,4.3906851487918175e-08,3.910436987553112e-07,1.8017679394688457e-05,0.9999637603759766,5.278329950897387e-08,8.806198081856564e-08
1,2019-01-17,1.0409700222919902,-0.0023376664996147154,4.9847184158124946e-08,3.439183160480752e-08,5.603472885695737e-08,1.2527415549357102e-07,3.5536902487365296e-07,7.220393172246986e-09,1.0171632425226562e-08,9.248746657419815e-09,0.881137490272522,1.4472199438841926e-07,3.030565380868211e-07,0.11886125802993774,1.3263444031963445e-07,9.545445323055901e-09
1,2019-01-18,1.040932935559033,-3.562772493410761e-05,1.9905268544562205e-08,6.559371286130045e-06,8.657946750645351e-07,5.441647772386204e-07,5.123551545693772e-06,1.245731340304701e-07,1.2609122279627627e-07,1.354426331090508e-06,0.9999669194221497,2.2640990664513083e-06,1.691372659706758e-07,2.061085524474038e-09,1.568423795106355e-05,2.3540312099612493e-07
1,2019-01-21,1.031897152204275,-0.008718361087143422,6.64383037474181e-07,0.4854147136211395,2.730289452301804e-07,6.17549062553735e-07,1.2054421461016318e-07,3.1926725796438404e-07,1.4123750702310645e-07,5.016180182337848e-08,4.968637945523824e-09,1.241760401171632e-07,8.215554316848284e-07,0.514582097530365,6.904253169182084e-09,2.347568006655365e-08
1,2019-01-22,1.0249717133027312,-0.006733987944573164,1.3849572155777423e-08,0.008546952158212662,2.073787754852674e-07,2.290642129310072e-07,4.624184839485679e-07,6.474400748857079e-08,3.933119430143961e-08,1.5697872868258855e-07,0.9914510250091553,2.9322146133381466e-07,8.472200363485172e-08,1.3623203187762556e-07,2.8442028110475803e-07,2.1152139595415065e-08
1,2019-01-23,1.021366986059621,-0.003523102967068553,2.675721589184832e-06,0.006736136507242918,4.094113421615475e-07,1.178707179860794e-06,2.624306318921299e-07,3.1865928917795827e-07,2.0428471714240004e-07,3.8618917841404254e-08,3.978861240483411e-09,2.0971977221506677e-07,3.1759848297951976e-06,0.9932553172111511,1.1746420724989548e-08,4.3122202697531975e-08
1,2019-01-24,1.036552493178689,0.014758383795619012,2.2402355526196516e-08,0.9978229999542236,3.5861378933077503e-07,3.8575652183681086e-07,1.7740762814355548e-07,3.8078158581811294e-07,1.0273011952222078e-07,3.415023002162343e-07,0.002174725756049156,1.982570836389641e-07,7.544956304172956e-08,1.5566972422220715e-07,3.990092167782677e-08,1.7721569989248565e-08
1,2019-01-25,1.0439783901760824,0.007138493920862674,1.2969978513410751e-07,4.5782158508700377e-07,9.011199608721654e-08,2.1563107566180406e-07,3.3898336937454587e-07,1.6642919931086908e-08,2.0629201458177704e-08,1.282463824026081e-08,0.029175151139497757,1.6217668985518685e-07,5.550625132855203e-07,0.9708227515220642,8.349736901891447e-08,1.3390899944454304e-08
1,2019-01-28,1.0598502909041545,0.015088872972130775,1.0603725897340155e-08,4.7187575546558946e-05,1.3980942981106637e-07,1.5823526666736143e-07,6.050839829185861e-07,2.4557170519301508e-08,2.1265170957462942e-08,8.437233844915681e-08,0.9999505281448364,2.921177042480849e-07,8.5493013557425e-08,2.9618607300108124e-07,5.26065889516758e-07,1.8245815525119724e-08
1,2019-01-29,1.0595449197061344,-0.0002881682459264994,1.1980877445694205e-07,2.01294891866155e-09,9.586506877212742e-08,2.0106936915453844e-07,7.159903248066257e-07,1.101430946448545e-08,1.8538585777605476e-08,1.4883108079288832e-08,0.7355209589004517,2.6113681883543904e-07,6.143464474916982e-07,0.26447662711143494,3.1255191856871534e-07,2.4668329601240657e-08
1,2019-01-30,1.0668907745473148,0.006909105300158262,1.519195166110876e-06,0.0008014139020815492,2.4850336899362446e-07,7.50429819618148e-07,2.1814149420151807e-07,1.403922169629368e-07,1.0454527199499353e-07,2.1778832959284955e-08,4.05717592855126e-08,1.5612440051882004e-07,2.327796437384677e-06,0.999193012714386,1.181717124154602e-08,2.5392184355155223e-08
1,2019-01-31,1.0710218252525352,0.003864569437503815,1.134073279729364e-08,3.651244995239722e-08,3.2734965316194575e-07,2.5664238023637154e-07,3.6626415749196894e-06,2.5721034191406034e-08,3.6626371269221636e-08,3.152142085127707e-07,0.9999815821647644,1.2070248658346827e-06,1.3094279438519152e-07,2.0611157225403076e-09,1.2305044037930202e-05,9.280277168954854e-08
1,2019-02-01,1.061756206852432,-0.00868883358091116,7.247829216794344e-07,8.741748160900897e-07,1.5925232332847372e-07,4.264669541953481e-07,3.8263556234596763e-07,4.0354578345613845e-08,4.896378058560913e-08,1.526077753055688e-08,5.311438872013241e-05,2.055280532431425e-07,1.799646611289063e-06,0.9999421238899231,4.647045059869015e-08,2.4827732758581078e-08
1,2019-02-07,1.0492952495066081,-0.01180558819025755,1.639485702753518e-08,4.169197200099006e-05,1.010033727766313e-07,1.4842457574104628e-07,3.7905988392594736e-07,1.9787385951985925e-08,1.7380960670720924e-08,4.247995022410578e-08,0.999938428401947,1.9701361964052921e-07,1.1190721949105864e-07,1.8595648725749925e-05,2.1588235199487826e-07,1.1931806653819876e-08
1,2019-02-08,1.0572273718571057,0.007531046436727047,2.9548143629654078e-06,2.289758185725077e-06,2.1976954656111047e-07,7.717278549534967e-07,3.3873888583002554e-07,7.679255986658973e-08,9.109758991598937e-08,1.3332748238781278e-08,1.1615878747761599e-07,1.9871174572472228e-07,4.567644737107912e-06,0.999988317489624,2.0998923488946275e-08,3.301577322645244e-08
1,2019-02-11,1.0687926571728439,0.010879859305918217,4.931836201649276e-07,0.006851120851933956,7.279441547325405e-07,1.5308825140891713e-06,1.3730020782531938e-06,2.2414508293877589e-07,1.667240780989232e-07,1.4535277159666293e-07,0.06066867709159851,8.90984495072189e-07,2.098949835271924e-06,0.932472288608551,2.3675534066569526e-07,5.4485568057316414e-08
1,2019-02-12,1.0656985425812957,-0.0028991609420627356,1.5603802694386104e-08,1.9076827811659314e-05,2.8731483325827867e-07,2.7230584009885206e-07,1.390390480082715e-06,4.86560658430335e-08,4.5126625991542824e-08,2.467864419486432e-07,0.999975860118866,6.646875476690184e-07,1.233841544490133e-07,1.6830094651254512e-08,1.890917815217108e-06,5.1549914559245735e-08
1,2019-02-13,1.0702191636964313,0.004232960709929466,2.3235666049004067e-06,0.03946167230606079,4.254161922290223e-06,7.989511686901096e-06,7.73323881730903e-06,1.4464798141489155e-06,1.027015514409868e-06,1.063766148945433e-06,0.323329895734787,5.1476490625645965e-06,9.189432603307068e-06,0.6371663212776184,1.5479404282814357e-06,3.7072032910145936e-07
1,2019-02-14,1.0664957202007646,-0.0034852074019610883,8.748325512897281e-07,0.006861277390271425,2.486500818577042e-07,6.40937059870339e-07,1.929216040252868e-07,1.5857966673138435e-07,1.016991504343423e-07,2.964031686758517e-08,1.1611411565581875e-07,1.5278014586783684e-07,1.425533696419734e-06,0.9931347370147705,1.2145889627390716e-08,2.2195496995891517e-08
1,2019-02-15,1.0684130074971974,0.0017961309418082238,1.607337907216788e-08,3.21773586620111e-05,1.1776167951893513e-07,1.6121461499096768e-07,4.7352847332149395e-07,2.245648467180672e-08,2.0090910268777407e-08,5.709785000362899e-08,0.999960720539093,2.4432338818769495e-07,1.1266820365563035e-07,5.549833076656796e-06,3.1520957577413355e-07,1.508037428266107e-08
1,2019-02-18,1.0779220936749703,0.008860823632823303,3.7492682736228744e-08,2.549265332163486e-07,9.528665856350926e-08,1.623636904923842e-07,5.381425012274121e-07,1.3088609307487786e-08,1.6020502258129454e-08,2.36113653073744e-08,0.9980926513671875,2.2557836132364173e-07,2.485721211087366e-07,0.0019054376753047109,2.736295527938637e-07,1.5725170499081287e-08
1,2019-02-19,1.0903519670508286,0.011465349112451076,8.896884651221626e-08,4.83554249512963e-05,7.304404192609582e-08,1.6890567167138215e-07,1.6146599080002488e-07,2.007875288256855e-08,1.7639232297028684e-08,1.1458386239837637e-08,0.002056002151221037,9.709658854717418e-08,3.4047445751639316e-07,0.9978946447372437,2.5696145655729197e-08,6.942105557072864e-09
1,2019-02-20,1.087826048820084,-0.0023192956173559653,9.993453886636416e-07,0.0002657630539033562,1.8450106153977686e-07,5.466976631396392e-07,1.9938849504796963e-07,8.675205975805511e-08,7.09026792833356e-08,1.6773606503761584e-08,2.3519430669693975e-07,1.379561211933833e-07,1.7707371853248333e-06,0.9997299313545227,1.2753563538581147e-08,1.8793064882061117e-08
1,2019-02-21,1.086684388834422,-0.0010500387312844396,2.9988818539550266e-08,0.06026136875152588,1.332079705207434e-06,8.466331564704888e-07,2.4393059447902488e-06,5.569669951910328e-07,2.977684800953284e-07,2.594585566839669e-06,0.9397252202033997,1.7693261042950326e-06,1.5802582709056878e-07,1.9369179593553554e-09,3.1527492865279783e-06,2.277807169548396e-07
1,2019-02-22,1.0828968861613726,-0.0034914631355553866,6.661613497271901e-06,9.274471267417539e-06,3.5264443454252614e-07,1.3316689546627458e-06,4.0057432215689914e-07,1.6175800965356757e-07,1.7496768123237416e-07,1.938465388207078e-08,5.262803970396135e-09,2.4888146299417713e-07,7.796255886205472e-06,0.999973475933075,1.8532546164351515e-08,5.501353328440928e-08
1,2019-02-25,1.0891903841534987,0.005794901236146689,3.843547347059939e-08,3.412100681998709e-07,7.307438920634013e-08,1.4203899922904384e-07,3.856538057789294e-07,1.064917665161147e-08,1.2996676623799885e-08,1.5715581724862204e-08,0.9905473589897156,1.6900347077353217e-07,2.442741617869615e-07,0.009451029822230339,1.6218191944972205e-07,1.0905228720048399e-08
1,2019-02-26,1.0874968707947394,-0.0015560468750074506,2.6462553250894416e-06,4.88248133478919e-07,2.041182796119756e-07,7.120131613191916e-07,3.977275184752216e-07,6.092317761385857e-08,8.07532458679816e-08,1.3245590402277685e-08,5.652610752804321e-07,2.2315332159905665e-07,4.497899226407753e-06,0.9999900460243225,3.0910364046121686e-08,3.4953771432810754e-08
1,2019-02-27,1.0944973537451117,0.006416613656282425,2.6346000936428027e-07,0.1895603984594345,1.6794524526630994e-07,3.782346595926356e-07,1.0742260059259934e-07,1.3105947971325804e-07,6.419220710540685e-08,3.002028847731708e-08,3.6251913115847856e-07,9.67247473226962e-08,4.967478730577568e-07,0.8104375004768372,7.67342456242659e-09,1.1433271218663776e-08
1,2019-02-28,1.0930544753311269,-0.0013191720571368933,1.1059642091026944e-08,0.5811882615089417,2.0630136532417964e-07,2.016628428691547e-07,2.4123039565893123e-07,1.1176960867942398e-07,4.826264898838417e-08,2.0899301489407662e-07,0.41881027817726135,2.0190732641367504e-07,5.202031871931467e-08,2.1292640539627428e-08,1.1117916187686205e-07,1.7107321781395513e-08
1,2019-03-04,1.0734606345965798,-0.018088380628824233,1.3768892692667123e-08,9.467629752180073e-06,2.5750802024049335e-07,2.452334797453659e-07,1.3724899190492579e-06,3.9000664031618726e-08,3.742407272966375e-08,2.003126127192445e-07,0.9999856352806091,6.035626256561955e-07,1.1662856991279114e-07,2.097077000939862e-08,1.916074552354985e-06,4.602161851607889e-08
1,2019-03-05,1.0660420231375223,-0.006934921220348042,2.757624706362094e-08,9.278326160711003e-07,1.482338944924777e-07,2.0773809694674128e-07,8.339580404026492e-07,2.2088311624202106e-08,2.478824967511173e-08,6.095144300388711e-08,0.9999780654907227,3.6946610748600506e-07,1.9527782058048615e-07,1.8453529264661483e-05,6.511679089271638e-07,2.6598893754226083e-08
1,2019-03-06,1.0693328122661987,0.003082167757395655,6.572105348823243e-08,1.3280861743680816e-08,1.1267506039303044e-07,1.9879995249993954e-07,8.33897274787887e-07,1.2852638064941857e-08,1.9133150175321134e-08,2.4113548491300207e-08,0.9908761978149414,3.118658185030654e-07,4.1967933839259786e-07,0.0091213034465909,4.6210098503252084e-07,2.4867489401003695e-08
1,2019-03-07,1.051207987301993,-0.017094947063922884,1.3424001963358023e-06,2.7131752631248673e-06,1.545483883091947e-07,4.920337346447923e-07,2.643141669977922e-07,4.789007945760204e-08,5.4869421006742414e-08,1.0466890465465895e-08,9.361057209389401e-07,1.5249393925387267e-07,2.6017075924755773e-06,0.9999911785125732,1.9285856467377016e-08,2.0353331464662006e-08
1,2019-03-08,1.0565116197624207,0.00503258937895298,1.3097784190563289e-08,3.2376436138292775e-05,1.1693143164848152e-07,1.5352173932114965e-07,4.933593231726263e-07,2.1161060459462533e-08,1.8617134500686916e-08,5.8123230672890713e-08,0.999963641166687,2.409188084584457e-07,9.838339565249044e-08,2.3804520878911717e-06,3.554228840130236e-07,1.4846009754876377e-08
1,2019-03-11,1.0562553499990175,-0.00024259160459041593,3.7356471693783533e-07,0.003433499252423644,3.7865351032451144e-07,7.889705671004776e-07,5.678765546690556e-07,1.473393780315746e-07,1.0494591151655186e-07,7.489196462984182e-08,0.0012546860380098224,4.000079911747889e-07,1.180377012133249e-06,0.9953076839447021,8.25984045604855e-08,3.327273034869904e-08
1,2019-03-12,1.0615685542996984,0.005017617788910866,7.799847594469611e-07,0.012753220275044441,1.5194258367046132e-06,3.1391746233566664e-06,3.215561719116522e-06,4.491319884891709e-07,3.348264385749644e-07,3.570271189801133e-07,0.6035407185554504,2.052353011094965e-06,3.6555495626089396e-06,0.3836897909641266,6.812048809479165e-07,1.200939294676573e-07
1,2019-03-13,1.0612300885793573,-0.00031888631957117464,4.198060923954472e-05,7.118459325283766e-05,1.2757101330862497e-06,5.0966373237315565e-06,9.192579000227852e-07,9.86992517937324e-07,9.547745776217198e-07,6.748093994701776e-08,2.060842385631645e-09,6.197184916345577e-07,2.7657571990857832e-05,0.9998489618301392,2.870852888747777e-08,2.783608863410336e-07
1,2019-03-14,1.0575597942662924,-0.0034645228523761036,9.401932565822335e-09,9.356145191929954e-09,1.7956014630726713e-07,1.7590443235349085e-07,2.346109567952226e-06,1.2697469742306566e-08,1.9085870661683657e-08,1.1632723584398263e-07,0.9999902248382568,7.032668918327545e-07,1.1841197533613013e-07,1.729558718466251e-08,6.036268587195082e-06,4.765696814956755e-08
1,2019-03-15,1.0379178541282243,-0.01874753037393093,1.9769939285652072e-07,1.0339885193388909e-05,1.0019256535542809e-07,2.4514883989468217e-07,2.3407274341025186e-07,2.7207839536913525e-08,2.6894500848584357e-08,1.39940006249617e-08,0.0006481892196461558,1.3775914453617588e-07,6.329814254968369e-07,0.9993398189544678,3.5616803728544255e-08,1.1892920426248565e-08
1,2019-03-18,1.0365108016836109,-0.001356568861939013,1.8799973133809544e-08,0.00027117261197417974,8.113592002700898e-07,5.238628659753886e-07,3.1115778256207705e-06,1.7102421168146975e-07,1.3238577878382785e-07,1.2771524779964238e-06,0.9997146725654602,1.6198401908695814e-06,1.3916036323280423e-07,2.0605654960093034e-09,6.202284566825256e-06,1.689412272298796e-07
1,2019-03-19,1.034327485945015,-0.002108630655147135,2.4700861800397433e-08,0.8180974125862122,4.660157344460458e-07,4.1298184783045144e-07,4.436902258930786e-07,2.9637106990776374e-07,1.201074013579273e-07,5.065053301223088e-07,0.1818995624780655,4.006628273600654e-07,1.0079292422915387e-07,2.110861352377924e-08,1.9600797429575323e-07,4.0691372049650454e-08
1,2019-03-20,1.0328671704811134,-0.0014128477957099676,6.4997607296390925e-06,0.0012846096651628613,5.952977630840905e-07,1.9202198018319905e-06,4.026868509754422e-07,4.4812824739892676e-07,3.3222633533114276e-07,4.641399087290665e-08,2.0584705051618357e-09,3.006185806952999e-07,6.550742000399623e-06,0.9986981749534607,1.6696038329655494e-08,7.970424320546954e-08
1,2019-03-21,1.0428829068308962,0.009650308279693126,2.734133985882181e-08,8.209703850070582e-08,9.962802494101197e-08,1.5869072456098365e-07,7.201701350822987e-07,1.160501827968119e-08,1.5515086104755937e-08,2.9464285233871124e-08,0.9997906684875488,2.7963335469394224e-07,2.133043892627029e-07,0.00020714027050416917,5.252537107480748e-07,1.8772638554764853e-08
1,2019-03-22,1.0368611623625457,-0.00579086762201041,2.273374555272767e-08,0.003781686071306467,8.410736995756452e-07,5.757002554673818e-07,2.2244091724132886e-06,2.473337019637256e-07,1.6070201525053562e-07,1.31756007704098e-06,0.996208131313324,1.3792239315080224e-06,1.4110636925579456e-07,2.0533379441189936e-09,3.1040153771755286e-06,1.4669173253878398e-07
1,2019-03-25,1.0165314885575774,-0.019801705315709114,5.177788352739299e-06,3.9365932025248185e-05,3.5725835800803907e-07,1.2562173878905014e-06,3.6013059911965684e-07,1.8123897405075695e-07,1.7416745379250642e-07,2.212274985424756e-08,5.67673374973765e-09,2.3386088798815763e-07,6.193344688654179e-06,0.9999465942382812,1.6494105636866152e-08,5.042901918272946e-08
1,2019-03-26,1.008355048485025,-0.008075992766022682,2.5148274573894014e-08,0.9665305614471436,2.8340201652099495e-07,3.24229119996744e-07,2.591128236417717e-07,1.9137739570851409e-07,7.634768905973033e-08,2.3837377227664547e-07,0.033467113971710205,2.4697132516848797e-07,9.824744751085746e-08,4.987533088751661e-07,8.193200073947082e-08,2.0276866408153182e-08
1,2019-03-27,1.0022873476542684,-0.006035602613538504,1.2228118073664973e-08,1.8839652682345331e-07,1.410504069099261e-07,1.6398531954564532e-07,1.1595400337682804e-06,1.4702793649234991e-08,1.8135782653416754e-08,7.081457198410135e-08,0.9999956488609314,4.192104938738339e-07,1.2255226522484008e-07,4.275025276001543e-07,1.561470412525523e-06,2.7789786471998923e-08
1,2019-03-28,0.9996593746446862,-0.002625419038202381,2.8641219174119215e-08,1.5600062397425063e-07,1.0233448932694955e-07,1.6157270010808134e-07,6.688341045446577e-07,1.2775370983320045e-08,1.6020123894122662e-08,2.9484658270462205e-08,0.9997275471687317,2.665921670086391e-07,2.1113717707521573e-07,0.0002703491772990674,4.384667136037024e-07,1.8087829900537145e-08
1,2019-03-29,0.9826149089818559,-0.01719730298947543,6.738449087606568e-08,3.260465675225532e-08,9.426173619431211e-08,1.8457161843343783e-07,5.980388664283964e-07,1.2128634985231201e-08,1.7028801480023503e-08,1.8132398693637697e-08,0.9691821932792664,2.3972069129740703e-07,4.0005934920372965e-07,0.030815865844488144,2.700833192648133e-07,1.830609619446477e-08
1,2019-04-01,0.9897595938157878,0.007244786498695612,1.5837402145280066e-07,0.0008343065856024623,1.6458558604881546e-07,3.671669048799231e-07,2.970875527807948e-07,5.315994400234558e-08,4.055879188058498e-08,2.8722320521978872e-08,0.0029163036961108446,1.9435134390732856e-07,5.943669521002448e-07,0.996247410774231,4.4244707453344745e-08,1.3296141077034918e-08
1,2019-04-02,0.9863000700307907,-0.0035014401465654375,1.4439984319380983e-08,3.920176823157817e-05,6.712207323289476e-08,1.1247818321180603e-07,2.5203578957189166e-07,1.3290601508231248e-08,1.1565391311307849e-08,2.318882685869994e-08,0.9998434782028198,1.3208595817104651e-07,9.853174276486243e-08,0.00011650327360257506,1.1337657923604638e-07,7.041662364315471e-09
1,2019-04-03,0.9955177648169257,0.009302329501509667,3.027784245546172e-08,0.9991539120674133,3.161314054977993e-07,3.586146704037674e-07,1.6583763340349833e-07,3.2071341138362186e-07,9.457523475475682e-08,2.480161072071496e-07,0.0008428971632383764,1.868910999291984e-07,9.434705106059482e-08,1.3541642829295597e-06,3.2104484404271716e-08,1.6357132537336838e-08
1,2019-04-04,0.9967862677937688,0.0012734031829400919,3.1076371698190997e-08,0.9998106956481934,1.884921374539772e-07,2.669289074219705e-07,9.856380955852728e-08,1.807834877354253e-07,5.550435844270396e-08,9.69232516467855e-08,0.0001463061780668795,1.053393106076328e-07,9.476452333956331e-08,4.187024023849517e-05,1.4031537709513486e-08,8.415764085611954e-09
1,2019-04-05,0.9832580909312496,-0.013664731606841087,4.5165830897531123e-07,0.00011207891657250002,1.1465679250477478e-07,3.4908154589174956e-07,1.570593610722426e-07,4.4242067787081396e-08,3.7673348884936786e-08,1.0743371525734347e-08,2.6778600386023754e-06,1.0237533132340104e-07,1.048542571879807e-06,0.9998828768730164,1.2455661391186368e-08,1.0858779653233341e-08
1,2019-04-08,0.989267511160903,0.006093141519278288,1.1315700376712812e-08,8.669788257975597e-06,2.703604593534692e-07,2.440107493839605e-07,1.5794255432410864e-06,3.910624002401164e-08,3.7749408932086226e-08,2.50758233732995e-07,0.9999853372573853,6.85175393755344e-07,1.0083184065479145e-07,4.43098757685334e-09,2.7104892978968564e-06,5.085380294644892e-08
1,2019-04-09,0.9840389589219973,-0.005299292891472578,5.230346573625866e-07,0.9337539076805115,1.4516808732878417e-06,2.5307467694801744e-06,1.726262098600273e-06,6.917650807736209e-07,3.6575318063114537e-07,4.5604210185956617e-07,0.03162050247192383,1.376579007228429e-06,1.963770955626387e-06,0.03461411967873573,2.968959051941056e-07,9.227101571696039e-08
1,2019-04-10,0.9884494106044529,0.004471974690258503,4.0380257360084215e-08,9.596329952898941e-09,1.1826426771222032e-06,7.535019790338993e-07,1.2013496416329872e-05,1.1356087270542048e-07,1.9884978996742575e-07,1.8396879113424802e-06,0.9999040365219116,5.023301127948798e-06,3.776256392029609e-07,2.0609558504247616e-09,7.381306204479188e-05,5.797301696475188e-07
1,2019-04-11,0.9900151381112238,0.001582770674009953,1.30457387115257e-08,5.967983156551782e-07,1.0576444964272014e-07,1.409983525491043e-07,7.44431929433631e-07,1.3252455133283547e-08,1.4856263774731815e-08,4.796646280169625e-08,0.999994158744812,3.003828226155747e-07,1.1509563790923494e-07,2.977311623908463e-06,7.275787652361032e-07,1.804368388036437e-08
1,2019-04-12,0.9804398202628224,-0.009718966860882939,1.7698823739920044e-07,0.00020788420806638896,3.7172645761529566e-07,7.020552175163175e-07,1.0821148634931887e-06,8.831538167441977e-08,7.631220455550647e-08,9.424557845250092e-08,0.97043377161026,6.128087193246756e-07,8.817816592454619e-07,0.029353899881243706,3.147099789657659e-07,3.895611300208657e-08
1,2019-04-15,0.982621261272224,0.0022224900975823404,6.596616231036023e-08,0.9968430995941162,2.7651592517941026e-06,1.862089789028687e-06,9.094401320908219e-07,5.159706233826e-06,1.1160784652020084e-06,7.340736829064554e-06,0.003135599195957184,1.3507344647223363e-06,1.7109047689700674e-07,2.0546466750204218e-09,3.5301584944136266e-07,2.2573371438738832e-07
1,2019-04-16,0.9796992735082617,-0.002978096464648843,1.0043700982009796e-08,0.0005322559154592454,1.574524333136651e-07,1.824553805818141e-07,5.258015676190553e-07,3.512347390710602e-08,2.5374699674785006e-08,1.0839297459597219e-07,0.9994657635688782,2.785187689369195e-07,7.481914821028113e-08,1.1387393783479638e-07,4.273318268133153e-07,1.8067476403871296e-08
1,2019-04-17,0.9749945506648235,-0.004813778884708881,2.98757605321498e-08,0.9558249115943909,9.339056532553514e-07,7.410340003843885e-07,5.458672376335016e-07,9.772336397873005e-07,2.80985801737188e-07,1.5898089031907148e-06,0.044168997555971146,6.201016731210984e-07,1.0419658025284662e-07,1.9701018594275865e-09,2.2135016308766353e-07,7.215359687506862e-08
1,2019-04-18,0.9662594920861725,-0.008999458433315158,2.98831501766017e-08,0.9998117089271545,1.8346877084240987e-07,2.648674808369833e-07,9.503318665338156e-08,1.772389026655219e-07,5.386453949540737e-08,9.406693379787612e-08,0.00014753943833056837,1.0188642107777923e-07,9.146219070998995e-08,3.963953713537194e-05,1.3529176889903738e-08,8.017109642821652e-09
1,2019-04-19,0.9742962905992503,0.00828303368985653,4.76992340736615e-07,0.021419154480099678,1.1409548505980638e-06,2.3490210878662765e-06,2.373092456764425e-06,3.3852089131869434e-07,2.3752966171741718e-07,2.745925087310752e-07,0.8345264792442322,1.501303131590248e-06,2.4149546788976295e-06,0.14404267072677612,5.213688609728706e-07,8.181599753243063e-08
1,2019-04-22,0.9689613510072287,-0.005490731523185968,3.6401633707328074e-08,0.9998964071273804,2.9680157354050607e-07,3.588367007978377e-07,1.2414614047884243e-07,3.5607646964308515e-07,9.61461950055309e-08,2.0137142087151005e-07,9.577409218763933e-05,1.4982560969656333e-07,1.0016733398288125e-07,6.042466793587664e-06,1.8375118315816508e-08,1.3444093838188564e-08
1,2019-04-23,0.9674505846911746,-0.0015603773089125752,1.6258988466688606e-07,7.21575488569215e-05,7.982937688666425e-08,2.1897773194723413e-07,1.4476437115718e-07,2.5317008933711804e-08,2.173601565402805e-08,9.978600168381035e-09,0.0001277877454413101,9.052995153524535e-08,5.119744628245826e-07,0.9997987747192383,1.7481385228279578e-08,7.31438909440385e-09
1,2019-04-24,0.9525823823993402,-0.015487754376232624,1.650610670367314e-07,0.07995317876338959,1.7971055399357283e-07,4.0484843566446216e-07,1.8008877589181793e-07,9.267271394719501e-08,5.112444156907259e-08,3.404189996558671e-08,9.095126733882353e-05,1.4400247039247915e-07,4.946114131598733e-07,0.9199541211128235,1.860051135338381e-08,1.0569626951451028e-08
1,2019-04-25,0.9364239067923699,-0.017108328143507243,1.6600857861703844e-06,2.516503911920154e-07,1.3309079349710373e-07,4.75321456860911e-07,2.961873519780056e-07,3.427051709081752e-08,4.728314095814312e-08,8.120685457413401e-09,1.5780219655425753e-06,1.6020946702610672e-07,3.2780801575427176e-06,0.9999920129776001,2.3806677518223296e-08,2.0760682062359592e-08
1,2019-04-26,0.9386921277978568,0.0024192872013896706,8.34319209275236e-08,1.1848791814372817e-07,6.851984579725467e-08,1.599585459644004e-07,3.42793725849333e-07,1.0334078481832876e-08,1.3679754218287599e-08,1.0068164080223596e-08,0.27160584926605225,1.5115048768166162e-07,4.2764486352098174e-07,0.7283926606178284,9.909014409004158e-08,1.062494625614363e-08
1,2019-04-29,0.9410140643346466,0.0024705326050519943,1.2915132963087217e-08,6.081584615458269e-06,2.392638123183133e-07,2.3586018471632997e-07,1.3916624084231444e-06,3.53139206765718e-08,3.5035277790029795e-08,1.9882331514509133e-07,0.999988853931427,6.202250233400264e-07,1.109719178771229e-07,1.6795583590578644e-08,2.1140212993486784e-06,4.483908000452175e-08
1,2019-04-30,0.9343829356687109,-0.007071736065298319,2.8178715183457825e-07,0.6383851170539856,2.5264043301831407e-07,4.689126456014492e-07,9.183271743040677e-08,3.2647085390635766e-07,1.1297146329525276e-07,5.939766012375003e-08,2.215393024584955e-08,1.0157773999708297e-07,4.199891634470987e-07,0.3616127073764801,5.506366917984451e-09,1.5364777894433246e-08
1,2019-05-02,0.9255651738277066,-0.009481799905002117,1.1467081506566501e-08,3.4670529203140177e-07,2.3630747136849095e-07,2.247699200097486e-07,1.9978767795691965e-06,2.5198868769393812e-08,3.004858228905505e-08,1.8870319706820737e-07,0.9999918341636658,7.425812782457797e-07,1.1682387679456951e-07,8.649386984416196e-09,4.1894691094057634e-06,5.380459455750497e-08
1,2019-05-03,0.9239940026510232,-0.0016989686781540513,2.3343426391875255e-07,0.0006702247774228454,5.704432624042965e-07,9.92039304037462e-07,1.4775140471101622e-06,1.457167542184834e-07,1.192970131569382e-07,1.5654489970984287e-07,0.9806053042411804,8.663120070195873e-07,1.1462527709227288e-06,0.018718276172876358,4.241325655129913e-07,5.810532854866324e-08
1,2019-05-07,0.9340315899443985,0.010804678883962334,3.351880550894748e-08,3.863955498673022e-05,1.8936050310003338e-06,9.666866844781907e-07,8.723604878468905e-06,3.499086176361743e-07,3.2026525786932325e-07,4.137782070756657e-06,0.9999099373817444,4.426388386491453e-06,2.4375952989430516e-07,2.0609680628780325e-09,2.972235597553663e-05,5.883135258955008e-07
1,2019-05-08,0.9175281649290465,-0.017826982939243317,3.6971991335121857e-07,6.372628558892757e-05,1.4099218503815791e-07,3.443689706728037e-07,2.2557092904662568e-07,4.896243765983854e-08,4.343966608644223e-08,1.7099058169378623e-08,2.643798870849423e-05,1.4351395805078937e-07,9.297696124122012e-07,0.9999075531959534,2.4144382493318517e-08,1.5122978425097244e-08
1,2019-05-09,0.9147804251539222,-0.002999212959781289,2.825892231328453e-08,2.9290175618257308e-08,7.925886791326775e-08,1.3843565227489307e-07,6.274337351896975e-07,8.512753169043208e-09,1.1936750254903927e-08,1.8911689991796266e-08,0.9988322854042053,2.3014253258679673e-07,2.2516563547014812e-07,0.0011659128358587623,3.957103160701081e-07,1.4880495946556493e-08
1,2019-05-10,0.9156684118597057,0.000970239383354783,1.10347514237219e-07,1.97306770921557e-09,1.33662112489219e-07,2.427521508252539e-07,1.3549699815484928e-06,1.1597458104972702e-08,2.1873397315630427e-08,2.2870445093303715e-08,0.9572638273239136,4.2265443767064426e-07,7.043948357932095e-07,0.04273226857185364,8.341550596924208e-07,3.994822606046e-08
1,2019-05-13,0.9149813283678336,-0.0007506444395519793,3.8123666001865786e-08,1.2725100759780616e-06,8.021673636449123e-08,1.47062124256081e-07,3.589167363315937e-07,1.3188259373464462e-08,1.4491903677082973e-08,1.8022424441710427e-08,0.993050217628479,1.658248010016905e-07,2.2994757387095888e-07,0.006947270594537258,1.3361801620703773e-07,1.092216450615524e-08
1,2019-05-14,0.9125611271327085,-0.0026485870603471994,7.700598558812999e-08,0.8871967196464539,5.334466095519019e-07,7.19834702067601e-07,6.308393381004862e-07,2.6551805376584525e-07,1.2715995012513304e-07,2.7109376787848305e-07,0.11274965852499008,5.031067757954588e-07,3.299829245406727e-07,4.998520671506412e-05,1.6286425363887247e-07,3.642587387275853e-08
1,2019-05-15,0.9220211669349281,0.010313109071552754,6.080300067878852e-07,0.9929639101028442,1.0437717037348193e-06,1.5764824183861492e-06,1.909316011960982e-07,2.764232021945645e-06,6.074005796108395e-07,4.654087319977407e-07,3.5886396076989513e-09,2.949642521343776e-07,6.921692374817212e-07,0.007027744315564632,1.2185680908771701e-08,5.964001559277676e-08
1,2019-05-16,0.9173737384847965,-0.005053225194662809,2.191505501514257e-07,0.8047435879707336,3.741915577393229e-07,7.817735649950919e-07,3.358552476129262e-07,2.149872244672224e-07,1.031327201417298e-07,8.409977425571924e-08,0.0002955358650069684,2.736440478656732e-07,6.982683089518105e-07,0.19495774805545807,3.7261987273495834e-08,2.0485231289057992e-08
1,2019-05-17,0.910729017489026,-0.007269558821618557,3.8413066505427196e-08,1.023004415401374e-06,7.336333140983697e-08,1.4441221196648257e-07,3.356365425588592e-07,1.1968972479792228e-08,1.3452509328715223e-08,1.573387109488067e-08,0.989876389503479,1.5437034051046794e-07,2.3226536427500832e-07,0.010121408849954605,1.270790477292394e-07,1.0011844686630411e-08
1,2019-05-20,0.9159642885323364,0.0057319806888699535,2.85512300024493e-07,0.9773498177528381,4.6316068846863345e-07,7.472151537513128e-07,1.256648829439655e-07,8.018814696697518e-07,2.1390766846707265e-07,1.5593126079238573e-07,3.5377663465396836e-08,1.6218096732245613e-07,4.231449679537036e-07,0.022646762430667877,8.0526252332902e-09,2.3872615884101833e-08
1,2019-05-21,0.9147000745024084,-0.0013811534833163023,1.6238542954738477e-08,0.00018578284652903676,1.3817044930419797e-07,1.8591580897009408e-07,4.5284281213753275e-07,3.130404380158325e-08,2.4422794453471397e-08,7.070330099168132e-08,0.9998098611831665,2.4417730060122267e-07,1.0775914205396475e-07,2.8043946258549113e-06,2.7850825290443026e-07,1.6201882502286935e-08
1,2019-05-22,0.9127179983312982,-0.002169264907501929,1.264402982315005e-08,1.0587397980543756e-07,2.477300427017326e-07,2.2857965120692825e-07,2.3366292225546204e-06,2.3637538149046122e-08,3.053401442798531e-08,1.8655984490578703e-07,0.999990701675415,8.227368653024314e-07,1.329940033656385e-07,1.1564149637877108e-08,5.078306912764674e-06,6.12013124623445e-08
1,2019-05-23,0.9141492618456358,0.0015669050930766388,5.027750304975598e-08,0.0001379246386932209,1.449523665542074e-07,2.5162364636344137e-07,4.2361753571640293e-07,3.377242663304969e-08,2.8065519686037987e-08,4.02265847299077e-08,0.9969213008880615,2.3613104360720172e-07,2.7478100150801765e-07,0.0029391220305114985,1.3138041765614616e-07,1.4427155470286834e-08
1,2019-05-24,0.920022407056328,0.006404160944512114,4.356923710702176e-08,8.816548984214023e-07,8.249817540217919e-08,1.5390024543648906e-07,3.7641737549165555e-07,1.3494815931380799e-08,1.5278327936130154e-08,1.814533234778537e-08,0.9899448156356812,1.7356994419515104e-07,2.5339619469377794e-07,0.010053020901978016,1.401864579975154e-07,1.1688149115229862e-08
1,2019-05-27,0.9068830294819566,-0.014384547631442547,7.930833021418948e-07,7.021868077572435e-05,1.4838296635844017e-07,4.4773943841391883e-07,1.940091607366412e-07,5.992178131464243e-08,5.300676519937042e-08,1.2953058181608412e-08,7.938028829812538e-07,1.2701275409199297e-07,1.5632531358278356e-06,0.9999255537986755,1.3670852005986944e-08,1.5596604896472854e-08
1,2019-05-28,0.9312306673137393,0.02649353193566203,3.4987874641956296e-07,2.543110833030937e-09,1.0488382429230114e-07,2.7364757215764257e-07,6.357525990097201e-07,1.3610467419766792e-08,2.4130203613026424e-08,1.0501077341018572e-08,0.03280963376164436,2.449966132189729e-07,1.3666917766386177e-06,0.9671871662139893,1.600199652784795e-07,2.478214256029787e-08
1,2019-05-29,0.9309603744781296,-0.000290295497552961,1.351510015012991e-08,2.3799552764103282e-06,4.0731097783464065e-07,3.1940933808982663e-07,2.775551593003911e-06,5.168241656861028e-08,5.506133859967122e-08,4.4362556650412444e-07,0.9999856352806091,1.1287390861980384e-06,1.2590768960762944e-07,2.0611241602352948e-09,6.545661108248169e-06,9.47347444935076e-08
1,2019-05-30,0.926448536029287,-0.004858216515976074,1.2643885050067638e-08,3.867579835059587e-06,1.7625320936076605e-07,1.9222515845740418e-07,1.0333342288504355e-06,2.5053880747805124e-08,2.5100563405544563e-08,1.1282620704378132e-07,0.9999926090240479,4.4273218691159855e-07,1.0938432382090468e-07,1.3095721840272745e-07,1.2352401199677843e-06,3.014912763887878e-08
1,2019-05-31,0.9374776896837091,0.011834462357491884,1.6082289278074313e-08,1.7137418808488292e-06,1.0655051596586418e-07,1.4702231965202373e-07,6.052938488210202e-07,1.5167346489874944e-08,1.6077573050665706e-08,4.256768093569008e-08,0.9999845623970032,2.5924265401044977e-07,1.29175532492809e-07,1.1901247489731759e-05,4.5151298877499357e-07,1.625568479823869e-08
1,2019-06-03,0.9481989477507015,0.011371380843222142,9.926932875714556e-08,0.9999542236328125,2.626790092108422e-06,1.96358769244398e-06,4.930446948492317e-07,7.791644748067483e-06,1.305455725741922e-06,5.980621153867105e-06,2.4164919523173012e-05,9.140110250882572e-07,1.9049306843044178e-07,2.0610593232106567e-09,1.1094230245589642e-07,1.5897724381375156e-07
1,2019-06-04,0.9584024536036659,0.010703446727991103,1.4007795812176482e-08,1.4924235074431635e-05,1.0305083009143345e-07,1.4904205158927653e-07,4.5627533040715207e-07,1.766625601362648e-08,1.6230579547027446e-08,4.216540006041214e-08,0.9999749660491943,2.1087969059863099e-07,1.0766839864118083e-07,8.690335562278051e-06,2.993415648688824e-07,1.3107666951839292e-08
1,2019-06-05,0.9531796938214302,-0.0054643456310033795,2.2413765066175984e-07,0.12484817206859589,1.5881474269008322e-07,3.507533961055742e-07,1.1048461345808391e-07,1.1362090646116485e-07,5.682215942215407e-08,2.736234172573404e-08,8.800740260994644e-07,9.578142368127374e-08,4.592471043451951e-07,0.8751493096351624,8.203901558090365e-09,1.0582581033702354e-08
1,2019-06-07,0.952066933137141,-0.001168101593852043,1.3579089852555626e-08,0.29195407032966614,3.229678213756415e-07,2.952069166894944e-07,4.510295354975824e-07,1.5287167798305745e-07,7.119068357042124e-08,3.67575125892472e-07,0.7080435156822205,3.463799203018425e-07,6.921935380432842e-08,5.421942450567485e-09,2.786418633604626e-07,3.170912776795376e-08
1,2019-06-10,0.9592312185643773,0.007496809406578541,1.339698627589314e-07,2.6206059544620075e-08,8.144985486069345e-08,1.919816696727139e-07,4.282283327938785e-07,1.1783283682120782e-08,1.7210455283134252e-08,1.0777522874150236e-08,0.12310521304607391,1.807198373171559e-07,6.151674369903049e-07,0.8768929243087769,1.232358073366413e-07,1.5252584972813565e-08
1,2019-06-11,0.9729335453217642,0.01418363146558404,4.96033123909001e-07,1.6009302271413617e-05,1.1795845011874917e-07,3.3997667969742906e-07,2.057182797443602e-07,3.780468560421468e-08,3.749471488845302e-08,1.1418965328857666e-08,1.0590054444037378e-05,1.2590311371241114e-07,1.189901695397566e-06,0.9999707937240601,1.9399267969788525e-08,1.3240649465728893e-08
1,2019-06-12,0.9787238555396773,0.005933753746747971,1.4033978423810822e-08,1.6481457350892015e-05,1.1143387013134998e-07,1.500222595041123e-07,5.033044203628378e-07,1.938397176104445e-08,1.788765757737565e-08,5.36137108042567e-08,0.9999778866767883,2.4331052372872364e-07,1.0629079838508915e-07,4.056779744132655e-06,3.6136268022346485e-07,1.4852975738222085e-08
1,2019-06-13,0.9802443063399723,0.0015522979241748545,2.184187586351527e-08,1.166833044408122e-05,1.278735481946569e-07,1.7408316921319056e-07,5.307809374244243e-07,2.2780962893875767e-08,2.157590550666555e-08,5.138182146424697e-08,0.9999651312828064,2.57677641002374e-07,1.474094091236111e-07,2.1511357772396877e-05,3.204555412139598e-07,1.7392741469279827e-08
1,2019-06-14,0.982473663172081,0.002271704672276974,2.4968304757067017e-08,0.49999475479125977,1.2501327546488028e-06,7.51043614855007e-07,1.3143978776497534e-06,8.757925797908683e-07,3.470596254828706e-07,3.1020967981021386e-06,0.49999475479125977,1.202810267386667e-06,1.0194896304938084e-07,1.0305659658982336e-09,1.309159301854379e-06,1.9032138709462743e-07
1,2019-06-17,0.9766879791254598,-0.0059063027173280715,2.4038749302235374e-07,2.877498673115042e-06,1.0063190103437591e-07,2.58971596167612e-07,2.5919581503330846e-07,2.4513115093327542e-08,2.6859520829702888e-08,1.220783651945112e-08,0.0006551043479703367,1.427986831004091e-07,7.796383556524233e-07,0.9993401169776917,4.006620457630561e-08,1.2862395593060683e-08
1,2019-06-18,0.9760149658731336,-0.000689314553141594,9.368826425770749e-08,5.878036279938215e-09,6.267798369208322e-08,1.375688327698299e-07,3.9080546798686555e-07,7.759148878960787e-09,1.2431176976690494e-08,8.411912943984134e-09,0.34392133355140686,1.5208071602046402e-07,4.692537913797423e-07,0.6560771465301514,1.282790691448099e-07,1.294370388649213e-08
1,2019-06-19,0.973819179541184,-0.0022522810623049738,1.2073321009609117e-08,1.5043342216358724e-07,2.2384190856428177e-07,2.1574820152636676e-07,2.0330371626187116e-06,2.2007311528682294e-08,2.779142072029117e-08,1.6363455301871e-07,0.9999920129776001,7.285798346856609e-07,1.251860908269009e-07,1.6451329187816555e-08,4.2000710891443305e-06,5.2484590895574e-08
1,2019-06-20,0.978520055769096,0.004815643949061632,4.55170891200396e-07,0.42505714297294617,2.0640463560539501e-07,4.728663327568938e-07,9.86675914305124e-08,2.126110416611482e-07,9.497470188080115e-08,3.450574936891826e-08,1.3032273038504627e-08,9.645911092093229e-08,6.419227815968043e-07,0.5749405026435852,5.530988111956958e-09,1.543898520139919e-08
1,2019-06-21,0.9741449536718972,-0.004481167427450418,8.190441747046862e-08,2.6584071747493e-05,6.890144277349464e-08,1.6697620708328031e-07,1.6692676751972613e-07,1.7618962289134288e-08,1.6240941036471668e-08,1.074258904054659e-08,0.004073475021868944,9.699319747369373e-08,3.32442880335293e-07,0.995898962020874,2.973375856640814e-08,6.778601235879478e-09
1,2019-06-24,0.9751668498802902,0.0010484687982127072,4.022272648285252e-08,0.9993014335632324,1.4699952544106054e-07,2.330301924757805e-07,8.59142375020383e-08,1.2589127607043338e-07,4.415559473613939e-08,5.743680731029599e-08,6.357364327413961e-05,8.79544828080725e-08,1.1711282610349372e-07,0.000634031486697495,1.0390592386499975e-08,6.766306182015569e-09
1,2019-06-25,0.9738453237586134,-0.00135609858375974,4.41899814518365e-08,0.9984857439994812,1.4006958792833757e-07,2.407291219697072e-07,1.1316778625314328e-07,9.170372550215689e-08,3.932203540557566e-08,4.8596582757909346e-08,0.0002907492744270712,1.0124728078153566e-07,1.442349173430557e-07,0.001222496386617422,1.6537994085297214e-08,7.85400722236318e-09
1,2019-06-26,0.9780262709963885,0.004284045777842403,2.1185602605555687e-08,0.9757375717163086,2.676445092220092e-07,3.0515008120346465e-07,2.203918683107986e-07,1.834811484968668e-07,6.81882923458943e-08,2.0542290712910471e-07,0.024260329082608223,2.0401867573127674e-07,8.552176922194121e-08,4.786791123478906e-07,6.420354026204222e-08,1.6813467951237726e-08
1,2019-06-27,0.9673438067635247,-0.01098255980014801,1.840647314566013e-06,0.49999645352363586,5.558874818234472e-07,1.2689911272900645e-06,1.7270646424094593e-07,9.060605066224525e-07,3.5747632409766084e-07,9.913249243709288e-08,1.0305695186119124e-09,1.9155653774305392e-07,1.6440025092379074e-06,0.49999645352363586,7.945076596627132e-09,5.42433262751274e-08
1,2019-06-28,0.9556456593999182,-0.012166776652634144,2.01700601110133e-07,0.04935964569449425,1.8736565721155785e-07,4.160035587119637e-07,1.740704078656563e-07,1.0488061974456286e-07,5.8539988856409764e-08,3.601008913278747e-08,2.263827991555445e-05,1.4110068491390848e-07,5.279727588458627e-07,0.9506158232688904,1.7794457463082836e-08,1.2710734687004788e-08
1,2019-07-01,0.9798365488477311,0.02499857568331063,5.830169129694696e-07,0.00022056326270103455,1.4138811366137816e-07,4.039249006382306e-07,1.726485692188362e-07,6.043745059969297e-08,5.007344938690039e-08,1.4379212487369841e-08,1.262364094145596e-06,1.1943362210331543e-07,1.2061011602781946e-06,0.9997754096984863,1.2958438766474956e-08,1.361405566058238e-08
1,2019-07-02,0.9755021192686034,-0.004433438308537006,4.3399032279012317e-07,0.1695879101753235,2.0138962497640023e-07,4.713214707408042e-07,1.1676676336946912e-07,1.6623980059193855e-07,8.225128311778462e-08,3.07036955859985e-08,7.326811157781776e-08,1.0531823591009015e-07,7.2163157938121e-07,0.8304096460342407,6.978804645285663e-09,1.4199445175222536e-08
1,2019-07-03,0.9626592255076807,-0.013252850976586341,9.029999148424395e-08,0.8913596272468567,5.054982921137707e-07,7.673149866604945e-07,6.25025279532565e-07,2.409457238172763e-07,1.1752700146416828e-07,2.3087550005129742e-07,0.10841473937034607,4.957832402396889e-07,3.949021163407451e-07,0.00022199511295184493,1.5209529635740182e-07,3.1968454550224124e-08
1,2019-07-04,0.9338198457665196,-0.030415946573019027,1.6498867125847028e-06,9.366764857077214e-07,1.4736006903603993e-07,5.279361516841163e-07,2.7652853873405547e-07,4.2791302945488496e-08,5.323574825411015e-08,8.964024189594966e-09,7.201505241027917e-07,1.5363195871032076e-07,3.167763452438521e-06,0.9999922513961792,2.0335201966759087e-08,2.1031745234267873e-08
1,2019-07-05,0.9480161169298307,0.015087968085416015,1.2593136489158496e-06,9.103657248488162e-06,1.44709233040885e-07,4.815838678950968e-07,2.1889579215894628e-07,5.079190401602318e-08,5.3628376406322786e-08,1.0310349907172167e-08,4.5186502006799856e-07,1.3486994987488288e-07,2.321183956155437e-06,0.9999857544898987,1.4704891526662323e-08,1.7386085460202594e-08
1,2019-07-08,0.9416499266145215,-0.006737925383448601,3.5794514019471535e-08,8.616479973966307e-09,8.18497198906698e-08,1.467016659262299e-07,7.201199423434446e-07,8.088430369923572e-09,1.2414145267314325e-08,1.7617491465671264e-08,0.997142493724823,2.508405714252149e-07,2.7842483518725203e-07,0.002855459460988641,4.622545191068639e-07,1.7084808234812954e-08
1,2019-07-09,0.9344066089975772,-0.007721892673522234,2.751064300809958e-07,0.9249576926231384,5.084870053906343e-07,9.510135328127944e-07,4.4746005301021796e-07,3.09648868324075e-07,1.4966708761221525e-07,1.3802318221678433e-07,0.00038390731788240373,3.896320777130313e-07,8.10052711130993e-07,0.07465435564517975,5.5266745846438425e-08,3.0849296450696784e-08
1,2019-07-10,0.9327385789515592,-0.0017867174984887242,2.029127088576388e-08,1.3218045751273166e-05,6.988175016431342e-08,1.2537684312974307e-07,2.7041707539865456e-07,1.3084910044369735e-08,1.2231911483695512e-08,1.9757557367938716e-08,0.9993799924850464,1.339755471008175e-07,1.3393926678872958e-07,0.0006058814469724894,1.1268834043676179e-07,7.801792989425849e-09
1,2019-07-11,0.9421918724785611,0.010083972582221032,2.4313451376656303e-06,0.29682493209838867,5.501839268617914e-07,1.3620951904158574e-06,2.23958608103203e-07,6.881131753289083e-07,3.256248817251617e-07,7.623431486081245e-08,1.44933476331488e-09,2.1778859604637546e-07,2.3541208520327928e-06,0.7031667828559875,9.78932401807242e-09,5.598879937451784e-08
1,2019-07-12,0.9483194245822872,0.006482451145350933,8.795097272695784e-08,0.9869211316108704,1.8073494345571817e-07,3.1877740980235103e-07,7.983024374880188e-08,1.9537755235887744e-07,6.325603862933349e-08,5.47166862929771e-08,1.7097208910854533e-06,8.648207483474835e-08,1.9482838808926317e-07,0.013075864873826504,6.48057518759515e-09,8.197833523126974e-09
1,2019-07-15,0.9353345898367387,-0.01378707589507103,3.250582085456699e-05,1.8883434677263722e-05,8.965397455540369e-07,3.867115083266981e-06,7.638780061824946e-07,5.746389888372505e-07,6.09552955666004e-07,4.0567297077132025e-08,2.0609829398665624e-09,4.7589568907824287e-07,2.3956437871675007e-05,0.999917209148407,2.3980105012810782e-08,1.8672155022159131e-07
1,2019-07-16,0.9505416554554924,0.016127670382036014,1.0661168658998577e-07,0.0003776671946980059,5.717374307323553e-08,1.558802864565223e-07,8.851375810081663e-08,1.9868576117687553e-08,1.5251814033945266e-08,7.021329295753276e-09,6.895569822518155e-05,5.941311442825281e-08,3.415900664549554e-07,0.9995524883270264,8.884294189215325e-09,4.088679617098023e-09
1,2019-07-17,0.9410807342980827,-0.010003053566813469,2.7926083134843793e-07,0.000965415732935071,3.5535535403141694e-07,8.08715640232549e-07,7.990262815837923e-07,9.828406177803117e-08,7.958356462722804e-08,6.654010320517045e-08,0.05915367603302002,4.91551134018664e-07,1.2330393701631692e-06,0.9398764967918396,1.475652169347086e-07,2.9235055265530718e-08
1,2019-07-18,0.928361265651132,-0.013607980270311236,1.1501619923137696e-07,0.0004700918507296592,7.613817132323675e-08,1.885929066247627e-07,1.1749941819516607e-07,2.7042267092269867e-08,2.056443371145633e-08,1.0870547129115948e-08,0.0001267245679628104,7.896621667669024e-08,3.663465975023428e-07,0.9994021654129028,1.3604573467773662e-08,5.944242875699501e-09
1,2019-07-19,0.9430300314273771,0.015677176901698113,1.023475793004991e-08,3.581141783115527e-08,1.621613989755133e-07,1.7309105260210345e-07,1.788614213182882e-06,1.3910126384075738e-08,1.9104941628711458e-08,1.0107062564657099e-07,0.9999932646751404,5.929101121182612e-07,1.1603103899915368e-07,4.6953957166806504e-08,3.6518292745313374e-06,3.9016455843920994e-08
1,2019-07-22,0.950039563249339,0.007405500438064337,2.7297024644212797e-05,2.2817430362920277e-06,6.578078455277137e-07,2.9000186714256415e-06,7.144458891161776e-07,3.2943555083875253e-07,4.126022759010084e-07,2.76206133520418e-08,2.061034898304115e-09,4.1978262288466794e-07,2.2384665498975664e-05,0.999942421913147,2.5122053770587627e-08,1.4024590200278908e-07
1,2019-07-23,0.9635876608017514,0.014159836094081403,1.8450079153353727e-07,0.9520999193191528,4.050748145800753e-07,7.788068501213274e-07,4.0303424952981004e-07,2.1917388437486807e-07,1.0760933122355709e-07,1.1138224209616965e-07,0.0016968632116913795,3.3789811482165533e-07,6.30886802355235e-07,0.04619996249675751,5.443934014692786e-08,2.2197081506192262e-08
1,2019-07-24,0.9519641987798166,-0.012136037586629391,5.20510695878329e-07,4.4263899212637625e-07,1.0381304349493803e-07,3.248484290452325e-07,2.8316037514741765e-07,2.3891486122806782e-08,3.021751382448201e-08,9.0132674657184e-09,8.582402369938791e-05,1.473072330782088e-07,1.4574553688362357e-06,0.9999107718467712,3.5307593293509854e-08,1.525680737302082e-08
1,2019-07-25,0.9399377225967941,-0.012713807247857766,2.749166014837101e-06,1.0861572974363298e-07,1.5492094007640844e-07,5.910895879424061e-07,3.4780589430738473e-07,3.96917876344105e-08,5.913114264899377e-08,8.344208879407233e-09,5.43728788215958e-07,1.840481047565845e-07,4.822607934329426e-06,0.9999903440475464,2.5458353647422882e-08,2.6843325784398075e-08
1,2019-07-26,0.9341634433129392,-0.006162204752862453,1.0623145030308478e-08,7.971657396410592e-07,1.887228648911332e-07,1.9297870323953248e-07,1.4470198266280931e-06,2.2060717697058863e-08,2.482843974860316e-08,1.3686647548638575e-07,0.9999939799308777,5.621905643238279e-07,1.0415231344040876e-07,2.5498914979493748e-08,2.4528062567696907e-06,3.8067842211830794e-08
1,2019-07-29,0.9269738520320092,-0.007726057676970959,1.8650657906960078e-08,0.8914006352424622,3.59844875674753e-07,3.482170995994238e-07,3.112027684437635e-07,2.4948545274128264e-07,9.071968065654801e-08,3.738493603577808e-07,0.10859709978103638,2.901701350310759e-07,7.689465064686374e-08,3.226843858783468e-08,1.1478157802002897e-07,2.56451322400153e-08
1,2019-07-30,0.9253185255468971,-0.0017873279033228755,6.092286639614031e-07,1.739684485357884e-08,1.0504795255883437e-07,3.2950407558018924e-07,4.25386616598189e-07,1.8166408821684854e-08,2.9093069287000617e-08,8.522357042295425e-09,0.0005815157201141119,1.9293582909085671e-07,1.8554421785665909e-06,0.9994148015975952,6.814693875867306e-08,2.052845360367428e-08
1,2019-07-31,0.9187631786012497,-0.007109635699540377,2.0721279270219384e-07,0.12315452098846436,2.742557683177438e-07,6.207645810718532e-07,3.1186166893348855e-07,1.2743579702600982e-07,7.148895520003862e-08,5.2645205528278893e-08,0.000729410327039659,2.398583376361785e-07,7.143872835513321e-07,0.8761134147644043,3.4686788552562575e-08,1.504258051454599e-08
1,2019-08-01,0.922352966626243,0.0038995829604566096,2.3350447975190036e-07,4.295334292692132e-06,7.141666458210238e-08,2.1394802729446383e-07,1.6801855906578567e-07,1.8249341593445934e-08,1.9472155443622796e-08,7.016884850941096e-09,0.00014311372069641948,9.488441321536811e-08,7.260655365826096e-07,0.9998509883880615,1.9776750903588436e-08,7.790009526331687e-09
1,2019-08-02,0.8807371014185125,-0.04616880532373325,1.851909843253452e-07,0.0002565008180681616,7.606143270777466e-08,2.1104463598931034e-07,1.1161971258388803e-07,2.7623851650560027e-08,2.1982662801178776e-08,8.655676175806093e-09,2.109887827828061e-05,7.447799532656063e-08,5.173228032617772e-07,0.9997211694717407,1.0187874543987618e-08,6.005832275945977e-09
1,2019-08-05,0.8970992739280407,0.018407357093691824,1.3106895124792572e-08,6.429595345025518e-08,7.904955623416754e-08,1.1870994143237112e-07,7.011706202320056e-07,8.04454014513567e-09,1.0500686542513904e-08,2.7061643592674045e-08,0.9999771118164062,2.5039210527211253e-07,1.2776007451975602e-07,2.0809002307942137e-05,6.45807006094401e-07,1.4501702949587525e-08
1,2019-08-06,0.8987632767086093,0.0018531521314755083,6.516217609942032e-08,2.0567023639728177e-09,1.4483460120118252e-07,2.2540835686868377e-07,2.2482763597508892e-06,8.784260430161339e-09,1.914707858929887e-08,2.8510486416166714e-08,0.997840404510498,5.770924076387018e-07,5.703092824660416e-07,0.0021533803083002567,2.2451170025306055e-06,5.260914193172539e-08
1,2019-08-07,0.903509207961487,0.005266620073467493,4.425694896781351e-06,9.371957077064508e-08,2.1025066132551729e-07,8.267805355899327e-07,4.453541464499722e-07,5.75231453581182e-08,8.698567910414567e-08,1.0675876183086075e-08,1.9960586428169336e-07,2.3364570722606004e-07,6.909302101121284e-06,0.9999864101409912,3.03606668694556e-08,4.020217403422066e-08
1,2019-08-08,0.9315931444000114,0.03060987761546935,1.7211167460118304e-06,3.8887492337380536e-08,1.2719026187824056e-07,4.616154853920307e-07,3.6312280826678034e-07,2.7656623657890123e-08,4.39254996820182e-08,7.620945652320188e-09,5.479420451592887e-06,1.8252144684538507e-07,3.6018229820911074e-06,0.9999879002571106,3.4086959033174935e-08,2.3274079552493276e-08
1,2019-08-09,0.9472398034864469,0.016656106477923642,1.0997357549058506e-06,1.817527663661167e-05,1.3087101535802503e-07,4.432932882991736e-07,1.8207411756065994e-07,4.78997392860947e-08,4.767588279719348e-08,8.796735784244447e-09,2.928331639395765e-07,1.1273827738023101e-07,2.0475254132179543e-06,0.9999774098396301,1.0914647852189319e-08,1.4079470034289443e-08
1,2019-08-12,0.9414456310236778,-0.006135686265677213,6.468469848641689e-08,0.9276838302612305,1.0304597708454821e-07,2.1062153621187463e-07,6.125859641770148e-08,8.289414665796357e-08,3.2053634413387044e-08,2.3795660553105336e-08,4.780712515639607e-06,5.7908941641926504e-08,1.6665015323269472e-07,0.07231060415506363,4.987586788018916e-09,4.645658080448811e-09
1,2019-08-13,0.9581424981574431,0.017579913133382797,3.128278081021563e-08,5.904398108214082e-07,7.714914573853093e-08,1.4442748863530142e-07,4.075134256709134e-07,1.1568504376668898e-08,1.324528042800921e-08,1.872081867304587e-08,0.997624397277832,1.7763215964805568e-07,2.0831463132253702e-07,0.002373716328293085,1.893983352374562e-07,1.1401475319416932e-08
1,2019-08-14,0.9427277677382839,-0.01621895886734128,3.216329602651058e-08,0.025352859869599342,1.7091673498725868e-06,1.0069533118439722e-06,3.6323901895229938e-06,6.457417498495488e-07,3.641289083589072e-07,3.590943833842175e-06,0.9746274352073669,2.4370549454033608e-06,1.771669246863894e-07,2.0088568586373867e-09,5.772809799964307e-06,3.3467111393292726e-07
1,2019-08-16,0.9531952431296545,0.011042201280966401,1.6440671046780153e-08,0.0006462719175033271,7.733599716175377e-08,1.2313992669987783e-07,1.9508759407926846e-07,2.022279410596184e-08,1.4461541297805525e-08,2.649553643152558e-08,0.9991964101791382,1.1567588842353871e-07,9.590169725015585e-08,0.0001565840357216075,6.387830353560275e-08,6.497740123734275e-09
1,2019-08-19,0.948660854089517,-0.004768391928821802,2.0945495293744898e-07,3.0156783395796083e-05,3.17270490768351e-07,6.565826993210067e-07,1.078109789887094e-06,6.445842615221409e-08,6.271660168977178e-08,6.232932747707309e-08,0.7857686877250671,5.508308049684274e-07,1.0780594266179833e-06,0.21419674158096313,2.8820446118515974e-07,3.6012057336165526e-08
1,2019-08-20,0.9678766455107289,0.02005328397154808,7.666372994208359e-07,6.948493683012202e-05,1.348058447092626e-07,4.2175648218290007e-07,1.7488615355887305e-07,5.394782220946581e-08,4.7994177521104575e-08,1.1125364629549495e-08,6.286329039539851e-07,1.1452569026459969e-07,1.5230007193167694e-06,0.9999266266822815,1.1698911173141369e-08,1.3648174146396741e-08
1,2019-08-21,0.9747769514883446,0.007104030289500952,1.21697766530815e-07,1.0225977348454762e-05,1.5726895696843712e-07,3.5656688623930677e-07,5.950395234322059e-07,2.941059840111393e-08,3.085395050561601e-08,2.7770475696797803e-08,0.638288140296936,3.00846011214162e-07,6.656434266005817e-07,0.3616991639137268,1.5362802230356465e-07,1.7317223210966404e-08
1,2019-08-22,0.9759977088836523,0.0012515618328005076,5.4532065973944555e-08,0.9999083280563354,2.7925077006329957e-07,3.7609186165354913e-07,9.109655962902252e-08,4.05291388005935e-07,9.958336022464209e-08,1.4788024316203519e-07,4.63762080471497e-06,1.1608426575548947e-07,1.236200972698498e-07,8.534141670679674e-05,9.14465125845254e-09,1.1205468553043829e-08
1,2019-08-23,0.9650365840601854,-0.0112942273914814,2.2086607032179018e-07,0.008670132607221603,2.6520805818108784e-07,6.318990699583082e-07,3.9852861277722695e-07,9.974328918360698e-08,6.572706467977696e-08,4.767975525510337e-08,0.002428594045341015,2.7121546963826404e-07,8.267034559139574e-07,0.9888983964920044,5.535671476764037e-08,1.8378765176407796e-08
1,2019-08-26,0.9945322306312294,0.03010649508535862,3.9341514934676525e-08,5.7990980906197365e-08,6.227439541817148e-08,1.2749423206059873e-07,4.0677889501239406e-07,7.786154831990189e-09,1.0572046349466291e-08,1.1613691341949561e-08,0.9749994874000549,1.6312600337187178e-07,2.622078625336144e-07,0.024999184533953667,1.7328716239717323e-07,1.0321907772947725e-08
1,2019-08-27,0.9942532091244269,-0.0002805948827415705,1.5371273320852197e-07,1.2475417365820363e-09,1.034735390703645e-07,2.0318876181590895e-07,1.3445803688227898e-06,7.560357673241924e-09,1.758021106468277e-08,1.3544753763028439e-08,0.6052638292312622,3.66684645314308e-07,8.842674787956639e-07,0.39473220705986023,8.070852572927834e-07,4.2055880555835756e-08
1,2019-08-28,1.0449457882209185,0.04972837398648262,1.463625494579901e-06,3.8564593296541716e-07,1.39701867851727e-07,4.85144880713051e-07,3.0729387390238116e-07,3.687779326355667e-08,4.88442637447406e-08,9.0452552115039e-09,2.402402515144786e-06,1.6609811837042798e-07,2.9589104997285176e-06,0.9999915361404419,2.5763393196598372e-08,2.1522867044154737e-08
1,2019-08-29,1.0432295866513526,-0.0016437335452079425,2.681855733044358e-07,0.00018554378766566515,8.281087104933249e-08,2.4025010247896716e-07,1.1537466804156793e-07,3.0719711219262535e-08,2.501666251930601e-08,8.145947028026512e-09,6.094282525737071e-06,7.605670759858185e-08,6.830343295405328e-07,0.999806821346283,9.012115498308049e-09,6.7183139051962826e-09
1,2019-08-30,1.051934461055475,0.008309539772570134,1.0208568212988212e-08,0.49999871850013733,3.521086568980536e-07,2.776980920771166e-07,4.0294432324117224e-07,2.0884409934751602e-07,8.430482978383225e-08,5.367732001104741e-07,0.49999871850013733,3.4377038105048996e-07,4.8480572445441794e-08,1.0305741815486158e-09,2.593695285213471e-07,3.517461522051235e-08
1,2019-09-02,1.0474941262432946,-0.004230047604441642,1.560296070124423e-08,0.0039428300224244595,2.162545342798694e-07,2.458982919506525e-07,5.230149326962419e-07,6.547782760435439e-08,4.145016774259602e-08,1.6421398640886764e-07,0.9960549473762512,3.283011551502568e-07,9.437681569579581e-08,1.5337653280766972e-07,3.4071274512825767e-07,2.366734364045442e-08
1,2019-09-03,1.045582393319935,-0.0018267210368067026,8.21072489998187e-08,0.9984889626502991,2.409976218586962e-07,3.794374663357303e-07,1.0467096700494949e-07,2.7116732326248894e-07,8.444960286624337e-08,9.354813101936088e-08,4.914217242912855e-06,1.1697883195438408e-07,1.8774848342673067e-07,0.0015045233303681016,1.0487109847190368e-08,1.1567272473200774e-08
1,2019-09-04,1.052888203404972,0.006963013552874327,1.1147847089887364e-08,2.941314392046479e-08,2.2754743156383483e-07,2.121768289953252e-07,2.5424133127671666e-06,1.8395938994331118e-08,2.5738007281006503e-08,1.611294777603689e-07,0.99998939037323,8.121465953081497e-07,1.2898566126295918e-07,9.97038096528513e-09,6.357417987601366e-06,5.9356974446700406e-08
1,2019-09-05,1.0505574158866733,-0.0022161623299121855,2.2842978353310173e-07,0.8074833750724792,2.476297140674433e-07,4.5949329319228127e-07,1.0533263861134401e-07,2.755272134891129e-07,1.0031514108277406e-07,5.979146777690403e-08,1.4590395380764676e-07,1.11295776150655e-07,3.937675217002834e-07,0.19251447916030884,7.28068494382228e-09,1.441469876795054e-08
1,2019-09-06,1.0459351687199847,-0.004409512048959732,1.150347088696435e-06,8.441194950137287e-05,1.8278885249856103e-07,5.777071692136815e-07,2.2106254959908256e-07,7.917520861155936e-08,7.043875882573047e-08,1.5635489347687326e-08,2.853854255135957e-07,1.467584098691077e-07,2.0613551896531135e-06,0.9999107718467712,1.4896079925108552e-08,2.035497459473845e-08
1,2019-09-09,1.0406082680039932,-0.005105968268215656,7.431621185105541e-08,1.5193543845271051e-07,7.186564943140183e-08,1.6781670808541094e-07,3.728081594545074e-07,1.0655975657414274e-08,1.3982338842311037e-08,1.1275301581292752e-08,0.6188287138938904,1.6390688983847213e-07,4.100033379472734e-07,0.38116970658302307,1.1573832381372995e-07,1.0995134580582544e-08
1,2019-09-10,1.063502805997717,0.02176257884800434,1.1832719337689923e-07,0.9991055727005005,3.671400747862208e-07,5.309539119480178e-07,9.813294354898972e-08,6.43731198124442e-07,1.5338208925186336e-07,1.6695523186172068e-07,2.7505967636898276e-07,1.33839350269227e-07,2.1130827576598676e-07,0.0008917335071600974,7.706973725873922e-09,1.564113816243662e-08
1,2019-09-11,1.0782186683567787,0.013742304147913819,5.716371731523395e-08,0.9999444484710693,1.018958187160024e-06,9.459982948101242e-07,2.5889170274240314e-07,2.1172761535126483e-06,4.188837010588031e-07,1.4228197642296436e-06,4.863868889515288e-05,4.048517325827561e-07,1.3088119033000112e-07,2.9082654506851213e-08,5.025765403843252e-08,5.2156028829131174e-08
1,2019-09-16,1.0967064697719895,0.017001271817088128,2.1989490051055327e-06,0.4999960958957672,5.671714120580873e-07,1.3299296597324428e-06,1.8898475673267967e-07,8.637432529212674e-07,3.6219660159986233e-07,9.257101396542566e-08,1.0305687414557951e-09,2.0009903778372973e-07,1.9295398487884086e-06,0.4999960958957672,8.58338555786986e-09,5.871685004876781e-08
1,2019-09-17,1.121627216850696,0.02246893302202225,5.080352821096312e-06,5.1188867473683786e-06,2.8774761062777543e-07,1.0816172562044812e-06,3.617992661020253e-07,1.1696863566612592e-07,1.3147155186743475e-07,1.559314810606338e-08,1.291281304105496e-08,2.1577223208169016e-07,6.640220817644149e-06,0.9999808669090271,1.8023905923314487e-08,4.3214139822111974e-08
1,2019-09-18,1.118859425889114,-0.0024707064231100956,1.6406004021973786e-07,0.0005800477811135352,8.129050144134453e-08,2.1254011528526462e-07,1.1084719631071493e-07,3.094850598017729e-08,2.3441993235451264e-08,9.980130499798179e-09,2.4458968255203217e-05,7.5990385539626e-08,4.667237476496666e-07,0.9993942975997925,1.0404568762112376e-08,6.1443943266681345e-09
1,2019-09-19,1.1148888720089565,-0.003555063088983297,1.0080555057356833e-08,7.269699864309587e-08,1.5234886063808517e-07,1.640144517978115e-07,1.5118815781534067e-06,1.3779300367389169e-08,1.8131428802803384e-08,8.989329103314958e-08,0.9999945163726807,5.139543759469234e-07,1.1160344826066648e-07,7.899452469928292e-08,2.713912863328005e-06,3.345980559288364e-08
1,2019-09-20,1.1324939088911496,0.015667466312646865,2.2077415451349225e-06,0.499995619058609,7.263757879627519e-07,1.5272728433046723e-06,1.965064768683078e-07,1.3738271036345395e-06,4.991125024389476e-07,1.4858558472496952e-07,1.030567742255073e-09,2.3320794184655824e-07,1.7907364053826313e-06,0.499995619058609,8.98705376783937e-09,7.26696924857606e-08
1,2019-09-23,1.1235519967861172,-0.007927107252180576,2.7865276308602915e-08,0.9577312469482422,8.619756499683717e-07,7.077194368321216e-07,5.020966682423023e-07,8.724826443540223e-07,2.552684463807964e-07,1.3380912378124776e-06,0.042263247072696686,5.520125228031247e-07,1.0036585962325262e-07,1.97403116075634e-09,2.0010384105262347e-07,6.395760721034094e-08
1,2019-09-24,1.1127503884600554,-0.009660314632952213,8.56239410040871e-07,0.014132416807115078,1.7897383486342733e-06,3.6547830859490205e-06,3.7395363960968098e-06,5.25333689438412e-07,3.821926100044948e-07,4.1237257164539187e-07,0.6657566428184509,2.3008610696706455e-06,4.089469712198479e-06,0.32009223103523254,8.09957157343888e-07,1.431443763522111e-07
1,2019-09-25,1.097990662599525,-0.013352938969433308,7.504003178837593e-07,0.0559532605111599,2.901283266965038e-07,6.900816060806392e-07,1.8440692883814336e-07,2.3002401405847195e-07,1.247674674687005e-07,4.407629106140121e-08,8.108505511472686e-08,1.6183531670321827e-07,1.1671697848214535e-06,0.944042980670929,1.1928277032779988e-08,2.445873903411666e-08
1,2019-09-26,1.1044971981825238,0.005908368102088571,2.89873537440144e-06,1.1454370678620762e-06,1.870633070666372e-07,6.824582783337974e-07,3.039447165065212e-07,5.96374292172186e-08,7.461741802217148e-08,1.0142598760864985e-08,1.1205691663462858e-07,1.721150653111181e-07,4.628449914889643e-06,0.9999896883964539,1.8116054434358375e-08,2.723190739573056e-08
1,2019-09-27,1.1000369832929338,-0.004046406731009484,3.237260415289711e-08,0.0018513381946831942,1.5815365372873202e-07,2.437528223708796e-07,3.6017650018038694e-07,4.61546960650594e-08,3.237301982039753e-08,6.329009494265847e-08,0.9980366230010986,2.2697219037581817e-07,1.7383320027875016e-07,0.0001105876435758546,1.2872469312696921e-07,1.4415896920638716e-08
1,2019-09-30,1.1125958450440532,0.01135208378136158,4.668717323852434e-08,0.9999143481254578,3.0747855817025993e-07,3.885751596044429e-07,1.35230905584649e-07,3.551811857960274e-07,1.0122011673274756e-07,1.894203052188459e-07,6.670137372566387e-05,1.5858303470395185e-07,1.2378558267300832e-07,1.713692290650215e-05,1.936220428433444e-08,1.4965648276188404e-08
1,2019-10-01,1.0919763292774394,-0.01870668359398842,1.4337828702082334e-08,0.00022384681506082416,2.2027126078683068e-07,2.416471716060187e-07,7.701714253016689e-07,4.7693525573322404e-08,3.668956338742646e-08,1.6052791806941968e-07,0.9997733235359192,4.018647814518772e-07,1.0355321933275263e-07,8.315392108215747e-08,7.098383321135771e-07,2.9791317857075228e-08
1,2019-10-02,1.0708381148408381,-0.019547573837637902,2.620690793264657e-07,0.051924217492341995,1.7723343148645654e-07,3.9036245880197384e-07,1.3667289522345527e-07,1.1780664976868138e-07,6.375169192551766e-08,3.1104189446296004e-08,1.652421474318544e-06,1.1737887462004437e-07,5.477789386532095e-07,0.9480722546577454,1.1250047116106998e-08,1.291450235640923e-08
1,2019-10-04,1.0932507354724474,0.020713957285881043,1.0662401628280804e-08,1.732588472691532e-08,2.148298960946704e-07,2.0082006813026965e-07,2.584038611530559e-06,1.6436876748571194e-08,2.397854537150579e-08,1.5349687032539805e-07,0.9999890327453613,8.138958946801722e-07,1.2658142622967716e-07,1.0053684995625645e-08,6.752161425538361e-06,5.773662437036364e-08
1,2019-10-07,1.0906872846908,-0.0023475501000881195,1.0689988272361006e-07,0.9959753751754761,2.491352404376812e-07,3.942211606045021e-07,1.3787688146749133e-07,2.2781254926940164e-07,8.6015944589235e-08,8.751785429694792e-08,1.094559866032796e-05,1.4152253413612925e-07,2.4938984211075876e-07,0.004011958837509155,1.502906954442551e-08,1.4405701520558978e-08
1,2019-10-08,1.0994904747610366,0.008038833779096604,2.1369300156948157e-05,0.01048577856272459,1.6161667417691206e-06,4.904703473584959e-06,7.566146678072982e-07,1.8836246908904286e-06,1.2221055385452928e-06,1.5402521569285454e-07,2.0394430588766e-09,6.531815870403079e-07,1.451250136597082e-05,0.9894668459892273,2.8240636495979743e-08,2.7657159762384254e-07
1,2019-10-10,1.1096695112135528,0.009215365616977216,5.196884700353621e-08,2.082152583682273e-08,8.149721963945922e-08,1.575602226466799e-07,5.817551596010162e-07,9.465809469588748e-09,1.3859303038543658e-08,1.57347290752341e-08,0.980171799659729,2.2172400804265635e-07,3.421854444241035e-07,0.01982640102505684,2.817897950535553e-07,1.5777576578557273e-08
1,2019-10-11,1.099163920149387,-0.00951241513490677,9.890933370115818e-07,9.345691296402947e-07,1.2795293002909602e-07,4.1906767478394613e-07,2.7261646096121694e-07,3.5043928647837674e-08,4.303028333652037e-08,9.395142441803728e-09,5.146990588400513e-06,1.5275584530627384e-07,2.1696980638807872e-06,0.9999896287918091,2.4512514684715825e-08,1.8182049643655773e-08
1,2019-10-14,1.0951024446794293,-0.003701902534067631,1.1691328154483926e-06,0.005834581330418587,2.189821543652215e-06,4.329628154664533e-06,4.881974291492952e-06,6.416010478460521e-07,5.086045007374196e-07,5.622792969006696e-07,0.7376781105995178,3.091020516876597e-06,5.1206170610385016e-06,0.2564634382724762,1.1857158597194939e-06,2.1070306388537574e-07
1,2019-10-15,1.0956947388289457,0.0005407110876403749,2.870432425083891e-08,0.1324460655450821,3.35500033088465e-07,3.665388135232206e-07,4.884791451331694e-07,1.425361801921099e-07,7.363733089960078e-08,2.3625216272193938e-07,0.867550790309906,3.622897679633752e-07,1.3902680962019076e-07,7.619512416567886e-07,2.0377993337206135e-07,2.901243689734656e-08
1,2019-10-16,1.1037128695742244,0.007291205355525017,2.1158618892513914e-06,0.4999944269657135,1.0642677352734609e-06,1.9217454791942146e-06,2.1088814605718653e-07,2.7421824597695377e-06,7.896135230112122e-07,3.10078490883825e-07,1.0305652997644188e-09,2.9455347316797997e-07,1.5889048654571525e-06,0.4999944269657135,1.0462329669280734e-08,9.931268607488164e-08
1,2019-10-17,1.094862920715887,-0.008050663249194623,8.310195880767424e-06,7.182048307186051e-07,3.232866845337412e-07,1.3186240721552167e-06,4.817563876713393e-07,1.1916866071715049e-07,1.5852616286338161e-07,1.601474330925612e-08,1.1154708268179547e-08,2.761740063306206e-07,1.0029231816588435e-05,0.9999781250953674,2.5041813955795078e-08,5.997344487695955e-08
1,2019-10-18,1.07811458539649,-0.015415407602304913,1.8894159438787028e-05,2.5754728127935778e-08,3.6002256820211187e-07,1.684328708506655e-06,6.907365559527534e-07,1.0805292305349212e-07,1.9189120337159693e-07,1.372624947038048e-08,5.768474586886896e-09,3.588758943351422e-07,2.0039968148921616e-05,0.9999575018882751,3.506852763734969e-08,8.887991498340853e-08
1,2019-10-21,1.0912174354555269,0.012080224950611592,4.340519765833051e-08,0.9985863566398621,1.7836916299529548e-07,2.630468713959999e-07,1.57291466962306e-07,1.1437010982717766e-07,5.1452268223783904e-08,8.111308602565259e-08,0.001251139910891652,1.462084497916294e-07,1.4359029876231943e-07,0.00016130658332258463,2.962402945172471e-08,1.1450429049375543e-08
1,2019-10-22,1.1070363861477923,0.014392536115739495,3.9367446902360825e-07,0.9995197057723999,1.1198737865925068e-06,1.462974978494458e-06,1.88338461271087e-07,3.15843658427184e-06,6.298136554505618e-07,6.575517090823269e-07,1.1329960969419517e-08,3.1372266562357254e-07,4.916057605441893e-07,0.00047180126421153545,1.4315898688721518e-08,5.844912109864708e-08
1,2019-10-23,1.1657190026229693,0.05165154394507408,8.422339305980131e-07,1.533826070954092e-05,1.3951287769486953e-07,4.4273087951296475e-07,2.1199898014856444e-07,4.76121471137958e-08,4.755388260946347e-08,1.0878881795406414e-08,1.3873931266061845e-06,1.2814348337997217e-07,1.792816419765586e-06,0.999979555606842,1.6376684897068117e-08,1.581137532014054e-08
1,2019-10-24,1.166806451668879,0.0009324220858514309,5.331013852583055e-08,1.3663314923917369e-08,8.700632747604686e-08,1.670076983373292e-07,6.641764684900409e-07,9.803762246463066e-09,1.4582063556645153e-08,1.7461426082832077e-08,0.9865967631340027,2.473915685641259e-07,3.567097621726134e-07,0.01340123638510704,3.5698474221135257e-07,1.7969082222180077e-08
1,2019-10-25,1.157286966075248,-0.008192044913768768,3.344417564221658e-06,0.5872548222541809,7.733575330348685e-06,1.2920670087623876e-05,1.0552459571044892e-05,3.258783635828877e-06,1.9919405076507246e-06,2.3322493234445574e-06,0.17578347027301788,7.940631803649012e-06,1.2086351489415392e-05,0.23689694702625275,2.0226009382895427e-06,6.062172133169952e-07
1,2019-10-28,1.156078454120545,-0.0010448086187243462,6.58006271692102e-08,1.6693814330892565e-08,1.0145410556106071e-07,1.9063644174366345e-07,7.098711876096786e-07,1.1757595785866215e-08,1.750255940180523e-08,1.9610407520076478e-08,0.9822333455085754,2.669075058747694e-07,4.1350583046551037e-07,0.017764443531632423,3.615619448282814e-07,2.0961939739549962e-08
1,2019-10-29,1.1453433060561469,-0.009329212150909007,1.864661847150728e-08,1.1086406630056445e-05,1.9591759325976454e-07,2.2316451975257223e-07,9.1435168769749e-07,3.354591271431673e-08,3.1891417506813013e-08,1.1760824492057509e-07,0.99998539686203,4.379762401640619e-07,1.3798288023281202e-07,5.067383312962193e-07,8.690876711625606e-07,3.184380759080341e-08
1,2019-10-30,1.1382625938233324,-0.0062013633131980895,7.585403523080458e-07,1.9281860552666785e-09,1.7170073363104166e-07,4.2610659534148e-07,1.3705636092709028e-06,1.8457877004607326e-08,4.012344945181212e-08,1.6183047790718774e-08,0.06450477987527847,4.5836711137781094e-07,2.752821501417202e-06,0.9354887008666992,4.2322650983805943e-07,6.16120132690412e-08
1,2019-10-31,1.1450404712673705,0.005936923097074032,1.8067194673676568e-07,1.8099132192972434e-09,1.588772562399754e-07,2.967920806895563e-07,2.3209404389490373e-06,1.0498841795936187e-08,2.5706716755280468e-08,2.3521517178437534e-08,0.8781068921089172,6.077713123886497e-07,1.1580586942727678e-06,0.12188650667667389,1.7338470570393838e-06,6.881518288537336e-08
1,2019-11-01,1.1507125186368712,0.004941349470615387,5.640651465910196e-07,0.9999558925628662,2.3418997443513945e-06,2.546717951190658e-06,2.7210001007915707e-07,1.0192044101131614e-05,1.5949619864841225e-06,2.2763945253245765e-06,3.845709528604857e-09,5.664589366460859e-07,5.80278538109269e-07,2.2993281163508072e-05,2.3552356509526362e-08,1.301177263712816e-07
1,2019-11-04,1.1661801133611136,0.013352215211844305,9.192724093054494e-08,0.9998685717582703,4.160531830166292e-07,5.487219141286914e-07,1.1421855106164003e-07,6.95843539233465e-07,1.6425462945335312e-07,2.2165538382523664e-07,1.0491631883269292e-06,1.5306842726658942e-07,1.8356391251472814e-07,0.00012777805386576802,1.0928436822155163e-08,1.797822690718931e-08
1,2019-11-05,1.1849951031158428,0.016005095037817954,5.011917892261408e-06,0.09187354147434235,8.171605259121861e-07,2.174350356654031e-06,3.5842265333485557e-07,9.379180028190603e-07,4.990389470549417e-07,9.57070724894038e-08,1.8717574157278705e-09,3.2773732527857646e-07,4.5701785893470515e-06,0.908111572265625,1.5137700870582194e-08,9.474882745053037e-08
1,2019-11-06,1.1697903628873967,-0.012914086450636388,1.4831508465817933e-08,3.2402903116235393e-07,1.419524124912641e-07,1.7452197198508657e-07,1.0609163609842653e-06,1.650115599716173e-08,1.9750455493294794e-08,7.168390681044912e-08,0.9999954104423523,4.1302178033220116e-07,1.347499534176677e-07,9.12362850158388e-07,1.2824509667552775e-06,2.7469999608342732e-08
1,2019-11-07,1.1570333991200166,-0.010965240940451622,1.278018544326187e-07,3.835395716578205e-07,8.48126688879347e-08,1.9245418059199437e-07,3.19758555633598e-07,1.5163621469582722e-08,1.8639312315826828e-08,1.1639781583028252e-08,0.025909414514899254,1.526736497226011e-07,5.47449985788262e-07,0.9740886688232422,7.236832999524268e-08,1.2237979518658904e-08
1,2019-11-08,1.1473354678851908,-0.008417045230139046,1.2774057722708676e-07,6.457342465182592e-07,7.625087050655566e-08,1.885573936988294e-07,2.710112028125877e-07,1.4481565280277664e-08,1.7332974167061366e-08,1.0245783776952067e-08,0.014036713168025017,1.3428839906737267e-07,5.303472789819352e-07,0.9859611988067627,5.76250371864262e-08,1.0368881753208825e-08
1,2019-11-11,1.1410080248979797,-0.005530165495723486,1.5512760853653162e-08,5.2408531701075844e-06,2.695694547583116e-07,2.5697096361909644e-07,1.5094828995643184e-06,3.952942861928932e-08,3.994032837795203e-08,2.0907407360937214e-07,0.9999893307685852,6.611116418753227e-07,1.3021804079471622e-07,2.5213795495915292e-08,2.1913908767601242e-06,5.154746318680736e-08
1,2019-11-12,1.1496270013583203,0.007525439048558473,1.3771790463579237e-07,0.9540693759918213,6.933680651854957e-07,9.733394108479843e-07,7.787613753862388e-07,3.4636164514267875e-07,1.711962624995067e-07,3.046873757739377e-07,0.04550490528345108,6.344083658404998e-07,5.534207616619824e-07,0.0004208965983707458,1.7046956202193542e-07,4.609876214090036e-08
1,2019-11-13,1.1592649828244916,0.008348625671863556,1.9912054227688714e-08,7.49182581785135e-05,1.087688161760525e-07,1.627266783543746e-07,3.594600173073559e-07,2.3224147938094575e-08,1.9380403060154094e-08,4.246898299697932e-08,0.9998853206634521,1.9068160383994837e-07,1.2652756709030655e-07,3.851921792374924e-05,1.7728221735069383e-07,1.2280993111346561e-08
1,2019-11-14,1.160043909928996,0.0006716889985837043,2.1453453769026964e-07,0.7332531809806824,1.3253309134597657e-06,1.7753840211298666e-06,1.6805055338409147e-06,6.359671260725008e-07,3.2398136795563914e-07,7.003024506957445e-07,0.2666209936141968,1.3327138503882452e-06,8.814469083517906e-07,0.00011636708950391039,4.886370561507647e-07,1.0409925721432955e-07
1,2019-11-15,1.1734325279009685,0.011475380404293536,8.399582185347754e-08,0.9913631677627563,1.832677156698992e-07,3.175738072513923e-07,9.688303492794148e-08,1.674906116022612e-07,6.118841611169046e-08,5.6567937889440145e-08,6.657980065938318e-06,9.960957214616428e-08,2.0455405547181726e-07,0.008628880605101585,9.441039949820151e-09,9.21555987076772e-09
1,2019-11-18,1.1714078330230289,-0.0017269366519525647,1.0162274293179507e-06,2.680296574908425e-06,1.4010680615683668e-07,4.4866425241707475e-07,2.580514717465121e-07,4.1627696845125683e-08,4.724232383068738e-08,1.02516102273853e-08,2.469365654178546e-06,1.4683395477277372e-07,2.1699772787542315e-06,0.9999905228614807,2.1499007019087912e-08,1.8430561965487868e-08
1,2019-11-19,1.1766408802901998,0.0044573657281696795,1.5514801887661633e-08,1.0547936653892975e-05,5.851867399542243e-07,4.05530300895407e-07,3.3390915632480755e-06,8.584961364022092e-08,8.331589640420134e-08,7.878695100771438e-07,0.9999740123748779,1.4771906080568442e-06,1.342960018746453e-07,2.061100179417963e-09,8.365677786059678e-06,1.3709214385926316e-07
1,2019-11-20,1.1783161851374975,0.001422790380773222,1.1928889875889581e-08,6.055885251043946e-07,2.8068782853551966e-07,2.4675006216057227e-07,2.199755044784979e-06,3.099900425240776e-08,3.578093910050484e-08,2.4335781745321583e-07,0.9999905824661255,8.370437853955082e-07,1.1872716498828595e-07,4.169887990457255e-09,4.7302787606895436e-06,6.325071666424265e-08
1,2019-11-21,1.1418278358672325,-0.03145611446499825,2.1259945697238436e-06,8.771430088927445e-07,1.8681627977912285e-07,6.326604307105299e-07,3.467949625246547e-07,5.647101275485511e-08,7.131276191785219e-08,1.21698109367685e-08,6.284432174652466e-07,1.9599839617967518e-07,3.7853740195714636e-06,0.9999909996986389,2.6053164958739217e-08,2.9339497942260095e-08
1,2019-11-22,1.13768991944145,-0.003630523132532835,1.523021353477816e-08,3.1379855499835685e-05,1.303113066342121e-07,1.705476933011596e-07,5.467223331834248e-07,2.4589040137357188e-08,2.1881430001258195e-08,6.967106713773319e-08,0.9999647736549377,2.792526743178314e-07,1.089124026520949e-07,2.039260380115593e-06,4.0753792518444243e-07,1.757023859738638e-08
1,2019-11-25,1.1659922125590294,0.024572589087486267,7.230060418805806e-06,0.010618405416607857,8.008311738194607e-07,2.316430482096621e-06,4.2633101315914246e-07,7.696165198467497e-07,4.873122065873758e-07,7.62527747610875e-08,2.0392281196990325e-09,3.55765962467558e-07,6.463802037615096e-06,0.9893625378608704,1.696699492015341e-08,1.0407852357730007e-07
1,2019-11-26,1.1645250034358348,-0.0012591276365332305,1.2406854210667007e-08,3.414943057578057e-05,9.868051620287588e-08,1.3963962430807442e-07,4.1932440808523097e-07,1.8345367891470232e-08,1.606346522464719e-08,4.79265196418055e-08,0.9999603033065796,2.105383032358077e-07,9.246738841284241e-08,4.21915410697693e-06,2.8592793910320324e-07,1.2159437012826402e-08
1,2019-11-27,1.1654209081226365,0.0007690347887575627,1.746299744809221e-07,0.9541447162628174,2.5209459408870316e-07,4.546697596197191e-07,1.2043919639381784e-07,2.6271663955412805e-07,9.657715338562411e-08,7.201601448514339e-08,9.067794053407852e-07,1.2822695794056926e-07,3.426368095915677e-07,0.04585243761539459,1.0146465889704359e-08,1.4522045788112337e-08
1,2019-11-28,1.1633983466889766,-0.001736984901688993,1.1796279508757834e-08,0.0008744056685827672,1.2372491653422912e-07,1.6091988186417439e-07,3.5521961194717733e-07,3.0487150581848255e-08,2.1496454394309694e-08,6.954003595183167e-08,0.9991230964660645,2.024377039333558e-07,7.999742734909887e-08,1.2499965578172123e-06,2.0751643603489356e-07,1.2418037265149451e-08
1,2019-11-29,1.147554432620665,-0.013712233728170395,1.1684947054391159e-07,8.286714319183375e-07,1.0664371785651383e-07,2.3640433255422977e-07,4.4399939724826254e-07,1.8391112632798468e-08,2.1612917677771293e-08,1.6395642177258196e-08,0.18875637650489807,2.1009098816193728e-07,5.71437908547523e-07,0.8112409114837646,1.1441653668953222e-07,1.4572520079525475e-08
1,2019-12-02,1.1472751537818002,-0.00024339832630558645,1.0868695277110874e-08,2.0611305995288376e-09,1.7248963501970138e-07,1.757998830953511e-07,2.6974214506481076e-06,1.0313804033046381e-08,1.7640127580875742e-08,9.435940739876969e-08,0.9999887943267822,7.405677138194733e-07,1.448317874519489e-07,4.9844459226733306e-08,7.033796919131419e-06,5.13221891651483e-08
1,2019-12-03,1.1456165379151184,-0.0014467461869120597,1.0231381111225346e-06,0.014995523728430271,2.116541963914642e-06,4.078290658071637e-06,4.416765023051994e-06,6.471459528256673e-07,4.7579638362549304e-07,5.39765039775375e-07,0.7400909662246704,2.8671640848187963e-06,4.573304977384396e-06,0.24489158391952515,9.852545872490737e-07,1.7890600645387167e-07
1,2019-12-04,1.1608842600683942,0.013239054733514785,1.5514704188035466e-08,0.00027480124845169485,1.6805034874778357e-07,2.037135118371225e-07,5.476711066876305e-07,3.911515378263175e-08,2.9651136657093957e-08,1.0685277374022917e-07,0.9997226595878601,3.0633486858278047e-07,1.0319455867602301e-07,6.020677574269939e-07,3.8619893416580453e-07,2.068024684831471e-08
1,2019-12-05,1.1456989781967968,-0.013167095825076103,3.2197658583754674e-07,5.059313480160199e-06,1.083260059431268e-07,2.8878451985292486e-07,2.430740551062627e-07,2.9398949052961143e-08,3.098614698160418e-08,1.2133001270342447e-08,0.00013945737737230957,1.3968256951102376e-07,9.280405492972932e-07,0.9998533129692078,3.09796917008498e-08,1.3433838930154707e-08
1,2019-12-06,1.1485500915621072,0.0024854449070990086,1.6202825747768657e-07,0.9758327603340149,6.096828428781009e-07,9.735487083162297e-07,6.862003942842421e-07,3.052896033750585e-07,1.516758203479185e-07,2.2449981429417676e-07,0.021669603884220123,5.572194936576125e-07,6.265545948735962e-07,0.0024931614752858877,1.2864767029441282e-07,3.742018606089914e-08
1,2019-12-09,1.1642258675928645,0.013556017844006419,3.8405630675697466e-08,0.9979645609855652,7.510781756536744e-07,6.993158194745774e-07,3.3354140782648756e-07,9.467273116570141e-07,2.493906947620417e-07,9.503474984740024e-07,0.0020307612139731646,4.1116695115306356e-07,1.1635849972435608e-07,2.2033097124563028e-08,9.209320239733643e-08,4.6983480217477336e-08
1,2019-12-10,1.1642412316057968,1.3196675991639496e-05,5.9300841712683905e-06,0.4999908208847046,1.2307866654737154e-06,2.781125658657402e-06,3.1238440101333254e-07,2.566143848525826e-06,9.915713690133998e-07,2.2738177563041972e-07,1.0305578612701538e-09,3.6835146488556347e-07,3.7995653201505775e-06,0.4999908208847046,1.299068141946691e-08,1.55988630012871e-07
1,2019-12-11,1.1644244796670118,0.00015738460072316235,3.533496695240501e-08,0.006659035570919514,1.799762969767471e-07,2.941071386430849e-07,3.786813067563344e-07,5.53154002602696e-08,3.590029606925782e-08,6.997247936624262e-08,0.9931676387786865,2.4427944822491554e-07,1.9543985274594888e-07,0.00017171601939480752,1.253789321253862e-07,1.4185997265769856e-08
1,2019-12-12,1.1848201359611208,0.017364022982120513,5.286379689550813e-08,0.99996417760849,3.292264807441825e-07,4.134100208830205e-07,1.0199675415378806e-07,5.037126129536773e-07,1.1877006045324379e-07,1.9803270845386578e-07,6.1195237321953755e-06,1.346054148143594e-07,1.2054289300067467e-07,2.7731935915653594e-05,1.105218938590724e-08,1.3381122876410245e-08
1,2019-12-13,1.1862547431378316,0.0012100902965292335,2.4562550606788136e-06,7.796995049602629e-08,1.598874064256961e-07,5.975895192023017e-07,3.8699229776284483e-07,3.883641497282042e-08,5.8834157101728124e-08,8.978669363557401e-09,1.2885459454992088e-06,1.9903889381112094e-07,4.594273832481122e-06,0.9999900460243225,3.226730882488482e-08,2.900965867524974e-08
1,2019-12-16,1.1938161907329607,0.0063539896458387375,1.1145067979612122e-08,6.397618079745371e-08,1.1770853092230027e-07,1.449653694862718e-07,1.1455757658040966e-06,1.1249009723712788e-08,1.4776549761563729e-08,5.7605198833243776e-08,0.9999956488609314,3.991434596173349e-07,1.173303871837561e-07,6.157328016342944e-07,1.6353125147361425e-06,2.4707814461066846e-08
1,2019-12-17,1.1943800840161722,0.00047223362640070265,1.5970364586337382e-08,0.00016414659330621362,1.109020359990609e-07,1.5756316429360595e-07,3.622363067279366e-07,2.5196344566325024e-08,1.9730372002868535e-08,5.264554303607838e-08,0.9998252987861633,2.015167410718277e-07,1.0289661389606408e-07,9.274403055314906e-06,1.9436230047631398e-07,1.228105261930068e-08
1,2019-12-18,1.1862980702255368,-0.006789699669927359,6.9717193582619075e-06,2.5418381483177654e-05,3.900525484823447e-07,1.4416775684367167e-06,3.972174056343647e-07,2.0009665036013757e-07,2.0109928300371394e-07,2.2701289736914987e-08,2.989474223724642e-09,2.569704804500361e-07,7.702933544351254e-06,0.9999569058418274,1.7217287151538585e-08,5.9144845465652907e-08
1,2019-12-19,1.1848589068818798,-0.0012138913908042014,3.542453441696125e-08,1.360339041411862e-07,7.813073921170144e-08,1.4644548684827896e-07,4.932632577947516e-07,1.0410295736562603e-08,1.3281604260839686e-08,1.8701836523860038e-08,0.9968699216842651,2.0556252877668157e-07,2.3831508144667168e-07,0.0031284296419471502,2.5612283138798375e-07,1.3290993194914336e-08
1,2019-12-20,1.1871208936041207,0.0019072568893432618,8.764503149905067e-07,0.49999818205833435,2.899082858220936e-07,6.687954510198324e-07,1.137088290192878e-07,3.547179687757307e-07,1.5207653802917775e-07,4.3692264029004946e-08,1.0756985302506905e-09,1.1238793717893714e-07,9.816442343435483e-07,0.49999818205833435,5.213526499403542e-09,2.4109192864329998e-08
1,2019-12-23,1.1887405777925601,0.001363450233824551,1.5152737731227717e-08,0.1160755455493927,4.5517580815612746e-07,3.822737539849186e-07,7.771178616167163e-07,1.849396227271427e-07,9.23049157108835e-08,5.708388925995678e-07,0.8839206695556641,5.44963768334128e-07,8.546771823603194e-08,1.8218963004912325e-09,6.176493911880243e-07,5.143204617752417e-08
1,2019-12-24,1.1976916664616644,0.007501684296876192,1.445625130713779e-08,1.3524822861654684e-06,3.4167518947469944e-07,2.9242855248412525e-07,2.4010071228985908e-06,4.282182075598939e-08,4.701480449398332e-08,3.2466817856402486e-07,0.9999889731407166,9.794663355933153e-07,1.3307928270478442e-07,3.0607985035402407e-09,5.025180598750012e-06,7.867058116062253e-08
1,2019-12-26,1.2086243959411518,0.009086757035553455,1.9187078237337118e-07,6.118995224824175e-05,3.285755951765168e-07,6.574574058504368e-07,1.0649063142409432e-06,7.119651002085448e-08,6.674093810943305e-08,7.175792404723325e-08,0.9055288434028625,5.711323751711461e-07,9.78924163064221e-07,0.0944056510925293,2.970033108340431e-07,3.63131782421533e-08
1,2019-12-27,1.219457403876227,0.00892315886169672,2.0657630273035466e-08,0.9558340907096863,2.8690854492197104e-07,3.103139931681653e-07,2.466183843807812e-07,1.9429057829256635e-07,7.36804466328067e-08,2.416387872017367e-07,0.04416390508413315,2.3084142242169037e-07,8.23444139541607e-08,2.2945351929593016e-07,7.672760204968654e-08,1.8846442628728255e-08
1,2019-12-30,1.211735674901306,-0.00635223504640162,9.431312975038963e-08,0.977658748626709,1.777066813701822e-07,3.2457711540700984e-07,9.69304920772629e-08,1.554927280267293e-07,5.841103956072402e-08,4.810873122096382e-08,4.590336629917147e-06,9.414468138402299e-08,2.2970289137447253e-07,0.022335387766361237,8.828282105355356e-09,9.141407630863796e-09
2,2020-01-02,0.9998009083876662,-0.00019911143369972704,1.030576846083875e-09,1.030576846083875e-09,1.030576846083875e-09,1.030576846083875e-09,1.030576846083875e-09,1.030576846083875e-09,1.030576846083875e-09,1.030576846083875e-09,0.5,1.030576846083875e-09,1.030576846083875e-09,0.5,1.030576846083875e-09,1.030576846083875e-09
2,2020-01-03,0.9859572160787949,-0.01394320528805256,2.061149917409466e-09,2.061149917409466e-09,2.061149917409466e-09,2.061149917409466e-09,2.061149917409466e-09,2.061149917409466e-09,2.061149917409466e-09,2.061149917409466e-09,1.8234812841910752e-06,2.061149917409466e-09,2.061149917409466e-09,0.999998152256012,2.061149917409466e-09,2.061149917409466e-09
2,2020-01-06,1.0076146726113269,0.0217281440526247,2.061147474918812e-09,2.061147474918812e-09,2.061147474918812e-09,2.061147474918812e-09,2.061147474918812e-09,2.061147474918812e-09,2.061147474918812e-09,2.061147474918812e-09,0.9999969601631165,2.061147474918812e-09,2.061147474918812e-09,2.9998982427059673e-06,2.061147474918812e-09,2.061147474918812e-09
2,2020-01-07,1.0166234687231206,0.008900983937084675,8.054745421759435e-07,0.7808892130851746,8.054745421759435e-07,8.054745421759435e-07,8.054745421759435e-07,8.054745421759435e-07,8.054745421759435e-07,8.054745421759435e-07,0.0004324802430346608,8.054745421759435e-07,8.054745421759435e-07,0.21866942942142487,8.054745421759435e-07,8.054745421759435e-07
2,2020-01-08,0.9961726072340495,-0.02032154724448919,1.9732204759037586e-09,0.9573379158973694,1.9732204759037586e-09,1.9732204759037586e-09,1.9732204759037586e-09,1.9732204759037586e-09,1.9732204759037586e-09,1.9732204759037586e-09,0.042662058025598526,1.9732204759037586e-09,1.9732204759037586e-09,1.9732204759037586e-09,1.9732204759037586e-09,1.9732204759037586e-09
2,2020-01-09,1.0210995502329614,0.024714773082733156,2.06115324807854e-09,1.510137934701561e-07,2.06115324807854e-09,2.06115324807854e-09,2.06115324807854e-09,2.06115324807854e-09,2.06115324807854e-09,2.06115324807854e-09,1.9858093835978252e-08,2.06115324807854e-09,2.06115324807854e-09,0.9999998211860657,2.06115324807854e-09,2.06115324807854e-09
2,2020-01-10,1.0271266158217482,0.005885173311829567,0.5,1.030576846083875e-09,1.030576846083875e-09,1.030576846083875e-09,1.030576846083875e-09,1.030576846083875e-09,1.030576846083875e-09,1.030576846083875e-09,1.030576846083875e-09,1.030576846083875e-09,1.030576846083875e-09,0.5,1.030576846083875e-09,1.030576846083875e-09
2,2020-01-13,1.031178462117846,0.003937075774965295,0.49999988079071045,2.354913419821969e-07,1.0305765130169675e-09,1.0305765130169675e-09,1.0305765130169675e-09,1.0305765130169675e-09,1.0305765130169675e-09,1.0305765130169675e-09,1.0305765130169675e-09,1.0305765130169675e-09,1.0305765130169675e-09,0.49999988079071045,1.0305765130169675e-09,1.0305765130169675e-09
2,2020-01-14,1.0309969367405443,-0.00017605231627821922,1.030576846083875e-09,0.5,1.030576846083875e-09,1.030576846083875e-09,1.030576846083875e-09,1.030576846083875e-09,1.030576846083875e-09,1.030576846083875e-09,1.030576846083875e-09,1.030576846083875e-09,1.030576846083875e-09,0.5,1.030576846083875e-09,1.030576846083875e-09
2,2020-01-15,1.0386673571484106,0.007412270240485668,2.0596939709349726e-09,0.0007081513176672161,2.0596939709349726e-09,2.0596939709349726e-09,2.0596939709349726e-09,2.0596939709349726e-09,2.0596939709349726e-09,2.0596939709349726e-09,0.9992918372154236,2.0596939709349726e-09,2.0596939709349726e-09,2.0596939709349726e-09,2.0596939709349726e-09,2.0596939709349726e-09
2,2020-01-16,1.0386671365767022,-2.1236031947998723e-07,2.061153470123145e-09,2.061153470123145e-09,2.061153470123145e-09,2.061153470123145e-09,2.061153470123145e-09,2.061153470123145e-09,2.061153470123145e-09,2.061153470123145e-09,1.0,2.061153470123145e-09,2.061153470123145e-09,2.061153470123145e-09,2.061153470123145e-09,2.061153470123145e-09
2,2020-01-17,1.0402868170297914,0.0015581689801067115,0.5,1.030576846083875e-09,1.030576846083875e-09,1.030576846083875e-09,1.030576846083875e-09,1.030576846083875e-09,1.030576846083875e-09,1.030576846083875e-09,1.030576846083875e-09,1.030576846083875e-09,1.030576846083875e-09,0.5,1.030576846083875e-09,1.030576846083875e-09
2,2020-01-20,1.0298429790947392,-0.010090117597579957,8.674851947887419e-09,1.5471751169116033e-07,8.674851947887419e-09,8.674851947887419e-09,8.674851947887419e-09,8.674851947887419e-09,8.674851947887419e-09,8.674851947887419e-09,0.0003143942740280181,8.674851947887419e-09,8.674851947887419e-09,0.9996853470802307,8.674851947887419e-09,8.674851947887419e-09
2,2020-01-21,1.01792023769959,-0.011644780045794324,2.047502611901564e-09,0.006622995715588331,2.047502611901564e-09,2.047502611901564e-09,2.047502611901564e-09,2.047502611901564e-09,2.047502611901564e-09,2.047502611901564e-09,2.047502611901564e-09,2.047502611901564e-09,2.047502611901564e-09,0.9933769702911377,2.047502611901564e-09,2.047502611901564e-09
2,2020-01-22,1.037853147328232,0.019392735078930856,0.5,1.030576846083875e-09,1.030576846083875e-09,1.030576846083875e-09,1.030576846083875e-09,1.030576846083875e-09,1.030576846083875e-09,1.030576846083875e-09,1.030576846083875e-09,1.030576846083875e-09,1.030576846083875e-09,0.5,1.030576846083875e-09,1.030576846083875e-09
2,2020-01-23,1.0403586660185373,0.00241122669801116,2.061153470123145e-09,2.061153470123145e-09,2.061153470123145e-09,2.061153470123145e-09,2.061153470123145e-09,2.061153470123145e-09,2.061153470123145e-09,2.061153470123145e-09,1.0,2.061153470123145e-09,2.061153470123145e-09,2.061153470123145e-09,2.061153470123145e-09,2.061153470123145e-09
2,2020-01-28,1.0254811677160462,-0.01440359051078558,3.966459189541638e-06,2.0611454765173676e-09,2.0611454765173676e-09,2.0611454765173676e-09,2.0611454765173676e-09,2.0611454765173676e-09,2.0611454765173676e-09,2.0611454765173676e-09,2.0611454765173676e-09,2.0611454765173676e-09,2.0611454765173676e-09,0.9999960064888,2.0611454765173676e-09,2.0611454765173676e-09
2,2020-01-29,1.0307426505405861,0.005117628014087677,3.713471699029469e-07,3.861033474095166e-05,3.713471699029469e-07,3.713471699029469e-07,3.713471699029469e-07,3.713471699029469e-07,3.713471699029469e-07,3.713471699029469e-07,0.0676703080534935,3.713471699029469e-07,3.713471699029469e-07,0.9322869777679443,3.713471699029469e-07,3.713471699029469e-07
2,2020-01-30,1.0364561152014786,0.005527750213444233,2.061153470123145e-09,2.061153470123145e-09,2.061153470123145e-09,2.061153470123145e-09,2.061153470123145e-09,2.061153470123145e-09,2.061153470123145e-09,2.061153470123145e-09,1.0,2.061153470123145e-09,2.061153470123145e-09,2.061153470123145e-09,2.061153470123145e-09,2.061153470123145e-09
2,2020-01-31,1.0306060555827883,-0.005660279908776283,1.030576846083875e-09,0.5,1.030576846083875e-09,1.030576846083875e-09,1.030576846083875e-09,1.030576846083875e-09,1.030576846083875e-09,1.030576846083875e-09,0.5,1.030576846083875e-09,1.030576846083875e-09,1.030576846083875e-09,1.030576846083875e-09,1.030576846083875e-09
2,2020-02-03,1.0332091246852326,0.0025225810021162033,2.061153470123145e-09,2.061153470123145e-09,2.061153470123145e-09,2.061153470123145e-09,2.061153470123145e-09,2.061153470123145e-09,2.061153470123145e-09,2.061153470123145e-09,1.0,2.061153470123145e-09,2.061153470123145e-09,2.061153470123145e-09,2.061153470123145e-09,2.061153470123145e-09
2,2020-02-04,1.0374932337662484,0.00413783774971962,1.030576846083875e-09,0.5,1.030576846083875e-09,1.030576846083875e-09,1.030576846083875e-09,1.030576846083875e-09,1.030576846083875e-09,1.030576846083875e-09,1.030576846083875e-09,1.030576846083875e-09,1.030576846083875e-09,0.5,1.030576846083875e-09,1.030576846083875e-09
2,2020-02-05,1.0343150109251331,-0.0030680690091103315,2.0611488071864414e-09,4.5337857912386426e-09,2.0611488071864414e-09,2.0611488071864414e-09,2.0611488071864414e-09,2.0611488071864414e-09,2.0611488071864414e-09,2.0611488071864414e-09,2.3423151560564293e-06,2.0611488071864414e-09,2.0611488071864414e-09,0.999997615814209,2.0611488071864414e-09,2.0611488071864414e-09
2,2020-02-06,1.0331542839687837,-0.0011228481904603542,3.5054134173151397e-07,0.00011991481733275577,3.5054134173151397e-07,3.5054134173151397e-07,3.5054134173151397e-07,3.5054134173151397e-07,3.5054134173151397e-07,3.5054134173151397e-07,0.9859598278999329,3.5054134173151397e-07,3.5054134173151397e-07,0.013916375115513802,3.5054134173151397e-07,3.5054134173151397e-07
2,2020-02-07,1.0373456635599065,0.004048669811803848,2.06104955324804e-09,2.06104955324804e-09,2.06104955324804e-09,2.06104955324804e-09,2.06104955324804e-09,2.06104955324804e-09,2.06104955324804e-09,2.06104955324804e-09,0.9999495148658752,2.06104955324804e-09,2.06104955324804e-09,5.044694626121782e-05,2.06104955324804e-09,2.06104955324804e-09
2,2020-02-10,1.0472886294565007,0.009539362688362599,2.0607568984587488e-09,2.0607568984587488e-09,2.0607568984587488e-09,2.0607568984587488e-09,2.0607568984587488e-09,2.0607568984587488e-09,2.0607568984587488e-09,2.0607568984587488e-09,0.0001924089010572061,2.0607568984587488e-09,2.0607568984587488e-09,0.9998075366020203,2.0607568984587488e-09,2.0607568984587488e-09
2,2020-02-11,1.0455698586034057,-0.0016425107089802623,2.061153470123145e-09,4.42032543901405e-08,2.061153470123145e-09,2.061153470123145e-09,2.061153470123145e-09,2.061153470123145e-09,2.061153470123145e-09,2.061153470123145e-09,0.9999999403953552,2.061153470123145e-09,2.061153470123145e-09,2.061153470123145e-09,2.061153470123145e-09,2.061153470123145e-09
2,2020-02-12,1.0422922301729782,-0.003139700788229129,2.061149917409466e-09,1.7377659560224856e-06,2.061149917409466e-09,2.061149917409466e-09,2.061149917409466e-09,2.061149917409466e-09,2.061149917409466e-09,2.061149917409466e-09,0.9999982118606567,2.061149917409466e-09,2.061149917409466e-09,2.061149917409466e-09,2.061149917409466e-09,2.061149917409466e-09
2,2020-02-13,1.026542835111322,-0.015225669342279435,2.061153470123145e-09,0.9999999403953552,2.061153470123145e-09,2.061153470123145e-09,2.061153470123145e-09,2.061153470123145e-09,2.061153470123145e-09,2.061153470123145e-09,2.061153470123145e-09,2.061153470123145e-09,2.061153470123145e-09,1.9841023046751616e-08,2.061153470123145e-09,2.061153470123145e-09
2,2020-02-14,1.0262349184870914,-0.00029999996443868913,2.061153470123145e-09,2.061153470123145e-09,2.061153470123145e-09,2.061153470123145e-09,2.061153470123145e-09,2.061153470123145e-09,2.061153470123145e-09,2.061153470123145e-09,1.0,2.061153470123145e-09,2.061153470123145e-09,2.061153470123145e-09,2.061153470123145e-09,2.061153470123145e-09
2,2020-02-17,1.015986040797368,-0.010037076237797737,2.041045776834949e-09,0.9902443885803223,2.041045776834949e-09,2.041045776834949e-09,2.041045776834949e-09,2.041045776834949e-09,2.041045776834949e-09,2.041045776834949e-09,2.041045776834949e-09,2.041045776834949e-09,2.041045776834949e-09,0.009755561128258705,2.041045776834949e-09,2.041045776834949e-09
2,2020-02-18,1.0179373945264782,0.0019188080474734307,2.061153470123145e-09,2.061153470123145e-09,2.061153470123145e-09,2.061153470123145e-09,2.061153470123145e-09,2.061153470123145e-09,2.061153470123145e-09,2.061153470123145e-09,1.0,2.061153470123145e-09,2.061153470123145e-09,2.061153470123145e-09,2.061153470123145e-09,2.061153470123145e-09
2,2020-02-19,1.0292177323580058,0.011020612803833223,2.061153026033935e-09,3.051405883525149e-07,2.061153026033935e-09,2.061153026033935e-09,2.061153026033935e-09,2.061153026033935e-09,2.061153026033935e-09,2.061153026033935e-09,0.9999996423721313,2.061153026033935e-09,2.061153026033935e-09,2.061153026033935e-09,2.061153026033935e-09,2.061153026033935e-09
2,2020-02-20,1.0323762247367263,0.0030641289368138077,2.061153470123145e-09,2.061153470123145e-09,2.061153470123145e-09,2.061153470123145e-09,2.061153470123145e-09,2.061153470123145e-09,2.061153470123145e-09,2.061153470123145e-09,1.0,2.061153470123145e-09,2.061153470123145e-09,2.061153470123145e-09,2.061153470123145e-09,2.061153470123145e-09
2,2020-02-21,1.0468150533688851,0.013889112460780072,2.06115324807854e-09,2.06115324807854e-09,2.06115324807854e-09,2.06115324807854e-09,2.06115324807854e-09,2.06115324807854e-09,2.06115324807854e-09,2.06115324807854e-09,0.9999998211860657,2.06115324807854e-09,2.06115324807854e-09,1.4996061281635775e-07,2.06115324807854e-09,2.06115324807854e-09
2,2020-02-24,1.0675707856421028,0.019633501719105172,2.061153470123145e-09,2.061153470123145e-09,2.061153470123145e-09,2.061153470123145e-09,2.061153470123145e-09,2.061153470123145e-09,2.061153470123145e-09,2.061153470123145e-09,1.0,2.061153470123145e-09,2.061153470123145e-09,2.061153470123145e-09,2.061153470123145e-09,2.061153470123145e-09
2,2020-02-25,1.0504246988241015,-0.016191216195226017,2.061153470123145e-09,2.061153470123145e-09,2.061153470123145e-09,2.061153470123145e-09,2.061153470123145e-09,2.061153470123145e-09,2.061153470123145e-09,2.061153470123145e-09,0.9999999403953552,2.061153470123145e-09,2.061153470123145e-09,6.036797284281192e-09,2.061153470123145e-09,2.061153470123145e-09
2,2020-02-26,1.0426210781620378,-0.00745674739331007,0.4999999701976776,1.0305767350615724e-09,1.0305767350615724e-09,1.0305767350615724e-09,1.5886985949009613e-08,1.0305767350615724e-09,1.0305767350615724e-09,1.0305767350615724e-09,1.0305767350615724e-09,1.0305767350615724e-09,5.880009812386788e-09,0.4999999701976776,1.0305767350615724e-09,1.0305767350615724e-09
2,2020-02-27,1.0467645383381174,0.003966204778105021,2.061153470123145e-09,2.061153470123145e-09,2.061153470123145e-09,2.061153470123145e-09,2.061153470123145e-09,2.061153470123145e-09,2.061153470123145e-09,2.061153470123145e-09,1.0,2.061153470123145e-09,2.061153470123145e-09,2.061153470123145e-09,2.061153470123145e-09,2.061153470123145e-09
2,2020-02-28,1.0351784363702246,-0.011130200698971748,2.061153470123145e-09,2.061153470123145e-09,2.061153470123145e-09,2.061153470123145e-09,2.061153470123145e-09,2.061153470123145e-09,2.061153470123145e-09,2.061153470123145e-09,1.0,2.061153470123145e-09,2.061153470123145e-09,2.061153470123145e-09,2.061153470123145e-09,2.061153470123145e-09
2,2020-03-02,1.016462346239058,-0.018245503306388855,2.061153470123145e-09,2.061153470123145e-09,2.061153470123145e-09,2.061153470123145e-09,2.061153470123145e-09,2.061153470123145e-09,2.061153470123145e-09,2.061153470123145e-09,1.0,2.061153470123145e-09,2.061153470123145e-09,2.061153470123145e-09,2.061153470123145e-09,2.061153470123145e-09
2,2020-03-03,1.0128973513050967,-0.0035134220961481333,2.061153470123145e-09,2.061153470123145e-09,2.061153470123145e-09,2.061153470123145e-09,2.061153470123145e-09,2.061153470123145e-09,2.061153470123145e-09,2.061153470123145e-09,1.0,2.061153470123145e-09,2.061153470123145e-09,2.061153470123145e-09,2.061153470123145e-09,2.061153470123145e-09
2,2020-03-04,1.0405258407304612,0.026911312714219093,2.061153470123145e-09,2.061153470123145e-09,2.061153470123145e-09,2.061153470123145e-09,2.061153470123145e-09,2.061153470123145e-09,2.061153470123145e-09,2.061153470123145e-09,1.0,2.061153470123145e-09,2.061153470123145e-09,2.061153470123145e-09,2.061153470123145e-09,2.061153470123145e-09
2,2020-03-05,1.0735845810034388,0.031276923716068265,2.4848070552252466e-06,2.0609713935471063e-09,2.0609713935471063e-09,2.0609713935471063e-09,2.0609713935471063e-09,2.0609713935471063e-09,2.0609713935471063e-09,2.0609713935471063e-09,8.587355114286765e-05,2.0609713935471063e-09,2.0609713935471063e-09,0.9999116063117981,2.0609713935471063e-09,2.0609713935471063e-09
2,2020-03-06,1.0962742329273845,0.02091424457728863,2.061153470123145e-09,2.061153470123145e-09,2.061153470123145e-09,2.061153470123145e-09,2.061153470123145e-09,2.061153470123145e-09,2.061153470123145e-09,2.061153470123145e-09,1.0,2.061153470123145e-09,2.061153470123145e-09,2.061153470123145e-09,2.061153470123145e-09,2.061153470123145e-09
2,2020-03-09,1.093512862012095,-0.002522046444937587,2.061153470123145e-09,2.061153470123145e-09,2.061153470123145e-09,2.061153470123145e-09,2.061153470123145e-09,2.061153470123145e-09,2.061153470123145e-09,2.061153470123145e-09,1.0,2.061153470123145e-09,2.061153470123145e-09,2.061153470123145e-09,2.061153470123145e-09,2.061153470123145e-09
2,2020-03-10,1.0866093483880734,-0.006333164870738983,2.061153470123145e-09,2.061153470123145e-09,2.061153470123145e-09,2.061153470123145e-09,2.061153470123145e-09,2.061153470123145e-09,2.061153470123145e-09,2.061153470123145e-09,1.0,2.061153470123145e-09,2.061153470123145e-09,2.061153470123145e-09,2.061153470123145e-09,2.061153470123145e-09
2,2020-03-11,1.087069606104591,0.0004234827065374702,2.061153470123145e-09,2.061153470123145e-09,2.061153470123145e-09,2.061153470123145e-09,2.061153470123145e-09,2.061153470123145e-09,2.061153470123145e-09,2.061153470123145e-09,1.0,2.061153470123145e-09,2.061153470123145e-09,2.061153470123145e-09,2.061153470123145e-09,2.061153470123145e-09
2,2020-03-12,1.0682000096045237,-0.01751064322888851,2.061153470123145e-09,2.061153470123145e-09,2.061153470123145e-09,2.061153470123145e-09,2.061153470123145e-09,2.061153470123145e-09,2.061153470123145e-09,2.061153470123145e-09,1.0,2.061153470123145e-09,2.061153470123145e-09,2.061153470123145e-09,2.061153470123145e-09,2.061153470123145e-09
2,2020-03-13,1.0392053613843328,-0.027518652408087714,2.061153470123145e-09,2.061153470123145e-09,2.061153470123145e-09,2.061153470123145e-09,2.061153470123145e-09,2.061153470123145e-09,2.061153470123145e-09,2.061153470123145e-09,0.9999998807907104,2.061153470123145e-09,2.061153470123145e-09,2.061153470123145e-09,7.33513942918762e-08,2.061153470123145e-09
2,2020-03-16,1.0092902877975078,-0.02920894700166033,2.061153470123145e-09,2.061153470123145e-09,2.061153470123145e-09,2.061153470123145e-09,2.061153470123145e-09,2.061153470123145e-09,2.061153470123145e-09,2.061153470123145e-09,1.0,2.061153470123145e-09,2.061153470123145e-09,2.061153470123145e-09,2.061153470123145e-09,2.061153470123145e-09
2,2020-03-17,0.9729345785235096,-0.036685834433768105,2.0610591011660517e-09,2.0610591011660517e-09,2.0610591011660517e-09,2.0610591011660517e-09,6.017363602950354e-07,2.0610591011660517e-09,2.0610591011660517e-09,2.0610591011660517e-09,0.999954104423523,2.0610591011660517e-09,2.0610591011660517e-09,4.511290171649307e-05,5.15984197591024e-08,1.1197654714578675e-07
2,2020-03-18,0.9872017966482077,0.014557630039481592,2.061153470123145e-09,2.061153470123145e-09,2.061153470123145e-09,2.061153470123145e-09,2.061153470123145e-09,2.061153470123145e-09,2.061153470123145e-09,2.061153470123145e-09,0.9999999403953552,2.061153470123145e-09,2.061153470123145e-09,2.061153470123145e-09,1.4399199166348353e-08,2.061153470123145e-09
2,2020-03-19,0.9697129248022427,-0.01787439921061614,2.061153470123145e-09,2.061153470123145e-09,2.061153470123145e-09,2.061153470123145e-09,2.061153470123145e-09,2.061153470123145e-09,2.061153470123145e-09,2.061153470123145e-09,1.0,2.061153470123145e-09,2.061153470123145e-09,2.061153470123145e-09,3.7750771397782046e-09,2.061153470123145e-09
2,2020-03-20,0.9807585237194298,0.011326202191155361,2.061153470123145e-09,2.061153470123145e-09,2.061153470123145e-09,2.061153470123145e-09,2.061153470123145e-09,2.061153470123145e-09,2.061153470123145e-09,2.061153470123145e-09,1.0,2.061153470123145e-09,2.061153470123145e-09,2.061153470123145e-09,2.061153470123145e-09,2.061153470123145e-09
2,2020-03-23,0.9766164568338979,-0.0042322734370827675,2.061153470123145e-09,2.061153470123145e-09,2.061153470123145e-09,2.061153470123145e-09,2.061153470123145e-09,2.061153470123145e-09,2.061153470123145e-09,2.061153470123145e-09,1.0,2.061153470123145e-09,2.061153470123145e-09,2.061153470123145e-09,2.061153470123145e-09,2.061153470123145e-09
2,2020-03-24,1.0373672879937703,0.06034732609987259,2.061153470123145e-09,2.061153470123145e-09,2.061153470123145e-09,2.061153470123145e-09,2.061153470123145e-09,2.061153470123145e-09,2.061153470123145e-09,2.061153470123145e-09,1.0,2.061153470123145e-09,2.061153470123145e-09,2.061153470123145e-09,2.061153470123145e-09,2.061153470123145e-09
2,2020-03-25,1.0797088210562193,0.04000534489750862,2.061153470123145e-09,2.061153470123145e-09,2.061153470123145e-09,2.061153470123145e-09,2.061153470123145e-09,2.061153470123145e-09,2.061153470123145e-09,2.061153470123145e-09,1.0,2.061153470123145e-09,2.061153470123145e-09,2.061153470123145e-09,2.061153470123145e-09,2.061153470123145e-09
2,2020-03-26,1.0553164184245005,-0.022850750014185905,2.061153470123145e-09,2.061153470123145e-09,2.061153470123145e-09,2.061153470123145e-09,2.061153470123145e-09,2.061153470123145e-09,2.061153470123145e-09,2.061153470123145e-09,1.0,2.061153470123145e-09,2.061153470123145e-09,2.061153470123145e-09,2.061153470123145e-09,2.061153470123145e-09
2,2020-03-27,1.0746462370112095,0.018150880932807922,2.061153470123145e-09,2.061153470123145e-09,2.061153470123145e-09,2.061153470123145e-09,2.061153470123145e-09,2.061153470123145e-09,2.061153470123145e-09,2.061153470123145e-09,1.0,2.061153470123145e-09,2.061153470123145e-09,2.061153470123145e-09,2.061153470123145e-09,2.061153470123145e-09
2,2020-03-30,1.0677427948952505,-0.006444642785936594,2.061153470123145e-09,2.061153470123145e-09,2.061153470123145e-09,2.061153470123145e-09,2.061153470123145e-09,2.061153470123145e-09,2.061153470123145e-09,2.061153470123145e-09,1.0,2.061153470123145e-09,2.061153470123145e-09,2.061153470123145e-09,2.061153470123145e-09,2.061153470123145e-09
2,2020-03-31,1.0626802121604726,-0.004752663905146979,2.061153470123145e-09,2.061153470123145e-09,2.061153470123145e-09,2.061153470123145e-09,2.061153470123145e-09,2.061153470123145e-09,2.061153470123145e-09,2.061153470123145e-09,0.9999999403953552,2.061153470123145e-09,2.061153470123145e-09,2.061153470123145e-09,6.851138323327177e-09,2.061153470123145e-09
2,2020-04-01,1.0410491912769455,-0.02056517649444418,2.06115280398933e-09,2.06115280398933e-09,2.06115280398933e-09,2.06115280398933e-09,2.06115280398933e-09,2.06115280398933e-09,2.06115280398933e-09,2.06115280398933e-09,0.9999995827674866,2.06115280398933e-09,2.06115280398933e-09,2.06115280398933e-09,3.9444537947019853e-07,2.06115280398933e-09
2,2020-04-02,1.0405889356551423,-0.0004422052261134752,2.061153026033935e-09,2.061153026033935e-09,2.061153026033935e-09,2.061153026033935e-09,2.921831665503305e-08,2.061153026033935e-09,2.061153026033935e-09,2.061153026033935e-09,0.9999997019767761,2.061153026033935e-09,2.061153026033935e-09,2.061153026033935e-09,2.072807063768778e-07,3.2176782127635306e-08
2,2020-04-03,1.0585380660113035,0.01710193600887897,2.06115324807854e-09,2.06115324807854e-09,2.06115324807854e-09,2.06115324807854e-09,2.06115324807854e-09,2.06115324807854e-09,2.06115324807854e-09,2.06115324807854e-09,0.9999998211860657,2.06115324807854e-09,2.06115324807854e-09,2.06115324807854e-09,1.6089721555090364e-07,2.06115324807854e-09
2,2020-04-06,1.101137168397212,0.0394546620965004,3.605099552217439e-09,3.605099552217439e-09,3.605099552217439e-09,3.605099552217439e-09,3.605099552217439e-09,3.605099552217439e-09,3.605099552217439e-09,3.605099552217439e-09,0.024833308532834053,3.605099552217439e-09,3.605099552217439e-09,0.9751666188240051,3.605099552217439e-09,3.605099552217439e-09
2,2020-04-07,1.1452638604751066,0.03929162102341652,2.061153470123145e-09,2.061153470123145e-09,2.061153470123145e-09,2.061153470123145e-09,2.061153470123145e-09,2.061153470123145e-09,2.061153470123145e-09,2.061153470123145e-09,1.0,2.061153470123145e-09,2.061153470123145e-09,2.061153470123145e-09,2.061153470123145e-09,2.061153470123145e-09
2,2020-04-08,1.123039468196711,-0.01959623582661152,2.061153470123145e-09,2.061153470123145e-09,2.061153470123145e-09,2.061153470123145e-09,2.061153470123145e-09,2.061153470123145e-09,2.061153470123145e-09,2.061153470123145e-09,1.0,2.061153470123145e-09,2.061153470123145e-09,2.061153470123145e-09,2.061153470123145e-09,2.061153470123145e-09
2,2020-04-09,1.1254038379122404,0.0021031178154178177,2.061147474918812e-09,2.061147474918812e-09,2.061147474918812e-09,2.061147474918812e-09,2.061147474918812e-09,2.061147474918812e-09,2.061147474918812e-09,2.061147474918812e-09,0.999997079372406,2.061147474918812e-09,2.061147474918812e-09,2.922604380728444e-06,2.061147474918812e-09,2.061147474918812e-09
2,2020-04-10,1.1821467966758414,0.04919016646148043,2.061153470123145e-09,2.061153470123145e-09,2.061153470123145e-09,2.061153470123145e-09,2.061153470123145e-09,2.061153470123145e-09,2.061153470123145e-09,2.061153470123145e-09,1.0,2.061153470123145e-09,2.061153470123145e-09,2.061153470123145e-09,2.061153470123145e-09,2.061153470123145e-09
2,2020-04-13,1.1575581645454667,-0.02101934887468815,2.061153470123145e-09,2.061153470123145e-09,2.061153470123145e-09,2.061153470123145e-09,2.061153470123145e-09,2.061153470123145e-09,2.061153470123145e-09,2.061153470123145e-09,1.0,2.061153470123145e-09,2.061153470123145e-09,2.061153470123145e-09,2.061153470123145e-09,2.061153470123145e-09
2,2020-04-14,1.177418222862279,0.01701133883517042,2.061153470123145e-09,2.061153470123145e-09,2.061153470123145e-09,2.061153470123145e-09,2.061153470123145e-09,2.061153470123145e-09,2.061153470123145e-09,2.061153470123145e-09,0.9999999403953552,2.061153470123145e-09,2.061153470123145e-09,7.289466363857855e-09,2.061153470123145e-09,2.061153470123145e-09
2,2020-04-16,1.1693796410619937,-0.006850707820097058,2.061153470123145e-09,2.061153470123145e-09,2.061153470123145e-09,2.061153470123145e-09,2.061153470123145e-09,2.061153470123145e-09,2.061153470123145e-09,2.061153470123145e-09,1.0,2.061153470123145e-09,2.061153470123145e-09,2.061153470123145e-09,2.061153470123145e-09,2.061153470123145e-09
2,2020-04-17,1.169455212353421,6.462302487343551e-05,0.3313990533351898,6.830643828337202e-10,2.4524029473838027e-09,6.830643828337202e-10,0.00491741020232439,6.830643828337202e-10,6.830643828337202e-10,6.830643828337202e-10,0.3313990533351898,2.4680653964992416e-08,2.2638719201495405e-06,0.3313990533351898,2.5340202682855306e-06,0.0008805704419501126
2,2020-04-20,1.1661423567940308,-0.0028368395522236824,0.4999999403953552,1.0305767350615724e-09,1.0305767350615724e-09,1.0305767350615724e-09,5.1177668325408376e-08,1.0305767350615724e-09,1.0305767350615724e-09,1.0305767350615724e-09,1.0305767350615724e-09,1.0305767350615724e-09,6.46490860845006e-08,0.4999999403953552,1.0305767350615724e-09,1.0305767350615724e-09
2,2020-04-21,1.178480174553993,0.01052445029169321,2.061153470123145e-09,2.061153470123145e-09,2.061153470123145e-09,2.061153470123145e-09,2.061153470123145e-09,2.061153470123145e-09,2.061153470123145e-09,2.061153470123145e-09,1.0,2.061153470123145e-09,2.061153470123145e-09,2.061153470123145e-09,2.061153470123145e-09,2.061153470123145e-09
2,2020-04-22,1.1745762795421113,-0.003318151238531129,2.061153470123145e-09,2.061153470123145e-09,2.061153470123145e-09,2.061153470123145e-09,2.061153470123145e-09,2.061153470123145e-09,2.061153470123145e-09,2.061153470123145e-09,0.9999999403953552,2.061153470123145e-09,2.061153470123145e-09,2.061153470123145e-09,2.4215912830527486e-08,2.061153470123145e-09
2,2020-04-23,1.2018452348496365,0.022950602054595946,1.9383988103527372e-07,5.012604997745029e-09,0.09090907126665115,0.09090907126665115,0.09090907126665115,0.09090907126665115,0.09090907126665115,0.09090907126665115,0.09090907126665115,0.09090907126665115,0.09090907126665115,1.873775579142034e-10,0.09090907126665115,0.09090907126665115
2,2020-04-24,1.2054264923772708,0.002975368446484208,2.061153470123145e-09,2.061153470123145e-09,2.061153470123145e-09,2.061153470123145e-09,2.061153470123145e-09,2.061153470123145e-09,2.061153470123145e-09,2.061153470123145e-09,1.0,2.061153470123145e-09,2.061153470123145e-09,2.061153470123145e-09,2.8985154276739422e-09,2.061153470123145e-09
2,2020-04-27,1.216752819260708,0.009352246865630149,0.33329910039901733,6.869806390419342e-10,6.869806390419342e-10,6.869806390419342e-10,9.25634303712286e-05,6.869806390419342e-10,6.869806390419342e-10,6.869806390419342e-10,0.33329910039901733,1.271983740558369e-09,3.775087265012189e-08,0.33329910039901733,1.9423758601533336e-07,9.910939297697041e-06
2,2020-04-28,1.2119152941500841,-0.003983690880984068,1.0047208620633796e-09,0.4874555766582489,7.950510189402848e-05,0.00022445112699642777,4.1718686816238915e-07,0.0031533935107290745,0.0007239840342663229,0.01764475740492344,0.4874555766582489,0.0012173698050901294,1.5223682225951052e-07,1.0047208620633796e-09,0.0019432478584349155,0.00010157870565308258
2,2020-04-29,1.2197502900996517,0.006444161659479141,2.061153470123145e-09,2.061153470123145e-09,2.061153470123145e-09,2.061153470123145e-09,2.061153470123145e-09,2.061153470123145e-09,2.061153470123145e-09,2.061153470123145e-09,1.0,2.061153470123145e-09,2.061153470123145e-09,2.061153470123145e-09,2.061153470123145e-09,2.061153470123145e-09
2,2020-05-04,1.209117137881458,-0.008755702370405197,0.0002138938580173999,1.0303555786350671e-09,1.0303555786350671e-09,1.0303555786350671e-09,7.106357884367753e-07,1.0303555786350671e-09,1.0303555786350671e-09,1.0303555786350671e-09,0.4998926818370819,1.0303555786350671e-09,1.0303555786350671e-09,0.4998926818370819,3.792500535837462e-09,1.525689441450595e-08
2,2020-05-06,1.2074432263505648,-0.0013853672545403241,2.0606301109893366e-09,2.0606301109893366e-09,2.0606301109893366e-09,2.0606301109893366e-09,5.623762788786735e-09,2.0606301109893366e-09,2.0606301109893366e-09,2.0606301109893366e-09,0.9997459650039673,2.0606301109893366e-09,2.0606301109893366e-09,0.00025399340665899217,2.0606301109893366e-09,2.0606301109893366e-09
2,2020-05-07,1.1929437946518255,-0.012081058531953022,2.061153470123145e-09,2.061153470123145e-09,2.061153470123145e-09,2.061153470123145e-09,2.061153470123145e-09,2.061153470123145e-09,2.061153470123145e-09,2.061153470123145e-09,1.0,2.061153470123145e-09,2.061153470123145e-09,2.061153470123145e-09,2.061153470123145e-09,2.061153470123145e-09
2,2020-05-08,1.223141085416394,0.024998180770874023,0.006596905179321766,1.0237781733479778e-09,1.0237781733479778e-09,1.0237781733479778e-09,1.0285764240336448e-08,1.0237781733479778e-09,1.0237781733479778e-09,1.0237781733479778e-09,0.49670153856277466,1.0237781733479778e-09,1.0237781733479778e-09,0.49670153856277466,1.0237781733479778e-09,1.0237781733479778e-09
2,2020-05-11,1.2059292124962402,-0.014171809686720372,2.061153470123145e-09,2.061153470123145e-09,2.061153470123145e-09,2.061153470123145e-09,2.061153470123145e-09,2.061153470123145e-09,2.061153470123145e-09,2.061153470123145e-09,1.0,2.061153470123145e-09,2.061153470123145e-09,2.061153470123145e-09,2.061153470123145e-09,2.061153470123145e-09
2,2020-05-12,1.2089473817616252,0.002499648093059659,0.4999997019767761,1.1125972365633174e-09,1.0305761799500601e-09,1.519962933294039e-09,1.4059511954656045e-07,1.0305761799500601e-09,1.0305761799500601e-09,1.0305761799500601e-09,1.0305761799500601e-09,1.0305761799500601e-09,4.633486412330967e-07,0.4999997019767761,1.0305761799500601e-09,1.0305761799500601e-09
2,2020-05-13,1.2153121655513948,0.00525092160289787,0.49996110796928406,1.030496687981497e-09,1.030496687981497e-09,1.030496687981497e-09,7.461589848389849e-05,1.030496687981497e-09,1.030496687981497e-09,1.030496687981497e-09,1.066465983967646e-06,1.030496687981497e-09,2.0452707758522592e-06,0.49996110796928406,2.2135355770558363e-09,4.2437633851477585e-08
2,2020-05-14,1.2183104835585672,0.0024640792403370143,1.4837504522802192e-06,2.061150583543281e-09,2.061150583543281e-09,2.061150583543281e-09,2.061150583543281e-09,2.061150583543281e-09,2.061150583543281e-09,2.061150583543281e-09,2.061150583543281e-09,2.061150583543281e-09,2.061150583543281e-09,0.9999985098838806,2.061150583543281e-09,2.061150583543281e-09
2,2020-05-15,1.236505325907343,0.014824065801501274,2.0610708695301128e-09,3.98079828300979e-05,2.0610708695301128e-09,2.0610708695301128e-09,2.0610708695301128e-09,2.0610708695301128e-09,2.0610708695301128e-09,2.0610708695301128e-09,0.9999598860740662,3.6936600444903434e-09,2.0610708695301128e-09,2.0610708695301128e-09,2.808424142131116e-07,2.0610708695301128e-09
2,2020-05-18,1.222401440139695,-0.011471797659993172,1.5938847354846075e-05,2.056618653156761e-09,2.056618653156761e-09,2.056618653156761e-09,2.056618653156761e-09,2.056618653156761e-09,2.056618653156761e-09,2.056618653156761e-09,0.0021842336282134056,2.056618653156761e-09,2.056618653156761e-09,0.997799813747406,2.056618653156761e-09,2.056618653156761e-09
2,2020-05-19,1.2259457003439715,0.002895228884369135,0.4999999403953552,1.0305767350615724e-09,1.0305767350615724e-09,1.0305767350615724e-09,5.136031333563551e-08,1.0305767350615724e-09,1.0305767350615724e-09,1.0305767350615724e-09,1.0305767350615724e-09,1.0305767350615724e-09,6.378582639854358e-08,0.4999999403953552,1.0305767350615724e-09,1.0305767350615724e-09
2,2020-05-20,1.2360743532608314,0.008227967147529125,2.061153470123145e-09,2.061153470123145e-09,2.061153470123145e-09,2.061153470123145e-09,2.061153470123145e-09,2.061153470123145e-09,2.061153470123145e-09,2.061153470123145e-09,1.0,2.061153470123145e-09,2.061153470123145e-09,2.061153470123145e-09,2.061153470123145e-09,2.061153470123145e-09
2,2020-05-21,1.2394779058032157,0.0027497336599975825,0.32770246267318726,6.754450887491714e-10,2.0821916635327398e-08,1.6285517379088787e-09,0.0162160973995924,9.349675478276254e-10,2.6226290028574795e-09,6.754450887491714e-10,0.32770246267318726,4.144276744000308e-08,3.284960985183716e-05,0.32770246267318726,1.4938059393898584e-06,0.0006421448779292405
2,2020-05-22,1.2351979055400515,-0.003459042603522539,2.061153470123145e-09,2.061153470123145e-09,2.061153470123145e-09,2.061153470123145e-09,2.061153470123145e-09,2.061153470123145e-09,2.061153470123145e-09,2.061153470123145e-09,1.0,2.061153470123145e-09,2.061153470123145e-09,2.061153470123145e-09,2.061153470123145e-09,2.061153470123145e-09
2,2020-05-25,1.251139308251488,0.012823378157615662,0.49999991059303284,1.03057662403927e-09,1.03057662403927e-09,1.03057662403927e-09,1.1890632833910786e-07,1.03057662403927e-09,1.03057662403927e-09,1.03057662403927e-09,1.03057662403927e-09,1.03057662403927e-09,7.079578523416785e-08,0.49999991059303284,1.03057662403927e-09,1.03057662403927e-09
2,2020-05-26,1.268228693456889,0.01356661456823349,1.0303223829666308e-09,0.49987658858299255,1.8020421066466952e-07,2.918431221132778e-07,7.424596049077081e-08,2.4206913167290622e-06,1.3971133512313827e-06,8.497177077515516e-06,0.49987658858299255,1.374629937345162e-05,1.9349208901786596e-09,1.0303223829666308e-09,0.00021420419216156006,6.034223133610794e-06
2,2020-05-27,1.2865568218713923,0.014348322193324567,1.844611907664273e-09,0.894941508769989,1.0781557648442686e-05,7.041563367238268e-05,1.1539451172382087e-08,0.00023359274200629443,5.758149563916959e-05,0.0033171481918543577,0.1013088971376419,4.376409196993336e-05,2.2465094673407293e-08,1.844611907664273e-09,1.613932181498967e-05,1.293710027994166e-07
2,2020-05-28,1.2665022463033224,-0.015710555472970008,0.49999937415122986,1.4313789620246098e-07,3.2526605853178125e-09,6.632852489474317e-09,2.2923160258869757e-07,1.0305755138162453e-09,1.0305755138162453e-09,1.0305755138162453e-09,1.0305755138162453e-09,1.0305755138162453e-09,8.328159424308978e-07,0.49999937415122986,1.0305755138162453e-09,1.0305755138162453e-09
2,2020-05-29,1.2725717903217129,0.004780920518189668,2.060141224280443e-10,0.0999508798122406,0.0999508798122406,0.0999508798122406,0.0003377892426215112,0.0999508798122406,0.0999508798122406,0.0999508798122406,0.0999508798122406,0.0999508798122406,0.00015340627578552812,2.060141224280443e-10,0.0999508798122406,0.0999508798122406
2,2020-06-01,1.3075239789503066,0.027095371723175048,0.12864112854003906,0.43567943572998047,8.980022281335209e-10,2.2241968267167067e-09,8.980022281335209e-10,8.980022281335209e-10,8.980022281335209e-10,8.980022281335209e-10,8.980022281335209e-10,8.980022281335209e-10,1.4145205007309869e-09,0.43567943572998047,8.980022281335209e-10,8.980022281335209e-10
2,2020-06-02,1.3004372092010839,-0.005434733633697033,2.0354007368439397e-09,2.0354007368439397e-09,2.0354007368439397e-09,2.0354007368439397e-09,2.0354007368439397e-09,2.0354007368439397e-09,2.0354007368439397e-09,2.0354007368439397e-09,0.9875055551528931,2.0354007368439397e-09,2.0354007368439397e-09,0.012494399212300777,2.0354007368439397e-09,2.0354007368439397e-09
2,2020-06-03,1.286106921730221,-0.011080757467634976,2.061153470123145e-09,2.061153470123145e-09,2.061153470123145e-09,2.061153470123145e-09,2.061153470123145e-09,2.061153470123145e-09,2.061153470123145e-09,2.061153470123145e-09,1.0,2.061153470123145e-09,2.061153470123145e-09,2.061153470123145e-09,2.061153470123145e-09,2.061153470123145e-09
2,2020-06-04,1.2680598826101277,-0.014131684295641026,2.0595252170352296e-09,3.261947767896345e-06,3.7634226401905835e-08,3.266973891413727e-08,1.5094769878487568e-07,2.0248660348443082e-07,2.687908420284657e-07,7.482454975615838e-07,0.999210000038147,7.300375273189275e-06,2.276306254600513e-09,2.0595252170352296e-09,0.0007643476128578186,1.3638603377330583e-05
2,2020-06-05,1.2754875432331882,0.005840411435585702,2.061153470123145e-09,2.061153470123145e-09,2.061153470123145e-09,2.061153470123145e-09,2.061153470123145e-09,2.061153470123145e-09,2.061153470123145e-09,2.061153470123145e-09,1.0,2.061153470123145e-09,2.061153470123145e-09,4.771202544162634e-09,2.061153470123145e-09,2.061153470123145e-09
2,2020-06-08,1.2638151495081091,-0.009193449816299654,2.0610924078567905e-09,2.0610924078567905e-09,2.0610924078567905e-09,2.0610924078567905e-09,2.453003489222283e-08,2.0610924078567905e-09,2.0610924078567905e-09,2.0610924078567905e-09,0.9999702572822571,9.676742962483331e-08,2.0610924078567905e-09,2.0610924078567905e-09,2.9083696063025855e-05,5.048001412433223e-07
2,2020-06-09,1.2654068292821117,0.0012586320990980312,2.061153470123145e-09,2.061153470123145e-09,2.061153470123145e-09,2.061153470123145e-09,2.061153470123145e-09,2.061153470123145e-09,2.061153470123145e-09,2.061153470123145e-09,1.0,2.061153470123145e-09,2.061153470123145e-09,2.061153470123145e-09,2.061153470123145e-09,2.061153470123145e-09
2,2020-06-10,1.2833213630485305,0.01405785744190216,0.49100369215011597,1.012034012148888e-09,0.00017512250633444637,7.31846084818244e-05,0.004839931149035692,1.9948251065216027e-05,3.3035423257388175e-05,4.071033799846191e-06,1.012034012148888e-09,1.394781156704994e-05,0.01271048840135336,0.49100369215011597,2.772427478703321e-06,0.00012010034697595984
2,2020-06-11,1.2924789387901956,0.007110500234365463,2.061153470123145e-09,2.061153470123145e-09,2.061153470123145e-09,2.061153470123145e-09,2.061153470123145e-09,2.061153470123145e-09,2.061153470123145e-09,2.061153470123145e-09,1.0,2.061153470123145e-09,2.061153470123145e-09,2.061153470123145e-09,2.061153470123145e-09,2.061153470123145e-09
2,2020-06-12,1.288444263422557,-0.0031265391010791063,0.19997355341911316,4.121762375852711e-10,5.665683744382477e-08,3.5615559390578255e-09,0.19997355341911316,8.036973753178245e-09,1.2904884272302297e-08,4.121762375852711e-10,0.19997355341911316,5.923437811361509e-07,6.413833034457639e-05,0.19997355341911316,6.738604861311615e-05,0.19997355341911316
2,2020-06-15,1.2775679499004444,-0.008477261799573898,2.061153470123145e-09,2.061153470123145e-09,2.061153470123145e-09,2.061153470123145e-09,2.061153470123145e-09,2.061153470123145e-09,2.061153470123145e-09,2.061153470123145e-09,1.0,2.061153470123145e-09,2.061153470123145e-09,2.061153470123145e-09,2.061153470123145e-09,2.061153470123145e-09
2,2020-06-16,1.2812664512661711,0.0028907724076274784,2.061153470123145e-09,2.061153470123145e-09,2.061153470123145e-09,2.061153470123145e-09,2.061153470123145e-09,2.061153470123145e-09,2.061153470123145e-09,2.061153470123145e-09,0.9999999403953552,2.061153470123145e-09,2.061153470123145e-09,2.061153470123145e-09,1.860889042859526e-08,2.061153470123145e-09
2,2020-06-17,1.2865500076278444,0.004115219216546789,2.061153470123145e-09,2.061153470123145e-09,2.061153470123145e-09,2.061153470123145e-09,2.061153470123145e-09,2.061153470123145e-09,2.061153470123145e-09,2.061153470123145e-09,1.0,2.061153470123145e-09,2.061153470123145e-09,2.061153470123145e-09,2.061153470123145e-09,2.061153470123145e-09
2,2020-06-18,1.2860283694483778,-0.0004055372549686581,1.7918408978800926e-09,2.96722788561965e-07,4.541700945992488e-06,3.664761607069522e-06,6.034954822098371e-06,6.007659249007702e-05,5.512683492270298e-05,0.00022791195078752935,0.8693388104438782,0.001039429334923625,2.5021103056133143e-07,1.7918408978800926e-09,0.12047189474105835,0.008791929110884666
2,2020-06-22,1.3081774305990892,0.017076208344101906,2.061153470123145e-09,2.061153470123145e-09,2.061153470123145e-09,2.061153470123145e-09,2.061153470123145e-09,2.061153470123145e-09,2.061153470123145e-09,2.061153470123145e-09,1.0,2.061153470123145e-09,2.061153470123145e-09,2.061153470123145e-09,3.1289295598924127e-09,2.061153470123145e-09
2,2020-06-23,1.3087059128741905,0.00040390205669963976,2.061153470123145e-09,2.061153470123145e-09,2.061153470123145e-09,2.061153470123145e-09,2.061153470123145e-09,2.061153470123145e-09,2.061153470123145e-09,2.061153470123145e-09,1.0,2.061153470123145e-09,2.061153470123145e-09,2.061153470123145e-09,2.061153470123145e-09,2.061153470123145e-09
2,2020-06-24,1.3219502030487282,0.010069276632368564,0.25677499175071716,5.292526972233702e-10,4.229060124316675e-08,2.8113533723228556e-09,0.14919431507587433,5.14689313391159e-09,8.676334317669898e-09,5.292526972233702e-10,0.25677499175071716,3.5590869629231747e-07,5.149640855961479e-05,0.25677499175071716,3.630548235378228e-05,0.08039247244596481
2,2020-06-25,1.3142660378330933,-0.005829709155857563,2.061153470123145e-09,2.061153470123145e-09,2.061153470123145e-09,2.061153470123145e-09,2.061153470123145e-09,2.061153470123145e-09,2.061153470123145e-09,2.061153470123145e-09,1.0,2.061153470123145e-09,2.061153470123145e-09,2.061153470123145e-09,2.061153470123145e-09,2.061153470123145e-09
2,2020-06-26,1.3151572988642553,0.000677913710474968,0.33318018913269043,6.867355573092482e-10,6.867355573092482e-10,6.867355573092482e-10,0.0003673406026791781,6.867355573092482e-10,6.867355573092482e-10,6.867355573092482e-10,0.33318018913269043,4.74962291718839e-09,1.0605764089177683e-07,0.33318018913269043,8.82808706137439e-07,9.110319660976529e-05
2,2020-06-29,1.3270789329327564,0.009023958437144756,2.061150361498676e-09,2.061150361498676e-09,2.061150361498676e-09,2.061150361498676e-09,2.061150361498676e-09,2.061150361498676e-09,2.061150361498676e-09,2.061150361498676e-09,0.9999984502792358,6.352351089589092e-09,2.061150361498676e-09,2.061150361498676e-09,1.5402227973027038e-06,7.781118860350489e-09
2,2020-06-30,1.3276073421136638,0.0003980953929305542,2.0609851603126117e-09,2.0609851603126117e-09,2.0609851603126117e-09,2.0609851603126117e-09,2.7690560955306864e-07,2.0609851603126117e-09,2.0609851603126117e-09,2.0609851603126117e-09,0.9999182224273682,2.0609851603126117e-09,2.0609851603126117e-09,8.14058439573273e-05,2.4404101850450388e-08,3.866463416102306e-08
2,2020-07-01,1.3469983910274186,0.014500371727347375,2.06115280398933e-09,0.9999995827674866,2.06115280398933e-09,2.06115280398933e-09,2.06115280398933e-09,2.06115280398933e-09,2.06115280398933e-09,2.06115280398933e-09,3.8349963915607077e-07,2.06115280398933e-09,2.06115280398933e-09,2.06115280398933e-09,2.06115280398933e-09,2.06115280398933e-09
2,2020-07-02,1.3268776444935209,-0.015050156444311142,2.061153470123145e-09,2.061153470123145e-09,2.061153470123145e-09,2.061153470123145e-09,2.061153470123145e-09,2.061153470123145e-09,2.061153470123145e-09,2.061153470123145e-09,1.0,2.061153470123145e-09,2.061153470123145e-09,2.061153470123145e-09,2.061153470123145e-09,2.061153470123145e-09
2,2020-07-06,1.3459102934801528,0.014242035758495331,2.061153470123145e-09,0.9999999403953552,2.061153470123145e-09,8.558501463085122e-09,2.061153470123145e-09,2.061153470123145e-09,2.061153470123145e-09,3.762875877555416e-08,3.414940330515037e-09,2.061153470123145e-09,2.061153470123145e-09,2.061153470123145e-09,2.061153470123145e-09,2.061153470123145e-09
2,2020-07-07,1.3520066317954187,0.004519300527125597,3.921610641555162e-06,2.0611454765173676e-09,2.0611454765173676e-09,2.0611454765173676e-09,2.0611454765173676e-09,2.0611454765173676e-09,2.0611454765173676e-09,2.0611454765173676e-09,3.565256534443506e-08,2.0611454765173676e-09,2.0611454765173676e-09,0.9999960064888,2.0611454765173676e-09,2.0611454765173676e-09
2,2020-07-08,1.3574275861529135,0.004001545086503029,0.0017115621594712138,1.028812812720048e-09,1.028812812720048e-09,1.028812812720048e-09,8.545661955849937e-08,1.028812812720048e-09,1.028812812720048e-09,1.028812812720048e-09,0.49914416670799255,1.028812812720048e-09,1.028812812720048e-09,0.49914416670799255,1.028812812720048e-09,1.028812812720048e-09
2,2020-07-09,1.3679357088990913,0.007711393807828426,2.061153470123145e-09,2.061153470123145e-09,2.061153470123145e-09,2.061153470123145e-09,2.061153470123145e-09,2.061153470123145e-09,2.061153470123145e-09,2.061153470123145e-09,1.0,2.061153470123145e-09,2.061153470123145e-09,2.061153470123145e-09,2.061153470123145e-09,2.061153470123145e-09
2,2020-07-10,1.369631081359445,0.0012385982202365994,2.06115280398933e-09,3.108184287725635e-08,2.06115280398933e-09,2.06115280398933e-09,2.06115280398933e-09,2.06115280398933e-09,2.06115280398933e-09,2.06115280398933e-09,3.912119552751392e-07,2.06115280398933e-09,2.06115280398933e-09,0.9999995827674866,2.06115280398933e-09,2.06115280398933e-09
2,2020-07-13,1.376805959866542,0.005224874790012836,2.061153470123145e-09,2.061153470123145e-09,2.061153470123145e-09,2.061153470123145e-09,2.061153470123145e-09,2.061153470123145e-09,2.061153470123145e-09,2.061153470123145e-09,1.0,2.061153470123145e-09,2.061153470123145e-09,2.061153470123145e-09,2.061153470123145e-09,2.061153470123145e-09
2,2020-07-14,1.3777623390536964,0.00069439499899745,0.5,1.030576846083875e-09,1.030576846083875e-09,1.030576846083875e-09,1.030576846083875e-09,1.030576846083875e-09,1.030576846083875e-09,1.030576846083875e-09,1.030576846083875e-09,1.030576846083875e-09,1.030576846083875e-09,0.5,1.030576846083875e-09,1.030576846083875e-09
2,2020-07-15,1.3811614256445024,0.0024640683110803367,2.061153470123145e-09,2.061153470123145e-09,2.061153470123145e-09,2.061153470123145e-09,2.061153470123145e-09,2.061153470123145e-09,2.061153470123145e-09,2.061153470123145e-09,1.0,2.061153470123145e-09,2.061153470123145e-09,2.061153470123145e-09,2.061153470123145e-09,2.061153470123145e-09
2,2020-07-16,1.3715469387655779,-0.0069855027869343755,1.439020479665487e-06,1.0305752917716404e-09,1.0305752917716404e-09,1.0305752917716404e-09,3.513098922880431e-09,1.0305752917716404e-09,1.0305752917716404e-09,1.0305752917716404e-09,0.4999992847442627,1.0305752917716404e-09,1.0305752917716404e-09,0.4999992847442627,1.0305752917716404e-09,1.0305752917716404e-09
2,2020-07-17,1.398060513649169,0.01914667353630066,0.47347280383110046,9.759001384779253e-10,9.759001384779253e-10,9.759001384779253e-10,1.2361012124983972e-07,9.759001384779253e-10,9.759001384779253e-10,9.759001384779253e-10,0.05305428057909012,9.759001384779253e-10,1.4497724132311873e-09,0.47347280383110046,9.759001384779253e-10,9.759001384779253e-10
2,2020-07-20,1.4043216303916937,0.004468432097136974,2.061153470123145e-09,2.061153470123145e-09,2.061153470123145e-09,2.061153470123145e-09,2.061153470123145e-09,2.061153470123145e-09,2.061153470123145e-09,2.061153470123145e-09,1.0,2.061153470123145e-09,2.061153470123145e-09,2.061153470123145e-09,2.061153470123145e-09,2.061153470123145e-09
2,2020-07-21,1.4256742847983017,0.015090523275732994,2.992431580306487e-10,0.14518237113952637,0.0020695924758911133,0.0015197513857856393,4.1502633393974975e-05,0.09195102006196976,0.03331874683499336,0.14518237113952637,0.14518237113952637,0.14518237113952637,5.158711246622261e-06,2.992431580306487e-10,0.14518237113952637,0.14518237113952637
2,2020-07-22,1.4588581413938728,0.02300915066897869,1.6812883529837563e-07,4.0149934648070484e-05,1.6812883529837563e-07,1.6812883529837563e-07,1.6812883529837563e-07,1.6812883529837563e-07,1.6812883529837563e-07,1.6812883529837563e-07,0.989923357963562,1.6812883529837563e-07,1.6812883529837563e-07,0.0100346514955163,1.6812883529837563e-07,1.6812883529837563e-07
2,2020-07-23,1.4711836772618188,0.008413264611177147,2.061153470123145e-09,2.061153470123145e-09,2.061153470123145e-09,2.061153470123145e-09,2.061153470123145e-09,2.061153470123145e-09,2.061153470123145e-09,2.061153470123145e-09,1.0,2.061153470123145e-09,2.061153470123145e-09,2.061153470123145e-09,2.061153470123145e-09,2.061153470123145e-09
2,2020-07-24,1.481271806322012,0.006833747960627079,2.061153470123145e-09,2.061153470123145e-09,2.061153470123145e-09,2.061153470123145e-09,2.061153470123145e-09,2.061153470123145e-09,2.061153470123145e-09,2.061153470123145e-09,1.0,2.061153470123145e-09,2.061153470123145e-09,2.061153470123145e-09,2.061153470123145e-09,2.061153470123145e-09
2,2020-07-27,1.5137785368541377,0.021707820108536908,2.0611303774842327e-09,2.718282843261477e-08,2.0611303774842327e-09,2.0611303774842327e-09,7.213445840648092e-09,2.0611303774842327e-09,2.0611303774842327e-09,2.732528647797494e-09,0.9999886751174927,6.115328687883448e-08,2.0611303774842327e-09,2.0611303774842327e-09,1.1117719623143785e-05,8.148636965188416e-08
2,2020-07-28,1.5177016879635439,0.0025882756994049486,2.061153470123145e-09,1.7520882522603642e-08,2.061153470123145e-09,2.061153470123145e-09,2.061153470123145e-09,2.061153470123145e-09,2.061153470123145e-09,2.061153470123145e-09,0.9999999403953552,2.061153470123145e-09,2.061153470123145e-09,2.061153470123145e-09,2.061153470123145e-09,2.061153470123145e-09
2,2020-07-29,1.525548000328566,0.005156546819871325,2.061153470123145e-09,2.061153470123145e-09,2.061153470123145e-09,2.061153470123145e-09,2.061153470123145e-09,2.061153470123145e-09,2.061153470123145e-09,2.061153470123145e-09,1.0,2.061153470123145e-09,2.061153470123145e-09,2.061153470123145e-09,2.061153470123145e-09,2.061153470123145e-09
2,2020-07-30,1.5283503024933927,0.0018352300394326448,2.061153470123145e-09,2.061153470123145e-09,2.061153470123145e-09,2.061153470123145e-09,2.061153470123145e-09,2.061153470123145e-09,2.061153470123145e-09,2.061153470123145e-09,1.0,2.061153470123145e-09,2.061153470123145e-09,2.061153470123145e-09,2.061153470123145e-09,2.061153470123145e-09
2,2020-07-31,1.5410082265677985,0.008247974756546319,2.0737010686389112e-07,2.027998657894159e-09,2.027998657894159e-09,2.027998657894159e-09,6.24967299245327e-07,2.027998657894159e-09,2.027998657894159e-09,2.027998657894159e-09,0.9839143753051758,2.027998657894159e-09,2.027998657894159e-09,0.01608472317457199,1.9884616619947337e-08,4.7272081360461016e-08
2,2020-08-03,1.5426818661315886,0.0010854785518720747,2.061153470123145e-09,2.061153470123145e-09,2.061153470123145e-09,2.061153470123145e-09,2.061153470123145e-09,2.061153470123145e-09,2.061153470123145e-09,2.061153470123145e-09,0.9999999403953552,2.061153470123145e-09,2.061153470123145e-09,2.061153470123145e-09,7.2133277129182716e-09,2.061153470123145e-09
2,2020-08-04,1.5533215122414512,0.006873175959289074,0.4999999403953552,1.0305767350615724e-09,1.0305767350615724e-09,1.0305767350615724e-09,4.3408519445620186e-08,1.0305767350615724e-09,1.0305767350615724e-09,1.0305767350615724e-09,1.0305767350615724e-09,1.0305767350615724e-09,4.356196114940758e-08,0.4999999403953552,1.0305767350615724e-09,1.0305767350615724e-09
2,2020-08-05,1.5923828012875447,0.024835962292551993,2.061153470123145e-09,2.061153470123145e-09,2.061153470123145e-09,2.061153470123145e-09,2.061153470123145e-09,2.061153470123145e-09,2.061153470123145e-09,2.061153470123145e-09,1.0,2.061153470123145e-09,2.061153470123145e-09,2.061153470123145e-09,2.061153470123145e-09,2.061153470123145e-09
2,2020-08-06,1.6087582953003203,0.010231124690689989,2.061150361498676e-09,1.57128749833646e-06,2.061150361498676e-09,2.061150361498676e-09,2.061150361498676e-09,2.061150361498676e-09,2.061150361498676e-09,2.061150361498676e-09,0.9999983906745911,2.061150361498676e-09,2.061150361498676e-09,2.061150361498676e-09,8.925207239940391e-09,2.061150361498676e-09
2,2020-08-07,1.6071177951043825,-0.0010202509624883532,0.3310208320617676,6.822847842258284e-10,2.277336541567365e-09,6.822847842258284e-10,0.005725333467125893,6.822847842258284e-10,6.822847842258284e-10,6.822847842258284e-10,0.3310208320617676,2.5831296213141286e-08,2.162717237297329e-06,0.3310208320617676,3.0603810046159197e-06,0.0012068862561136484
2,2020-08-10,1.5855071742313784,-0.013538045428693295,2.05565919841888e-09,2.05565919841888e-09,2.05565919841888e-09,2.05565919841888e-09,2.931439446740569e-08,2.05565919841888e-09,2.05565919841888e-09,2.05565919841888e-09,0.9973343014717102,2.05565919841888e-09,2.05565919841888e-09,0.002665672218427062,2.05565919841888e-09,2.05565919841888e-09
2,2020-08-11,1.554605101248397,-0.01968278068928048,2.061141701759084e-09,2.061141701759084e-09,2.061141701759084e-09,2.061141701759084e-09,3.3284801581601187e-09,2.061141701759084e-09,2.061141701759084e-09,2.061141701759084e-09,0.9999942779541016,2.061141701759084e-09,2.061141701759084e-09,5.719702585338382e-06,2.061141701759084e-09,2.061141701759084e-09
2,2020-08-12,1.4804424657970527,-0.04888055272651336,2.061153470123145e-09,2.061153470123145e-09,2.061153470123145e-09,2.061153470123145e-09,2.061153470123145e-09,2.061153470123145e-09,2.061153470123145e-09,2.061153470123145e-09,1.0,2.061153470123145e-09,2.061153470123145e-09,2.061153470123145e-09,2.061153470123145e-09,2.061153470123145e-09
2,2020-08-13,1.5057251392062558,0.01693359576165676,2.061153470123145e-09,2.061153470123145e-09,2.061153470123145e-09,2.061153470123145e-09,2.061153470123145e-09,2.061153470123145e-09,2.061153470123145e-09,2.061153470123145e-09,1.0,2.061153470123145e-09,2.061153470123145e-09,2.061153470123145e-09,2.061153470123145e-09,2.061153470123145e-09
2,2020-08-14,1.513829968928968,0.005368240615725517,1.601031499376404e-06,1.899794987991754e-09,1.899794987991754e-09,1.899794987991754e-09,1.7202265780724701e-06,1.899794987991754e-09,1.899794987991754e-09,1.899794987991754e-09,0.9217144846916199,1.899794987991754e-09,1.899794987991754e-09,0.07828201353549957,3.517070723546567e-08,1.5497981564749352e-07
2,2020-08-18,1.5539291464774776,0.02614381376951933,2.0538986067464293e-09,2.0538986067464293e-09,2.0538986067464293e-09,2.0538986067464293e-09,1.3234505047421408e-08,2.0538986067464293e-09,2.0538986067464293e-09,2.0538986067464293e-09,0.9964801669120789,2.0538986067464293e-09,2.0538986067464293e-09,0.0035197988618165255,2.0538986067464293e-09,2.0538986067464293e-09
2,2020-08-19,1.546990163648292,-0.004475443387776613,1.680233174816692e-09,0.18480931222438812,1.680233174816692e-09,1.680233174816692e-09,1.680233174816692e-09,1.680233174816692e-09,1.680233174816692e-09,1.680233174816692e-09,0.8151906728744507,1.680233174816692e-09,1.680233174816692e-09,1.680233174816692e-09,1.680233174816692e-09,1.680233174816692e-09
2,2020-08-20,1.51002905377795,-0.0241823216766119,5.024941573950059e-10,0.24379268288612366,0.0017196836415678263,0.0038265264593064785,4.544979219645029e-06,0.13350076973438263,0.023840654641389847,0.24379268288612366,0.24379268288612366,0.03498263657093048,1.9557742234610487e-06,5.024941573950059e-10,0.06069203093647957,0.010053149424493313
2,2020-08-21,1.498948392492372,-0.007365100983530283,1.609397060065021e-08,1.9861605693449746e-09,1.9861605693449746e-09,1.9861605693449746e-09,1.9861605693449746e-09,1.9861605693449746e-09,1.9861605693449746e-09,1.9861605693449746e-09,0.03638393431901932,1.9861605693449746e-09,1.9861605693449746e-09,0.9636160135269165,1.9861605693449746e-09,1.9861605693449746e-09
2,2020-08-24,1.4923873613548753,-0.004386696913093328,2.061153470123145e-09,2.061153470123145e-09,2.061153470123145e-09,2.061153470123145e-09,2.061153470123145e-09,2.061153470123145e-09,2.061153470123145e-09,2.061153470123145e-09,1.0,2.061153470123145e-09,2.061153470123145e-09,2.061153470123145e-09,2.061153470123145e-09,2.061153470123145e-09
2,2020-08-25,1.4901792687764608,-0.001480666322435718,2.059882042715344e-09,0.0006169298430904746,2.059882042715344e-09,2.059882042715344e-09,2.059882042715344e-09,2.059882042715344e-09,2.059882042715344e-09,2.059882042715344e-09,0.9993830323219299,2.059882042715344e-09,2.059882042715344e-09,2.059882042715344e-09,2.059882042715344e-09,2.059882042715344e-09
2,2020-08-26,1.4801516096812914,-0.006751905831863405,2.06115324807854e-09,1.299272156529696e-07,2.06115324807854e-09,2.06115324807854e-09,2.06115324807854e-09,2.06115324807854e-09,2.06115324807854e-09,2.06115324807854e-09,0.9999998211860657,2.06115324807854e-09,2.06115324807854e-09,2.06115324807854e-09,2.06115324807854e-09,2.06115324807854e-09
2,2020-08-27,1.49686384401936,0.011227627238822849,2.061153470123145e-09,2.061153470123145e-09,2.061153470123145e-09,2.061153470123145e-09,2.061153470123145e-09,2.061153470123145e-09,2.061153470123145e-09,2.061153470123145e-09,1.0,2.061153470123145e-09,2.061153470123145e-09,2.061153470123145e-09,2.061153470123145e-09,2.061153470123145e-09
2,2020-08-28,1.5128664962321856,0.010634044386446476,1.961463880206793e-09,0.9516340494155884,1.961463880206793e-09,1.961463880206793e-09,1.961463880206793e-09,1.961463880206793e-09,1.961463880206793e-09,1.961463880206793e-09,0.04836595430970192,1.961463880206793e-09,1.961463880206793e-09,1.961463880206793e-09,1.961463880206793e-09,1.961463880206793e-09
2,2020-08-31,1.529301895868846,0.010805160939693451,2.061153470123145e-09,2.061153470123145e-09,2.061153470123145e-09,2.061153470123145e-09,2.061153470123145e-09,2.061153470123145e-09,2.061153470123145e-09,2.061153470123145e-09,1.0,2.061153470123145e-09,2.061153470123145e-09,2.061153470123145e-09,2.061153470123145e-09,2.061153470123145e-09
2,2020-09-01,1.5375615409048298,0.005386392433941364,0.49996334314346313,1.030501239895898e-09,1.030501239895898e-09,1.030501239895898e-09,7.021965575404465e-05,1.030501239895898e-09,1.030501239895898e-09,1.030501239895898e-09,1.150785351455852e-06,1.030501239895898e-09,1.9103811155218864e-06,0.49996334314346313,2.0328061456353907e-09,3.9888892189310354e-08
2,2020-09-02,1.5586786142660092,0.013640673679113388,0.08114548772573471,1.8938994816863897e-09,1.8938994816863897e-09,1.8938994816863897e-09,1.8938994816863897e-09,1.8938994816863897e-09,1.8938994816863897e-09,1.8938994816863897e-09,3.916750870303076e-07,1.8938994816863897e-09,1.8938994816863897e-09,0.9188541173934937,1.8938994816863897e-09,1.8938994816863897e-09
2,2020-09-03,1.534132773628816,-0.01587316711694002,2.061153470123145e-09,2.061153470123145e-09,2.061153470123145e-09,2.061153470123145e-09,2.061153470123145e-09,2.061153470123145e-09,2.061153470123145e-09,2.061153470123145e-09,1.0,2.061153470123145e-09,2.061153470123145e-09,2.061153470123145e-09,2.061153470123145e-09,2.061153470123145e-09
2,2020-09-04,1.5364258491691534,0.001493588788434863,2.061153470123145e-09,2.061153470123145e-09,2.061153470123145e-09,2.061153470123145e-09,2.061153470123145e-09,2.061153470123145e-09,2.061153470123145e-09,2.061153470123145e-09,1.0,2.061153470123145e-09,2.061153470123145e-09,2.061153470123145e-09,2.061153470123145e-09,2.061153470123145e-09
2,2020-09-07,1.5312662601741485,-0.003363827709108591,2.061153470123145e-09,2.061153470123145e-09,2.061153470123145e-09,2.061153470123145e-09,2.061153470123145e-09,2.061153470123145e-09,2.061153470123145e-09,2.061153470123145e-09,1.0,2.061153470123145e-09,2.061153470123145e-09,2.061153470123145e-09,2.061153470123145e-09,2.061153470123145e-09
2,2020-09-08,1.5360088155262062,0.0030923598401248454,1.358261442874209e-06,2.000676069258134e-09,2.000676069258134e-09,2.000676069258134e-09,2.000676069258134e-09,2.000676069258134e-09,2.000676069258134e-09,2.000676069258134e-09,0.02934020571410656,2.000676069258134e-09,2.000676069258134e-09,0.9706584215164185,2.000676069258134e-09,2.000676069258134e-09
2,2020-09-09,1.5326903800697693,-0.0021627644408494236,2.061153470123145e-09,2.061153470123145e-09,2.061153470123145e-09,2.061153470123145e-09,2.061153470123145e-09,2.061153470123145e-09,2.061153470123145e-09,2.061153470123145e-09,0.9999999403953552,2.061153470123145e-09,2.061153470123145e-09,2.061153470123145e-09,7.618218056393289e-09,2.061153470123145e-09
2,2020-09-10,1.5510321622982972,0.011896010927855968,7.136718340916559e-05,2.0610064765946845e-09,2.0610064765946845e-09,2.0610064765946845e-09,2.0610064765946845e-09,2.0610064765946845e-09,2.0610064765946845e-09,2.0610064765946845e-09,2.0610064765946845e-09,2.0610064765946845e-09,2.0610064765946845e-09,0.9999285936355591,2.0610064765946845e-09,2.0610064765946845e-09
2,2020-09-11,1.5524439652464905,0.0009098204642534256,0.007968524470925331,1.0223645263707226e-09,1.0223645263707226e-09,1.0223645263707226e-09,4.264702013756505e-08,1.0223645263707226e-09,1.0223645263707226e-09,1.0223645263707226e-09,0.4960156977176666,1.0223645263707226e-09,1.0223645263707226e-09,0.4960156977176666,1.0223645263707226e-09,1.0223645263707226e-09
2,2020-09-14,1.5469177924795878,-0.00356601071767509,1.8508120547267026e-06,1.4531880196955171e-06,2.061146808784997e-09,2.061146808784997e-09,2.061146808784997e-09,2.061146808784997e-09,2.061146808784997e-09,2.061146808784997e-09,4.825103872008185e-09,2.061146808784997e-09,2.061146808784997e-09,0.9999966621398926,2.061146808784997e-09,2.061146808784997e-09
2,2020-09-15,1.5654111006723401,0.011884043414890766,2.061153470123145e-09,2.061153470123145e-09,2.061153470123145e-09,2.061153470123145e-09,2.061153470123145e-09,2.061153470123145e-09,2.061153470123145e-09,2.061153470123145e-09,1.0,2.061153470123145e-09,2.061153470123145e-09,2.061153470123145e-09,2.061153470123145e-09,2.061153470123145e-09
2,2020-09-16,1.5574102373204464,-0.005124136152747087,2.055386527644032e-09,2.055386527644032e-09,2.055386527644032e-09,2.055386527644032e-09,2.055386527644032e-09,2.055386527644032e-09,2.055386527644032e-09,2.055386527644032e-09,0.9972019791603088,2.055386527644032e-09,2.055386527644032e-09,0.0027979824226349592,2.055386527644032e-09,2.055386527644032e-09
2,2020-09-17,1.5441958850822286,-0.00852102534759324,2.061153470123145e-09,2.061153470123145e-09,2.061153470123145e-09,2.061153470123145e-09,2.061153470123145e-09,2.061153470123145e-09,2.061153470123145e-09,2.061153470123145e-09,1.0,2.061153470123145e-09,2.061153470123145e-09,2.061153470123145e-09,2.061153470123145e-09,2.061153470123145e-09
2,2020-09-18,1.5516640599555873,0.004824629984796047,2.061153470123145e-09,2.061153470123145e-09,2.061153470123145e-09,2.061153470123145e-09,2.061153470123145e-09,2.061153470123145e-09,2.061153470123145e-09,2.061153470123145e-09,1.0,2.061153470123145e-09,2.061153470123145e-09,2.061153470123145e-09,2.061153470123145e-09,2.061153470123145e-09
2,2020-09-21,1.5118136099975963,-0.02601794576942921,0.5,1.030576846083875e-09,1.030576846083875e-09,1.030576846083875e-09,1.030576846083875e-09,1.030576846083875e-09,1.030576846083875e-09,1.030576846083875e-09,1.030576846083875e-09,1.030576846083875e-09,1.030576846083875e-09,0.5,1.030576846083875e-09,1.030576846083875e-09
2,2020-09-22,1.4727508308093595,-0.026178030806779863,2.061153470123145e-09,2.061153470123145e-09,2.061153470123145e-09,2.061153470123145e-09,2.061153470123145e-09,2.061153470123145e-09,2.061153470123145e-09,2.061153470123145e-09,1.0,2.061153470123145e-09,2.061153470123145e-09,2.061153470123145e-09,2.061153470123145e-09,2.061153470123145e-09
2,2020-09-23,1.4530951315155474,-0.01343611061424017,1.7346496461456695e-09,0.1514342725276947,2.966400870718644e-06,3.28494252244127e-06,9.082768883672543e-07,4.25470425398089e-05,2.6176894607488066e-05,0.00015419891860801727,0.8415915966033936,0.0002641867322381586,3.050476138355407e-08,1.7346496461456695e-09,0.00617595762014389,0.000303859036648646
2,2020-09-24,1.4373176960167424,-0.010917189441621303,2.061153470123145e-09,1.007650585194142e-08,2.061153470123145e-09,2.061153470123145e-09,2.061153470123145e-09,2.061153470123145e-09,2.061153470123145e-09,2.061153470123145e-09,0.9999999403953552,2.061153470123145e-09,2.061153470123145e-09,2.061153470123145e-09,2.061153470123145e-09,2.061153470123145e-09
2,2020-09-25,1.4485379383258095,0.007776063856770319,2.061153470123145e-09,2.061153470123145e-09,2.061153470123145e-09,2.061153470123145e-09,2.061153470123145e-09,2.061153470123145e-09,2.061153470123145e-09,2.061153470123145e-09,1.0,2.061153470123145e-09,2.061153470123145e-09,2.061153470123145e-09,2.061153470123145e-09,2.061153470123145e-09
2,2020-09-28,1.441244791115422,-0.005047550890594721,2.061153470123145e-09,2.061153470123145e-09,2.061153470123145e-09,2.061153470123145e-09,2.061153470123145e-09,2.061153470123145e-09,2.061153470123145e-09,2.061153470123145e-09,1.0,2.061153470123145e-09,2.061153470123145e-09,2.061153470123145e-09,2.061153470123145e-09,2.061153470123145e-09
2,2020-09-29,1.4529696566444787,0.008102322673797607,1.0305767350615724e-09,0.4999999701976776,1.0305767350615724e-09,1.0305767350615724e-09,1.0305767350615724e-09,1.0305767350615724e-09,1.0305767350615724e-09,1.0305767350615724e-09,0.4999999701976776,1.3289969125196421e-09,1.0305767350615724e-09,1.0305767350615724e-09,2.1095837965390274e-08,1.0305767350615724e-09
2,2020-10-05,1.4611362410463393,0.005604879210144281,2.061153470123145e-09,2.061153470123145e-09,2.061153470123145e-09,2.061153470123145e-09,2.061153470123145e-09,2.061153470123145e-09,2.061153470123145e-09,2.061153470123145e-09,1.0,2.061153470123145e-09,2.061153470123145e-09,2.061153470123145e-09,2.061153470123145e-09,2.061153470123145e-09
2,2020-10-06,1.474551397663269,0.009139426020384405,2.061153470123145e-09,2.061153470123145e-09,2.061153470123145e-09,2.061153470123145e-09,2.061153470123145e-09,2.061153470123145e-09,2.061153470123145e-09,2.061153470123145e-09,0.9999998807907104,2.061153470123145e-09,2.061153470123145e-09,2.061153470123145e-09,9.742478823682177e-08,2.061153470123145e-09
2,2020-10-07,1.4577825153581583,-0.011437350316214293,2.0611510276324907e-09,1.197255414808751e-06,2.0611510276324907e-09,2.0611510276324907e-09,2.0611510276324907e-09,2.0611510276324907e-09,2.0611510276324907e-09,2.0611510276324907e-09,0.9999987483024597,2.0611510276324907e-09,2.0611510276324907e-09,2.0611510276324907e-09,2.0611510276324907e-09,2.0611510276324907e-09
2,2020-10-08,1.4567593537203025,-0.0007021080676466226,0.49999991059303284,1.03057662403927e-09,1.03057662403927e-09,1.03057662403927e-09,9.320892502273637e-08,1.03057662403927e-09,1.03057662403927e-09,1.03057662403927e-09,1.03057662403927e-09,1.03057662403927e-09,7.741009966366619e-08,0.49999991059303284,1.03057662403927e-09,1.03057662403927e-09
2,2020-10-12,1.4881637527547098,0.02132863127887249,2.061153470123145e-09,2.061153470123145e-09,2.061153470123145e-09,2.061153470123145e-09,2.061153470123145e-09,2.061153470123145e-09,2.061153470123145e-09,2.061153470123145e-09,1.0,2.061153470123145e-09,2.061153470123145e-09,2.061153470123145e-09,2.061153470123145e-09,2.061153470123145e-09
2,2020-10-13,1.4797842374481076,-0.005646687610010849,2.061031123545831e-09,5.943988071521744e-05,2.061031123545831e-09,2.061031123545831e-09,2.061031123545831e-09,2.061031123545831e-09,2.061031123545831e-09,2.061031123545831e-09,0.9999405145645142,2.061031123545831e-09,2.061031123545831e-09,2.061031123545831e-09,2.061031123545831e-09,2.061031123545831e-09
2,2020-10-14,1.4612323375710468,-0.012616145114600658,1.7195741293107858e-06,0.004448656924068928,1.7195741293107858e-06,1.7195741293107858e-06,1.7195741293107858e-06,1.7195741293107858e-06,1.7195741293107858e-06,1.7195741293107858e-06,0.8475275039672852,1.7195741293107858e-06,1.7195741293107858e-06,0.14800488948822021,1.7195741293107858e-06,1.7195741293107858e-06
2,2020-10-15,1.463956854331893,0.001862797494418919,2.061132597930282e-09,2.061132597930282e-09,2.061132597930282e-09,2.061132597930282e-09,2.061132597930282e-09,2.061132597930282e-09,2.061132597930282e-09,2.061132597930282e-09,0.9999898076057434,2.061132597930282e-09,2.061132597930282e-09,1.0142550308955833e-05,2.061132597930282e-09,2.061132597930282e-09
2,2020-10-16,1.4667484660337538,0.001905078976563982,2.061153470123145e-09,2.061153470123145e-09,2.061153470123145e-09,2.061153470123145e-09,2.061153470123145e-09,2.061153470123145e-09,2.061153470123145e-09,2.061153470123145e-09,1.0,2.061153470123145e-09,2.061153470123145e-09,2.061153470123145e-09,2.061153470123145e-09,2.061153470123145e-09
2,2020-10-19,1.4728901748642051,0.0041785528883337975,2.061153470123145e-09,2.061153470123145e-09,2.061153470123145e-09,2.061153470123145e-09,2.061153470123145e-09,2.061153470123145e-09,2.061153470123145e-09,2.061153470123145e-09,1.0,2.061153470123145e-09,2.061153470123145e-09,2.061153470123145e-09,2.061153470123145e-09,2.061153470123145e-09
2,2020-10-20,1.4650718072754843,-0.005322319412030629,2.060910775369962e-09,2.060910775369962e-09,2.060910775369962e-09,2.060910775369962e-09,2.060910775369962e-09,2.060910775369962e-09,2.060910775369962e-09,2.060910775369962e-09,0.999882161617279,2.060910775369962e-09,2.060910775369962e-09,0.00011780930799432099,2.060910775369962e-09,2.060910775369962e-09
2,2020-10-21,1.4773551583866888,0.008349177471004077,2.061153470123145e-09,2.061153470123145e-09,2.061153470123145e-09,2.061153470123145e-09,2.061153470123145e-09,2.061153470123145e-09,2.061153470123145e-09,2.061153470123145e-09,1.0,2.061153470123145e-09,2.061153470123145e-09,2.061153470123145e-09,2.061153470123145e-09,2.061153470123145e-09
2,2020-10-22,1.4745633936512885,-0.0018914922742866566,2.0611512496770956e-09,2.0611512496770956e-09,2.0611512496770956e-09,2.0611512496770956e-09,3.800289416489022e-09,2.0611512496770956e-09,2.0611512496770956e-09,2.0611512496770956e-09,0.9999988675117493,2.0611512496770956e-09,2.0611512496770956e-09,1.1320306612105924e-06,2.0611512496770956e-09,2.0611512496770956e-09
2,2020-10-23,1.4656300796150716,-0.00607670318770638,2.061153470123145e-09,2.061153470123145e-09,2.061153470123145e-09,2.061153470123145e-09,2.061153470123145e-09,2.061153470123145e-09,2.061153470123145e-09,2.061153470123145e-09,1.0,2.061153470123145e-09,2.061153470123145e-09,2.061153470123145e-09,2.061153470123145e-09,2.061153470123145e-09
2,2020-10-26,1.424833294132555,-0.02823041817843914,0.0059673236683011055,1.7644216088186226e-09,1.7644216088186226e-09,1.7644216088186226e-09,3.797154146667481e-09,1.7644216088186226e-09,1.7644216088186226e-09,1.7644216088186226e-09,0.13799667358398438,1.7644216088186226e-09,1.7644216088186226e-09,0.8560359477996826,1.7644216088186226e-09,1.7644216088186226e-09
2,2020-10-27,1.4300149767256614,0.003630097148194909,3.920167000615038e-05,1.0305364339657785e-09,1.0305364339657785e-09,1.0305364339657785e-09,1.0305364339657785e-09,1.0305364339657785e-09,1.0305364339657785e-09,1.0305364339657785e-09,0.4999803900718689,1.0305364339657785e-09,1.0305364339657785e-09,0.4999803900718689,1.0305364339657785e-09,1.0305364339657785e-09
2,2020-10-28,1.43730534863354,0.0050851574227213855,2.6120816620789356e-09,1.6266664681907628e-09,1.6266664681907628e-09,1.6266664681907628e-09,1.6266664681907628e-09,1.6266664681907628e-09,1.6266664681907628e-09,1.6266664681907628e-09,0.7892019748687744,1.6266664681907628e-09,1.6266664681907628e-09,0.21079802513122559,1.6266664681907628e-09,1.6266664681907628e-09
2,2020-10-29,1.4164723057538737,-0.01460058595687151,2.061153470123145e-09,2.061153470123145e-09,2.061153470123145e-09,2.061153470123145e-09,2.061153470123145e-09,2.061153470123145e-09,2.061153470123145e-09,2.061153470123145e-09,1.0,2.061153470123145e-09,2.061153470123145e-09,2.061153470123145e-09,2.061153470123145e-09,2.061153470123145e-09
2,2020-10-30,1.405009421753126,-0.00812548028021422,2.061153470123145e-09,2.1634121161184794e-09,2.061153470123145e-09,2.061153470123145e-09,2.061153470123145e-09,2.061153470123145e-09,2.061153470123145e-09,2.061153470123145e-09,0.9999999403953552,2.061153470123145e-09,2.061153470123145e-09,2.061153470123145e-09,4.761386662721634e-08,2.061153470123145e-09
2,2020-11-02,1.4164723057092234,0.008125480248692194,2.061153470123145e-09,2.061153470123145e-09,2.061153470123145e-09,2.061153470123145e-09,2.061153470123145e-09,2.061153470123145e-09,2.061153470123145e-09,2.061153470123145e-09,1.0,2.061153470123145e-09,2.061153470123145e-09,2.061153470123145e-09,2.433547585667384e-09,2.061153470123145e-09
2,2020-11-03,1.4230131850846341,0.0046070958742173386,2.056444348141895e-09,8.825674058243749e-08,5.529643232193848e-08,4.652304852470479e-08,2.944553614270262e-07,3.203143990049284e-07,4.586198656397755e-07,1.2548861150207813e-06,0.9977152347564697,1.4398610801436007e-05,5.3445101677596085e-09,2.056444348141895e-09,0.0022228097077459097,4.504562457441352e-05
2,2020-11-04,1.4301079121639624,0.0049733197160996495,2.0611390372238247e-09,4.465272013476351e-06,2.0611390372238247e-09,2.0611390372238247e-09,3.0896867286855922e-09,2.0611390372238247e-09,2.0611390372238247e-09,2.610463400998242e-09,0.9999929666519165,2.8950459807219886e-08,2.0611390372238247e-09,2.0611390372238247e-09,2.5296596959378803e-06,1.786839654016603e-08
2,2020-11-05,1.4579263229294384,0.019265194863080978,0.5,1.030576846083875e-09,1.030576846083875e-09,1.030576846083875e-09,1.030576846083875e-09,1.030576846083875e-09,1.030576846083875e-09,1.030576846083875e-09,1.030576846083875e-09,1.030576846083875e-09,1.030576846083875e-09,0.5,1.030576846083875e-09,1.030576846083875e-09
2,2020-11-06,1.4796560164158323,0.01479454008191824,2.061144144249738e-09,4.610939413396409e-06,2.061144144249738e-09,2.061144144249738e-09,2.061144144249738e-09,2.061144144249738e-09,2.061144144249738e-09,2.061144144249738e-09,0.9999953508377075,2.061144144249738e-09,2.061144144249738e-09,2.061144144249738e-09,2.061144144249738e-09,2.061144144249738e-09
2,2020-11-09,1.495727209160765,0.010802876686068611,2.061153470123145e-09,2.061153470123145e-09,2.061153470123145e-09,2.061153470123145e-09,2.061153470123145e-09,2.061153470123145e-09,2.061153470123145e-09,2.061153470123145e-09,0.9999999403953552,2.061153470123145e-09,2.061153470123145e-09,9.150951107983474e-09,2.061153470123145e-09,2.061153470123145e-09
2,2020-11-10,1.4347675750432642,-0.041609648625126006,2.061153470123145e-09,2.061153470123145e-09,2.061153470123145e-09,2.061153470123145e-09,2.061153470123145e-09,2.061153470123145e-09,2.061153470123145e-09,2.061153470123145e-09,1.0,2.061153470123145e-09,2.061153470123145e-09,2.061153470123145e-09,2.061153470123145e-09,2.061153470123145e-09
2,2020-11-11,1.444324700418759,0.006639009496569634,6.699320920233731e-08,1.4038450046882645e-07,6.699320920233731e-08,6.699320920233731e-08,6.699320920233731e-08,6.699320920233731e-08,6.699320920233731e-08,6.699320920233731e-08,0.3389601707458496,6.699320920233731e-08,6.699320920233731e-08,0.6610389351844788,6.699320920233731e-08,6.699320920233731e-08
2,2020-11-12,1.433432643600053,-0.007569859115034341,2.061153470123145e-09,2.061153470123145e-09,2.061153470123145e-09,2.061153470123145e-09,2.061153470123145e-09,2.061153470123145e-09,2.061153470123145e-09,2.061153470123145e-09,1.0,2.061153470123145e-09,2.061153470123145e-09,2.061153470123145e-09,2.061153470123145e-09,2.061153470123145e-09
2,2020-11-13,1.4412097527720629,0.005410849124193192,0.010270141996443272,1.0199312505676517e-09,1.0199312505676517e-09,1.0199312505676517e-09,5.206481728237122e-05,1.0199312505676517e-09,1.0199312505676517e-09,1.0199312505676517e-09,0.49483513832092285,1.0876242129143066e-09,1.7594024015465948e-08,0.49483513832092285,2.1667320027063397e-07,7.260648089868482e-06
2,2020-11-16,1.4770263033580435,0.0245479450404644,0.4999999403953552,1.0305767350615724e-09,1.0305767350615724e-09,1.0305767350615724e-09,5.226563004612217e-08,1.0305767350615724e-09,1.0305767350615724e-09,1.0305767350615724e-09,1.0305767350615724e-09,1.0305767350615724e-09,3.215530242073328e-08,0.4999999403953552,1.0305767350615724e-09,1.0305767350615724e-09
2,2020-11-17,1.4819338280845968,0.003317063433304429,1.030576401994665e-09,0.4999997913837433,3.6135412440074788e-09,2.563781364983697e-08,1.030576401994665e-09,3.090756450774279e-08,1.2305322982797406e-08,3.005901874075789e-07,0.4999997913837433,2.8456524248099413e-08,1.030576401994665e-09,1.030576401994665e-09,3.2239071856565715e-08,1.030576401994665e-09
2,2020-11-18,1.4734809379797578,-0.005720288909226656,8.968518372398648e-09,0.999806821346283,8.968518372398648e-09,8.968518372398648e-09,8.968518372398648e-09,8.968518372398648e-09,8.968518372398648e-09,8.968518372398648e-09,1.1576036058613681e-06,8.968518372398648e-09,8.968518372398648e-09,0.00019193250045645982,8.968518372398648e-09,8.968518372398648e-09
2,2020-11-19,1.4604831129496658,-0.008860306286811828,2.0611488071864414e-09,2.277087787661003e-06,2.0611488071864414e-09,2.0611488071864414e-09,2.0611488071864414e-09,2.0611488071864414e-09,2.0611488071864414e-09,2.0611488071864414e-09,0.9999976754188538,2.0611488071864414e-09,2.0611488071864414e-09,2.0611488071864414e-09,2.0611488071864414e-09,2.0611488071864414e-09
2,2020-11-20,1.46987100869443,0.006407367487251759,0.5,1.030576846083875e-09,1.030576846083875e-09,1.030576846083875e-09,1.030576846083875e-09,1.030576846083875e-09,1.030576846083875e-09,1.030576846083875e-09,1.030576846083875e-09,1.030576846083875e-09,1.5373059492063135e-09,0.5,1.030576846083875e-09,1.030576846083875e-09
2,2020-11-23,1.4751545180689558,0.0035880945648998023,2.061153470123145e-09,2.061153470123145e-09,2.061153470123145e-09,2.061153470123145e-09,2.061153470123145e-09,2.061153470123145e-09,2.061153470123145e-09,2.061153470123145e-09,1.0,2.061153470123145e-09,2.061153470123145e-09,2.061153470123145e-09,2.061153470123145e-09,2.061153470123145e-09
2,2020-11-24,1.4540365966480087,-0.014419193889200687,0.0023336184676736593,2.056343539891259e-09,2.056343539891259e-09,2.056343539891259e-09,2.056343539891259e-09,2.056343539891259e-09,2.056343539891259e-09,2.056343539891259e-09,2.056343539891259e-09,2.056343539891259e-09,2.056343539891259e-09,0.9976663589477539,2.056343539891259e-09,2.056343539891259e-09
2,2020-11-25,1.4373849946368833,-0.011518061670660973,2.061153470123145e-09,2.061153470123145e-09,2.061153470123145e-09,2.061153470123145e-09,2.061153470123145e-09,2.061153470123145e-09,2.061153470123145e-09,2.061153470123145e-09,1.0,2.061153470123145e-09,2.061153470123145e-09,2.061153470123145e-09,2.061153470123145e-09,2.061153470123145e-09
2,2020-11-26,1.4414388585748024,0.0028163352981209755,2.061153470123145e-09,2.061153470123145e-09,2.061153470123145e-09,2.061153470123145e-09,2.061153470123145e-09,2.061153470123145e-09,2.061153470123145e-09,2.061153470123145e-09,1.0,2.061153470123145e-09,2.061153470123145e-09,2.061153470123145e-09,2.061153470123145e-09,2.061153470123145e-09
2,2020-11-27,1.4636947469408166,0.015322065554559231,2.334592297259519e-09,8.225997660815665e-09,2.334592297259519e-09,2.334592297259519e-09,2.334592297259519e-09,2.334592297259519e-09,2.334592297259519e-09,2.334592297259519e-09,0.00020538979151751846,2.334592297259519e-09,2.334592297259519e-09,0.999794602394104,2.334592297259519e-09,2.334592297259519e-09
2,2020-11-30,1.4557076663842965,-0.005471736577153206,0.0003528701781760901,1.0302101394188412e-09,1.0302101394188412e-09,1.0302101394188412e-09,2.768388640106423e-06,1.0302101394188412e-09,1.0302101394188412e-09,1.0302101394188412e-09,0.49982210993766785,1.0302101394188412e-09,1.298829821472225e-09,0.49982210993766785,1.5948440790225504e-08,1.24205939755484e-07
2,2020-12-01,1.4679770509791212,0.008393146188557148,0.5,1.030576846083875e-09,1.030576846083875e-09,1.030576846083875e-09,1.030576846083875e-09,1.030576846083875e-09,1.030576846083875e-09,1.030576846083875e-09,1.030576846083875e-09,1.030576846083875e-09,1.030576846083875e-09,0.5,1.030576846083875e-09,1.030576846083875e-09
2,2020-12-02,1.4890658238539478,0.014263662254810332,2.0604800088364073e-09,2.0604800088364073e-09,2.0604800088364073e-09,2.0604800088364073e-09,2.0604800088364073e-09,2.0604800088364073e-09,2.0604800088364073e-09,2.0604800088364073e-09,0.9996731877326965,2.0604800088364073e-09,2.0604800088364073e-09,0.00032679393189027905,2.0604800088364073e-09,2.0604800088364073e-09
2,2020-12-03,1.4980864874891355,0.006039659257978201,1.0301066666329461e-09,0.4997718930244446,3.1281123824555834e-07,4.769819952343823e-07,1.1560183565961779e-07,4.400009856908582e-06,2.426335640848265e-06,1.6357671484001912e-05,0.4997718930244446,2.2863541744300164e-05,3.5626042116376766e-09,1.0301066666329461e-09,0.00039618139271624386,1.3068917724012863e-05
2,2020-12-04,1.5020174675599354,0.0026205640733242036,2.061153470123145e-09,2.061153470123145e-09,2.061153470123145e-09,2.061153470123145e-09,2.061153470123145e-09,2.061153470123145e-09,2.061153470123145e-09,2.061153470123145e-09,1.0,2.061153470123145e-09,2.061153470123145e-09,2.061153470123145e-09,2.061153470123145e-09,2.061153470123145e-09
2,2020-12-07,1.5800238940197948,0.05063078691363335,9.52885329752462e-07,2.0611514717217005e-09,2.0611514717217005e-09,2.0611514717217005e-09,2.0611514717217005e-09,2.0611514717217005e-09,2.0611514717217005e-09,2.0611514717217005e-09,4.633855610336468e-08,2.0611514717217005e-09,2.0611514717217005e-09,0.9999989867210388,2.0611514717217005e-09,2.0611514717217005e-09
2,2020-12-08,1.6026592480820963,0.014224309931695461,2.0611519158109104e-09,8.244682589975127e-07,2.0611519158109104e-09,2.0611519158109104e-09,2.0611519158109104e-09,2.0611519158109104e-09,2.0611519158109104e-09,2.0611519158109104e-09,0.9999991655349731,2.0611519158109104e-09,2.0611519158109104e-09,2.0611519158109104e-09,2.0611519158109104e-09,2.0611519158109104e-09
2,2020-12-09,1.5989117119823615,-0.0023410618462208163,2.061153470123145e-09,2.061153470123145e-09,2.061153470123145e-09,2.061153470123145e-09,2.061153470123145e-09,2.061153470123145e-09,2.061153470123145e-09,2.061153470123145e-09,1.0,2.061153470123145e-09,2.061153470123145e-09,2.061153470123145e-09,2.061153470123145e-09,2.061153470123145e-09
2,2020-12-10,1.626174549211839,0.016907136395573615,0.0007686021272093058,2.0595694039116097e-09,2.0595694039116097e-09,2.0595694039116097e-09,2.0595694039116097e-09,2.0595694039116097e-09,2.0595694039116097e-09,2.0595694039116097e-09,2.029804591074935e-08,2.0595694039116097e-09,2.0595694039116097e-09,0.9992313385009766,2.0595694039116097e-09,2.0595694039116097e-09
2,2020-12-11,1.622467662193515,-0.0022821156568825244,2.061153470123145e-09,2.061153470123145e-09,2.061153470123145e-09,2.061153470123145e-09,2.061153470123145e-09,2.061153470123145e-09,2.061153470123145e-09,2.061153470123145e-09,1.0,2.061153470123145e-09,2.061153470123145e-09,2.061153470123145e-09,2.061153470123145e-09,2.061153470123145e-09
2,2020-12-14,1.6211799217361134,-0.0007940076668230574,2.06115280398933e-09,2.06115280398933e-09,2.06115280398933e-09,2.06115280398933e-09,2.06115280398933e-09,2.06115280398933e-09,2.06115280398933e-09,2.06115280398933e-09,0.9999996423721313,2.06115280398933e-09,2.06115280398933e-09,3.612075545333937e-07,2.06115280398933e-09,2.06115280398933e-09
2,2020-12-15,1.6269745188311542,0.003567935791383894,2.061153470123145e-09,2.061153470123145e-09,2.061153470123145e-09,2.061153470123145e-09,2.061153470123145e-09,2.061153470123145e-09,2.061153470123145e-09,2.061153470123145e-09,1.0,2.061153470123145e-09,2.061153470123145e-09,2.061153470123145e-09,2.061153470123145e-09,2.061153470123145e-09
2,2020-12-16,1.6424265680957795,0.009452596306800842,2.061153470123145e-09,2.061153470123145e-09,2.061153470123145e-09,2.061153470123145e-09,2.061153470123145e-09,2.061153470123145e-09,2.061153470123145e-09,2.061153470123145e-09,1.0,2.061153470123145e-09,2.061153470123145e-09,2.061153470123145e-09,2.061153470123145e-09,2.061153470123145e-09
2,2020-12-17,1.6616463079990598,0.01163409973680973,0.4857940971851349,0.028411654755473137,4.700490663367418e-09,1.603807575634164e-08,1.3635477635887128e-08,1.0012962681216209e-09,1.0012962681216209e-09,1.0012962681216209e-09,1.0012962681216209e-09,1.0012962681216209e-09,1.1743272665398763e-07,0.4857940971851349,1.0012962681216209e-09,1.0012962681216209e-09
2,2020-12-18,1.6708395658675221,0.005517371438443661,2.061153470123145e-09,2.061153470123145e-09,2.061153470123145e-09,2.061153470123145e-09,2.061153470123145e-09,2.061153470123145e-09,2.061153470123145e-09,2.061153470123145e-09,0.9999999403953552,2.061153470123145e-09,2.061153470123145e-09,1.4133330950016898e-08,2.061153470123145e-09,2.061153470123145e-09
2,2020-12-21,1.6784356568920564,0.004535968855023384,2.060658532698767e-09,0.9997598528862,2.060658532698767e-09,2.060658532698767e-09,2.060658532698767e-09,2.060658532698767e-09,2.060658532698767e-09,2.060658532698767e-09,2.060658532698767e-09,2.060658532698767e-09,2.060658532698767e-09,0.00024013336224015802,2.060658532698767e-09,2.060658532698767e-09
2,2020-12-22,1.6521039075471733,-0.015812631855905056,2.043515356930925e-09,2.043515356930925e-09,2.043515356930925e-09,2.043515356930925e-09,2.043515356930925e-09,2.043515356930925e-09,2.043515356930925e-09,2.043515356930925e-09,0.9914425611495972,2.043515356930925e-09,2.043515356930925e-09,0.0085573960095644,2.043515356930925e-09,2.043515356930925e-09
2,2020-12-23,1.6405733755581586,-0.007003771175444126,2.061153470123145e-09,2.061153470123145e-09,2.061153470123145e-09,2.061153470123145e-09,2.061153470123145e-09,2.061153470123145e-09,2.061153470123145e-09,2.061153470123145e-09,1.0,2.061153470123145e-09,2.061153470123145e-09,2.061153470123145e-09,2.061153470123145e-09,2.061153470123145e-09
2,2020-12-24,1.6551416019684522,0.00884076529443264,0.4999999701976776,1.0305767350615724e-09,1.0305767350615724e-09,1.0305767350615724e-09,5.503109967719411e-09,1.0305767350615724e-09,1.0305767350615724e-09,1.0305767350615724e-09,1.0305767350615724e-09,1.0305767350615724e-09,1.6534547953028778e-08,0.4999999701976776,1.0305767350615724e-09,1.0305767350615724e-09
2,2020-12-28,1.6623441920992772,0.004342204847186804,2.061153470123145e-09,2.061153470123145e-09,2.061153470123145e-09,2.061153470123145e-09,2.061153470123145e-09,2.061153470123145e-09,2.061153470123145e-09,2.061153470123145e-09,1.0,2.061153470123145e-09,2.061153470123145e-09,2.061153470123145e-09,2.061153470123145e-09,2.061153470123145e-09
2,2020-12-29,1.6559283264834328,-0.0038669962005644268,2.0611372608669853e-09,7.91484308138024e-06,2.0611372608669853e-09,2.0611372608669853e-09,2.0611372608669853e-09,2.0611372608669853e-09,2.0611372608669853e-09,2.0611372608669853e-09,0.9999920725822449,2.0611372608669853e-09,2.0611372608669853e-09,2.0611372608669853e-09,1.790749593055807e-08,2.0611372608669853e-09
2,2020-12-30,1.6744108075707262,0.011099572804570199,0.3332647681236267,6.869099178352656e-10,6.869099178352656e-10,6.869099178352656e-10,0.00019916702876798809,6.869099178352656e-10,6.869099178352656e-10,6.869099178352656e-10,0.3332647681236267,1.5156450539066668e-09,2.1974715025407932e-07,0.3332647681236267,9.494828390188559e-08,6.167515039123828e-06
3,2021-01-04,1.0229258373800343,0.02266698911190033,2.061153470123145e-09,2.061153470123145e-09,2.061153470123145e-09,2.061153470123145e-09,2.061153470123145e-09,2.061153470123145e-09,2.061153470123145e-09,2.061153470123145e-09,1.0,2.061153470123145e-09,2.061153470123145e-09,2.061153470123145e-09,2.061153470123145e-09,2.061153470123145e-09
3,2021-01-05,1.0306606777694995,0.007533042225986719,2.061153470123145e-09,2.061153470123145e-09,2.061153470123145e-09,2.061153470123145e-09,2.061153470123145e-09,2.061153470123145e-09,2.061153470123145e-09,2.061153470123145e-09,1.0,2.061153470123145e-09,2.061153470123145e-09,2.061153470123145e-09,2.061153470123145e-09,2.061153470123145e-09
3,2021-01-06,1.032594331046451,0.0018743721302598715,2.061153470123145e-09,2.061153470123145e-09,2.061153470123145e-09,2.061153470123145e-09,2.061153470123145e-09,2.061153470123145e-09,2.061153470123145e-09,2.061153470123145e-09,1.0,2.061153470123145e-09,2.061153470123145e-09,2.061153470123145e-09,2.061153470123145e-09,2.061153470123145e-09
3,2021-01-07,1.0190584552399697,-0.013195285573601723,2.061153470123145e-09,2.061153470123145e-09,2.061153470123145e-09,2.061153470123145e-09,2.061153470123145e-09,2.061153470123145e-09,2.061153470123145e-09,2.061153470123145e-09,1.0,2.061153470123145e-09,2.061153470123145e-09,2.061153470123145e-09,2.061153470123145e-09,2.061153470123145e-09
3,2021-01-08,1.012483898734591,-0.006472500506788492,2.061153470123145e-09,2.061153470123145e-09,2.061153470123145e-09,2.061153470123145e-09,2.061153470123145e-09,2.061153470123145e-09,2.061153470123145e-09,2.061153470123145e-09,1.0,2.061153470123145e-09,2.061153470123145e-09,2.061153470123145e-09,2.061153470123145e-09,2.061153470123145e-09
3,2021-01-11,0.9769038589325652,-0.03577365353703499,2.061153470123145e-09,2.061153470123145e-09,2.061153470123145e-09,2.061153470123145e-09,2.061153470123145e-09,2.061153470123145e-09,2.061153470123145e-09,2.061153470123145e-09,1.0,2.061153470123145e-09,2.061153470123145e-09,2.061153470123145e-09,2.061153470123145e-09,2.061153470123145e-09
3,2021-01-12,0.984251938125647,0.007493656128644943,2.061153470123145e-09,2.061153470123145e-09,2.061153470123145e-09,2.061153470123145e-09,2.061153470123145e-09,2.061153470123145e-09,2.061153470123145e-09,2.061153470123145e-09,1.0,2.061153470123145e-09,2.061153470123145e-09,2.061153470123145e-09,2.061153470123145e-09,2.061153470123145e-09
3,2021-01-13,0.9857989065557681,0.001570486114360392,2.061153470123145e-09,2.061153470123145e-09,2.061153470123145e-09,2.061153470123145e-09,2.061153470123145e-09,2.061153470123145e-09,2.061153470123145e-09,2.061153470123145e-09,1.0,2.061153470123145e-09,2.061153470123145e-09,2.061153470123145e-09,2.061153470123145e-09,2.061153470123145e-09
3,2021-01-14,0.9745834450075945,-0.011442241258919239,2.061153470123145e-09,2.061153470123145e-09,2.061153470123145e-09,2.061153470123145e-09,2.061153470123145e-09,2.061153470123145e-09,2.061153470123145e-09,2.061153470123145e-09,1.0,2.061153470123145e-09,2.061153470123145e-09,2.061153470123145e-09,2.061153470123145e-09,2.061153470123145e-09
3,2021-01-15,0.9792242729361037,0.00475055617157353,2.061152581944725e-09,2.061152581944725e-09,2.061152581944725e-09,2.061152581944725e-09,2.061152581944725e-09,2.061152581944725e-09,2.061152581944725e-09,2.061152581944725e-09,0.9999995231628418,2.061152581944725e-09,2.061152581944725e-09,2.061152581944725e-09,4.5132387072044367e-07,1.5480591031291624e-08
3,2021-01-18,0.973036475740327,-0.006339130591162641,2.061153470123145e-09,2.061153470123145e-09,2.061153470123145e-09,2.061153470123145e-09,2.061153470123145e-09,2.061153470123145e-09,2.061153470123145e-09,2.061153470123145e-09,0.9999999403953552,2.061153470123145e-09,2.061153470123145e-09,1.3292885014948297e-08,2.061153470123145e-09,2.061153470123145e-09
3,2021-01-19,0.9726497155349236,-0.00039755661753844223,2.061153470123145e-09,2.061153470123145e-09,2.061153470123145e-09,2.061153470123145e-09,2.061153470123145e-09,2.061153470123145e-09,2.061153470123145e-09,2.061153470123145e-09,1.0,2.061153470123145e-09,2.061153470123145e-09,2.061153470123145e-09,2.061153470123145e-09,2.061153470123145e-09
3,2021-01-20,0.9807712408021257,0.008315229788422585,2.061153470123145e-09,2.061153470123145e-09,2.061153470123145e-09,2.061153470123145e-09,2.061153470123145e-09,2.061153470123145e-09,2.061153470123145e-09,2.061153470123145e-09,1.0,2.061153470123145e-09,2.061153470123145e-09,2.061153470123145e-09,2.061153470123145e-09,2.061153470123145e-09
3,2021-01-21,0.9923734636207641,0.011760269291698933,2.061153470123145e-09,2.061153470123145e-09,2.061153470123145e-09,2.061153470123145e-09,2.061153470123145e-09,2.061153470123145e-09,2.061153470123145e-09,2.061153470123145e-09,1.0,2.061153470123145e-09,2.061153470123145e-09,2.061153470123145e-09,2.061153470123145e-09,2.061153470123145e-09
3,2021-01-22,0.9842519378162681,-0.008217613212764263,2.061153470123145e-09,2.061153470123145e-09,2.061153470123145e-09,2.061153470123145e-09,2.061153470123145e-09,2.061153470123145e-09,2.061153470123145e-09,2.061153470123145e-09,1.0,2.061153470123145e-09,2.061153470123145e-09,2.061153470123145e-09,2.061153470123145e-09,2.061153470123145e-09
3,2021-01-25,0.9799977948838736,-0.004331577103585005,2.061153470123145e-09,2.061153470123145e-09,2.061153470123145e-09,2.061153470123145e-09,2.061153470123145e-09,2.061153470123145e-09,2.061153470123145e-09,2.061153470123145e-09,1.0,2.061153470123145e-09,2.061153470123145e-09,2.061153470123145e-09,2.061153470123145e-09,2.061153470123145e-09
3,2021-01-26,0.981544762951216,0.0015772978076711297,2.061153470123145e-09,2.061153470123145e-09,2.061153470123145e-09,2.061153470123145e-09,2.061153470123145e-09,2.061153470123145e-09,2.061153470123145e-09,2.061153470123145e-09,1.0,2.061153470123145e-09,2.061153470123145e-09,2.061153470123145e-09,2.061153470123145e-09,2.061153470123145e-09
3,2021-01-27,0.978837587485382,-0.0027618869207799435,2.061153470123145e-09,2.061153470123145e-09,2.061153470123145e-09,2.061153470123145e-09,2.061153470123145e-09,2.061153470123145e-09,2.061153470123145e-09,2.061153470123145e-09,1.0,2.061153470123145e-09,2.061153470123145e-09,2.061153470123145e-09,2.061153470123145e-09,2.061153470123145e-09
3,2021-01-28,0.9718762692693692,-0.007137231063097715,2.061153470123145e-09,2.061153470123145e-09,2.061153470123145e-09,2.061153470123145e-09,2.061153470123145e-09,2.061153470123145e-09,2.061153470123145e-09,2.061153470123145e-09,1.0,2.061153470123145e-09,2.061153470123145e-09,2.061153470123145e-09,2.061153470123145e-09,2.061153470123145e-09
3,2021-01-29,0.9761304126673894,0.004367695655673742,2.061153470123145e-09,2.061153470123145e-09,2.061153470123145e-09,2.061153470123145e-09,2.061153470123145e-09,2.061153470123145e-09,2.061153470123145e-09,2.061153470123145e-09,1.0,2.061153470123145e-09,2.061153470123145e-09,2.061153470123145e-09,2.061153470123145e-09,2.061153470123145e-09
3,2021-02-01,0.9865723525718056,0.010640468448400497,2.061153470123145e-09,2.061153470123145e-09,2.061153470123145e-09,2.061153470123145e-09,2.061153470123145e-09,2.061153470123145e-09,2.061153470123145e-09,2.061153470123145e-09,1.0,2.061153470123145e-09,2.061153470123145e-09,2.061153470123145e-09,2.061153470123145e-09,2.061153470123145e-09
3,2021-02-02,0.9815447596152873,-0.00510904951884832,2.061152581944725e-09,2.061152581944725e-09,2.061152581944725e-09,2.061152581944725e-09,2.061152581944725e-09,2.061152581944725e-09,2.061152581944725e-09,2.061152581944725e-09,0.9999995231628418,2.061152581944725e-09,2.061152581944725e-09,4.5204214416116884e-07,2.061152581944725e-09,2.061152581944725e-09
3,2021-02-03,0.9718762658311875,-0.009899118122900388,2.061153470123145e-09,2.061153470123145e-09,2.061153470123145e-09,2.061153470123145e-09,2.061153470123145e-09,2.061153470123145e-09,2.061153470123145e-09,2.061153470123145e-09,1.0,2.061153470123145e-09,2.061153470123145e-09,2.061153470123145e-09,2.061153470123145e-09,2.061153470123145e-09
3,2021-02-04,0.9633679795473302,-0.008793041110038757,2.061153470123145e-09,2.061153470123145e-09,2.061153470123145e-09,2.061153470123145e-09,2.061153470123145e-09,2.061153470123145e-09,2.061153470123145e-09,2.061153470123145e-09,1.0,2.061153470123145e-09,2.061153470123145e-09,2.061153470123145e-09,2.061153470123145e-09,2.061153470123145e-09
3,2021-02-05,0.9502188648016172,-0.013743114657700062,2.061153470123145e-09,2.061153470123145e-09,2.061153470123145e-09,2.061153470123145e-09,2.061153470123145e-09,2.061153470123145e-09,2.061153470123145e-09,2.061153470123145e-09,1.0,2.061153470123145e-09,2.061153470123145e-09,2.061153470123145e-09,2.061153470123145e-09,2.061153470123145e-09
3,2021-02-08,0.9583403904836126,0.008510686457157135,2.061153470123145e-09,2.061153470123145e-09,2.061153470123145e-09,2.061153470123145e-09,2.061153470123145e-09,2.061153470123145e-09,2.061153470123145e-09,2.061153470123145e-09,1.0,2.061153470123145e-09,2.061153470123145e-09,2.061153470123145e-09,2.061153470123145e-09,2.061153470123145e-09
3,2021-02-09,0.9714895055020656,0.013627437874674797,2.061153470123145e-09,2.061153470123145e-09,2.061153470123145e-09,2.061153470123145e-09,2.061153470123145e-09,2.061153470123145e-09,2.061153470123145e-09,2.061153470123145e-09,1.0,2.061153470123145e-09,2.061153470123145e-09,2.061153470123145e-09,2.061153470123145e-09,2.061153470123145e-09
3,2021-02-10,0.9734245429759818,0.0019898443470126948,1.2149104122727294e-07,2.0599320027514523e-09,2.0599320027514523e-09,2.0599320027514523e-09,2.0599320027514523e-09,2.0599320027514523e-09,2.0599320027514523e-09,2.0599320027514523e-09,0.9994073510169983,2.0599320027514523e-09,2.0599320027514523e-09,0.0005925045697949827,2.0599320027514523e-09,2.723249625802282e-09
3,2021-02-15,0.9870932643001646,0.013944216933846473,0.3182719349861145,6.560073595451854e-10,6.560073595451854e-10,6.560073595451854e-10,0.005837225820869207,6.560073595451854e-10,6.560073595451854e-10,6.560073595451854e-10,0.3182719349861145,6.560073595451854e-10,6.560073595451854e-10,0.3182719349861145,3.402044645994806e-09,0.03934692218899727
3,2021-02-16,0.987685410120287,0.000599708560295403,2.061153470123145e-09,2.061153470123145e-09,2.061153470123145e-09,2.061153470123145e-09,2.061153470123145e-09,2.061153470123145e-09,2.061153470123145e-09,2.061153470123145e-09,1.0,2.061153470123145e-09,2.061153470123145e-09,2.061153470123145e-09,2.061153470123145e-09,2.061153470123145e-09
3,2021-02-17,0.9698213437244142,-0.018252363428473473,2.061153470123145e-09,2.061153470123145e-09,2.061153470123145e-09,2.061153470123145e-09,2.061153470123145e-09,2.061153470123145e-09,2.061153470123145e-09,2.061153470123145e-09,1.0,2.061153470123145e-09,2.061153470123145e-09,2.061153470123145e-09,2.061153470123145e-09,2.061153470123145e-09
3,2021-02-18,0.9662484837920692,-0.0036908420734107494,2.061153470123145e-09,2.061153470123145e-09,2.061153470123145e-09,2.061153470123145e-09,2.061153470123145e-09,2.061153470123145e-09,2.061153470123145e-09,2.061153470123145e-09,1.0,2.061153470123145e-09,2.061153470123145e-09,2.061153470123145e-09,2.061153470123145e-09,2.061153470123145e-09
3,2021-02-19,0.9602937687439271,-0.006181783974170685,2.061153470123145e-09,2.061153470123145e-09,2.061153470123145e-09,2.061153470123145e-09,2.061153470123145e-09,2.061153470123145e-09,2.061153470123145e-09,2.061153470123145e-09,1.0,2.061153470123145e-09,2.061153470123145e-09,2.061153470123145e-09,2.061153470123145e-09,2.061153470123145e-09
3,2021-02-22,0.9708731489267807,0.010956573376059531,6.868557389516639e-10,6.868557389516639e-10,1.550389015392284e-06,9.624938002161798e-08,1.8933887986349873e-05,7.134736392799823e-07,2.3097609300748445e-06,0.00013705129094887525,0.33323851227760315,0.000123834892292507,1.192689391693591e-09,6.868557389516639e-10,0.33323851227760315,0.33323851227760315
3,2021-02-23,0.980195411864045,0.009556131513416766,2.061153470123145e-09,2.061153470123145e-09,2.061153470123145e-09,2.061153470123145e-09,2.061153470123145e-09,2.061153470123145e-09,2.061153470123145e-09,2.061153470123145e-09,1.0,2.061153470123145e-09,2.061153470123145e-09,2.061153470123145e-09,2.061153470123145e-09,2.061153470123145e-09
3,2021-02-24,0.978609401825097,-0.0016193654155358672,2.061153470123145e-09,2.061153470123145e-09,2.061153470123145e-09,2.061153470123145e-09,2.061153470123145e-09,2.061153470123145e-09,2.061153470123145e-09,2.061153470123145e-09,1.0,2.061153470123145e-09,2.061153470123145e-09,2.061153470123145e-09,2.061153470123145e-09,2.061153470123145e-09
3,2021-02-25,0.972265053120326,-0.00650413054972887,2.061153470123145e-09,2.061153470123145e-09,2.061153470123145e-09,2.061153470123145e-09,2.061153470123145e-09,2.061153470123145e-09,2.061153470123145e-09,2.061153470123145e-09,1.0,2.061153470123145e-09,2.061153470123145e-09,2.061153470123145e-09,2.061153470123145e-09,2.061153470123145e-09
3,2021-02-26,0.953628624758486,-0.019354142248630524,2.061153470123145e-09,2.061153470123145e-09,2.061153470123145e-09,2.061153470123145e-09,2.061153470123145e-09,2.061153470123145e-09,2.061153470123145e-09,2.061153470123145e-09,1.0,2.061153470123145e-09,2.061153470123145e-09,2.061153470123145e-09,2.061153470123145e-09,2.061153470123145e-09
3,2021-03-02,0.9294411710886978,-0.025690799197189154,2.0611434781159232e-09,4.926942438032711e-06,2.0611434781159232e-09,2.0611434781159232e-09,2.0611434781159232e-09,2.0611434781159232e-09,2.0611434781159232e-09,2.0611434781159232e-09,0.9999950528144836,2.0611434781159232e-09,2.0611434781159232e-09,2.0611434781159232e-09,2.0611434781159232e-09,2.0611434781159232e-09
3,2021-03-03,0.9357854420281945,0.006802707361050307,2.061153470123145e-09,2.061153470123145e-09,2.061153470123145e-09,2.061153470123145e-09,2.061153470123145e-09,2.061153470123145e-09,2.061153470123145e-09,2.061153470123145e-09,1.0,2.061153470123145e-09,2.061153470123145e-09,2.061153470123145e-09,2.061153470123145e-09,2.061153470123145e-09
3,2021-03-04,0.9278550815086819,-0.00851066317409277,2.061153470123145e-09,2.061153470123145e-09,2.061153470123145e-09,2.061153470123145e-09,2.061153470123145e-09,2.061153470123145e-09,2.061153470123145e-09,2.061153470123145e-09,1.0,2.061153470123145e-09,2.061153470123145e-09,2.061153470123145e-09,2.061153470123145e-09,2.061153470123145e-09
3,2021-03-05,0.9171486368571259,-0.01160600894627387,2.0611010675963826e-09,2.0611010675963826e-09,2.0611010675963826e-09,2.0611010675963826e-09,2.0611010675963826e-09,2.0611010675963826e-09,2.0611010675963826e-09,2.0611010675963826e-09,0.9999744892120361,2.0611010675963826e-09,2.0611010675963826e-09,2.0611010675963826e-09,2.4440971174044535e-05,1.059861688190722e-06
3,2021-03-08,0.9215102709996158,0.0047443735270459005,2.061153470123145e-09,2.061153470123145e-09,2.061153470123145e-09,2.061153470123145e-09,2.061153470123145e-09,2.061153470123145e-09,2.061153470123145e-09,2.061153470123145e-09,1.0,2.061153470123145e-09,2.061153470123145e-09,2.061153470123145e-09,2.061153470123145e-09,2.061153470123145e-09
3,2021-03-09,0.914812931994691,-0.007294324538856744,1.873510652172783e-10,0.09089621901512146,0.09089621901512146,0.09089621901512146,0.09089621901512146,0.09089621901512146,0.09089621901512146,0.09089621901512146,0.09089621901512146,0.09089621901512146,0.00014158521662466228,1.873510652172783e-10,0.09089621901512146,0.09089621901512146
3,2021-03-10,0.9248885733260483,0.010953670521080493,2.061153470123145e-09,2.061153470123145e-09,2.061153470123145e-09,2.061153470123145e-09,2.061153470123145e-09,2.061153470123145e-09,2.061153470123145e-09,2.061153470123145e-09,1.0,2.061153470123145e-09,2.061153470123145e-09,2.061153470123145e-09,2.061153470123145e-09,2.061153470123145e-09
3,2021-03-11,0.9379936466732514,0.014069906726584305,2.06107886313589e-09,2.06107886313589e-09,2.06107886313589e-09,2.06107886313589e-09,2.06107886313589e-09,2.06107886313589e-09,2.06107886313589e-09,2.06107886313589e-09,0.9999637007713318,2.06107886313589e-09,2.06107886313589e-09,3.627078694989905e-05,2.06107886313589e-09,2.06107886313589e-09
3,2021-03-12,0.9272713912540506,-0.011496890045332475,2.0611523599001202e-09,5.963443072687369e-07,2.0611523599001202e-09,2.0611523599001202e-09,2.0611523599001202e-09,2.0611523599001202e-09,2.0611523599001202e-09,2.0611523599001202e-09,0.9999994039535522,2.0611523599001202e-09,2.0611523599001202e-09,2.0611523599001202e-09,2.0611523599001202e-09,2.0611523599001202e-09
3,2021-03-15,0.9316397024343438,0.004699868902828541,2.061153470123145e-09,2.061153470123145e-09,2.061153470123145e-09,2.061153470123145e-09,2.061153470123145e-09,2.061153470123145e-09,2.061153470123145e-09,2.061153470123145e-09,1.0,2.061153470123145e-09,2.061153470123145e-09,2.061153470123145e-09,2.061153470123145e-09,2.061153470123145e-09
3,2021-03-16,0.939184981866451,0.00806630402803421,2.061153470123145e-09,2.061153470123145e-09,2.061153470123145e-09,2.061153470123145e-09,2.061153470123145e-09,2.061153470123145e-09,2.061153470123145e-09,2.061153470123145e-09,1.0,2.061153470123145e-09,2.061153470123145e-09,2.061153470123145e-09,2.061153470123145e-09,2.061153470123145e-09
3,2021-03-17,0.9403763256595714,0.0012676829937845469,2.061153470123145e-09,2.061153470123145e-09,2.061153470123145e-09,2.061153470123145e-09,2.061153470123145e-09,2.061153470123145e-09,2.061153470123145e-09,2.061153470123145e-09,1.0,2.061153470123145e-09,2.061153470123145e-09,2.061153470123145e-09,2.061153470123145e-09,2.061153470123145e-09
3,2021-03-18,0.9467301861998242,0.00673399674142523,2.06115324807854e-09,2.06115324807854e-09,2.06115324807854e-09,2.06115324807854e-09,2.06115324807854e-09,2.06115324807854e-09,2.06115324807854e-09,2.06115324807854e-09,0.9999998211860657,2.06115324807854e-09,2.06115324807854e-09,2.06115324807854e-09,1.6671047831096075e-07,6.614631953283379e-09
3,2021-03-19,0.9439503581497247,-0.002940560277599857,2.061153470123145e-09,2.061153470123145e-09,2.061153470123145e-09,2.061153470123145e-09,2.061153470123145e-09,2.061153470123145e-09,2.061153470123145e-09,2.061153470123145e-09,1.0,2.061153470123145e-09,2.061153470123145e-09,2.061153470123145e-09,2.061153470123145e-09,2.061153470123145e-09
3,2021-03-22,0.9479976767525499,0.004278473512083292,0.5,1.030576846083875e-09,1.030576846083875e-09,1.030576846083875e-09,1.030576846083875e-09,1.030576846083875e-09,1.030576846083875e-09,1.030576846083875e-09,1.030576846083875e-09,1.030576846083875e-09,1.030576846083875e-09,0.5,1.030576846083875e-09,1.030576846083875e-09
3,2021-03-23,0.945180081103188,-0.0029765802159905435,0.19999977946281433,4.1223027769099474e-10,4.1223027769099474e-10,4.1223027769099474e-10,0.19999977946281433,4.1223027769099474e-10,4.1223027769099474e-10,4.1223027769099474e-10,0.19999977946281433,1.7504555671621347e-07,4.142256671002542e-07,0.19999977946281433,5.180496600587503e-07,0.19999977946281433
3,2021-03-24,0.9413617603780303,-0.004047963162139058,2.061153470123145e-09,2.061153470123145e-09,2.061153470123145e-09,2.061153470123145e-09,2.061153470123145e-09,2.061153470123145e-09,2.061153470123145e-09,2.061153470123145e-09,1.0,2.061153470123145e-09,2.061153470123145e-09,2.061153470123145e-09,2.061153470123145e-09,2.061153470123145e-09
3,2021-03-25,0.9433570491780949,0.002117333933711052,2.061153470123145e-09,2.061153470123145e-09,2.061153470123145e-09,2.061153470123145e-09,2.061153470123145e-09,2.061153470123145e-09,2.061153470123145e-09,2.061153470123145e-09,1.0,2.061153470123145e-09,2.061153470123145e-09,2.061153470123145e-09,2.061153470123145e-09,2.061153470123145e-09
3,2021-03-26,0.939765623190943,-0.0038143349811434746,2.061153470123145e-09,2.061153470123145e-09,2.061153470123145e-09,2.061153470123145e-09,2.061153470123145e-09,2.061153470123145e-09,2.061153470123145e-09,2.061153470123145e-09,1.0,2.061153470123145e-09,2.061153470123145e-09,2.061153470123145e-09,2.061153470123145e-09,2.061153470123145e-09
3,2021-03-29,0.9385684033787828,-0.0012747679138556123,2.061153470123145e-09,2.061153470123145e-09,2.061153470123145e-09,2.061153470123145e-09,2.061153470123145e-09,2.061153470123145e-09,2.061153470123145e-09,2.061153470123145e-09,1.0,2.061153470123145e-09,2.061153470123145e-09,2.061153470123145e-09,2.061153470123145e-09,2.061153470123145e-09
3,2021-03-30,0.9277940483154649,-0.011545961768239278,2.06115324807854e-09,2.06115324807854e-09,2.06115324807854e-09,2.06115324807854e-09,2.06115324807854e-09,2.06115324807854e-09,2.06115324807854e-09,2.06115324807854e-09,0.9999998211860657,2.06115324807854e-09,2.06115324807854e-09,2.06115324807854e-09,1.2663181792049727e-07,2.06115324807854e-09
3,2021-03-31,0.9162215459229791,-0.012551579669922132,2.061153470123145e-09,2.061153470123145e-09,2.061153470123145e-09,2.061153470123145e-09,2.061153470123145e-09,2.061153470123145e-09,2.061153470123145e-09,2.061153470123145e-09,1.0,2.061153470123145e-09,2.061153470123145e-09,2.061153470123145e-09,2.061153470123145e-09,2.061153470123145e-09
3,2021-04-01,0.9305874064452099,0.015557808801531792,2.061153470123145e-09,2.061153470123145e-09,2.061153470123145e-09,2.061153470123145e-09,2.061153470123145e-09,2.061153470123145e-09,2.061153470123145e-09,2.061153470123145e-09,1.0,2.061153470123145e-09,2.061153470123145e-09,2.061153470123145e-09,2.061153470123145e-09,2.061153470123145e-09
3,2021-04-02,0.933779837708544,0.003424684051424265,2.061153470123145e-09,2.061153470123145e-09,2.061153470123145e-09,2.061153470123145e-09,2.061153470123145e-09,2.061153470123145e-09,2.061153470123145e-09,2.061153470123145e-09,1.0,2.061153470123145e-09,2.061153470123145e-09,2.061153470123145e-09,2.061153470123145e-09,2.061153470123145e-09
3,2021-04-07,0.952564050496575,0.01991665871143341,2.061153470123145e-09,1.0,2.061153470123145e-09,2.061153470123145e-09,2.061153470123145e-09,2.061153470123145e-09,2.061153470123145e-09,2.061153470123145e-09,2.061153470123145e-09,2.061153470123145e-09,2.061153470123145e-09,2.061153470123145e-09,2.061153470123145e-09,2.061153470123145e-09
3,2021-04-08,0.9542890799338452,0.0018092949900776149,2.061153470123145e-09,2.061153470123145e-09,2.061153470123145e-09,2.061153470123145e-09,2.061153470123145e-09,2.061153470123145e-09,2.061153470123145e-09,2.061153470123145e-09,1.0,2.061153470123145e-09,2.061153470123145e-09,2.061153470123145e-09,2.061153470123145e-09,2.061153470123145e-09
3,2021-04-09,0.957104090831024,0.0029455090407282114,2.061153470123145e-09,2.061153470123145e-09,2.061153470123145e-09,2.061153470123145e-09,2.061153470123145e-09,2.061153470123145e-09,2.061153470123145e-09,2.061153470123145e-09,1.0,2.061153470123145e-09,2.061153470123145e-09,2.061153470123145e-09,2.061153470123145e-09,2.061153470123145e-09
3,2021-04-12,0.9599287816604287,0.0029469425529241563,4.280017174007611e-10,0.2076515406370163,0.2076515406370163,0.030230974778532982,4.280017174007611e-10,0.13840875029563904,0.2076515406370163,0.2076515406370163,4.280017174007611e-10,0.00019579303625505418,3.4931533718918217e-06,4.280017174007611e-10,0.0005548416520468891,4.280017174007611e-10
3,2021-04-13,0.951539488435683,-0.008777908818423748,2.061040449419238e-09,5.491127012646757e-05,2.061040449419238e-09,2.061040449419238e-09,2.061040449419238e-09,2.061040449419238e-09,2.061040449419238e-09,2.061040449419238e-09,0.9999450445175171,2.061040449419238e-09,2.061040449419238e-09,2.061040449419238e-09,2.061040449419238e-09,2.061040449419238e-09
3,2021-04-14,0.9472656066554253,-0.004501661606878042,2.061153470123145e-09,1.0,2.061153470123145e-09,2.061153470123145e-09,2.061153470123145e-09,2.061153470123145e-09,2.061153470123145e-09,2.061153470123145e-09,4.715728696425003e-09,2.061153470123145e-09,2.061153470123145e-09,2.061153470123145e-09,2.061153470123145e-09,2.061153470123145e-09
3,2021-04-15,0.9535487728505063,0.006611049608141184,2.0611246043245046e-09,1.4005550838191994e-05,2.0611246043245046e-09,2.0611246043245046e-09,2.0611246043245046e-09,2.0611246043245046e-09,2.0611246043245046e-09,2.0611246043245046e-09,2.0611246043245046e-09,2.0611246043245046e-09,2.0611246043245046e-09,0.9999859929084778,2.0611246043245046e-09,2.0611246043245046e-09
3,2021-04-16,0.9621588928353043,0.008989031171798705,1.030576846083875e-09,1.030576846083875e-09,1.030576846083875e-09,1.030576846083875e-09,1.030576846083875e-09,1.030576846083875e-09,1.030576846083875e-09,1.030576846083875e-09,0.5,1.030576846083875e-09,1.030576846083875e-09,0.5,1.030576846083875e-09,1.030576846083875e-09
3,2021-04-19,0.9712300074034396,0.009383710777759551,2.061153470123145e-09,3.9802969808988564e-08,2.061153470123145e-09,2.061153470123145e-09,2.061153470123145e-09,2.061153470123145e-09,2.061153470123145e-09,2.061153470123145e-09,0.9999999403953552,2.061153470123145e-09,2.061153470123145e-09,2.061153470123145e-09,2.061153470123145e-09,2.061153470123145e-09
3,2021-04-20,0.9652199000213666,-0.006207366022913479,2.061153470123145e-09,2.061153470123145e-09,2.061153470123145e-09,2.061153470123145e-09,2.061153470123145e-09,2.061153470123145e-09,2.061153470123145e-09,2.061153470123145e-09,1.0,2.061153470123145e-09,2.061153470123145e-09,2.061153470123145e-09,2.061153470123145e-09,2.061153470123145e-09
3,2021-04-21,0.9585477402887239,-0.006936582512408495,0.33266928791999817,6.856825107703912e-10,6.856825107703912e-10,6.856825107703912e-10,0.00017774860316421837,6.856825107703912e-10,6.856825107703912e-10,6.856825107703912e-10,0.33266928791999817,6.856825107703912e-10,6.856825107703912e-10,0.33266928791999817,7.565185700109112e-10,0.0018143727211281657
3,2021-04-22,0.9611026126718241,0.0026618117071688175,2.058809789318161e-09,2.058809789318161e-09,2.058809789318161e-09,2.058809789318161e-09,2.058809789318161e-09,2.058809789318161e-09,2.058809789318161e-09,2.058809789318161e-09,0.9988628029823303,2.058809789318161e-09,2.058809789318161e-09,0.0011371502187103033,2.058809789318161e-09,2.058809789318161e-09
3,2021-04-23,0.9575557400004161,-0.003697246783762239,2.06115324807854e-09,2.06115324807854e-09,2.06115324807854e-09,2.06115324807854e-09,2.06115324807854e-09,2.06115324807854e-09,2.06115324807854e-09,2.06115324807854e-09,0.9999998211860657,2.06115324807854e-09,2.06115324807854e-09,1.557236259941419e-07,2.06115324807854e-09,2.06115324807854e-09
3,2021-04-26,0.9540092718981668,-0.0037105430881949845,2.061153470123145e-09,2.061153470123145e-09,2.061153470123145e-09,2.061153470123145e-09,2.061153470123145e-09,2.061153470123145e-09,2.061153470123145e-09,2.061153470123145e-09,1.0,2.061153470123145e-09,2.061153470123145e-09,2.061153470123145e-09,2.061153470123145e-09,2.061153470123145e-09
3,2021-04-27,0.942151770535649,-0.012507013554871082,0.5,1.030576846083875e-09,1.030576846083875e-09,1.030576846083875e-09,1.030576846083875e-09,1.030576846083875e-09,1.030576846083875e-09,1.030576846083875e-09,1.030576846083875e-09,1.030576846083875e-09,1.030576846083875e-09,0.5,1.030576846083875e-09,1.030576846083875e-09
3,2021-04-28,0.9352664032403954,-0.007334964859485626,2.0611514717217005e-09,1.0125356766366167e-06,2.0611514717217005e-09,2.0611514717217005e-09,2.0611514717217005e-09,2.0611514717217005e-09,2.0611514717217005e-09,2.0611514717217005e-09,0.9999989867210388,2.0611514717217005e-09,2.0611514717217005e-09,2.0611514717217005e-09,2.0611514717217005e-09,2.0611514717217005e-09
3,2021-04-29,0.9227773958793309,-0.013443381103873253,0.5,1.030576846083875e-09,1.030576846083875e-09,1.030576846083875e-09,1.030576846083875e-09,1.030576846083875e-09,1.030576846083875e-09,1.030576846083875e-09,1.030576846083875e-09,1.030576846083875e-09,1.030576846083875e-09,0.5,1.030576846083875e-09,1.030576846083875e-09
3,2021-04-30,0.9410229062865823,0.019579450929164886,2.0608343920258676e-09,0.9998450875282288,2.0608343920258676e-09,2.0608343920258676e-09,2.0608343920258676e-09,2.0608343920258676e-09,2.0608343920258676e-09,2.0608343920258676e-09,2.0608343920258676e-09,2.0608343920258676e-09,2.0608343920258676e-09,0.00015487094060517848,2.0608343920258676e-09,2.0608343920258676e-09
3,2021-05-03,0.9446424985866776,0.0038390657603740693,2.061153470123145e-09,2.061153470123145e-09,2.061153470123145e-09,2.061153470123145e-09,2.061153470123145e-09,2.061153470123145e-09,2.061153470123145e-09,2.061153470123145e-09,1.0,2.061153470123145e-09,2.061153470123145e-09,2.061153470123145e-09,2.061153470123145e-09,2.061153470123145e-09
3,2021-05-04,0.9487387997818522,0.004326975860446692,0.3333333432674408,0.3333333432674408,6.870511937151491e-10,6.870511937151491e-10,6.870511937151491e-10,6.870511937151491e-10,6.870511937151491e-10,6.870511937151491e-10,6.870511937151491e-10,6.870511937151491e-10,6.870511937151491e-10,0.3333333432674408,6.870511937151491e-10,6.870511937151491e-10
3,2021-05-06,0.9527476447437732,0.004216544286161661,2.061153470123145e-09,2.061153470123145e-09,2.061153470123145e-09,2.061153470123145e-09,2.061153470123145e-09,2.061153470123145e-09,2.061153470123145e-09,2.061153470123145e-09,1.0,2.061153470123145e-09,2.061153470123145e-09,2.061153470123145e-09,2.061153470123145e-09,2.061153470123145e-09
3,2021-05-07,0.9664085012529366,0.014236556278359427,2.061153026033935e-09,2.8888175052088627e-07,2.061153026033935e-09,2.061153026033935e-09,2.061153026033935e-09,2.061153026033935e-09,2.061153026033935e-09,2.061153026033935e-09,0.9999997019767761,2.061153026033935e-09,2.061153026033935e-09,2.061153026033935e-09,2.061153026033935e-09,2.061153026033935e-09
3,2021-05-10,0.9761662694807027,0.010046306010135024,2.061153470123145e-09,9.396313771503628e-08,2.061153470123145e-09,2.061153470123145e-09,2.061153470123145e-09,2.061153470123145e-09,2.061153470123145e-09,2.061153470123145e-09,0.9999998807907104,2.061153470123145e-09,2.061153470123145e-09,2.061153470123145e-09,2.195350568001686e-09,2.061153470123145e-09
3,2021-05-11,0.9746050175951287,-0.0016006512185777198,2.061153470123145e-09,2.061153470123145e-09,2.061153470123145e-09,2.061153470123145e-09,2.061153470123145e-09,2.061153470123145e-09,2.061153470123145e-09,2.061153470123145e-09,1.0,2.061153470123145e-09,2.061153470123145e-09,2.061153470123145e-09,2.061153470123145e-09,2.061153470123145e-09
3,2021-05-12,0.9506551789465697,-0.02488086982369423,2.061153470123145e-09,0.9999999403953552,2.061153470123145e-09,2.061153470123145e-09,2.061153470123145e-09,2.061153470123145e-09,2.061153470123145e-09,2.061153470123145e-09,2.061153470123145e-09,2.061153470123145e-09,2.061153470123145e-09,1.3696377365590706e-08,2.061153470123145e-09,2.061153470123145e-09
3,2021-05-13,0.9435166993100144,-0.007537344962358475,2.0594133065543474e-09,2.0594133065543474e-09,2.0594133065543474e-09,2.0594133065543474e-09,2.0594133065543474e-09,2.0594133065543474e-09,2.0594133065543474e-09,2.0594133065543474e-09,0.9991556406021118,2.0594133065543474e-09,2.0594133065543474e-09,0.0008443468250334263,2.0594133065543474e-09,2.0594133065543474e-09
3,2021-05-14,0.9507175583868795,0.0076029601246118544,7.606996632603114e-07,1.8961594516753166e-09,1.8961594516753166e-09,1.8961594516753166e-09,1.8961594516753166e-09,1.8961594516753166e-09,1.8961594516753166e-09,1.8961594516753166e-09,0.9199506044387817,1.8961594516753166e-09,1.8961594516753166e-09,0.08004862815141678,1.8961594516753166e-09,1.8961594516753166e-09
3,2021-05-17,0.9443617309412491,-0.006707741794735193,1.3322116956260288e-06,0.021686917170882225,1.3322116956260288e-06,1.3322116956260288e-06,1.3322116956260288e-06,1.3322116956260288e-06,1.3322116956260288e-06,1.3322116956260288e-06,1.3322116956260288e-06,1.3322116956260288e-06,1.3322116956260288e-06,0.9782971143722534,1.3322116956260288e-06,1.3322116956260288e-06
3,2021-05-18,0.9526813644727848,0.00877121546715498,2.061153470123145e-09,2.061153470123145e-09,2.061153470123145e-09,2.061153470123145e-09,2.061153470123145e-09,2.061153470123145e-09,2.061153470123145e-09,2.061153470123145e-09,1.0,2.061153470123145e-09,2.061153470123145e-09,2.061153470123145e-09,2.061153470123145e-09,2.061153470123145e-09
3,2021-05-20,0.9549255852771068,0.0023529184982180595,2.061153470123145e-09,2.061153470123145e-09,2.061153470123145e-09,2.061153470123145e-09,2.061153470123145e-09,2.061153470123145e-09,2.061153470123145e-09,2.061153470123145e-09,1.0,2.061153470123145e-09,2.061153470123145e-09,2.061153470123145e-09,2.061153470123145e-09,2.061153470123145e-09
3,2021-05-21,0.9545515965043309,-0.0003917185092614162,2.061153470123145e-09,2.061153470123145e-09,2.061153470123145e-09,2.061153470123145e-09,2.061153470123145e-09,2.061153470123145e-09,2.061153470123145e-09,2.061153470123145e-09,0.9999999403953552,2.061153470123145e-09,2.061153470123145e-09,3.794137626300653e-08,2.061153470123145e-09,2.061153470123145e-09
3,2021-05-24,0.9586660519342585,0.004301091176104812,2.061153470123145e-09,2.061153470123145e-09,2.061153470123145e-09,2.061153470123145e-09,2.061153470123145e-09,2.061153470123145e-09,2.061153470123145e-09,2.061153470123145e-09,1.0,2.061153470123145e-09,2.061153470123145e-09,2.061153470123145e-09,2.061153470123145e-09,2.061153470123145e-09
3,2021-05-25,0.9567958187791236,-0.0019527757540345192,2.061153470123145e-09,2.061153470123145e-09,2.061153470123145e-09,2.061153470123145e-09,2.061153470123145e-09,2.061153470123145e-09,2.061153470123145e-09,2.061153470123145e-09,1.0,2.061153470123145e-09,2.061153470123145e-09,2.061153470123145e-09,2.061153470123145e-09,2.061153470123145e-09
3,2021-05-26,0.9691391845100081,0.012818225659430027,2.061153470123145e-09,2.061153470123145e-09,2.061153470123145e-09,2.061153470123145e-09,2.061153470123145e-09,2.061153470123145e-09,2.061153470123145e-09,2.061153470123145e-09,1.0,2.061153470123145e-09,2.061153470123145e-09,2.061153470123145e-09,2.061153470123145e-09,2.061153470123145e-09
3,2021-05-27,0.9672689507911331,-0.0019316530087962747,2.061153470123145e-09,2.061153470123145e-09,2.061153470123145e-09,2.061153470123145e-09,2.061153470123145e-09,2.061153470123145e-09,2.061153470123145e-09,2.061153470123145e-09,1.0,2.061153470123145e-09,2.061153470123145e-09,2.061153470123145e-09,2.061153470123145e-09,2.061153470123145e-09
3,2021-05-28,0.9678694858106007,0.0006206636459566654,0.5,1.030576846083875e-09,1.030576846083875e-09,1.030576846083875e-09,1.030576846083875e-09,1.030576846083875e-09,1.030576846083875e-09,1.030576846083875e-09,1.030576846083875e-09,1.030576846083875e-09,1.030576846083875e-09,0.5,1.030576846083875e-09,1.030576846083875e-09
3,2021-05-31,0.9802357185445597,0.012695822390913963,2.061153470123145e-09,0.9999998807907104,2.061153470123145e-09,2.061153470123145e-09,2.061153470123145e-09,2.061153470123145e-09,2.061153470123145e-09,2.061153470123145e-09,2.061153470123145e-09,2.061153470123145e-09,2.061153470123145e-09,7.783665267879769e-08,2.061153470123145e-09,2.061153470123145e-09
3,2021-06-01,0.9755576399485653,-0.004783825957030058,2.061153470123145e-09,2.061153470123145e-09,2.061153470123145e-09,2.061153470123145e-09,2.061153470123145e-09,2.061153470123145e-09,2.061153470123145e-09,2.061153470123145e-09,2.061153470123145e-09,2.061153470123145e-09,2.061153470123145e-09,1.0,2.061153470123145e-09,2.061153470123145e-09
3,2021-06-02,0.966654518115169,-0.009168086151778698,2.0611039541762466e-09,2.404496626695618e-05,2.0611039541762466e-09,2.0611039541762466e-09,2.0611039541762466e-09,2.0611039541762466e-09,2.0611039541762466e-09,2.0611039541762466e-09,0.9999759197235107,2.0611039541762466e-09,2.0611039541762466e-09,2.0611039541762466e-09,2.0611039541762466e-09,2.0611039541762466e-09
3,2021-06-03,0.9666545112320633,-7.120543776828469e-09,2.061153470123145e-09,2.061153470123145e-09,2.061153470123145e-09,2.061153470123145e-09,2.061153470123145e-09,2.061153470123145e-09,2.061153470123145e-09,2.061153470123145e-09,1.0,2.061153470123145e-09,2.061153470123145e-09,2.061153470123145e-09,2.061153470123145e-09,2.061153470123145e-09
3,2021-06-04,0.9528024609424798,-0.014433551748971013,2.0611461426511823e-09,3.6437713788473047e-06,2.0611461426511823e-09,2.0611461426511823e-09,2.0611461426511823e-09,2.0611461426511823e-09,2.0611461426511823e-09,2.0611461426511823e-09,0.9999963045120239,2.0611461426511823e-09,2.0611461426511823e-09,2.0611461426511823e-09,2.0611461426511823e-09,2.0611461426511823e-09
3,2021-06-07,0.9591669426470217,0.006657538766284915,2.061153470123145e-09,2.061153470123145e-09,2.061153470123145e-09,2.061153470123145e-09,2.061153470123145e-09,2.061153470123145e-09,2.061153470123145e-09,2.061153470123145e-09,1.0,2.061153470123145e-09,2.061153470123145e-09,2.061153470123145e-09,2.061153470123145e-09,2.061153470123145e-09
3,2021-06-08,0.9661170832525204,0.007219891405850649,1.3575277080235537e-07,1.3575277080235537e-07,1.3575277080235537e-07,1.3575277080235537e-07,1.3575277080235537e-07,1.3575277080235537e-07,1.3575277080235537e-07,1.3575277080235537e-07,0.8972669243812561,1.3575277080235537e-07,1.3575277080235537e-07,0.10273142158985138,1.3575277080235537e-07,1.3575277080235537e-07
3,2021-06-09,0.9638397440801969,-0.0023599908526986835,2.061153470123145e-09,2.061153470123145e-09,2.061153470123145e-09,2.061153470123145e-09,2.061153470123145e-09,2.061153470123145e-09,2.061153470123145e-09,2.061153470123145e-09,1.0,2.061153470123145e-09,2.061153470123145e-09,2.061153470123145e-09,2.061153470123145e-09,2.061153470123145e-09
3,2021-06-10,0.9612175617030115,-0.0027242659125477076,2.061153470123145e-09,2.061153470123145e-09,2.061153470123145e-09,2.061153470123145e-09,2.061153470123145e-09,2.061153470123145e-09,2.061153470123145e-09,2.061153470123145e-09,1.0,2.061153470123145e-09,2.061153470123145e-09,2.061153470123145e-09,2.061153470123145e-09,2.061153470123145e-09
3,2021-06-11,0.969084109713393,0.008150634355843067,2.061153470123145e-09,2.061153470123145e-09,2.061153470123145e-09,2.061153470123145e-09,2.061153470123145e-09,2.061153470123145e-09,2.061153470123145e-09,2.061153470123145e-09,1.0,2.061153470123145e-09,2.061153470123145e-09,2.061153470123145e-09,2.061153470123145e-09,2.061153470123145e-09
3,2021-06-14,0.9886420861817734,0.01998096280992031,2.321489445122893e-09,2.061153470123145e-09,2.061153470123145e-09,2.061153470123145e-09,2.061153470123145e-09,2.061153470123145e-09,2.061153470123145e-09,2.061153470123145e-09,2.061153470123145e-09,2.061153470123145e-09,2.061153470123145e-09,1.0,2.061153470123145e-09,2.061153470123145e-09
3,2021-06-15,0.9910779295304599,0.0024607970405369998,2.061153470123145e-09,2.061153470123145e-09,2.061153470123145e-09,2.061153470123145e-09,2.061153470123145e-09,2.061153470123145e-09,2.061153470123145e-09,2.061153470123145e-09,1.0,2.061153470123145e-09,2.061153470123145e-09,2.061153470123145e-09,2.061153470123145e-09,2.061153470123145e-09
3,2021-06-16,0.9867842369753794,-0.004341757856309414,2.061153470123145e-09,2.061153470123145e-09,2.061153470123145e-09,2.061153470123145e-09,2.061153470123145e-09,2.061153470123145e-09,2.061153470123145e-09,2.061153470123145e-09,1.0,2.061153470123145e-09,2.061153470123145e-09,2.061153470123145e-09,2.061153470123145e-09,2.061153470123145e-09
3,2021-06-17,0.9882222931071961,0.001456254816427827,0.5,1.030576846083875e-09,1.030576846083875e-09,1.030576846083875e-09,1.030576846083875e-09,1.030576846083875e-09,1.030576846083875e-09,1.030576846083875e-09,1.030576846083875e-09,1.030576846083875e-09,1.030576846083875e-09,0.5,1.030576846083875e-09,1.030576846083875e-09
3,2021-06-18,0.9722890524568933,-0.016254526141285898,2.061153470123145e-09,2.061153470123145e-09,2.061153470123145e-09,2.061153470123145e-09,2.061153470123145e-09,2.061153470123145e-09,2.061153470123145e-09,2.061153470123145e-09,1.0,2.061153470123145e-09,2.061153470123145e-09,2.061153470123145e-09,2.061153470123145e-09,2.061153470123145e-09
3,2021-06-21,0.9675647257759772,-0.004870816629845649,1.084442047272205e-08,2.0499204556045925e-09,2.0499204556045925e-09,2.0499204556045925e-09,2.0499204556045925e-09,2.0499204556045925e-09,2.0499204556045925e-09,2.0499204556045925e-09,0.9945501089096069,2.0499204556045925e-09,2.0499204556045925e-09,0.00544988177716732,2.0499204556045925e-09,2.0499204556045925e-09
3,2021-06-22,0.959140421118826,-0.008744834004342556,4.248564167141922e-09,2.061153470123145e-09,2.061153470123145e-09,2.061153470123145e-09,2.061153470123145e-09,2.061153470123145e-09,2.061153470123145e-09,2.061153470123145e-09,2.061153470123145e-09,2.061153470123145e-09,2.061153470123145e-09,1.0,2.061153470123145e-09,2.061153470123145e-09
3,2021-06-23,0.9584561231031241,-0.0007137038777116685,2.0611461426511823e-09,3.6328244732430903e-06,2.0611461426511823e-09,2.0611461426511823e-09,2.0611461426511823e-09,2.0611461426511823e-09,2.0611461426511823e-09,2.0611461426511823e-09,0.9999963641166687,2.0611461426511823e-09,2.0611461426511823e-09,2.0611461426511823e-09,2.0611461426511823e-09,2.0611461426511823e-09
3,2021-06-24,0.956871629670959,-0.0016545406302742776,2.0609229878232327e-09,0.00011182291927980259,2.0609229878232327e-09,2.0609229878232327e-09,2.0609229878232327e-09,2.0609229878232327e-09,2.0609229878232327e-09,2.0609229878232327e-09,0.9998881816864014,2.0609229878232327e-09,2.0609229878232327e-09,2.0609229878232327e-09,2.0609229878232327e-09,2.0609229878232327e-09
3,2021-06-25,0.9772051244029862,0.021027339154481888,2.043441860166695e-09,0.9914069175720215,2.043441860166695e-09,2.043441860166695e-09,2.043441860166695e-09,2.043441860166695e-09,2.043441860166695e-09,2.043441860166695e-09,0.008593082427978516,2.043441860166695e-09,2.043441860166695e-09,2.043441860166695e-09,2.043441860166695e-09,2.043441860166695e-09
3,2021-06-28,0.9801520426532987,0.0030111218601465224,2.061153470123145e-09,2.061153470123145e-09,2.061153470123145e-09,2.061153470123145e-09,2.061153470123145e-09,2.061153470123145e-09,2.061153470123145e-09,2.061153470123145e-09,1.0,2.061153470123145e-09,2.061153470123145e-09,2.061153470123145e-09,2.061153470123145e-09,2.061153470123145e-09
3,2021-06-29,0.9823908572758526,0.0022815456353127957,2.061153470123145e-09,2.061153470123145e-09,2.061153470123145e-09,2.061153470123145e-09,2.061153470123145e-09,2.061153470123145e-09,2.061153470123145e-09,2.061153470123145e-09,6.46521698399738e-08,2.061153470123145e-09,2.061153470123145e-09,0.9999999403953552,2.061153470123145e-09,2.061153470123145e-09
3,2021-06-30,0.9852517865143771,0.002907978502738115,2.0607719974918837e-09,2.0607719974918837e-09,2.0607719974918837e-09,2.0607719974918837e-09,2.0607719974918837e-09,2.0607719974918837e-09,2.0607719974918837e-09,2.0607719974918837e-09,0.00018508937500882894,2.0607719974918837e-09,2.0607719974918837e-09,0.9998148679733276,2.0607719974918837e-09,2.0607719974918837e-09
3,2021-07-01,0.9897158747843506,0.004520677436888218,0.499835729598999,1.0302382280613642e-09,1.0302382280613642e-09,1.0302382280613642e-09,1.0302382280613642e-09,1.0302382280613642e-09,1.0302382280613642e-09,1.0302382280613642e-09,0.00032855020253919065,1.0302382280613642e-09,1.0302382280613642e-09,0.499835729598999,1.0302382280613642e-09,1.0302382280613642e-09
3,2021-07-02,0.9890092122572788,-0.0007142604717984796,2.061153470123145e-09,2.061153470123145e-09,2.061153470123145e-09,2.061153470123145e-09,2.061153470123145e-09,2.061153470123145e-09,2.061153470123145e-09,2.061153470123145e-09,1.0,2.061153470123145e-09,2.061153470123145e-09,2.061153470123145e-09,2.061153470123145e-09,2.061153470123145e-09
3,2021-07-05,1.0041132603367418,0.015156456691026688,0.5,1.030576846083875e-09,1.030576846083875e-09,1.030576846083875e-09,1.030576846083875e-09,1.030576846083875e-09,1.030576846083875e-09,1.030576846083875e-09,1.030576846083875e-09,1.030576846083875e-09,1.030576846083875e-09,0.5,1.030576846083875e-09,1.030576846083875e-09
3,2021-07-06,1.005809283820419,0.001687650990486145,2.061153470123145e-09,1.0,2.061153470123145e-09,2.061153470123145e-09,2.061153470123145e-09,2.061153470123145e-09,2.061153470123145e-09,2.061153470123145e-09,2.061153470123145e-09,2.061153470123145e-09,2.061153470123145e-09,2.061153470123145e-09,2.061153470123145e-09,2.061153470123145e-09
3,2021-07-07,0.9865051446750607,-0.019379213452339172,2.061153470123145e-09,1.0,2.061153470123145e-09,2.061153470123145e-09,2.061153470123145e-09,2.061153470123145e-09,2.061153470123145e-09,2.061153470123145e-09,2.061153470123145e-09,2.061153470123145e-09,2.061153470123145e-09,2.061153470123145e-09,2.061153470123145e-09,2.061153470123145e-09
3,2021-07-08,0.9759488127875602,-0.010758401404321194,4.260155783697428e-09,2.061153470123145e-09,2.061153470123145e-09,2.061153470123145e-09,2.061153470123145e-09,2.061153470123145e-09,2.061153470123145e-09,2.061153470123145e-09,2.061153470123145e-09,2.061153470123145e-09,2.061153470123145e-09,1.0,2.061153470123145e-09,2.061153470123145e-09
3,2021-07-09,0.9756558349930368,-0.00030024297908644255,2.061096626704284e-09,2.061096626704284e-09,2.061096626704284e-09,2.061096626704284e-09,2.061096626704284e-09,2.061096626704284e-09,2.061096626704284e-09,2.061096626704284e-09,0.999972403049469,2.061096626704284e-09,2.061096626704284e-09,2.7582907932810485e-05,2.061096626704284e-09,2.061096626704284e-09
3,2021-07-12,0.979732459436698,0.004169637674093247,0.5,1.030576846083875e-09,1.030576846083875e-09,1.030576846083875e-09,1.030576846083875e-09,1.030576846083875e-09,1.030576846083875e-09,1.030576846083875e-09,1.030576846083875e-09,1.030576846083875e-09,1.030576846083875e-09,0.5,1.030576846083875e-09,1.030576846083875e-09
3,2021-07-13,0.9849968738414491,0.005358933583647012,7.171730764810036e-09,7.171730764810036e-09,7.171730764810036e-09,7.171730764810036e-09,7.171730764810036e-09,7.171730764810036e-09,7.171730764810036e-09,7.171730764810036e-09,0.994513988494873,7.171730764810036e-09,7.171730764810036e-09,0.0054859379306435585,7.171730764810036e-09,7.171730764810036e-09
3,2021-07-14,0.9823831822512534,-0.0026570291996002196,0.5,1.030576846083875e-09,1.030576846083875e-09,1.030576846083875e-09,1.030576846083875e-09,1.030576846083875e-09,1.030576846083875e-09,1.030576846083875e-09,1.030576846083875e-09,1.030576846083875e-09,1.030576846083875e-09,0.5,1.030576846083875e-09,1.030576846083875e-09
3,2021-07-15,0.9901463203950749,0.007871292383968831,3.056555613056844e-07,1.3883296560379677e-05,3.056555613056844e-07,3.056555613056844e-07,3.056555613056844e-07,3.056555613056844e-07,3.056555613056844e-07,3.056555613056844e-07,4.8413626245746855e-06,3.056555613056844e-07,3.056555613056844e-07,0.9999778866767883,3.056555613056844e-07,3.056555613056844e-07
3,2021-07-16,0.9932659582023694,0.0031457306315183812,6.24269773652486e-08,7.512568117817864e-06,6.24269773652486e-08,6.24269773652486e-08,6.24269773652486e-08,6.24269773652486e-08,6.24269773652486e-08,6.24269773652486e-08,6.24269773652486e-08,6.24269773652486e-08,6.24269773652486e-08,0.9999917149543762,6.24269773652486e-08,6.24269773652486e-08
3,2021-07-19,0.9813520802867167,-0.012067166666686535,2.061153470123145e-09,2.061153470123145e-09,2.061153470123145e-09,2.061153470123145e-09,2.061153470123145e-09,2.061153470123145e-09,2.061153470123145e-09,2.061153470123145e-09,1.0,2.061153470123145e-09,2.061153470123145e-09,2.061153470123145e-09,2.061153470123145e-09,2.061153470123145e-09
3,2021-07-20,0.9883921486712608,0.007148236058652401,0.00016616620996501297,2.060788206748043e-09,2.060788206748043e-09,2.060788206748043e-09,2.060788206748043e-09,2.060788206748043e-09,2.060788206748043e-09,2.060788206748043e-09,1.105025876313448e-05,2.060788206748043e-09,2.060788206748043e-09,0.999822735786438,2.060788206748043e-09,2.060788206748043e-09
3,2021-07-21,0.9811419842582537,-0.0073623473092913625,1.9300430142976666e-09,1.9300430142976666e-09,1.9300430142976666e-09,1.9300430142976666e-09,1.9300430142976666e-09,1.9300430142976666e-09,1.9300430142976666e-09,1.9300430142976666e-09,0.0636102482676506,1.9300430142976666e-09,1.9300430142976666e-09,0.9363897442817688,1.9300430142976666e-09,1.9300430142976666e-09
3,2021-07-22,0.9736922408079393,-0.007621904118359089,2.061153470123145e-09,8.15039591373079e-09,2.061153470123145e-09,2.061153470123145e-09,2.061153470123145e-09,2.061153470123145e-09,2.061153470123145e-09,2.061153470123145e-09,0.9999999403953552,2.061153470123145e-09,2.061153470123145e-09,2.4958446420697555e-09,2.061153470123145e-09,2.061153470123145e-09
3,2021-07-23,0.9772792890601005,0.0036771959397477985,2.061144366294343e-09,2.061144366294343e-09,2.061144366294343e-09,2.061144366294343e-09,2.061144366294343e-09,2.061144366294343e-09,2.061144366294343e-09,2.061144366294343e-09,0.9999955296516418,2.061144366294343e-09,2.061144366294343e-09,4.429811269801576e-06,2.061144366294343e-09,2.061144366294343e-09
3,2021-07-26,0.9659716829162552,-0.011637955090403556,7.39251117920503e-06,0.4999963045120239,1.030569185545005e-09,1.030569185545005e-09,1.030569185545005e-09,1.030569185545005e-09,1.030569185545005e-09,1.030569185545005e-09,1.030569185545005e-09,1.030569185545005e-09,1.030569185545005e-09,0.4999963045120239,1.030569185545005e-09,1.030569185545005e-09
3,2021-07-27,0.9731235639641915,0.007376546860486269,2.0611483630972316e-09,0.9999973773956299,2.0611483630972316e-09,2.0611483630972316e-09,2.0611483630972316e-09,2.0611483630972316e-09,2.0611483630972316e-09,2.0611483630972316e-09,2.0611483630972316e-09,2.0611483630972316e-09,2.0611483630972316e-09,2.570366405052482e-06,2.0611483630972316e-09,2.0611483630972316e-09
3,2021-07-28,0.9830737317988527,0.010173057358661185,2.061153470123145e-09,1.0,2.061153470123145e-09,2.061153470123145e-09,2.061153470123145e-09,2.061153470123145e-09,2.061153470123145e-09,2.061153470123145e-09,2.061153470123145e-09,2.061153470123145e-09,2.061153470123145e-09,2.061153470123145e-09,2.061153470123145e-09,2.061153470123145e-09
3,2021-07-29,0.9877172205643802,0.0047123185264385,2.061153470123145e-09,0.9999999403953552,2.061153470123145e-09,2.061153470123145e-09,2.061153470123145e-09,2.061153470123145e-09,2.061153470123145e-09,2.061153470123145e-09,2.061153470123145e-09,2.061153470123145e-09,2.061153470123145e-09,5.494213528578484e-09,2.061153470123145e-09,2.061153470123145e-09
3,2021-07-30,0.9677132520360184,-0.020460626620054247,2.061153470123145e-09,2.061153470123145e-09,2.061153470123145e-09,2.061153470123145e-09,2.061153470123145e-09,2.061153470123145e-09,2.061153470123145e-09,2.061153470123145e-09,2.061153470123145e-09,2.061153470123145e-09,2.061153470123145e-09,1.0,2.061153470123145e-09,2.061153470123145e-09
3,2021-08-02,0.9928575728656134,0.025651406448382562,1.457849947428258e-07,2.06115324807854e-09,2.06115324807854e-09,2.06115324807854e-09,2.06115324807854e-09,2.06115324807854e-09,2.06115324807854e-09,2.06115324807854e-09,2.06115324807854e-09,2.06115324807854e-09,2.06115324807854e-09,0.9999998211860657,2.06115324807854e-09,2.06115324807854e-09
3,2021-08-03,0.9959799468316645,0.0031399010732769965,2.0611494733202562e-09,0.9999980330467224,2.0611494733202562e-09,2.0611494733202562e-09,2.0611494733202562e-09,2.0611494733202562e-09,2.0611494733202562e-09,2.0611494733202562e-09,2.0611494733202562e-09,2.0611494733202562e-09,2.0611494733202562e-09,1.9405486000323435e-06,2.0611494733202562e-09,2.0611494733202562e-09
3,2021-08-04,1.0068836299932622,0.010888201282918453,1.8492928299806977e-09,1.8492928299806977e-09,1.8492928299806977e-09,1.8492928299806977e-09,1.8492928299806977e-09,1.8492928299806977e-09,1.8492928299806977e-09,1.8492928299806977e-09,0.10278746485710144,1.8492928299806977e-09,1.8492928299806977e-09,0.8972125053405762,1.8492928299806977e-09,1.8492928299806977e-09
3,2021-08-05,1.0135422425001723,0.006591319884359836,2.061153470123145e-09,2.061153470123145e-09,2.061153470123145e-09,2.061153470123145e-09,2.061153470123145e-09,2.061153470123145e-09,2.061153470123145e-09,2.061153470123145e-09,2.3798603088209802e-09,2.061153470123145e-09,2.061153470123145e-09,1.0,2.061153470123145e-09,2.061153470123145e-09
3,2021-08-06,1.0074576745940576,-0.0060213622361421585,3.698337991409062e-08,4.126410203753039e-06,3.698337991409062e-08,3.698337991409062e-08,3.698337991409062e-08,3.698337991409062e-08,3.698337991409062e-08,3.698337991409062e-08,0.9999952912330627,3.698337991409062e-08,3.698337991409062e-08,1.532002187332182e-07,3.698337991409062e-08,3.698337991409062e-08
3,2021-08-09,0.976490793238998,-0.031219960664292966,2.061153470123145e-09,2.061153470123145e-09,2.061153470123145e-09,2.061153470123145e-09,2.061153470123145e-09,2.061153470123145e-09,2.061153470123145e-09,2.061153470123145e-09,1.0,2.061153470123145e-09,2.061153470123145e-09,2.061153470123145e-09,2.061153470123145e-09,2.061153470123145e-09
3,2021-08-10,0.9715995015889879,-0.005021637797355652,2.0611281570381834e-09,0.9999876618385315,2.0611281570381834e-09,2.0611281570381834e-09,2.0611281570381834e-09,2.0611281570381834e-09,2.0611281570381834e-09,2.0611281570381834e-09,2.0611281570381834e-09,2.0611281570381834e-09,2.0611281570381834e-09,1.2326030628173612e-05,2.0611281570381834e-09,2.0611281570381834e-09
3,2021-08-11,0.9680043561709368,-0.003707096705213189,2.061153470123145e-09,2.061153470123145e-09,2.061153470123145e-09,2.061153470123145e-09,2.061153470123145e-09,2.061153470123145e-09,2.061153470123145e-09,2.061153470123145e-09,1.0,2.061153470123145e-09,2.061153470123145e-09,2.061153470123145e-09,2.061153470123145e-09,2.061153470123145e-09
3,2021-08-12,0.9735397934570234,0.005702113223075867,2.061153470123145e-09,1.0,2.061153470123145e-09,2.061153470123145e-09,2.061153470123145e-09,2.061153470123145e-09,2.061153470123145e-09,2.061153470123145e-09,2.061153470123145e-09,2.061153470123145e-09,2.061153470123145e-09,2.061153470123145e-09,2.061153470123145e-09,2.061153470123145e-09
3,2021-08-13,0.9648868834538714,-0.008927825416624546,2.061153470123145e-09,9.727786576263497e-09,2.061153470123145e-09,2.061153470123145e-09,2.061153470123145e-09,2.061153470123145e-09,2.061153470123145e-09,2.061153470123145e-09,2.061153470123145e-09,2.061153470123145e-09,2.061153470123145e-09,0.9999999403953552,2.061153470123145e-09,2.061153470123145e-09
3,2021-08-17,0.9618862804285168,-0.003114643184095621,1.9849732968424405e-09,1.9849732968424405e-09,1.9849732968424405e-09,1.9849732968424405e-09,1.9849732968424405e-09,1.9849732968424405e-09,1.9849732968424405e-09,1.9849732968424405e-09,0.036960016936063766,1.9849732968424405e-09,1.9849732968424405e-09,0.9630399346351624,1.9849732968424405e-09,1.9849732968424405e-09
3,2021-08-18,0.9630407138236359,0.0011994569528847932,2.061153470123145e-09,7.779743071978373e-09,2.061153470123145e-09,2.061153470123145e-09,2.061153470123145e-09,2.061153470123145e-09,2.061153470123145e-09,2.061153470123145e-09,2.061153470123145e-09,2.061153470123145e-09,2.061153470123145e-09,0.9999999403953552,2.061153470123145e-09,2.061153470123145e-09
3,2021-08-19,0.9548246470988613,-0.008567981000244617,2.061153470123145e-09,2.061153470123145e-09,2.061153470123145e-09,2.061153470123145e-09,2.061153470123145e-09,2.061153470123145e-09,2.061153470123145e-09,2.061153470123145e-09,1.0,2.061153470123145e-09,2.061153470123145e-09,2.061153470123145e-09,2.061153470123145e-09,2.061153470123145e-09
3,2021-08-20,0.9603736467344745,0.005794716067612171,2.061153470123145e-09,2.061153470123145e-09,2.061153470123145e-09,2.061153470123145e-09,2.061153470123145e-09,2.061153470123145e-09,2.061153470123145e-09,2.061153470123145e-09,1.0,2.061153470123145e-09,2.061153470123145e-09,2.061153470123145e-09,2.061153470123145e-09,2.061153470123145e-09
3,2021-08-23,0.9723417854356633,0.012384949673712254,2.061153470123145e-09,0.9999999403953552,2.061153470123145e-09,2.061153470123145e-09,2.061153470123145e-09,2.061153470123145e-09,2.061153470123145e-09,2.061153470123145e-09,8.39311731226644e-09,2.061153470123145e-09,2.061153470123145e-09,2.061153470123145e-09,2.061153470123145e-09,2.061153470123145e-09
3,2021-08-24,0.9911339069490996,0.019142274498939515,1.030576846083875e-09,0.5,1.030576846083875e-09,1.030576846083875e-09,1.030576846083875e-09,1.030576846083875e-09,1.030576846083875e-09,1.030576846083875e-09,0.5,1.030576846083875e-09,1.030576846083875e-09,1.030576846083875e-09,1.030576846083875e-09,1.030576846083875e-09
3,2021-08-25,0.9906183592091001,-0.0005202948526246472,2.061153470123145e-09,2.061153470123145e-09,2.061153470123145e-09,2.061153470123145e-09,2.061153470123145e-09,2.061153470123145e-09,2.061153470123145e-09,2.061153470123145e-09,2.061153470123145e-09,2.061153470123145e-09,2.061153470123145e-09,1.0,2.061153470123145e-09,2.061153470123145e-09
3,2021-08-26,0.9898342611712939,-0.0007918372504413127,0.4999999403953552,8.38699207861282e-08,1.0305767350615724e-09,1.0305767350615724e-09,1.0305767350615724e-09,1.0305767350615724e-09,1.0305767350615724e-09,1.0305767350615724e-09,1.0305767350615724e-09,1.0305767350615724e-09,1.0305767350615724e-09,0.4999999403953552,1.0305767350615724e-09,1.0305767350615724e-09
3,2021-08-27,1.0001731740835544,0.010390921917557716,2.061153470123145e-09,2.061153470123145e-09,2.061153470123145e-09,2.061153470123145e-09,2.061153470123145e-09,2.061153470123145e-09,2.061153470123145e-09,2.061153470123145e-09,1.0,2.061153470123145e-09,2.061153470123145e-09,2.061153470123145e-09,2.061153470123145e-09,2.061153470123145e-09
3,2021-08-30,0.9740677006923844,-0.02644762894809246,2.3206069954539998e-07,0.9999338984489441,2.3206069954539998e-07,2.3206069954539998e-07,2.3206069954539998e-07,2.3206069954539998e-07,2.3206069954539998e-07,2.3206069954539998e-07,5.959863483440131e-05,2.3206069954539998e-07,2.3206069954539998e-07,3.921338702639332e-06,2.3206069954539998e-07,2.3206069954539998e-07
3,2021-08-31,0.9883546263053734,0.014560757729411126,2.056227632607488e-09,0.0023898817598819733,2.056227632607488e-09,2.056227632607488e-09,2.056227632607488e-09,2.056227632607488e-09,2.056227632607488e-09,2.056227632607488e-09,2.056227632607488e-09,2.056227632607488e-09,2.056227632607488e-09,0.9976100921630859,2.056227632607488e-09,2.056227632607488e-09
3,2021-09-01,0.9916548118552964,0.0033335079544223843,2.061153470123145e-09,2.061153470123145e-09,2.061153470123145e-09,2.061153470123145e-09,2.061153470123145e-09,2.061153470123145e-09,2.061153470123145e-09,2.061153470123145e-09,2.061153470123145e-09,2.061153470123145e-09,2.061153470123145e-09,1.0,2.061153470123145e-09,2.061153470123145e-09
3,2021-09-02,0.9901493811068279,-0.0015192530557513236,2.061153470123145e-09,2.061153470123145e-09,2.061153470123145e-09,2.061153470123145e-09,2.061153470123145e-09,2.061153470123145e-09,2.061153470123145e-09,2.061153470123145e-09,1.0,2.061153470123145e-09,2.061153470123145e-09,2.061153470123145e-09,2.061153470123145e-09,2.061153470123145e-09
3,2021-09-03,0.9893440889766639,-0.0008136345855744934,2.061152581944725e-09,5.303336365614086e-07,2.061152581944725e-09,2.061152581944725e-09,2.061152581944725e-09,2.061152581944725e-09,2.061152581944725e-09,2.061152581944725e-09,0.999999463558197,2.061152581944725e-09,2.061152581944725e-09,2.061152581944725e-09,2.061152581944725e-09,2.061152581944725e-09
3,2021-09-06,0.9969946461909941,0.007703212861452028,2.061153470123145e-09,2.061153470123145e-09,2.061153470123145e-09,2.061153470123145e-09,2.061153470123145e-09,2.061153470123145e-09,2.061153470123145e-09,2.061153470123145e-09,1.0,2.061153470123145e-09,2.061153470123145e-09,2.061153470123145e-09,2.061153470123145e-09,2.061153470123145e-09
3,2021-09-07,0.9918793627165076,-0.005143910303711891,1.7434879096001055e-09,1.7434879096001055e-09,1.7434879096001055e-09,1.7434879096001055e-09,1.7434879096001055e-09,1.7434879096001055e-09,1.7434879096001055e-09,1.7434879096001055e-09,0.8458796739578247,1.7434879096001055e-09,1.7434879096001055e-09,0.1541203409433365,1.7434879096001055e-09,1.7434879096001055e-09
3,2021-09-08,0.9970037296506289,0.005153021103143692,2.7202924357538905e-08,0.9999971985816956,2.7202924357538905e-08,2.7202924357538905e-08,2.7202924357538905e-08,2.7202924357538905e-08,2.7202924357538905e-08,2.7202924357538905e-08,1.2084960587799287e-07,2.7202924357538905e-08,2.7202924357538905e-08,2.3856141524447594e-06,2.7202924357538905e-08,2.7202924357538905e-08
3,2021-09-09,0.9917866897411536,-0.005246457168459892,2.061153470123145e-09,2.061153470123145e-09,2.061153470123145e-09,2.061153470123145e-09,2.061153470123145e-09,2.061153470123145e-09,2.061153470123145e-09,2.061153470123145e-09,1.0,2.061153470123145e-09,2.061153470123145e-09,2.061153470123145e-09,2.061153470123145e-09,2.061153470123145e-09
3,2021-09-10,0.9833288491897075,-0.008564453150331974,2.061153026033935e-09,0.9999997019767761,2.061153026033935e-09,2.061153026033935e-09,2.061153026033935e-09,2.061153026033935e-09,2.061153026033935e-09,2.061153026033935e-09,2.061153026033935e-09,2.061153026033935e-09,2.061153026033935e-09,3.0212217438929656e-07,2.061153026033935e-09,2.061153026033935e-09
3,2021-09-13,0.9681391177479614,-0.015567806877195835,1.3272024546040484e-07,0.008077909238636494,1.3272024546040484e-07,1.3272024546040484e-07,1.3272024546040484e-07,1.3272024546040484e-07,1.3272024546040484e-07,1.3272024546040484e-07,1.3272024546040484e-07,1.3272024546040484e-07,1.3272024546040484e-07,0.9919204711914062,1.3272024546040484e-07,1.3272024546040484e-07
3,2021-09-14,0.9879029746384193,0.020208695486187936,2.061153470123145e-09,1.0,2.061153470123145e-09,2.061153470123145e-09,2.061153470123145e-09,2.061153470123145e-09,2.061153470123145e-09,2.061153470123145e-09,2.061153470123145e-09,2.061153470123145e-09,2.061153470123145e-09,2.061153470123145e-09,2.061153470123145e-09,2.061153470123145e-09
3,2021-09-15,1.0048032908662674,0.01696258173584938,0.011384757235646248,2.0376877962746676e-09,2.0376877962746676e-09,2.0376877962746676e-09,2.0376877962746676e-09,2.0376877962746676e-09,2.0376877962746676e-09,2.0376877962746676e-09,2.0376877962746676e-09,2.0376877962746676e-09,2.0376877962746676e-09,0.9886152148246765,2.0376877962746676e-09,2.0376877962746676e-09
3,2021-09-16,0.9932258123416593,-0.011589028490521014,2.1521207145269727e-06,2.0611490292310464e-09,2.0611490292310464e-09,2.0611490292310464e-09,2.0611490292310464e-09,2.0611490292310464e-09,2.0611490292310464e-09,2.0611490292310464e-09,2.0611490292310464e-09,2.0611490292310464e-09,2.0611490292310464e-09,0.9999977946281433,2.0611490292310464e-09,2.0611490292310464e-09
3,2021-09-17,1.0008854196708707,0.007682264536619186,1.030576846083875e-09,0.5,1.030576846083875e-09,1.030576846083875e-09,1.030576846083875e-09,1.030576846083875e-09,1.030576846083875e-09,1.030576846083875e-09,1.030576846083875e-09,1.030576846083875e-09,1.030576846083875e-09,0.5,1.030576846083875e-09,1.030576846083875e-09
3,2021-09-23,0.9938823879044373,-0.007021429271996021,0.5,1.030576846083875e-09,1.030576846083875e-09,1.030576846083875e-09,1.030576846083875e-09,1.030576846083875e-09,1.030576846083875e-09,1.030576846083875e-09,1.030576846083875e-09,1.030576846083875e-09,1.030576846083875e-09,0.5,1.030576846083875e-09,1.030576846083875e-09
3,2021-09-24,1.0160260269687142,0.022035367277264593,2.047430669449568e-09,0.9933421015739441,2.047430669449568e-09,2.047430669449568e-09,2.047430669449568e-09,2.047430669449568e-09,2.047430669449568e-09,2.047430669449568e-09,0.006657903082668781,2.047430669449568e-09,2.047430669449568e-09,2.047430669449568e-09,2.047430669449568e-09,2.047430669449568e-09
3,2021-09-27,1.016578603178385,0.0005437124515883624,2.061153470123145e-09,2.061153470123145e-09,2.061153470123145e-09,2.061153470123145e-09,2.061153470123145e-09,2.061153470123145e-09,2.061153470123145e-09,2.061153470123145e-09,1.0,2.061153470123145e-09,2.061153470123145e-09,2.061153470123145e-09,2.061153470123145e-09,2.061153470123145e-09
3,2021-09-28,1.035445739111265,0.0183893214404583,2.0590671390152693e-09,0.9989876747131348,2.0590671390152693e-09,2.0590671390152693e-09,2.0590671390152693e-09,2.0590671390152693e-09,2.0590671390152693e-09,2.0590671390152693e-09,0.001012273714877665,2.0590671390152693e-09,2.0590671390152693e-09,2.0590671390152693e-09,2.0590671390152693e-09,2.0590671390152693e-09
3,2021-09-29,1.033817394423329,-0.001573840462975204,2.061153470123145e-09,2.061153470123145e-09,2.061153470123145e-09,2.061153470123145e-09,2.061153470123145e-09,2.061153470123145e-09,2.061153470123145e-09,2.061153470123145e-09,1.0,2.061153470123145e-09,2.061153470123145e-09,2.061153470123145e-09,2.061153470123145e-09,2.061153470123145e-09
3,2021-09-30,1.0281057232871185,-0.005540153943002224,2.061153470123145e-09,2.061153470123145e-09,2.061153470123145e-09,2.061153470123145e-09,2.061153470123145e-09,2.061153470123145e-09,2.061153470123145e-09,2.061153470123145e-09,1.0,2.061153470123145e-09,2.061153470123145e-09,2.061153470123145e-09,2.061153470123145e-09,2.061153470123145e-09
3,2021-10-01,1.0186988234749135,-0.009191855724155902,0.1983199119567871,8.261928918784633e-10,8.261928918784633e-10,8.261928918784633e-10,8.261928918784633e-10,8.261928918784633e-10,8.261928918784633e-10,8.261928918784633e-10,0.40084004402160645,8.261928918784633e-10,8.261928918784633e-10,0.40084004402160645,8.261928918784633e-10,8.261928918784633e-10
3,2021-10-05,1.0206609129998396,0.0019242217008024454,2.061153470123145e-09,2.061153470123145e-09,2.061153470123145e-09,2.061153470123145e-09,2.061153470123145e-09,2.061153470123145e-09,2.061153470123145e-09,2.061153470123145e-09,1.0,2.061153470123145e-09,2.061153470123145e-09,2.061153470123145e-09,2.061153470123145e-09,2.061153470123145e-09
3,2021-10-06,1.0172286542008104,-0.003368447534739971,2.061153470123145e-09,2.061153470123145e-09,2.061153470123145e-09,2.061153470123145e-09,2.061153470123145e-09,2.061153470123145e-09,2.061153470123145e-09,2.061153470123145e-09,1.0,2.061153470123145e-09,2.061153470123145e-09,2.061153470123145e-09,2.061153470123145e-09,2.061153470123145e-09
3,2021-10-07,1.022377040441552,0.005048424005508423,2.061153470123145e-09,2.061153470123145e-09,2.061153470123145e-09,2.061153470123145e-09,2.061153470123145e-09,2.061153470123145e-09,2.061153470123145e-09,2.061153470123145e-09,1.0,2.061153470123145e-09,2.061153470123145e-09,2.061153470123145e-09,2.061153470123145e-09,2.061153470123145e-09
3,2021-10-08,1.0198938689119974,-0.002431776060536504,0.33322763442993164,6.868333679577177e-10,6.868333679577177e-10,6.868333679577177e-10,0.00029775442089885473,6.868333679577177e-10,6.868333679577177e-10,6.868333679577177e-10,0.33322763442993164,6.868333679577177e-10,4.5959489547442445e-09,0.33322763442993164,6.868333679577177e-10,1.930175130837597e-05
3,2021-10-12,1.0218320348809586,0.0018985570468008518,2.061153470123145e-09,2.061153470123145e-09,2.061153470123145e-09,2.061153470123145e-09,2.061153470123145e-09,2.061153470123145e-09,2.061153470123145e-09,2.061153470123145e-09,0.9999999403953552,2.061153470123145e-09,2.061153470123145e-09,5.462198249261974e-09,2.061153470123145e-09,2.061153470123145e-09
3,2021-10-13,1.0218320351399388,2.5344682295092014e-10,2.061153470123145e-09,2.061153470123145e-09,2.061153470123145e-09,2.061153470123145e-09,2.061153470123145e-09,2.061153470123145e-09,2.061153470123145e-09,2.061153470123145e-09,1.0,2.061153470123145e-09,2.061153470123145e-09,2.061153470123145e-09,2.061153470123145e-09,2.061153470123145e-09
3,2021-10-14,1.0393980909832579,0.017044657841324806,2.061153470123145e-09,2.061153470123145e-09,2.061153470123145e-09,2.061153470123145e-09,2.061153470123145e-09,2.061153470123145e-09,2.061153470123145e-09,2.061153470123145e-09,1.0,2.061153470123145e-09,2.061153470123145e-09,2.061153470123145e-09,2.061153470123145e-09,2.061153470123145e-09
3,2021-10-15,1.038541245738128,-0.0008247067453339696,2.061153470123145e-09,2.061153470123145e-09,2.061153470123145e-09,2.061153470123145e-09,2.061153470123145e-09,2.061153470123145e-09,2.061153470123145e-09,2.061153470123145e-09,1.0,2.061153470123145e-09,2.061153470123145e-09,2.061153470123145e-09,2.061153470123145e-09,2.061153470123145e-09
3,2021-10-18,1.025813681388312,-0.012330947022140026,2.061153470123145e-09,2.061153470123145e-09,2.061153470123145e-09,2.061153470123145e-09,2.061153470123145e-09,2.061153470123145e-09,2.061153470123145e-09,2.061153470123145e-09,2.061153470123145e-09,2.061153470123145e-09,2.061153470123145e-09,1.0,2.061153470123145e-09,2.061153470123145e-09
3,2021-10-19,1.0341019826266222,0.008047267284989357,2.061153470123145e-09,2.061153470123145e-09,2.061153470123145e-09,2.061153470123145e-09,2.061153470123145e-09,2.061153470123145e-09,2.061153470123145e-09,2.061153470123145e-09,1.0,2.061153470123145e-09,2.061153470123145e-09,2.061153470123145e-09,2.061153470123145e-09,2.061153470123145e-09
3,2021-10-20,1.0325839215687802,-0.0014690779356285929,1.177854119305266e-05,2.061129267261208e-09,2.061129267261208e-09,2.061129267261208e-09,2.061129267261208e-09,2.061129267261208e-09,2.061129267261208e-09,2.061129267261208e-09,2.061129267261208e-09,2.061129267261208e-09,2.061129267261208e-09,0.9999881982803345,2.061129267261208e-09,2.061129267261208e-09
3,2021-10-21,1.0341407566827205,0.0015065726216882467,1.5076383474976751e-09,1.5076383474976751e-09,1.5076383474976751e-09,1.5076383474976751e-09,1.5076383474976751e-09,1.5076383474976751e-09,1.5076383474976751e-09,1.5076383474976751e-09,0.7314536571502686,1.5076383474976751e-09,1.5076383474976751e-09,0.26854634284973145,1.5076383474976751e-09,1.5076383474976751e-09
3,2021-10-22,1.0403219581973293,0.005959345293045044,0.5,1.030576846083875e-09,1.030576846083875e-09,1.030576846083875e-09,1.030576846083875e-09,1.030576846083875e-09,1.030576846083875e-09,1.030576846083875e-09,1.030576846083875e-09,1.030576846083875e-09,1.030576846083875e-09,0.5,1.030576846083875e-09,1.030576846083875e-09
3,2021-10-25,1.0456013331418617,0.005061917894333601,2.061153470123145e-09,2.061153470123145e-09,2.061153470123145e-09,2.061153470123145e-09,2.061153470123145e-09,2.061153470123145e-09,2.061153470123145e-09,2.061153470123145e-09,1.0,2.061153470123145e-09,2.061153470123145e-09,2.061153470123145e-09,2.061153470123145e-09,2.061153470123145e-09
3,2021-10-26,1.0499606627233384,0.004160541065782309,3.8079241981847645e-09,0.9999611377716064,3.8079241981847645e-09,3.8079241981847645e-09,3.8079241981847645e-09,3.8079241981847645e-09,3.8079241981847645e-09,3.8079241981847645e-09,3.8079241981847645e-09,3.8079241981847645e-09,3.8079241981847645e-09,3.881034717778675e-05,3.8079241981847645e-09,3.8079241981847645e-09
3,2021-10-27,1.0438455542438134,-0.005841157425940036,0.5,1.030576846083875e-09,1.030576846083875e-09,1.030576846083875e-09,1.030576846083875e-09,1.030576846083875e-09,1.030576846083875e-09,1.030576846083875e-09,1.030576846083875e-09,1.030576846083875e-09,1.030576846083875e-09,0.5,1.030576846083875e-09,1.030576846083875e-09
3,2021-10-28,1.0341675563976476,-0.009314732204377651,3.78907172304821e-09,0.9999989867210388,3.78907172304821e-09,3.78907172304821e-09,3.78907172304821e-09,3.78907172304821e-09,3.78907172304821e-09,3.78907172304821e-09,9.383146561958711e-07,3.78907172304821e-09,3.78907172304821e-09,3.78907172304821e-09,3.78907172304821e-09,3.78907172304821e-09
3,2021-10-29,1.0300408534611771,-0.003998344754800201,2.061153470123145e-09,2.061153470123145e-09,2.061153470123145e-09,2.061153470123145e-09,2.061153470123145e-09,2.061153470123145e-09,2.061153470123145e-09,2.061153470123145e-09,1.0,2.061153470123145e-09,2.061153470123145e-09,2.061153470123145e-09,2.061153470123145e-09,2.061153470123145e-09
3,2021-11-01,1.0351337756060186,0.0049322051487863065,2.061153470123145e-09,1.0,2.061153470123145e-09,2.061153470123145e-09,2.061153470123145e-09,2.061153470123145e-09,2.061153470123145e-09,2.061153470123145e-09,2.061153470123145e-09,2.061153470123145e-09,2.061153470123145e-09,2.940321763844622e-09,2.061153470123145e-09,2.061153470123145e-09
3,2021-11-02,1.0404007464841338,0.0050753019310534,2.061153470123145e-09,2.061153470123145e-09,2.061153470123145e-09,2.061153470123145e-09,2.061153470123145e-09,2.061153470123145e-09,2.061153470123145e-09,2.061153470123145e-09,1.0,2.061153470123145e-09,2.061153470123145e-09,2.061153470123145e-09,2.061153470123145e-09,2.061153470123145e-09
3,2021-11-03,1.0450427328973444,0.00445180521607399,2.061153470123145e-09,9.424098834642791e-09,2.061153470123145e-09,2.061153470123145e-09,2.061153470123145e-09,2.061153470123145e-09,2.061153470123145e-09,2.061153470123145e-09,2.061153470123145e-09,2.061153470123145e-09,2.061153470123145e-09,0.9999999403953552,2.061153470123145e-09,2.061153470123145e-09
3,2021-11-04,1.0403841890367571,-0.0044677198328077795,2.058470061072626e-09,2.058470061072626e-09,2.058470061072626e-09,2.058470061072626e-09,2.058470061072626e-09,2.058470061072626e-09,2.058470061072626e-09,2.058470061072626e-09,0.9986980557441711,2.058470061072626e-09,2.058470061072626e-09,0.0013019248144701123,2.058470061072626e-09,2.058470061072626e-09
3,2021-11-05,1.0414993004735682,0.0010712525932118297,0.5,1.030576846083875e-09,1.030576846083875e-09,1.030576846083875e-09,1.030576846083875e-09,1.030576846083875e-09,1.030576846083875e-09,1.030576846083875e-09,1.030576846083875e-09,1.030576846083875e-09,1.030576846083875e-09,0.5,1.030576846083875e-09,1.030576846083875e-09
3,2021-11-08,1.0540411003603536,0.011970133942365646,2.061153470123145e-09,2.061153470123145e-09,2.061153470123145e-09,2.061153470123145e-09,2.061153470123145e-09,2.061153470123145e-09,2.061153470123145e-09,2.061153470123145e-09,1.0,2.061153470123145e-09,2.061153470123145e-09,2.061153470123145e-09,2.061153470123145e-09,2.061153470123145e-09
3,2021-11-09,1.0583257770007075,0.004056759801014414,8.024746733781285e-08,8.538445399608463e-05,8.024746733781285e-08,8.024746733781285e-08,8.024746733781285e-08,8.024746733781285e-08,8.024746733781285e-08,8.024746733781285e-08,0.9999135732650757,8.024746733781285e-08,8.024746733781285e-08,1.3499564488483884e-07,8.024746733781285e-08,8.024746733781285e-08
3,2021-11-10,1.0582358212709515,-8.500175934750586e-05,7.296350190699741e-07,1.2278545682420372e-06,7.296350190699741e-07,7.296350190699741e-07,7.296350190699741e-07,7.296350190699741e-07,7.296350190699741e-07,7.296350190699741e-07,0.9450508952140808,7.296350190699741e-07,7.296350190699741e-07,0.054939839988946915,7.296350190699741e-07,7.296350190699741e-07
3,2021-11-11,1.0576228803212306,-0.0005793779768049717,0.19999991357326508,4.122305552467509e-10,4.122305552467509e-10,4.122305552467509e-10,0.19999991357326508,4.122305552467509e-10,4.122305552467509e-10,4.122305552467509e-10,0.19999991357326508,5.971232042156771e-08,2.0961012126008427e-07,0.19999991357326508,1.3481562177730666e-07,0.19999991357326508
3,2021-11-12,1.0594761856627803,0.0017507974423468112,2.061153470123145e-09,2.061153470123145e-09,2.061153470123145e-09,2.061153470123145e-09,2.061153470123145e-09,2.061153470123145e-09,2.061153470123145e-09,2.061153470123145e-09,1.0,2.061153470123145e-09,2.061153470123145e-09,2.061153470123145e-09,2.061153470123145e-09,2.061153470123145e-09
3,2021-11-15,1.0847876561482757,0.023609637704491614,1.030576846083875e-09,0.5,1.030576846083875e-09,1.030576846083875e-09,1.030576846083875e-09,1.030576846083875e-09,1.030576846083875e-09,1.030576846083875e-09,1.030576846083875e-09,1.030576846083875e-09,1.030576846083875e-09,0.5,1.030576846083875e-09,1.030576846083875e-09
3,2021-11-16,1.0892073405804408,0.004065961998701096,2.061153470123145e-09,2.061153470123145e-09,2.061153470123145e-09,2.061153470123145e-09,2.061153470123145e-09,2.061153470123145e-09,2.061153470123145e-09,2.061153470123145e-09,1.0,2.061153470123145e-09,2.061153470123145e-09,2.061153470123145e-09,2.061153470123145e-09,2.061153470123145e-09
3,2021-11-17,1.074779745699418,-0.013334468352794648,0.3333333432674408,6.870511937151491e-10,6.870511937151491e-10,6.870511937151491e-10,3.3077929284530683e-09,6.870511937151491e-10,6.870511937151491e-10,6.870511937151491e-10,0.3333333432674408,6.870511937151491e-10,6.870511937151491e-10,0.3333333432674408,6.870511937151491e-10,9.84977877038773e-10
3,2021-11-18,1.0809473058619765,0.005722038869559765,2.061153470123145e-09,1.0,2.061153470123145e-09,2.061153470123145e-09,2.061153470123145e-09,2.061153470123145e-09,2.061153470123145e-09,2.061153470123145e-09,2.061153470123145e-09,2.061153470123145e-09,2.061153470123145e-09,2.061153470123145e-09,2.061153470123145e-09,2.061153470123145e-09
3,2021-11-19,1.0795049096643163,-0.0013352726818993688,2.061153470123145e-09,1.0,2.061153470123145e-09,2.061153470123145e-09,2.061153470123145e-09,2.061153470123145e-09,2.061153470123145e-09,2.061153470123145e-09,2.061153470123145e-09,2.061153470123145e-09,2.061153470123145e-09,2.061153470123145e-09,2.061153470123145e-09,2.061153470123145e-09
3,2021-11-22,1.1056935687649905,0.02397028305828571,0.5,1.030576846083875e-09,1.030576846083875e-09,1.030576846083875e-09,1.030576846083875e-09,1.030576846083875e-09,1.030576846083875e-09,1.030576846083875e-09,1.030576846083875e-09,1.030576846083875e-09,1.030576846083875e-09,0.5,1.030576846083875e-09,1.030576846083875e-09
3,2021-11-23,1.0717426942189605,-0.03118679232299328,2.06115324807854e-09,2.06115324807854e-09,2.06115324807854e-09,2.06115324807854e-09,2.06115324807854e-09,2.06115324807854e-09,2.06115324807854e-09,2.06115324807854e-09,1.0893347024421018e-07,2.06115324807854e-09,2.06115324807854e-09,0.9999998807907104,2.06115324807854e-09,2.06115324807854e-09
3,2021-11-24,1.0806103629241,0.008240022565424443,8.004914064940749e-08,0.9924044609069824,8.004914064940749e-08,8.004914064940749e-08,8.004914064940749e-08,8.004914064940749e-08,8.004914064940749e-08,8.004914064940749e-08,8.004914064940749e-08,8.004914064940749e-08,8.004914064940749e-08,0.007594550959765911,8.004914064940749e-08,8.004914064940749e-08
3,2021-11-25,1.0798407248634736,-0.0007124790721107273,2.061153470123145e-09,2.061153470123145e-09,2.061153470123145e-09,2.061153470123145e-09,2.061153470123145e-09,2.061153470123145e-09,2.061153470123145e-09,2.061153470123145e-09,1.0,2.061153470123145e-09,2.061153470123145e-09,2.061153470123145e-09,2.061153470123145e-09,2.061153470123145e-09
3,2021-11-26,1.058168613066123,-0.020273862916231157,2.061153470123145e-09,1.0,2.061153470123145e-09,2.061153470123145e-09,2.061153470123145e-09,2.061153470123145e-09,2.061153470123145e-09,2.061153470123145e-09,2.061153470123145e-09,2.061153470123145e-09,2.061153470123145e-09,2.061153470123145e-09,2.061153470123145e-09,2.061153470123145e-09
3,2021-11-29,1.0543756998403493,-0.0035908522989600896,2.061153470123145e-09,2.061153470123145e-09,2.061153470123145e-09,2.061153470123145e-09,2.061153470123145e-09,2.061153470123145e-09,2.061153470123145e-09,2.061153470123145e-09,0.9999999403953552,2.061153470123145e-09,2.061153470123145e-09,3.667287984399081e-08,2.061153470123145e-09,2.061153470123145e-09
3,2021-11-30,1.0526379442865956,-0.0016494966253401799,2.061153470123145e-09,2.061153470123145e-09,2.061153470123145e-09,2.061153470123145e-09,2.061153470123145e-09,2.061153470123145e-09,2.061153470123145e-09,2.061153470123145e-09,1.0,2.061153470123145e-09,2.061153470123145e-09,2.061153470123145e-09,2.061153470123145e-09,2.061153470123145e-09
3,2021-12-01,1.0712731724642028,0.017548480492830275,0.5,1.030576846083875e-09,1.030576846083875e-09,1.030576846083875e-09,1.1701365432159605e-09,1.030576846083875e-09,1.030576846083875e-09,1.030576846083875e-09,1.030576846083875e-09,1.030576846083875e-09,1.030576846083875e-09,0.5,1.030576846083875e-09,1.030576846083875e-09
3,2021-12-02,1.0647434253405483,-0.00611396697089076,2.061153470123145e-09,2.061153470123145e-09,2.061153470123145e-09,2.061153470123145e-09,2.061153470123145e-09,2.061153470123145e-09,2.061153470123145e-09,2.061153470123145e-09,1.0,2.061153470123145e-09,2.061153470123145e-09,2.061153470123145e-09,2.061153470123145e-09,2.061153470123145e-09
3,2021-12-03,1.0620826194462716,-0.0025021390809161063,2.06115280398933e-09,2.06115280398933e-09,2.06115280398933e-09,2.06115280398933e-09,2.06115280398933e-09,2.06115280398933e-09,2.06115280398933e-09,2.06115280398933e-09,0.9999995827674866,2.06115280398933e-09,2.06115280398933e-09,3.9597671275259927e-07,2.06115280398933e-09,2.06115280398933e-09
3,2021-12-06,1.0687345167071465,0.006243537989776076,2.061153470123145e-09,2.061153470123145e-09,2.061153470123145e-09,2.061153470123145e-09,2.061153470123145e-09,2.061153470123145e-09,2.061153470123145e-09,2.061153470123145e-09,1.0,2.061153470123145e-09,2.061153470123145e-09,2.061153470123145e-09,2.061153470123145e-09,2.061153470123145e-09
3,2021-12-07,1.0679166678294527,-0.0007655427554622293,6.37397192804201e-07,6.37397192804201e-07,6.37397192804201e-07,6.37397192804201e-07,6.37397192804201e-07,6.37397192804201e-07,6.37397192804201e-07,6.37397192804201e-07,0.9633535146713257,6.37397192804201e-07,6.37397192804201e-07,0.036638811230659485,6.37397192804201e-07,6.37397192804201e-07
3,2021-12-08,1.069009198117818,0.0010225253023207188,2.061153470123145e-09,1.0,2.061153470123145e-09,2.061153470123145e-09,2.061153470123145e-09,2.061153470123145e-09,2.061153470123145e-09,2.061153470123145e-09,2.061153470123145e-09,2.061153470123145e-09,2.061153470123145e-09,2.061153470123145e-09,2.061153470123145e-09,2.061153470123145e-09
3,2021-12-09,1.0879002575408794,0.017517232757806776,2.061153470123145e-09,2.061153470123145e-09,2.061153470123145e-09,2.061153470123145e-09,2.061153470123145e-09,2.061153470123145e-09,2.061153470123145e-09,2.061153470123145e-09,2.061153470123145e-09,2.061153470123145e-09,2.061153470123145e-09,1.0,2.061153470123145e-09,2.061153470123145e-09
3,2021-12-10,1.0811955549337902,-0.0061820449993014335,1.030576846083875e-09,0.5,1.030576846083875e-09,1.030576846083875e-09,1.030576846083875e-09,1.030576846083875e-09,1.030576846083875e-09,1.030576846083875e-09,1.030576846083875e-09,1.030576846083875e-09,1.030576846083875e-09,0.5,1.030576846083875e-09,1.030576846083875e-09
3,2021-12-13,1.0894531181688485,0.007608419705927372,2.061153470123145e-09,2.061153470123145e-09,2.061153470123145e-09,2.061153470123145e-09,2.061153470123145e-09,2.061153470123145e-09,2.061153470123145e-09,2.061153470123145e-09,1.0,2.061153470123145e-09,2.061153470123145e-09,2.061153470123145e-09,2.061153470123145e-09,2.061153470123145e-09
3,2021-12-14,1.0908082342224288,0.0012430768692865968,2.061153470123145e-09,2.061153470123145e-09,2.061153470123145e-09,2.061153470123145e-09,2.061153470123145e-09,2.061153470123145e-09,2.061153470123145e-09,2.061153470123145e-09,1.0,2.061153470123145e-09,2.061153470123145e-09,2.061153470123145e-09,2.061153470123145e-09,2.061153470123145e-09
3,2021-12-15,1.0982168968092483,0.006768940903991461,2.061153470123145e-09,2.061153470123145e-09,2.061153470123145e-09,2.061153470123145e-09,2.061153470123145e-09,2.061153470123145e-09,2.061153470123145e-09,2.061153470123145e-09,2.061153470123145e-09,2.061153470123145e-09,2.061153470123145e-09,1.0,2.061153470123145e-09,2.061153470123145e-09
3,2021-12-16,1.1075341871840585,0.008448229593038559,2.061153470123145e-09,2.061153470123145e-09,2.061153470123145e-09,2.061153470123145e-09,2.061153470123145e-09,2.061153470123145e-09,2.061153470123145e-09,2.061153470123145e-09,1.0,2.061153470123145e-09,2.061153470123145e-09,2.061153470123145e-09,2.061153470123145e-09,2.061153470123145e-09
3,2021-12-17,1.0972057324525946,-0.00936938656270504,0.4999839663505554,1.030543761437741e-09,1.030543761437741e-09,1.030543761437741e-09,1.030543761437741e-09,1.030543761437741e-09,1.030543761437741e-09,1.030543761437741e-09,3.2035775802796707e-05,1.030543761437741e-09,1.030543761437741e-09,0.4999839663505554,1.030543761437741e-09,1.030543761437741e-09
3,2021-12-20,1.094627974206397,-0.0023521487299352885,2.061153470123145e-09,2.061153470123145e-09,2.061153470123145e-09,2.061153470123145e-09,2.061153470123145e-09,2.061153470123145e-09,2.061153470123145e-09,2.061153470123145e-09,1.0,2.061153470123145e-09,2.061153470123145e-09,2.061153470123145e-09,2.061153470123145e-09,2.061153470123145e-09
3,2021-12-21,1.0869826829652762,-0.007008878979831934,2.061153470123145e-09,2.061153470123145e-09,2.061153470123145e-09,2.061153470123145e-09,2.061153470123145e-09,2.061153470123145e-09,2.061153470123145e-09,2.061153470123145e-09,1.0,2.061153470123145e-09,2.061153470123145e-09,2.061153470123145e-09,2.061153470123145e-09,2.061153470123145e-09
3,2021-12-22,1.0847340107395074,-0.002070871431718524,2.061150361498676e-09,2.061150361498676e-09,2.061150361498676e-09,2.061150361498676e-09,2.061150361498676e-09,2.061150361498676e-09,2.061150361498676e-09,2.061150361498676e-09,0.9999983906745911,2.061150361498676e-09,2.061150361498676e-09,1.6111563354570535e-06,2.061150361498676e-09,2.061150361498676e-09
3,2021-12-23,1.076539855116504,-0.007582745541632175,2.061153470123145e-09,2.061153470123145e-09,2.061153470123145e-09,2.061153470123145e-09,2.061153470123145e-09,2.061153470123145e-09,2.061153470123145e-09,2.061153470123145e-09,4.170205514242298e-09,2.061153470123145e-09,2.061153470123145e-09,1.0,2.061153470123145e-09,2.061153470123145e-09
3,2021-12-24,1.076658132357561,0.00010986192803829909,2.061153470123145e-09,2.061153470123145e-09,2.061153470123145e-09,2.061153470123145e-09,2.061153470123145e-09,2.061153470123145e-09,2.061153470123145e-09,2.061153470123145e-09,0.9999999403953552,2.061153470123145e-09,2.061153470123145e-09,3.003448512117757e-08,2.061153470123145e-09,2.061153470123145e-09
3,2021-12-27,1.0819465856342072,0.004899890946596861,0.3333292603492737,6.870428115313132e-10,6.870428115313132e-10,6.870428115313132e-10,1.1541895219124854e-05,6.870428115313132e-10,6.870428115313132e-10,6.870428115313132e-10,0.3333292603492737,6.870428115313132e-10,6.870428115313132e-10,0.3333292603492737,6.870428115313132e-10,7.053788522171089e-07
3,2021-12-28,1.0970702392056648,0.013881394810974598,0.5,1.030576846083875e-09,1.030576846083875e-09,1.030576846083875e-09,1.030576846083875e-09,1.030576846083875e-09,1.030576846083875e-09,1.030576846083875e-09,1.030576846083875e-09,1.030576846083875e-09,1.030576846083875e-09,0.5,1.030576846083875e-09,1.030576846083875e-09
3,2021-12-29,1.0940519167046763,-0.0027550489615648984,2.061153470123145e-09,2.061153470123145e-09,2.061153470123145e-09,2.061153470123145e-09,2.061153470123145e-09,2.061153470123145e-09,2.061153470123145e-09,2.061153470123145e-09,1.0,2.061153470123145e-09,2.061153470123145e-09,2.061153470123145e-09,2.061153470123145e-09,2.061153470123145e-09
3,2021-12-30,1.0871548481327153,-0.006324106150865555,1.030576846083875e-09,0.5,1.030576846083875e-09,1.030576846083875e-09,1.030576846083875e-09,1.030576846083875e-09,1.030576846083875e-09,1.030576846083875e-09,0.5,1.030576846083875e-09,1.030576846083875e-09,1.030576846083875e-09,1.030576846083875e-09,1.030576846083875e-09
4,2022-01-04,0.9885727471000547,-0.011493045654892921,2.061153470123145e-09,2.061153470123145e-09,2.061153470123145e-09,2.061153470123145e-09,2.061153470123145e-09,2.061153470123145e-09,2.061153470123145e-09,2.061153470123145e-09,2.061153470123145e-09,2.061153470123145e-09,2.061153470123145e-09,1.0,2.061153470123145e-09,2.061153470123145e-09
4,2022-01-05,0.9672267444941763,-0.021829282946821446,3.409778459584345e-09,2.33809075211866e-07,3.409778459584345e-09,3.409778459584345e-09,3.409778459584345e-09,3.409778459584345e-09,3.409778459584345e-09,3.409778459584345e-09,3.409778459584345e-09,3.409778459584345e-09,3.409778459584345e-09,0.9999997019767761,3.409778459584345e-09,3.409778459584345e-09
4,2022-01-06,0.9617210814298413,-0.005708477897942066,1.030576846083875e-09,0.5,1.030576846083875e-09,1.030576846083875e-09,1.030576846083875e-09,1.030576846083875e-09,1.030576846083875e-09,1.030576846083875e-09,0.5,1.030576846083875e-09,1.030576846083875e-09,1.030576846083875e-09,1.030576846083875e-09,1.030576846083875e-09
4,2022-01-07,0.9544657411098644,-0.007572721935808659,2.061153470123145e-09,2.061153470123145e-09,2.061153470123145e-09,2.061153470123145e-09,2.061153470123145e-09,2.061153470123145e-09,2.061153470123145e-09,2.061153470123145e-09,0.9999999403953552,2.061153470123145e-09,2.061153470123145e-09,1.0845488063182529e-08,2.061153470123145e-09,2.061153470123145e-09
4,2022-01-10,0.9487042237707193,-0.006054671990871429,2.061153470123145e-09,2.061153470123145e-09,2.061153470123145e-09,2.061153470123145e-09,2.061153470123145e-09,2.061153470123145e-09,2.061153470123145e-09,2.061153470123145e-09,2.061153470123145e-09,2.061153470123145e-09,2.061153470123145e-09,1.0,2.061153470123145e-09,2.061153470123145e-09
4,2022-01-11,0.9667170540561104,0.01880877227783203,2.061153470123145e-09,1.0,2.061153470123145e-09,2.061153470123145e-09,2.061153470123145e-09,2.061153470123145e-09,2.061153470123145e-09,2.061153470123145e-09,2.061153470123145e-09,2.061153470123145e-09,2.061153470123145e-09,2.061153470123145e-09,2.061153470123145e-09,2.061153470123145e-09
4,2022-01-12,0.9740053969797726,0.007510993840545416,1.030576846083875e-09,0.5,1.030576846083875e-09,1.030576846083875e-09,1.030576846083875e-09,1.030576846083875e-09,1.030576846083875e-09,1.030576846083875e-09,0.5,1.030576846083875e-09,1.030576846083875e-09,1.030576846083875e-09,1.030576846083875e-09,1.030576846083875e-09
4,2022-01-13,0.9660382427124891,-0.00821342251598835,1.030576846083875e-09,0.5,1.030576846083875e-09,1.030576846083875e-09,1.030576846083875e-09,1.030576846083875e-09,1.030576846083875e-09,1.030576846083875e-09,1.030576846083875e-09,1.030576846083875e-09,1.030576846083875e-09,0.5,1.030576846083875e-09,1.030576846083875e-09
4,2022-01-14,0.959255332526606,-0.00704613398835063,2.0610511075602744e-09,0.9999502897262573,2.0610511075602744e-09,2.0610511075602744e-09,2.0610511075602744e-09,2.0610511075602744e-09,2.0610511075602744e-09,2.0610511075602744e-09,2.0610511075602744e-09,2.0610511075602744e-09,2.0610511075602744e-09,4.966920823790133e-05,2.0610511075602744e-09,2.0610511075602744e-09
4,2022-01-17,0.9550788536665046,-0.004363381813466549,2.061153470123145e-09,2.061153470123145e-09,2.061153470123145e-09,2.061153470123145e-09,2.061153470123145e-09,2.061153470123145e-09,2.061153470123145e-09,2.061153470123145e-09,1.0,2.061153470123145e-09,2.061153470123145e-09,2.061153470123145e-09,2.061153470123145e-09,2.061153470123145e-09
4,2022-01-18,0.9377529360234893,-0.01830738647580147,2.061153470123145e-09,2.061153470123145e-09,2.061153470123145e-09,2.061153470123145e-09,2.061153470123145e-09,2.061153470123145e-09,2.061153470123145e-09,2.061153470123145e-09,2.061153470123145e-09,2.061153470123145e-09,2.061153470123145e-09,1.0,2.061153470123145e-09,2.061153470123145e-09
4,2022-01-19,0.9446663050303249,0.007345228882879019,2.0595634087072767e-09,0.9992285370826721,2.0595634087072767e-09,2.0595634087072767e-09,2.0595634087072767e-09,2.0595634087072767e-09,2.0595634087072767e-09,2.0595634087072767e-09,2.0595634087072767e-09,2.0595634087072767e-09,2.0595634087072767e-09,0.0007714595412835479,2.0595634087072767e-09,2.0595634087072767e-09
4,2022-01-20,0.9590544572413473,0.015116109952330588,2.061153470123145e-09,2.061153470123145e-09,2.061153470123145e-09,2.061153470123145e-09,2.061153470123145e-09,2.061153470123145e-09,2.061153470123145e-09,2.061153470123145e-09,1.0,2.061153470123145e-09,2.061153470123145e-09,2.061153470123145e-09,2.061153470123145e-09,2.061153470123145e-09
4,2022-01-21,0.9642717152904583,0.00542525851354003,2.0488251095684973e-09,0.9940186142921448,2.0488251095684973e-09,2.0488251095684973e-09,2.0488251095684973e-09,2.0488251095684973e-09,2.0488251095684973e-09,2.0488251095684973e-09,2.0488251095684973e-09,2.0488251095684973e-09,2.0488251095684973e-09,0.0059813871048390865,2.0488251095684973e-09,2.0488251095684973e-09
4,2022-01-24,0.9527402856752568,-0.012030773617327213,2.061153470123145e-09,2.061153470123145e-09,2.061153470123145e-09,2.061153470123145e-09,2.061153470123145e-09,2.061153470123145e-09,2.061153470123145e-09,2.061153470123145e-09,2.061153470123145e-09,2.061153470123145e-09,2.061153470123145e-09,1.0,2.061153470123145e-09,2.061153470123145e-09
4,2022-01-25,0.9543731859836052,0.0017124316215515138,2.061153470123145e-09,2.061153470123145e-09,2.061153470123145e-09,2.061153470123145e-09,2.061153470123145e-09,2.061153470123145e-09,2.061153470123145e-09,2.061153470123145e-09,1.0,2.061153470123145e-09,2.061153470123145e-09,2.061153470123145e-09,2.061153470123145e-09,2.061153470123145e-09
4,2022-01-26,0.957826930867606,0.00361232970252684,2.061153470123145e-09,4.378101081670138e-08,2.061153470123145e-09,2.061153470123145e-09,2.061153470123145e-09,2.061153470123145e-09,2.061153470123145e-09,2.061153470123145e-09,0.9999999403953552,2.061153470123145e-09,2.061153470123145e-09,2.061153470123145e-09,2.061153470123145e-09,2.061153470123145e-09
4,2022-01-27,0.9376703252525234,-0.02126868332400918,2.016319333719707e-09,2.016319333719707e-09,2.016319333719707e-09,2.016319333719707e-09,2.016319333719707e-09,2.016319333719707e-09,2.016319333719707e-09,2.016319333719707e-09,0.9782479405403137,2.016319333719707e-09,2.016319333719707e-09,0.02175206132233143,2.016319333719707e-09,2.016319333719707e-09
4,2022-01-28,0.929610777486332,-0.008632441900111735,2.061147696963417e-09,2.061147696963417e-09,2.061147696963417e-09,2.061147696963417e-09,2.061147696963417e-09,2.061147696963417e-09,2.061147696963417e-09,2.061147696963417e-09,0.9999971389770508,2.061147696963417e-09,2.061147696963417e-09,2.8366121114231646e-06,2.061147696963417e-09,2.061147696963417e-09
4,2022-02-03,0.9400629433047771,0.011180854272842407,0.20000000298023224,4.122307217802046e-10,4.122307217802046e-10,4.122307217802046e-10,0.20000000298023224,4.122307217802046e-10,4.122307217802046e-10,4.122307217802046e-10,0.20000000298023224,4.122307217802046e-10,4.122307217802046e-10,0.20000000298023224,4.122307217802046e-10,0.20000000298023224
4,2022-02-04,0.9299820431874445,-0.010781556424498557,2.061153470123145e-09,2.061153470123145e-09,2.061153470123145e-09,2.061153470123145e-09,2.061153470123145e-09,2.061153470123145e-09,2.061153470123145e-09,2.061153470123145e-09,2.061153470123145e-09,2.061153470123145e-09,2.061153470123145e-09,1.0,2.061153470123145e-09,2.061153470123145e-09
4,2022-02-07,0.9309537976828341,0.0010443719362840057,1.030576846083875e-09,0.5,1.030576846083875e-09,1.030576846083875e-09,1.030576846083875e-09,1.030576846083875e-09,1.030576846083875e-09,1.030576846083875e-09,0.5,1.030576846083875e-09,1.030576846083875e-09,1.030576846083875e-09,1.030576846083875e-09,1.030576846083875e-09
4,2022-02-08,0.9361505257127127,0.00556663212031126,2.061153470123145e-09,2.061153470123145e-09,2.061153470123145e-09,2.061153470123145e-09,2.061153470123145e-09,2.061153470123145e-09,2.061153470123145e-09,2.061153470123145e-09,1.0,2.061153470123145e-09,2.061153470123145e-09,2.061153470123145e-09,2.061153470123145e-09,2.061153470123145e-09
4,2022-02-09,0.9454880868303623,0.009925006540119649,2.8356422765440925e-10,0.13757549226284027,0.015972381457686424,0.0003295154310762882,0.045747872442007065,0.023119401186704636,0.13757549226284027,0.13757549226284027,0.13757549226284027,0.08937356621026993,4.323160283092875e-06,2.8356422765440925e-10,0.13757549226284027,0.13757549226284027
4,2022-02-10,0.9498467102260112,0.0045993257611989975,2.0609947082306235e-09,7.70255719544366e-05,2.0609947082306235e-09,2.0609947082306235e-09,2.0609947082306235e-09,2.0609947082306235e-09,2.0609947082306235e-09,2.0609947082306235e-09,0.9999229311943054,2.0609947082306235e-09,2.0609947082306235e-09,2.0609947082306235e-09,2.0609947082306235e-09,2.0609947082306235e-09
4,2022-02-11,0.9390222613416183,-0.011461427491903304,0.20000000298023224,4.122307217802046e-10,4.122307217802046e-10,4.122307217802046e-10,0.20000000298023224,4.122307217802046e-10,4.122307217802046e-10,4.122307217802046e-10,0.20000000298023224,4.122307217802046e-10,4.122307217802046e-10,0.20000000298023224,4.122307217802046e-10,0.20000000298023224
4,2022-02-15,0.9017510838962731,-0.04050066465139389,0.5,1.030576846083875e-09,1.030576846083875e-09,1.030576846083875e-09,1.030576846083875e-09,1.030576846083875e-09,1.030576846083875e-09,1.030576846083875e-09,1.030576846083875e-09,1.030576846083875e-09,1.030576846083875e-09,0.5,1.030576846083875e-09,1.030576846083875e-09
4,2022-02-16,0.8886885847853228,-0.014591645959019661,2.061153470123145e-09,2.061153470123145e-09,2.061153470123145e-09,2.061153470123145e-09,2.061153470123145e-09,2.061153470123145e-09,2.061153470123145e-09,2.061153470123145e-09,1.0,2.061153470123145e-09,2.061153470123145e-09,2.061153470123145e-09,2.061153470123145e-09,2.061153470123145e-09
4,2022-02-17,0.9027625688112215,0.015712707048654555,1.030576846083875e-09,0.5,1.030576846083875e-09,1.030576846083875e-09,1.030576846083875e-09,1.030576846083875e-09,1.030576846083875e-09,1.030576846083875e-09,0.5,1.030576846083875e-09,1.030576846083875e-09,1.030576846083875e-09,1.030576846083875e-09,1.030576846083875e-09
4,2022-02-18,0.9097569679239721,0.007717912761867046,2.061153470123145e-09,2.061153470123145e-09,2.061153470123145e-09,2.061153470123145e-09,2.061153470123145e-09,2.061153470123145e-09,2.061153470123145e-09,2.061153470123145e-09,1.0,2.061153470123145e-09,2.061153470123145e-09,2.061153470123145e-09,2.061153470123145e-09,2.061153470123145e-09
4,2022-02-21,0.9086875144982609,-0.001176228979602456,2.061153470123145e-09,2.061153470123145e-09,2.061153470123145e-09,2.061153470123145e-09,2.061153470123145e-09,2.061153470123145e-09,2.061153470123145e-09,2.061153470123145e-09,1.0,2.061153470123145e-09,2.061153470123145e-09,2.061153470123145e-09,2.061153470123145e-09,2.061153470123145e-09
4,2022-02-22,0.919025607976511,0.011312720365822315,2.061153470123145e-09,2.061153470123145e-09,2.061153470123145e-09,2.061153470123145e-09,2.061153470123145e-09,2.061153470123145e-09,2.061153470123145e-09,2.061153470123145e-09,1.0,2.061153470123145e-09,2.061153470123145e-09,2.061153470123145e-09,2.061153470123145e-09,2.061153470123145e-09
4,2022-02-23,0.9122523815837719,-0.0073973010294139385,2.061153470123145e-09,2.061153470123145e-09,2.061153470123145e-09,2.061153470123145e-09,2.061153470123145e-09,2.061153470123145e-09,2.061153470123145e-09,2.061153470123145e-09,1.0,2.061153470123145e-09,2.061153470123145e-09,2.061153470123145e-09,2.061153470123145e-09,2.061153470123145e-09
4,2022-02-24,0.9339980921055532,0.02355770952999592,2.061153470123145e-09,2.061153470123145e-09,2.061153470123145e-09,2.061153470123145e-09,2.061153470123145e-09,2.061153470123145e-09,2.061153470123145e-09,2.061153470123145e-09,1.0,2.061153470123145e-09,2.061153470123145e-09,2.061153470123145e-09,2.061153470123145e-09,2.061153470123145e-09
4,2022-02-25,0.9393438635326246,0.0057072185046970845,1.1018433099252434e-07,1.0305767350615724e-09,1.0305767350615724e-09,1.0305767350615724e-09,1.0305767350615724e-09,1.0305767350615724e-09,1.0305767350615724e-09,1.0305767350615724e-09,0.4999999403953552,1.0305767350615724e-09,1.0305767350615724e-09,0.4999999403953552,1.0305767350615724e-09,1.0305767350615724e-09
4,2022-02-28,0.9506270887301349,0.011940246210992336,0.5,1.030576846083875e-09,1.030576846083875e-09,1.030576846083875e-09,1.030576846083875e-09,1.030576846083875e-09,1.030576846083875e-09,1.030576846083875e-09,1.030576846083875e-09,1.030576846083875e-09,1.030576846083875e-09,0.5,1.030576846083875e-09,1.030576846083875e-09
4,2022-03-02,0.9647354752866933,0.014732084658741951,2.061153470123145e-09,2.061153470123145e-09,2.061153470123145e-09,2.061153470123145e-09,2.061153470123145e-09,2.061153470123145e-09,2.061153470123145e-09,2.061153470123145e-09,0.9999999403953552,2.061153470123145e-09,2.061153470123145e-09,1.1609916583665836e-08,2.061153470123145e-09,2.061153470123145e-09
4,2022-03-03,0.9595685701237331,-0.005370167560072556,2.061153470123145e-09,2.061153470123145e-09,2.061153470123145e-09,2.061153470123145e-09,2.061153470123145e-09,2.061153470123145e-09,2.061153470123145e-09,2.061153470123145e-09,1.0,2.061153470123145e-09,2.061153470123145e-09,2.061153470123145e-09,2.061153470123145e-09,2.061153470123145e-09
4,2022-03-04,0.9447330930192162,-0.015581330977380275,5.898134531889809e-06,5.898134531889809e-06,5.898134531889809e-06,5.898134531889809e-06,5.898134531889809e-06,5.898134531889809e-06,5.898134531889809e-06,5.898134531889809e-06,0.00012039425200782716,5.898134531889809e-06,5.898134531889809e-06,0.9998088479042053,5.898134531889809e-06,5.898134531889809e-06
4,2022-03-07,0.967934567392169,0.02426204297244549,2.061153470123145e-09,2.061153470123145e-09,2.061153470123145e-09,2.061153470123145e-09,2.061153470123145e-09,2.061153470123145e-09,2.061153470123145e-09,2.061153470123145e-09,0.9999999403953552,2.061153470123145e-09,2.061153470123145e-09,1.4933894121327285e-08,2.061153470123145e-09,2.061153470123145e-09
4,2022-03-08,0.9769671840068714,0.009288573626733106,2.061153470123145e-09,2.061153470123145e-09,2.061153470123145e-09,2.061153470123145e-09,2.061153470123145e-09,2.061153470123145e-09,2.061153470123145e-09,2.061153470123145e-09,1.0,2.061153470123145e-09,2.061153470123145e-09,2.061153470123145e-09,2.061153470123145e-09,2.061153470123145e-09
4,2022-03-10,0.9715475994343391,-0.005562799517065287,2.061153470123145e-09,2.061153470123145e-09,2.061153470123145e-09,2.061153470123145e-09,2.061153470123145e-09,2.061153470123145e-09,2.061153470123145e-09,2.061153470123145e-09,1.0,2.061153470123145e-09,2.061153470123145e-09,2.061153470123145e-09,2.061153470123145e-09,2.061153470123145e-09
4,2022-03-11,0.9677393685728102,-0.003927459751442075,7.281114822177415e-09,2.061153470123145e-09,2.061153470123145e-09,2.061153470123145e-09,2.061153470123145e-09,2.061153470123145e-09,2.061153470123145e-09,2.061153470123145e-09,2.061153470123145e-09,2.061153470123145e-09,2.061153470123145e-09,0.9999999403953552,2.061153470123145e-09,2.061153470123145e-09
4,2022-03-14,0.9552738468471681,-0.012964753679931164,0.5,1.030576846083875e-09,1.030576846083875e-09,1.030576846083875e-09,1.030576846083875e-09,1.030576846083875e-09,1.030576846083875e-09,1.030576846083875e-09,1.030576846083875e-09,1.030576846083875e-09,1.030576846083875e-09,0.5,1.030576846083875e-09,1.030576846083875e-09
4,2022-03-15,0.9331692942024852,-0.023411414164304735,2.061153470123145e-09,2.061153470123145e-09,2.061153470123145e-09,2.061153470123145e-09,2.061153470123145e-09,2.061153470123145e-09,2.061153470123145e-09,2.061153470123145e-09,1.0,2.061153470123145e-09,2.061153470123145e-09,2.061153470123145e-09,2.061153470123145e-09,2.061153470123145e-09
4,2022-03-16,0.9263734764569658,-0.007309160195291042,2.061153470123145e-09,2.061153470123145e-09,2.061153470123145e-09,2.061153470123145e-09,2.061153470123145e-09,2.061153470123145e-09,2.061153470123145e-09,2.061153470123145e-09,1.0,2.061153470123145e-09,2.061153470123145e-09,2.061153470123145e-09,2.061153470123145e-09,2.061153470123145e-09
4,2022-03-17,0.9328116005411049,0.00692577613517642,2.061153470123145e-09,2.061153470123145e-09,2.061153470123145e-09,2.061153470123145e-09,2.061153470123145e-09,2.061153470123145e-09,2.061153470123145e-09,2.061153470123145e-09,1.0,2.061153470123145e-09,2.061153470123145e-09,2.061153470123145e-09,2.061153470123145e-09,2.061153470123145e-09
4,2022-03-18,0.9356730071315512,0.0030628123084959526,2.061153026033935e-09,2.061153026033935e-09,2.061153026033935e-09,2.061153026033935e-09,2.061153026033935e-09,2.061153026033935e-09,2.061153026033935e-09,2.061153026033935e-09,0.9999997615814209,2.061153026033935e-09,2.061153026033935e-09,2.3120317393932055e-07,2.061153026033935e-09,2.061153026033935e-09
4,2022-03-21,0.9291041163787287,-0.007045257946290076,2.009336030894815e-09,2.009336030894815e-09,2.009336030894815e-09,2.009336030894815e-09,2.009336030894815e-09,2.009336030894815e-09,2.009336030894815e-09,2.009336030894815e-09,0.974859893321991,2.009336030894815e-09,2.009336030894815e-09,0.025140095502138138,2.009336030894815e-09,2.009336030894815e-09
4,2022-03-22,0.9362468075894089,0.0076583189025521275,2.061153470123145e-09,2.061153470123145e-09,2.061153470123145e-09,2.061153470123145e-09,2.061153470123145e-09,2.061153470123145e-09,2.061153470123145e-09,2.061153470123145e-09,1.0,2.061153470123145e-09,2.061153470123145e-09,2.061153470123145e-09,2.061153470123145e-09,2.061153470123145e-09
4,2022-03-23,0.9269522348644702,-0.009977087378501892,2.061153470123145e-09,2.061153470123145e-09,2.061153470123145e-09,2.061153470123145e-09,2.061153470123145e-09,2.061153470123145e-09,2.061153470123145e-09,2.061153470123145e-09,1.0,2.061153470123145e-09,2.061153470123145e-09,2.061153470123145e-09,2.061153470123145e-09,2.061153470123145e-09
4,2022-03-24,0.9251042229015154,-0.0019956330904737116,4.1087558201979846e-05,4.1087558201979846e-05,4.1087558201979846e-05,4.1087558201979846e-05,4.1087558201979846e-05,4.1087558201979846e-05,4.1087558201979846e-05,4.1087558201979846e-05,0.0017957924865186214,4.1087558201979846e-05,4.1087558201979846e-05,0.997711181640625,4.1087558201979846e-05,4.1087558201979846e-05
4,2022-03-25,0.9236962976735829,-0.001523069129884243,0.5,1.030576846083875e-09,1.030576846083875e-09,1.030576846083875e-09,1.030576846083875e-09,1.030576846083875e-09,1.030576846083875e-09,1.030576846083875e-09,1.030576846083875e-09,1.030576846083875e-09,1.030576846083875e-09,0.5,1.030576846083875e-09,1.030576846083875e-09
4,2022-03-28,0.9122642925460553,-0.012453592891991138,2.061153470123145e-09,2.061153470123145e-09,2.061153470123145e-09,2.061153470123145e-09,2.061153470123145e-09,2.061153470123145e-09,2.061153470123145e-09,2.061153470123145e-09,1.0,2.061153470123145e-09,2.061153470123145e-09,2.061153470123145e-09,2.061153470123145e-09,2.061153470123145e-09
4,2022-03-29,0.9119970625982338,-0.00029297331654743174,2.059933112974477e-09,0.9994078278541565,2.059933112974477e-09,2.059933112974477e-09,2.059933112974477e-09,2.059933112974477e-09,2.059933112974477e-09,2.059933112974477e-09,2.059933112974477e-09,2.059933112974477e-09,2.059933112974477e-09,0.0005921553238295019,2.059933112974477e-09,2.059933112974477e-09
4,2022-03-30,0.9202614261965166,0.009021019352972507,4.231419126199398e-08,0.005900125950574875,4.231419126199398e-08,4.231419126199398e-08,4.231419126199398e-08,4.231419126199398e-08,4.231419126199398e-08,4.231419126199398e-08,4.231419126199398e-08,4.231419126199398e-08,4.231419126199398e-08,0.9940993785858154,4.231419126199398e-08,4.231419126199398e-08
4,2022-03-31,0.9157651262551845,-0.004897869177162647,0.20000000298023224,4.122307217802046e-10,4.122307217802046e-10,4.122307217802046e-10,0.20000000298023224,4.122307217802046e-10,4.122307217802046e-10,4.122307217802046e-10,0.20000000298023224,4.122307217802046e-10,4.122307217802046e-10,0.20000000298023224,4.122307217802046e-10,0.20000000298023224
4,2022-04-01,0.9045915600283181,-0.012276392468810082,2.0610599893444714e-09,4.540719965007156e-05,2.0610599893444714e-09,2.0610599893444714e-09,2.0610599893444714e-09,2.0610599893444714e-09,2.0610599893444714e-09,2.0610599893444714e-09,2.0610599893444714e-09,2.0610599893444714e-09,2.0610599893444714e-09,0.9999545812606812,2.0610599893444714e-09,2.0610599893444714e-09
4,2022-04-04,0.8967150671051011,-0.008745366285741329,2.061153470123145e-09,2.061153470123145e-09,2.061153470123145e-09,2.061153470123145e-09,2.061153470123145e-09,2.061153470123145e-09,2.061153470123145e-09,2.061153470123145e-09,1.0,2.061153470123145e-09,2.061153470123145e-09,2.061153470123145e-09,2.061153470123145e-09,2.061153470123145e-09
4,2022-04-05,0.8974295727019919,0.0007964861012995243,0.20000000298023224,4.122307217802046e-10,4.122307217802046e-10,4.122307217802046e-10,0.20000000298023224,4.122307217802046e-10,4.122307217802046e-10,4.122307217802046e-10,0.20000000298023224,4.122307217802046e-10,4.122307217802046e-10,0.20000000298023224,4.122307217802046e-10,0.20000000298023224
4,2022-04-06,0.8802161593995195,-0.019367133766412734,0.5,1.030576846083875e-09,1.030576846083875e-09,1.030576846083875e-09,1.030576846083875e-09,1.030576846083875e-09,1.030576846083875e-09,1.030576846083875e-09,1.030576846083875e-09,1.030576846083875e-09,1.030576846083875e-09,0.5,1.030576846083875e-09,1.030576846083875e-09
4,2022-04-07,0.8695091339891976,-0.012238674375414848,2.061153470123145e-09,1.0,2.061153470123145e-09,2.061153470123145e-09,2.061153470123145e-09,2.061153470123145e-09,2.061153470123145e-09,2.061153470123145e-09,2.061153470123145e-09,2.061153470123145e-09,2.061153470123145e-09,2.061153470123145e-09,2.061153470123145e-09,2.061153470123145e-09
4,2022-04-08,0.8722607028681116,0.0031595117904245854,2.061153470123145e-09,2.061153470123145e-09,2.061153470123145e-09,2.061153470123145e-09,2.061153470123145e-09,2.061153470123145e-09,2.061153470123145e-09,2.061153470123145e-09,0.9999998807907104,2.061153470123145e-09,2.061153470123145e-09,6.884238956672561e-08,2.061153470123145e-09,2.061153470123145e-09
4,2022-04-11,0.8776161379887741,0.006120947161730499,2.061153470123145e-09,2.061153470123145e-09,2.061153470123145e-09,2.061153470123145e-09,2.061153470123145e-09,2.061153470123145e-09,2.061153470123145e-09,2.061153470123145e-09,1.0,2.061153470123145e-09,2.061153470123145e-09,2.061153470123145e-09,2.061153470123145e-09,2.061153470123145e-09
4,2022-04-12,0.8741778318204901,-0.003925473706051707,0.5,1.030576846083875e-09,1.030576846083875e-09,1.030576846083875e-09,1.030576846083875e-09,1.030576846083875e-09,1.030576846083875e-09,1.030576846083875e-09,1.030576846083875e-09,1.030576846083875e-09,1.030576846083875e-09,0.5,1.030576846083875e-09,1.030576846083875e-09
4,2022-04-13,0.8785447563684263,0.004983028818666935,2.061153470123145e-09,2.061153470123145e-09,2.061153470123145e-09,2.061153470123145e-09,2.061153470123145e-09,2.061153470123145e-09,2.061153470123145e-09,2.061153470123145e-09,0.9999999403953552,2.061153470123145e-09,2.061153470123145e-09,5.48996048621575e-09,2.061153470123145e-09,2.061153470123145e-09
4,2022-04-14,0.8801979829511527,0.0018800101148409318,2.061153470123145e-09,2.061153470123145e-09,2.061153470123145e-09,2.061153470123145e-09,2.061153470123145e-09,2.061153470123145e-09,2.061153470123145e-09,2.061153470123145e-09,1.0,2.061153470123145e-09,2.061153470123145e-09,2.061153470123145e-09,2.061153470123145e-09,2.061153470123145e-09
4,2022-04-15,0.8723505793195163,-0.008955479177832603,1.8273125235168663e-09,0.8865484595298767,1.8273125235168663e-09,1.8273125235168663e-09,1.8273125235168663e-09,1.8273125235168663e-09,1.8273125235168663e-09,1.8273125235168663e-09,1.8273125235168663e-09,1.8273125235168663e-09,1.8273125235168663e-09,0.1134515181183815,1.8273125235168663e-09,1.8273125235168663e-09
4,2022-04-18,0.8741576015312156,0.0020692979011684657,1.0295503338753065e-09,1.0295503338753065e-09,1.0295503338753065e-09,1.0295503338753065e-09,0.0009953908156603575,1.0295503338753065e-09,1.0295503338753065e-09,1.0295503338753065e-09,0.4995019733905792,1.0295503338753065e-09,1.0295503338753065e-09,1.0295503338753065e-09,6.575788802365423e-07,0.4995019733905792
4,2022-04-19,0.8678414157631432,-0.007251684282720089,2.061153470123145e-09,2.061153470123145e-09,2.061153470123145e-09,2.061153470123145e-09,2.061153470123145e-09,2.061153470123145e-09,2.061153470123145e-09,2.061153470123145e-09,1.0,2.061153470123145e-09,2.061153470123145e-09,2.061153470123145e-09,2.061153470123145e-09,2.061153470123145e-09
4,2022-04-20,0.8724399400429195,0.005284817845374346,2.061153470123145e-09,1.0,2.061153470123145e-09,2.061153470123145e-09,2.061153470123145e-09,2.061153470123145e-09,2.061153470123145e-09,2.061153470123145e-09,2.061153470123145e-09,2.061153470123145e-09,2.061153470123145e-09,2.061153470123145e-09,2.061153470123145e-09,2.061153470123145e-09
4,2022-04-21,0.8775106673439784,0.0057952967032790185,2.061153470123145e-09,2.061153470123145e-09,2.061153470123145e-09,2.061153470123145e-09,2.061153470123145e-09,2.061153470123145e-09,2.061153470123145e-09,2.061153470123145e-09,0.9999999403953552,2.061153470123145e-09,2.061153470123145e-09,3.369180134882299e-08,2.061153470123145e-09,2.061153470123145e-09
4,2022-04-22,0.8728379074004298,-0.005339246264100075,0.20000000298023224,4.122307217802046e-10,4.122307217802046e-10,4.122307217802046e-10,0.20000000298023224,4.122307217802046e-10,4.122307217802046e-10,4.122307217802046e-10,0.20000000298023224,4.122307217802046e-10,4.122307217802046e-10,0.20000000298023224,4.122307217802046e-10,0.20000000298023224
4,2022-04-25,0.853533609473019,-0.022364945650100707,0.5,1.030576846083875e-09,1.030576846083875e-09,1.030576846083875e-09,1.030576846083875e-09,1.030576846083875e-09,1.030576846083875e-09,1.030576846083875e-09,1.030576846083875e-09,1.030576846083875e-09,1.030576846083875e-09,0.5,1.030576846083875e-09,1.030576846083875e-09
4,2022-04-26,0.8483204978473208,-0.0061264099061489104,2.061153470123145e-09,2.061153470123145e-09,2.061153470123145e-09,2.061153470123145e-09,2.061153470123145e-09,2.061153470123145e-09,2.061153470123145e-09,2.061153470123145e-09,1.0,2.061153470123145e-09,2.061153470123145e-09,2.061153470123145e-09,2.061153470123145e-09,2.061153470123145e-09
4,2022-04-27,0.8437308001402599,-0.005425023424625397,0.5,1.030576846083875e-09,1.030576846083875e-09,1.030576846083875e-09,1.030576846083875e-09,1.030576846083875e-09,1.030576846083875e-09,1.030576846083875e-09,1.030576846083875e-09,1.030576846083875e-09,1.030576846083875e-09,0.5,1.030576846083875e-09,1.030576846083875e-09
4,2022-04-28,0.8412700986096917,-0.0029207145012915135,0.3333292305469513,6.87042756020162e-10,6.87042756020162e-10,6.87042756020162e-10,1.9283564256511454e-07,6.87042756020162e-10,6.87042756020162e-10,6.87042756020162e-10,0.3333292305469513,6.87042756020162e-10,6.87042756020162e-10,0.3333292305469513,6.87042756020162e-10,1.2127350601076614e-05
4,2022-04-29,0.858402990065969,0.020160902574658395,2.061153470123145e-09,2.061153470123145e-09,2.061153470123145e-09,2.061153470123145e-09,2.061153470123145e-09,2.061153470123145e-09,2.061153470123145e-09,2.061153470123145e-09,1.0,2.061153470123145e-09,2.061153470123145e-09,2.061153470123145e-09,2.061153470123145e-09,2.061153470123145e-09
4,2022-05-03,0.8327839958009722,-0.03029937483370304,2.061153470123145e-09,2.061153470123145e-09,2.061153470123145e-09,2.061153470123145e-09,2.061153470123145e-09,2.061153470123145e-09,2.061153470123145e-09,2.061153470123145e-09,1.0,2.061153470123145e-09,2.061153470123145e-09,2.061153470123145e-09,2.061153470123145e-09,2.061153470123145e-09
4,2022-05-04,0.8225050978402466,-0.01241961917579174,0.5,1.030576846083875e-09,1.030576846083875e-09,1.030576846083875e-09,1.030576846083875e-09,1.030576846083875e-09,1.030576846083875e-09,1.030576846083875e-09,1.030576846083875e-09,1.030576846083875e-09,1.030576846083875e-09,0.5,1.030576846083875e-09,1.030576846083875e-09
4,2022-05-06,0.8274935836929206,0.006046672773361206,2.061153470123145e-09,2.061153470123145e-09,2.061153470123145e-09,2.061153470123145e-09,2.061153470123145e-09,2.061153470123145e-09,2.061153470123145e-09,2.061153470123145e-09,1.0,2.061153470123145e-09,2.061153470123145e-09,2.061153470123145e-09,2.061153470123145e-09,2.061153470123145e-09
4,2022-05-10,0.8114232900103556,-0.01961149952709675,1.030576846083875e-09,1.030576846083875e-09,1.030576846083875e-09,1.030576846083875e-09,1.030576846083875e-09,1.030576846083875e-09,1.030576846083875e-09,1.030576846083875e-09,0.5,1.030576846083875e-09,1.030576846083875e-09,0.5,1.030576846083875e-09,1.030576846083875e-09
4,2022-05-11,0.8265309176158433,0.018447470596432685,0.5,1.030576846083875e-09,1.030576846083875e-09,1.030576846083875e-09,1.030576846083875e-09,1.030576846083875e-09,1.030576846083875e-09,1.030576846083875e-09,1.030576846083875e-09,1.030576846083875e-09,1.030576846083875e-09,0.5,1.030576846083875e-09,1.030576846083875e-09
4,2022-05-12,0.8303810764991594,0.004647399290651083,2.022607858975789e-09,2.022607858975789e-09,2.022607858975789e-09,2.022607858975789e-09,2.022607858975789e-09,2.022607858975789e-09,2.022607858975789e-09,2.022607858975789e-09,0.9812989234924316,2.022607858975789e-09,2.022607858975789e-09,0.01870104856789112,2.022607858975789e-09,2.022607858975789e-09
4,2022-05-13,0.8424265415458847,0.014401743645966053,0.5,1.030576846083875e-09,1.030576846083875e-09,1.030576846083875e-09,1.030576846083875e-09,1.030576846083875e-09,1.030576846083875e-09,1.030576846083875e-09,1.030576846083875e-09,1.030576846083875e-09,1.030576846083875e-09,0.5,1.030576846083875e-09,1.030576846083875e-09
4,2022-05-16,0.8376607294718362,-0.005673306308686734,2.061153470123145e-09,2.061153470123145e-09,2.061153470123145e-09,2.061153470123145e-09,2.061153470123145e-09,2.061153470123145e-09,2.061153470123145e-09,2.061153470123145e-09,1.844702879338911e-08,2.061153470123145e-09,2.061153470123145e-09,0.9999999403953552,2.061153470123145e-09,2.061153470123145e-09
4,2022-05-17,0.8435747595410454,0.007035367146879435,1.030576846083875e-09,0.5,1.030576846083875e-09,1.030576846083875e-09,1.030576846083875e-09,1.030576846083875e-09,1.030576846083875e-09,1.030576846083875e-09,0.5,1.030576846083875e-09,1.030576846083875e-09,1.030576846083875e-09,1.030576846083875e-09,1.030576846083875e-09
4,2022-05-18,0.8359113112271124,-0.00912600781172514,2.061153470123145e-09,2.061153470123145e-09,2.061153470123145e-09,2.061153470123145e-09,2.061153470123145e-09,2.061153470123145e-09,2.061153470123145e-09,2.061153470123145e-09,1.0,2.061153470123145e-09,2.061153470123145e-09,2.061153470123145e-09,2.061153470123145e-09,2.061153470123145e-09
4,2022-05-19,0.8359113109380706,-3.4578048757616386e-10,2.061153470123145e-09,2.061153470123145e-09,2.061153470123145e-09,2.061153470123145e-09,2.061153470123145e-09,2.061153470123145e-09,2.061153470123145e-09,2.061153470123145e-09,1.0,2.061153470123145e-09,2.061153470123145e-09,2.061153470123145e-09,2.061153470123145e-09,2.061153470123145e-09
4,2022-05-20,0.8520129042577538,0.01907915249466896,2.061153470123145e-09,2.061153470123145e-09,2.061153470123145e-09,2.061153470123145e-09,2.061153470123145e-09,2.061153470123145e-09,2.061153470123145e-09,2.061153470123145e-09,1.0,2.061153470123145e-09,2.061153470123145e-09,2.061153470123145e-09,2.061153470123145e-09,2.061153470123145e-09
4,2022-05-23,0.8529051296702198,0.0010466491363942624,2.061153470123145e-09,1.0,2.061153470123145e-09,2.061153470123145e-09,2.061153470123145e-09,2.061153470123145e-09,2.061153470123145e-09,2.061153470123145e-09,2.061153470123145e-09,2.061153470123145e-09,2.061153470123145e-09,2.061153470123145e-09,2.061153470123145e-09,2.061153470123145e-09
4,2022-05-24,0.851282314101563,-0.0019045041847974061,2.061153470123145e-09,2.061153470123145e-09,2.061153470123145e-09,2.061153470123145e-09,2.061153470123145e-09,2.061153470123145e-09,2.061153470123145e-09,2.061153470123145e-09,1.0,2.061153470123145e-09,2.061153470123145e-09,2.061153470123145e-09,2.061153470123145e-09,2.061153470123145e-09
4,2022-05-25,0.8729880421369374,0.025178040799498556,3.84940346265239e-09,1.3839337498211535e-06,3.84940346265239e-09,3.84940346265239e-09,3.84940346265239e-09,3.84940346265239e-09,3.84940346265239e-09,3.84940346265239e-09,3.84940346265239e-09,3.84940346265239e-09,3.84940346265239e-09,0.9999985694885254,3.84940346265239e-09,3.84940346265239e-09
4,2022-05-26,0.8674877151695465,-0.006320507775247097,2.061153470123145e-09,2.061153470123145e-09,2.061153470123145e-09,2.061153470123145e-09,2.061153470123145e-09,2.061153470123145e-09,2.061153470123145e-09,2.061153470123145e-09,1.0,2.061153470123145e-09,2.061153470123145e-09,2.061153470123145e-09,2.061153470123145e-09,2.061153470123145e-09
4,2022-05-27,0.8713292556960947,0.004418575204908848,2.061153470123145e-09,2.061153470123145e-09,2.061153470123145e-09,2.061153470123145e-09,2.061153470123145e-09,2.061153470123145e-09,2.061153470123145e-09,2.061153470123145e-09,1.0,2.061153470123145e-09,2.061153470123145e-09,2.061153470123145e-09,2.061153470123145e-09,2.061153470123145e-09
4,2022-05-30,0.880676163402705,0.01067005419433117,0.5,1.030576846083875e-09,1.030576846083875e-09,1.030576846083875e-09,1.030576846083875e-09,1.030576846083875e-09,1.030576846083875e-09,1.030576846083875e-09,1.030576846083875e-09,1.030576846083875e-09,1.030576846083875e-09,0.5,1.030576846083875e-09,1.030576846083875e-09
4,2022-05-31,0.8744395450233616,-0.007106818768382072,2.061153470123145e-09,2.061153470123145e-09,2.061153470123145e-09,2.061153470123145e-09,2.061153470123145e-09,2.061153470123145e-09,2.061153470123145e-09,2.061153470123145e-09,1.0,2.061153470123145e-09,2.061153470123145e-09,2.061153470123145e-09,2.061153470123145e-09,2.061153470123145e-09
4,2022-06-02,0.873736862696626,-0.0008039032691158354,2.061153470123145e-09,2.061153470123145e-09,2.061153470123145e-09,2.061153470123145e-09,2.061153470123145e-09,2.061153470123145e-09,2.061153470123145e-09,2.061153470123145e-09,1.0,2.061153470123145e-09,2.061153470123145e-09,2.061153470123145e-09,2.061153470123145e-09,2.061153470123145e-09
4,2022-06-03,0.8741208317594878,0.0004393596461042762,0.5,1.030576846083875e-09,1.030576846083875e-09,1.030576846083875e-09,1.030576846083875e-09,1.030576846083875e-09,1.030576846083875e-09,1.030576846083875e-09,1.030576846083875e-09,1.030576846083875e-09,1.030576846083875e-09,0.5,1.030576846083875e-09,1.030576846083875e-09
4,2022-06-07,0.8609770197535478,-0.015150803650915623,2.061153470123145e-09,2.061153470123145e-09,2.061153470123145e-09,2.061153470123145e-09,2.061153470123145e-09,2.061153470123145e-09,2.061153470123145e-09,2.061153470123145e-09,1.0,2.061153470123145e-09,2.061153470123145e-09,2.061153470123145e-09,2.061153470123145e-09,2.061153470123145e-09
4,2022-06-08,0.8677618293740443,0.007849472996592522,2.061153470123145e-09,2.061153470123145e-09,2.061153470123145e-09,2.061153470123145e-09,2.061153470123145e-09,2.061153470123145e-09,2.061153470123145e-09,2.061153470123145e-09,2.061153470123145e-09,2.061153470123145e-09,2.061153470123145e-09,1.0,2.061153470123145e-09,2.061153470123145e-09
4,2022-06-09,0.8674184294204458,-0.00039580897297710176,0.5,1.030576846083875e-09,1.030576846083875e-09,1.030576846083875e-09,1.030576846083875e-09,1.030576846083875e-09,1.030576846083875e-09,1.030576846083875e-09,1.030576846083875e-09,1.030576846083875e-09,1.030576846083875e-09,0.5,1.030576846083875e-09,1.030576846083875e-09
4,2022-06-10,0.8517984367839367,-0.01817155561745167,2.061153470123145e-09,2.061153470123145e-09,2.061153470123145e-09,2.061153470123145e-09,2.061153470123145e-09,2.061153470123145e-09,2.061153470123145e-09,2.061153470123145e-09,2.061153470123145e-09,2.061153470123145e-09,2.061153470123145e-09,1.0,2.061153470123145e-09,2.061153470123145e-09
4,2022-06-13,0.8618521376998667,0.011733799663186073,2.061153470123145e-09,2.061153470123145e-09,2.061153470123145e-09,2.061153470123145e-09,2.061153470123145e-09,2.061153470123145e-09,2.061153470123145e-09,2.061153470123145e-09,1.0,2.061153470123145e-09,2.061153470123145e-09,2.061153470123145e-09,2.061153470123145e-09,2.061153470123145e-09
4,2022-06-14,0.8573932857271743,-0.0051869987949728965,0.5,1.030576846083875e-09,1.030576846083875e-09,1.030576846083875e-09,1.030576846083875e-09,1.030576846083875e-09,1.030576846083875e-09,1.030576846083875e-09,1.030576846083875e-09,1.030576846083875e-09,1.030576846083875e-09,0.5,1.030576846083875e-09,1.030576846083875e-09
4,2022-06-15,0.8522541279882762,-0.006011968522518873,2.061153470123145e-09,2.061153470123145e-09,2.061153470123145e-09,2.061153470123145e-09,2.061153470123145e-09,2.061153470123145e-09,2.061153470123145e-09,2.061153470123145e-09,1.0,2.061153470123145e-09,2.061153470123145e-09,2.061153470123145e-09,2.061153470123145e-09,2.061153470123145e-09
4,2022-06-16,0.8581823026297214,0.006931796204298735,2.061153470123145e-09,2.061153470123145e-09,2.061153470123145e-09,2.061153470123145e-09,2.061153470123145e-09,2.061153470123145e-09,2.061153470123145e-09,2.061153470123145e-09,1.0,2.061153470123145e-09,2.061153470123145e-09,2.061153470123145e-09,2.061153470123145e-09,2.061153470123145e-09
4,2022-06-17,0.8701063136896398,0.013798852980136871,1.818930144281694e-07,1.818930144281694e-07,1.818930144281694e-07,1.818930144281694e-07,1.818930144281694e-07,1.818930144281694e-07,1.818930144281694e-07,1.818930144281694e-07,4.471357897273265e-07,1.818930144281694e-07,1.818930144281694e-07,0.9999973773956299,1.818930144281694e-07,1.818930144281694e-07
4,2022-06-20,0.8549190233131104,-0.017608648949909593,2.061153470123145e-09,2.061153470123145e-09,2.061153470123145e-09,2.061153470123145e-09,2.061153470123145e-09,2.061153470123145e-09,2.061153470123145e-09,2.061153470123145e-09,2.061153470123145e-09,2.061153470123145e-09,2.061153470123145e-09,1.0,2.061153470123145e-09,2.061153470123145e-09
4,2022-06-21,0.851209347486455,-0.004348654809594154,2.061153470123145e-09,2.061153470123145e-09,2.061153470123145e-09,2.061153470123145e-09,2.061153470123145e-09,2.061153470123145e-09,2.061153470123145e-09,2.061153470123145e-09,1.0,2.061153470123145e-09,2.061153470123145e-09,2.061153470123145e-09,2.061153470123145e-09,2.061153470123145e-09
4,2022-06-22,0.8402589211891811,-0.012948016214370727,2.061153470123145e-09,2.061153470123145e-09,2.061153470123145e-09,2.061153470123145e-09,2.061153470123145e-09,2.061153470123145e-09,2.061153470123145e-09,2.061153470123145e-09,2.061153470123145e-09,2.061153470123145e-09,2.061153470123145e-09,1.0,2.061153470123145e-09,2.061153470123145e-09
4,2022-06-23,0.8365443511415153,-0.0044305449366569515,0.04539744555950165,9.837889392017019e-10,9.837889392017019e-10,9.837889392017019e-10,6.800740415258133e-09,9.837889392017019e-10,9.837889392017019e-10,9.837889392017019e-10,0.47730016708374023,9.837889392017019e-10,9.837889392017019e-10,0.47730016708374023,9.837889392017019e-10,2.1813507373735774e-06
4,2022-06-24,0.8319948631888083,-0.005453272165358066,2.061153470123145e-09,2.061153470123145e-09,2.061153470123145e-09,2.061153470123145e-09,2.061153470123145e-09,2.061153470123145e-09,2.061153470123145e-09,2.061153470123145e-09,1.0,2.061153470123145e-09,2.061153470123145e-09,2.061153470123145e-09,2.061153470123145e-09,2.061153470123145e-09
4,2022-06-27,0.8381124797742274,0.007326048798859119,2.061153470123145e-09,2.061153470123145e-09,2.061153470123145e-09,2.061153470123145e-09,2.061153470123145e-09,2.061153470123145e-09,2.061153470123145e-09,2.061153470123145e-09,1.0,2.061153470123145e-09,2.061153470123145e-09,2.061153470123145e-09,2.061153470123145e-09,2.061153470123145e-09
4,2022-06-28,0.8343738650531861,-0.0044707341972876746,2.0610204654047948e-09,2.0610204654047948e-09,2.0610204654047948e-09,2.0610204654047948e-09,2.0610204654047948e-09,2.0610204654047948e-09,2.0610204654047948e-09,2.0610204654047948e-09,0.9999354481697083,2.0610204654047948e-09,2.0610204654047948e-09,6.454156391555443e-05,2.0610204654047948e-09,2.0610204654047948e-09
4,2022-06-29,0.8306353020013857,-0.004490749250738736,2.061153470123145e-09,2.061153470123145e-09,2.061153470123145e-09,2.061153470123145e-09,2.061153470123145e-09,2.061153470123145e-09,2.061153470123145e-09,2.061153470123145e-09,1.0,2.061153470123145e-09,2.061153470123145e-09,2.061153470123145e-09,2.061153470123145e-09,2.061153470123145e-09
4,2022-06-30,0.8282562328207941,-0.002868265660161151,2.06115324807854e-09,2.06115324807854e-09,2.06115324807854e-09,2.06115324807854e-09,2.06115324807854e-09,2.06115324807854e-09,2.06115324807854e-09,2.06115324807854e-09,0.9999998211860657,2.06115324807854e-09,2.06115324807854e-09,2.06115324807854e-09,2.06115324807854e-09,1.4398229097878357e-07
4,2022-07-01,0.8142490654220077,-0.017056270062923432,2.061153470123145e-09,2.061153470123145e-09,2.061153470123145e-09,2.061153470123145e-09,2.061153470123145e-09,2.061153470123145e-09,2.061153470123145e-09,2.061153470123145e-09,2.061153470123145e-09,2.061153470123145e-09,2.061153470123145e-09,1.0,2.061153470123145e-09,2.061153470123145e-09
4,2022-07-04,0.8200794979730563,0.0071349879287183286,2.061153470123145e-09,2.061153470123145e-09,2.061153470123145e-09,2.061153470123145e-09,2.061153470123145e-09,2.061153470123145e-09,2.061153470123145e-09,2.061153470123145e-09,1.0,2.061153470123145e-09,2.061153470123145e-09,2.061153470123145e-09,2.061153470123145e-09,2.061153470123145e-09
4,2022-07-05,0.8509546333432555,0.036957533025741576,0.4999697804450989,1.0305145625721934e-09,1.0305145625721934e-09,1.0305145625721934e-09,1.0305145625721934e-09,1.0305145625721934e-09,1.0305145625721934e-09,1.0305145625721934e-09,6.040250082151033e-05,1.0305145625721934e-09,1.0305145625721934e-09,0.4999697804450989,1.0305145625721934e-09,1.0305145625721934e-09
4,2022-07-06,0.8522011172304415,0.0014637347280979157,6.528868198074633e-06,0.0029803100042045116,6.528868198074633e-06,6.528868198074633e-06,6.528868198074633e-06,6.528868198074633e-06,6.528868198074633e-06,6.528868198074633e-06,6.528868198074633e-06,6.528868198074633e-06,6.528868198074633e-06,0.996941328048706,6.528868198074633e-06,6.528868198074633e-06
4,2022-07-07,0.8422275109226689,-0.011772371320426463,2.061153470123145e-09,2.061153470123145e-09,2.061153470123145e-09,2.061153470123145e-09,2.061153470123145e-09,2.061153470123145e-09,2.061153470123145e-09,2.061153470123145e-09,1.0,2.061153470123145e-09,2.061153470123145e-09,2.061153470123145e-09,2.061153470123145e-09,2.061153470123145e-09
4,2022-07-08,0.8425994778108282,0.00044154906906187537,0.5,1.030576846083875e-09,1.030576846083875e-09,1.030576846083875e-09,1.030576846083875e-09,1.030576846083875e-09,1.030576846083875e-09,1.030576846083875e-09,1.030576846083875e-09,1.030576846083875e-09,1.030576846083875e-09,0.5,1.030576846083875e-09,1.030576846083875e-09
4,2022-07-11,0.8405437382471025,-0.002442739947885275,2.061153470123145e-09,2.061153470123145e-09,2.061153470123145e-09,2.061153470123145e-09,2.061153470123145e-09,2.061153470123145e-09,2.061153470123145e-09,2.061153470123145e-09,1.0,2.061153470123145e-09,2.061153470123145e-09,2.061153470123145e-09,2.061153470123145e-09,2.061153470123145e-09
4,2022-07-12,0.8351348858659166,-0.0064557380974292755,2.061153470123145e-09,2.061153470123145e-09,2.061153470123145e-09,2.061153470123145e-09,2.061153470123145e-09,2.061153470123145e-09,2.061153470123145e-09,2.061153470123145e-09,1.0,2.061153470123145e-09,2.061153470123145e-09,2.061153470123145e-09,2.061153470123145e-09,2.061153470123145e-09
4,2022-07-13,0.8443359108741039,0.010957162317633629,0.5,1.030576846083875e-09,1.030576846083875e-09,1.030576846083875e-09,1.030576846083875e-09,1.030576846083875e-09,1.030576846083875e-09,1.030576846083875e-09,1.030576846083875e-09,1.030576846083875e-09,1.030576846083875e-09,0.5,1.030576846083875e-09,1.030576846083875e-09
4,2022-07-14,0.8440826480643915,-0.00030000003289594636,2.061153470123145e-09,2.061153470123145e-09,2.061153470123145e-09,2.061153470123145e-09,2.061153470123145e-09,2.061153470123145e-09,2.061153470123145e-09,2.061153470123145e-09,1.0,2.061153470123145e-09,2.061153470123145e-09,2.061153470123145e-09,2.061153470123145e-09,2.061153470123145e-09
4,2022-07-15,0.8280084524595694,-0.01922705143094063,1.030576846083875e-09,0.5,1.030576846083875e-09,1.030576846083875e-09,1.030576846083875e-09,1.030576846083875e-09,1.030576846083875e-09,1.030576846083875e-09,0.5,1.030576846083875e-09,1.030576846083875e-09,1.030576846083875e-09,1.030576846083875e-09,1.030576846083875e-09
4,2022-07-18,0.8612623188546563,0.03937576306760311,2.05922812135384e-09,0.9990657567977905,2.05922812135384e-09,2.05922812135384e-09,2.05922812135384e-09,2.05922812135384e-09,2.05922812135384e-09,2.05922812135384e-09,0.000934191863052547,2.05922812135384e-09,2.05922812135384e-09,2.05922812135384e-09,2.05922812135384e-09,2.05922812135384e-09
4,2022-07-19,0.8682273544287267,0.008054483743011952,1.6107172484680632e-07,4.765407538798172e-06,1.6107172484680632e-07,1.6107172484680632e-07,1.6107172484680632e-07,1.6107172484680632e-07,1.6107172484680632e-07,1.6107172484680632e-07,1.6107172484680632e-07,1.6107172484680632e-07,1.6107172484680632e-07,0.9999933242797852,1.6107172484680632e-07,1.6107172484680632e-07
4,2022-07-20,0.8668283707929434,-0.001612609806843102,2.061153470123145e-09,2.061153470123145e-09,2.061153470123145e-09,2.061153470123145e-09,2.061153470123145e-09,2.061153470123145e-09,2.061153470123145e-09,2.061153470123145e-09,1.0,2.061153470123145e-09,2.061153470123145e-09,2.061153470123145e-09,2.061153470123145e-09,2.061153470123145e-09
4,2022-07-21,0.8786925016662093,0.013594009403884411,2.061091075589161e-09,0.9999696612358093,2.061091075589161e-09,2.061091075589161e-09,2.061091075589161e-09,2.061091075589161e-09,2.061091075589161e-09,2.061091075589161e-09,2.061091075589161e-09,2.061091075589161e-09,2.061091075589161e-09,3.0295295800897293e-05,2.061091075589161e-09,2.061091075589161e-09
4,2022-07-22,0.8692662798987848,-0.01078550963997841,0.5,1.030576846083875e-09,1.030576846083875e-09,1.030576846083875e-09,1.030576846083875e-09,1.030576846083875e-09,1.030576846083875e-09,1.030576846083875e-09,1.030576846083875e-09,1.030576846083875e-09,1.030576846083875e-09,0.5,1.030576846083875e-09,1.030576846083875e-09
4,2022-07-25,0.8715749799046284,0.002652397335320711,1.934931104230486e-09,0.06123876944184303,1.934931104230486e-09,1.934931104230486e-09,1.934931104230486e-09,1.934931104230486e-09,1.934931104230486e-09,1.934931104230486e-09,0.9387612342834473,1.934931104230486e-09,1.934931104230486e-09,1.934931104230486e-09,1.934931104230486e-09,1.934931104230486e-09
4,2022-07-26,0.8708037495800047,-0.0008852614669129252,2.061153470123145e-09,2.061153470123145e-09,2.061153470123145e-09,2.061153470123145e-09,2.061153470123145e-09,2.061153470123145e-09,2.061153470123145e-09,2.061153470123145e-09,1.0,2.061153470123145e-09,2.061153470123145e-09,2.061153470123145e-09,2.061153470123145e-09,2.061153470123145e-09
4,2022-07-27,0.8705509533446052,-0.00029034433564957,2.134753594873473e-05,0.9990900754928589,2.134753594873473e-05,2.134753594873473e-05,2.134753594873473e-05,2.134753594873473e-05,2.134753594873473e-05,2.134753594873473e-05,2.134753594873473e-05,2.134753594873473e-05,2.134753594873473e-05,0.0006537830922752619,2.134753594873473e-05,2.134753594873473e-05
4,2022-07-28,0.869876106025491,-0.0007754962775390595,0.5,1.030576846083875e-09,1.030576846083875e-09,1.030576846083875e-09,1.030576846083875e-09,1.030576846083875e-09,1.030576846083875e-09,1.030576846083875e-09,1.030576846083875e-09,1.030576846083875e-09,1.030576846083875e-09,0.5,1.030576846083875e-09,1.030576846083875e-09
4,2022-07-29,0.8686317975663762,-0.001431467373855412,9.110728171890514e-09,0.002248191274702549,9.110728171890514e-09,9.110728171890514e-09,9.110728171890514e-09,9.110728171890514e-09,9.110728171890514e-09,9.110728171890514e-09,9.110728171890514e-09,9.110728171890514e-09,9.110728171890514e-09,0.9977517127990723,9.110728171890514e-09,9.110728171890514e-09
4,2022-08-01,0.865695218720663,-0.0033864220812916757,0.20000000298023224,4.122307217802046e-10,4.122307217802046e-10,4.122307217802046e-10,0.20000000298023224,4.122307217802046e-10,4.122307217802046e-10,4.122307217802046e-10,0.20000000298023224,4.122307217802046e-10,4.122307217802046e-10,0.20000000298023224,4.122307217802046e-10,0.20000000298023224
4,2022-08-02,0.8709931404163512,0.0061011961095035075,2.061153470123145e-09,2.061153470123145e-09,2.061153470123145e-09,2.061153470123145e-09,2.061153470123145e-09,2.061153470123145e-09,2.061153470123145e-09,2.061153470123145e-09,1.0,2.061153470123145e-09,2.061153470123145e-09,2.061153470123145e-09,2.061153470123145e-09,2.061153470123145e-09
4,2022-08-03,0.8684237678401646,-0.0029542939737439156,2.061153470123145e-09,2.061153470123145e-09,2.061153470123145e-09,2.061153470123145e-09,2.061153470123145e-09,2.061153470123145e-09,2.061153470123145e-09,2.061153470123145e-09,1.0,2.061153470123145e-09,2.061153470123145e-09,2.061153470123145e-09,2.061153470123145e-09,2.061153470123145e-09
4,2022-08-04,0.8725427654711343,0.0047318604208528995,0.20000000298023224,4.122307217802046e-10,4.122307217802046e-10,4.122307217802046e-10,0.20000000298023224,4.122307217802046e-10,4.122307217802046e-10,4.122307217802046e-10,0.20000000298023224,4.122307217802046e-10,4.122307217802046e-10,0.20000000298023224,4.122307217802046e-10,0.20000000298023224
4,2022-08-05,0.8882645924305601,0.017857995316386224,0.5,1.030576846083875e-09,1.030576846083875e-09,1.030576846083875e-09,1.030576846083875e-09,1.030576846083875e-09,1.030576846083875e-09,1.030576846083875e-09,1.030576846083875e-09,1.030576846083875e-09,1.030576846083875e-09,0.5,1.030576846083875e-09,1.030576846083875e-09
4,2022-08-08,0.8805798091011419,-0.008689098569750786,2.0611181650309618e-09,1.7199607100337744e-05,2.0611181650309618e-09,2.0611181650309618e-09,2.0611181650309618e-09,2.0611181650309618e-09,2.0611181650309618e-09,2.0611181650309618e-09,0.9999827742576599,2.0611181650309618e-09,2.0611181650309618e-09,2.0611181650309618e-09,2.0611181650309618e-09,2.0611181650309618e-09
4,2022-08-09,0.8785379882477983,-0.002321415624767542,0.5,1.030576846083875e-09,1.030576846083875e-09,1.030576846083875e-09,1.030576846083875e-09,1.030576846083875e-09,1.030576846083875e-09,1.030576846083875e-09,1.030576846083875e-09,1.030576846083875e-09,1.030576846083875e-09,0.5,1.030576846083875e-09,1.030576846083875e-09
4,2022-08-10,0.8630963149772329,-0.01773285916745663,2.061153470123145e-09,0.9999999403953552,2.061153470123145e-09,2.061153470123145e-09,2.061153470123145e-09,2.061153470123145e-09,2.061153470123145e-09,2.061153470123145e-09,2.061153470123145e-09,2.061153470123145e-09,2.061153470123145e-09,2.237947960281872e-08,2.061153470123145e-09,2.061153470123145e-09
4,2022-08-11,0.8769920713343016,0.015971661967039107,0.5,1.030576846083875e-09,1.030576846083875e-09,1.030576846083875e-09,1.030576846083875e-09,1.030576846083875e-09,1.030576846083875e-09,1.030576846083875e-09,1.030576846083875e-09,1.030576846083875e-09,1.030576846083875e-09,0.5,1.030576846083875e-09,1.030576846083875e-09
4,2022-08-12,0.8776331802661467,0.0007307645433582365,1.6149465098536098e-09,1.6149465098536098e-09,1.6149465098536098e-09,1.6149465098536098e-09,1.6149465098536098e-09,1.6149465098536098e-09,1.6149465098536098e-09,1.6149465098536098e-09,0.7835158109664917,1.6149465098536098e-09,1.6149465098536098e-09,0.21648414433002472,1.6149465098536098e-09,1.6149465098536098e-09
4,2022-08-16,0.872446303045108,-0.0059276078119874,2.061144144249738e-09,4.5390888772089966e-06,2.061144144249738e-09,2.061144144249738e-09,2.061144144249738e-09,2.061144144249738e-09,2.061144144249738e-09,2.061144144249738e-09,0.9999954104423523,2.061144144249738e-09,2.061144144249738e-09,2.061144144249738e-09,2.061144144249738e-09,2.061144144249738e-09
4,2022-08-17,0.8621231239856089,-0.011903012681007385,0.5,1.030576846083875e-09,1.030576846083875e-09,1.030576846083875e-09,1.030576846083875e-09,1.030576846083875e-09,1.030576846083875e-09,1.030576846083875e-09,1.030576846083875e-09,1.030576846083875e-09,1.030576846083875e-09,0.5,1.030576846083875e-09,1.030576846083875e-09
4,2022-08-18,0.854253445483724,-0.009170171383023262,2.061153470123145e-09,2.061153470123145e-09,2.061153470123145e-09,2.061153470123145e-09,2.061153470123145e-09,2.061153470123145e-09,2.061153470123145e-09,2.061153470123145e-09,1.0,2.061153470123145e-09,2.061153470123145e-09,2.061153470123145e-09,2.061153470123145e-09,2.061153470123145e-09
4,2022-08-19,0.8449919537127302,-0.010900819252431393,2.061153470123145e-09,2.061153470123145e-09,2.061153470123145e-09,2.061153470123145e-09,2.061153470123145e-09,2.061153470123145e-09,2.061153470123145e-09,2.061153470123145e-09,2.061153470123145e-09,2.061153470123145e-09,2.061153470123145e-09,1.0,2.061153470123145e-09,2.061153470123145e-09
4,2022-08-22,0.8297145601388339,-0.018245366883277894,2.0611214957000357e-09,0.9999843835830688,2.0611214957000357e-09,2.0611214957000357e-09,2.0611214957000357e-09,2.0611214957000357e-09,2.0611214957000357e-09,2.0611214957000357e-09,2.0611214957000357e-09,2.0611214957000357e-09,2.0611214957000357e-09,1.5564804925816134e-05,2.0611214957000357e-09,2.0611214957000357e-09
4,2022-08-23,0.823568074597061,-0.007435527030931371,2.0610648743257798e-09,0.9999569058418274,2.0610648743257798e-09,2.0610648743257798e-09,2.0610648743257798e-09,2.0610648743257798e-09,2.0610648743257798e-09,2.0610648743257798e-09,2.0610648743257798e-09,2.0610648743257798e-09,2.0610648743257798e-09,4.307603376219049e-05,2.0610648743257798e-09,2.0610648743257798e-09
4,2022-08-24,0.8262668589854748,0.0032715840119868517,0.5,1.030576846083875e-09,1.030576846083875e-09,1.030576846083875e-09,1.030576846083875e-09,1.030576846083875e-09,1.030576846083875e-09,1.030576846083875e-09,1.030576846083875e-09,1.030576846083875e-09,1.030576846083875e-09,0.5,1.030576846083875e-09,1.030576846083875e-09
4,2022-08-25,0.8354761297015917,0.011083982375264168,3.435125794926108e-10,0.1666603535413742,0.1666603535413742,0.1666603535413742,3.435125794926108e-10,0.1666603535413742,0.1666603535413742,0.1666603535413742,3.435125794926108e-10,7.736043130535109e-07,7.032972916931612e-06,3.435125794926108e-10,3.0111446903902106e-05,3.435125794926108e-10
4,2022-08-26,0.8318853907333721,-0.004307097741216421,2.061153470123145e-09,1.0,2.061153470123145e-09,2.061153470123145e-09,2.061153470123145e-09,2.061153470123145e-09,2.061153470123145e-09,2.061153470123145e-09,2.061153470123145e-09,2.061153470123145e-09,2.061153470123145e-09,2.061153470123145e-09,2.061153470123145e-09,2.061153470123145e-09
4,2022-08-29,0.8115948935712584,-0.02469336368309887,2.0607098250025047e-09,0.9997846484184265,2.0607098250025047e-09,2.0607098250025047e-09,2.0607098250025047e-09,2.0607098250025047e-09,2.0607098250025047e-09,2.0607098250025047e-09,2.0607098250025047e-09,2.0607098250025047e-09,2.0607098250025047e-09,0.00021530513186007738,2.0607098250025047e-09,2.0607098250025047e-09
4,2022-08-30,0.8295154125010336,0.021840373802185058,0.5,1.030576846083875e-09,1.030576846083875e-09,1.030576846083875e-09,1.030576846083875e-09,1.030576846083875e-09,1.030576846083875e-09,1.030576846083875e-09,1.030576846083875e-09,1.030576846083875e-09,1.030576846083875e-09,0.5,1.030576846083875e-09,1.030576846083875e-09
4,2022-08-31,0.8235351947497614,-0.00723540321663022,2.061153470123145e-09,2.061153470123145e-09,2.061153470123145e-09,2.061153470123145e-09,2.061153470123145e-09,2.061153470123145e-09,2.061153470123145e-09,2.061153470123145e-09,1.0,2.061153470123145e-09,2.061153470123145e-09,2.061153470123145e-09,2.061153470123145e-09,2.061153470123145e-09
4,2022-09-01,0.8045135809312643,-0.02336843921542168,0.5,1.030576846083875e-09,1.030576846083875e-09,1.030576846083875e-09,1.030576846083875e-09,1.030576846083875e-09,1.030576846083875e-09,1.030576846083875e-09,1.030576846083875e-09,1.030576846083875e-09,1.030576846083875e-09,0.5,1.030576846083875e-09,1.030576846083875e-09
4,2022-09-02,0.797880069739192,-0.008279549889266491,0.5,1.030576846083875e-09,1.030576846083875e-09,1.030576846083875e-09,1.030576846083875e-09,1.030576846083875e-09,1.030576846083875e-09,1.030576846083875e-09,1.030576846083875e-09,1.030576846083875e-09,1.030576846083875e-09,0.5,1.030576846083875e-09,1.030576846083875e-09
4,2022-09-05,0.8018874551048397,0.005009970118105412,1.950878791845412e-09,0.053501520305871964,1.950878791845412e-09,1.950878791845412e-09,1.950878791845412e-09,1.950878791845412e-09,1.950878791845412e-09,1.950878791845412e-09,0.946498453617096,1.950878791845412e-09,1.950878791845412e-09,1.950878791845412e-09,1.950878791845412e-09,1.950878791845412e-09
4,2022-09-06,0.805739895646677,0.004792712582647801,2.061153470123145e-09,2.061153470123145e-09,2.061153470123145e-09,2.061153470123145e-09,2.061153470123145e-09,2.061153470123145e-09,2.061153470123145e-09,2.061153470123145e-09,1.0,2.061153470123145e-09,2.061153470123145e-09,2.061153470123145e-09,2.061153470123145e-09,2.061153470123145e-09
4,2022-09-07,0.795900946588812,-0.012286241166293621,2.061153470123145e-09,2.061153470123145e-09,2.061153470123145e-09,2.061153470123145e-09,2.061153470123145e-09,2.061153470123145e-09,2.061153470123145e-09,2.061153470123145e-09,1.0,2.061153470123145e-09,2.061153470123145e-09,2.061153470123145e-09,2.061153470123145e-09,2.061153470123145e-09
4,2022-09-08,0.8012610201211311,0.006712022659182549,0.3333333432674408,0.3333333432674408,6.870511937151491e-10,6.870511937151491e-10,6.870511937151491e-10,6.870511937151491e-10,6.870511937151491e-10,6.870511937151491e-10,6.870511937151491e-10,6.870511937151491e-10,6.870511937151491e-10,0.3333333432674408,6.870511937151491e-10,6.870511937151491e-10
4,2022-09-13,0.8105890413586334,0.011574433128535748,0.20710207521915436,4.268692066489166e-10,4.268692066489166e-10,4.268692066489166e-10,0.17159166932106018,4.268692066489166e-10,4.268692066489166e-10,4.268692066489166e-10,0.20710207521915436,4.268692066489166e-10,4.268692066489166e-10,0.20710207521915436,4.268692066489166e-10,0.20710207521915436
4,2022-09-14,0.7998258971347268,-0.013367119528353214,2.061153470123145e-09,2.061153470123145e-09,2.061153470123145e-09,2.061153470123145e-09,2.061153470123145e-09,2.061153470123145e-09,2.061153470123145e-09,2.061153470123145e-09,1.0,2.061153470123145e-09,2.061153470123145e-09,2.061153470123145e-09,2.061153470123145e-09,2.061153470123145e-09
4,2022-09-15,0.7924048995448736,-0.009321577425301075,0.5,1.030576846083875e-09,1.030576846083875e-09,1.030576846083875e-09,1.030576846083875e-09,1.030576846083875e-09,1.030576846083875e-09,1.030576846083875e-09,1.030576846083875e-09,1.030576846083875e-09,1.030576846083875e-09,0.5,1.030576846083875e-09,1.030576846083875e-09
4,2022-09-16,0.7820180301707537,-0.013194701212644577,5.029658911581691e-10,0.24402154982089996,0.24402154982089996,0.012777707539498806,5.029658911581691e-10,0.01106474082916975,0.24402154982089996,0.24402154982089996,5.029658911581691e-10,6.171430300128122e-08,1.838590719671629e-07,5.029658911581691e-10,7.1113565354608e-05,5.029658911581691e-10
4,2022-09-19,0.7839020933760779,0.0024063348904252053,2.061153470123145e-09,2.061153470123145e-09,2.061153470123145e-09,2.061153470123145e-09,2.061153470123145e-09,2.061153470123145e-09,2.061153470123145e-09,2.061153470123145e-09,1.0,2.061153470123145e-09,2.061153470123145e-09,2.061153470123145e-09,2.061153470123145e-09,2.061153470123145e-09
4,2022-09-20,0.7862514351519805,0.0029925016712397338,1.030576846083875e-09,0.5,1.030576846083875e-09,1.030576846083875e-09,1.030576846083875e-09,1.030576846083875e-09,1.030576846083875e-09,1.030576846083875e-09,1.030576846083875e-09,1.030576846083875e-09,1.030576846083875e-09,0.5,1.030576846083875e-09,1.030576846083875e-09
4,2022-09-21,0.7643448679771361,-0.028257548132538796,2.061153470123145e-09,2.061153470123145e-09,2.061153470123145e-09,2.061153470123145e-09,2.061153470123145e-09,2.061153470123145e-09,2.061153470123145e-09,2.061153470123145e-09,2.061153470123145e-09,2.061153470123145e-09,2.061153470123145e-09,1.0,2.061153470123145e-09,2.061153470123145e-09
4,2022-09-22,0.7608961012345897,-0.004522265910357237,2.060797754666055e-09,0.9998273253440857,2.060797754666055e-09,2.060797754666055e-09,2.060797754666055e-09,2.060797754666055e-09,2.060797754666055e-09,2.060797754666055e-09,0.00017262293840758502,2.060797754666055e-09,2.060797754666055e-09,2.060797754666055e-09,2.060797754666055e-09,2.060797754666055e-09
4,2022-09-23,0.7436379795313116,-0.022942489522695543,2.061153470123145e-09,2.061153470123145e-09,2.061153470123145e-09,2.061153470123145e-09,2.061153470123145e-09,2.061153470123145e-09,2.061153470123145e-09,2.061153470123145e-09,2.061153470123145e-09,2.061153470123145e-09,2.061153470123145e-09,1.0,2.061153470123145e-09,2.061153470123145e-09
4,2022-09-26,0.7270943741691229,-0.022498047488927843,2.061153470123145e-09,2.061153470123145e-09,2.061153470123145e-09,2.061153470123145e-09,2.061153470123145e-09,2.061153470123145e-09,2.061153470123145e-09,2.061153470123145e-09,1.0,2.061153470123145e-09,2.061153470123145e-09,2.061153470123145e-09,2.061153470123145e-09,2.061153470123145e-09
4,2022-09-27,0.7260951706735831,-0.0013751869555562735,2.061153470123145e-09,2.061153470123145e-09,2.061153470123145e-09,2.061153470123145e-09,2.061153470123145e-09,2.061153470123145e-09,2.061153470123145e-09,2.061153470123145e-09,1.0,2.061153470123145e-09,2.061153470123145e-09,2.061153470123145e-09,2.061153470123145e-09,2.061153470123145e-09
4,2022-09-28,0.719433767902767,-0.009216626174747944,2.061153470123145e-09,2.061153470123145e-09,2.061153470123145e-09,2.061153470123145e-09,2.061153470123145e-09,2.061153470123145e-09,2.061153470123145e-09,2.061153470123145e-09,1.0,2.061153470123145e-09,2.061153470123145e-09,2.061153470123145e-09,2.061153470123145e-09,2.061153470123145e-09
4,2022-09-29,0.729092846759586,0.013336616568267345,2.061153470123145e-09,2.061153470123145e-09,2.061153470123145e-09,2.061153470123145e-09,2.061153470123145e-09,2.061153470123145e-09,2.061153470123145e-09,2.061153470123145e-09,1.0,2.061153470123145e-09,2.061153470123145e-09,2.061153470123145e-09,2.061153470123145e-09,2.061153470123145e-09
4,2022-09-30,0.7394180402522548,0.014062358997762203,2.061153470123145e-09,2.061153470123145e-09,2.061153470123145e-09,2.061153470123145e-09,2.061153470123145e-09,2.061153470123145e-09,2.061153470123145e-09,2.061153470123145e-09,1.0,2.061153470123145e-09,2.061153470123145e-09,2.061153470123145e-09,2.061153470123145e-09,2.061153470123145e-09
4,2022-10-04,0.7560716121214812,0.02227265201508999,2.061153470123145e-09,2.061153470123145e-09,2.061153470123145e-09,2.061153470123145e-09,2.061153470123145e-09,2.061153470123145e-09,2.061153470123145e-09,2.061153470123145e-09,1.0,2.061153470123145e-09,2.061153470123145e-09,2.061153470123145e-09,2.061153470123145e-09,2.061153470123145e-09
4,2022-10-05,0.7650645120493118,0.011824063025414944,2.061153470123145e-09,2.061153470123145e-09,2.061153470123145e-09,2.061153470123145e-09,2.061153470123145e-09,2.061153470123145e-09,2.061153470123145e-09,2.061153470123145e-09,1.0,2.061153470123145e-09,2.061153470123145e-09,2.061153470123145e-09,2.061153470123145e-09,2.061153470123145e-09
4,2022-10-06,0.7640653085868602,-0.0013068917905911803,2.061153470123145e-09,2.061153470123145e-09,2.061153470123145e-09,2.061153470123145e-09,2.061153470123145e-09,2.061153470123145e-09,2.061153470123145e-09,2.061153470123145e-09,1.0,2.061153470123145e-09,2.061153470123145e-09,2.061153470123145e-09,2.061153470123145e-09,2.061153470123145e-09
4,2022-10-07,0.7590692234991384,-0.006560291163623333,2.061153470123145e-09,2.061153470123145e-09,2.061153470123145e-09,2.061153470123145e-09,2.061153470123145e-09,2.061153470123145e-09,2.061153470123145e-09,2.061153470123145e-09,1.0,2.061153470123145e-09,2.061153470123145e-09,2.061153470123145e-09,2.061153470123145e-09,2.061153470123145e-09
4,2022-10-11,0.7400841537670978,-0.025329075753688812,2.061153470123145e-09,2.061153470123145e-09,2.061153470123145e-09,2.061153470123145e-09,2.061153470123145e-09,2.061153470123145e-09,2.061153470123145e-09,2.061153470123145e-09,1.0,2.061153470123145e-09,2.061153470123145e-09,2.061153470123145e-09,2.061153470123145e-09,2.061153470123145e-09
4,2022-10-12,0.7417495370470544,0.0022477339953184128,2.061153470123145e-09,2.061153470123145e-09,2.061153470123145e-09,2.061153470123145e-09,2.061153470123145e-09,2.061153470123145e-09,2.061153470123145e-09,2.061153470123145e-09,1.0,2.061153470123145e-09,2.061153470123145e-09,2.061153470123145e-09,2.061153470123145e-09,2.061153470123145e-09
4,2022-10-13,0.7394180396496977,-0.0031481911428272724,2.061153470123145e-09,2.061153470123145e-09,2.061153470123145e-09,2.061153470123145e-09,2.061153470123145e-09,2.061153470123145e-09,2.061153470123145e-09,2.061153470123145e-09,1.0,2.061153470123145e-09,2.061153470123145e-09,2.061153470123145e-09,2.061153470123145e-09,2.061153470123145e-09
4,2022-10-14,0.7670190204063881,0.03664815561175346,2.0459274274742256e-09,0.9926127195358276,2.0459274274742256e-09,2.0459274274742256e-09,2.0459274274742256e-09,2.0459274274742256e-09,2.0459274274742256e-09,2.0459274274742256e-09,2.0459274274742256e-09,2.0459274274742256e-09,2.0459274274742256e-09,0.007387241814285517,2.0459274274742256e-09,2.0459274274742256e-09
4,2022-10-17,0.7578246644293932,-0.012059554035961628,2.061153470123145e-09,2.061153470123145e-09,2.061153470123145e-09,2.061153470123145e-09,2.061153470123145e-09,2.061153470123145e-09,2.061153470123145e-09,2.061153470123145e-09,1.0,2.061153470123145e-09,2.061153470123145e-09,2.061153470123145e-09,2.061153470123145e-09,2.061153470123145e-09
4,2022-10-18,0.7715116114032216,0.017899676647782324,0.3333333432674408,0.3333333432674408,6.870511937151491e-10,6.870511937151491e-10,6.870511937151491e-10,6.870511937151491e-10,6.870511937151491e-10,6.870511937151491e-10,6.870511937151491e-10,6.870511937151491e-10,6.870511937151491e-10,0.3333333432674408,6.870511937151491e-10,6.870511937151491e-10
4,2022-10-19,0.7653284347352188,-0.008046653971821069,2.06115280398933e-09,4.1351654544996563e-07,2.06115280398933e-09,2.06115280398933e-09,2.06115280398933e-09,2.06115280398933e-09,2.06115280398933e-09,2.06115280398933e-09,0.9999995827674866,2.06115280398933e-09,2.06115280398933e-09,2.06115280398933e-09,2.06115280398933e-09,2.06115280398933e-09
4,2022-10-20,0.7594473503510462,-0.007714069970697165,0.20000000298023224,4.122307217802046e-10,4.122307217802046e-10,4.122307217802046e-10,0.20000000298023224,4.122307217802046e-10,4.122307217802046e-10,4.122307217802046e-10,0.20000000298023224,4.122307217802046e-10,4.122307217802046e-10,0.20000000298023224,4.122307217802046e-10,0.20000000298023224
4,2022-10-21,0.7547144361001996,-0.006251550801843405,2.061153470123145e-09,2.061153470123145e-09,2.061153470123145e-09,2.061153470123145e-09,2.061153470123145e-09,2.061153470123145e-09,2.061153470123145e-09,2.061153470123145e-09,1.0,2.061153470123145e-09,2.061153470123145e-09,2.061153470123145e-09,2.061153470123145e-09,2.061153470123145e-09
4,2022-10-24,0.7704668092673795,0.02065712958574295,2.061153470123145e-09,2.061153470123145e-09,2.061153470123145e-09,2.061153470123145e-09,2.061153470123145e-09,2.061153470123145e-09,2.061153470123145e-09,2.061153470123145e-09,1.0,2.061153470123145e-09,2.061153470123145e-09,2.061153470123145e-09,2.061153470123145e-09,2.061153470123145e-09
4,2022-10-25,0.7766115104513712,0.007943661826848985,0.20000000298023224,4.122307217802046e-10,4.122307217802046e-10,4.122307217802046e-10,0.20000000298023224,4.122307217802046e-10,4.122307217802046e-10,4.122307217802046e-10,0.20000000298023224,4.122307217802046e-10,4.122307217802046e-10,0.20000000298023224,4.122307217802046e-10,0.20000000298023224
4,2022-10-26,0.7758125989084458,-0.0010292440173216165,0.5,1.030576846083875e-09,1.030576846083875e-09,1.030576846083875e-09,1.030576846083875e-09,1.030576846083875e-09,1.030576846083875e-09,1.030576846083875e-09,1.030576846083875e-09,1.030576846083875e-09,1.030576846083875e-09,0.5,1.030576846083875e-09,1.030576846083875e-09
4,2022-10-27,0.7988349767528091,0.029243392437696455,2.0594126404205326e-09,0.9991553425788879,2.0594126404205326e-09,2.0594126404205326e-09,2.0594126404205326e-09,2.0594126404205326e-09,2.0594126404205326e-09,2.0594126404205326e-09,2.0594126404205326e-09,2.0594126404205326e-09,2.0594126404205326e-09,0.0008446399006061256,2.0594126404205326e-09,2.0594126404205326e-09
4,2022-10-28,0.806590639668226,0.009661890491796657,2.061153470123145e-09,1.0,2.061153470123145e-09,2.061153470123145e-09,2.061153470123145e-09,2.061153470123145e-09,2.061153470123145e-09,2.061153470123145e-09,2.061153470123145e-09,2.061153470123145e-09,2.061153470123145e-09,2.061153470123145e-09,2.061153470123145e-09,2.061153470123145e-09
4,2022-10-31,0.8030884997404141,-0.004351358439028263,1.3369001461427388e-09,1.3369001461427388e-09,1.3369001461427388e-09,1.3369001461427388e-09,1.3369001461427388e-09,1.3369001461427388e-09,1.3369001461427388e-09,1.3369001461427388e-09,0.6486174464225769,1.3369001461427388e-09,1.3369001461427388e-09,0.3513825535774231,1.3369001461427388e-09,1.3369001461427388e-09
4,2022-11-01,0.8024014414296884,-0.0008558862127363682,0.5,1.030576846083875e-09,1.030576846083875e-09,1.030576846083875e-09,1.030576846083875e-09,1.030576846083875e-09,1.030576846083875e-09,1.030576846083875e-09,1.030576846083875e-09,1.030576846083875e-09,1.030576846083875e-09,0.5,1.030576846083875e-09,1.030576846083875e-09
4,2022-11-02,0.806202803332202,0.0047262948498129845,2.061153470123145e-09,2.061153470123145e-09,2.061153470123145e-09,2.061153470123145e-09,2.061153470123145e-09,2.061153470123145e-09,2.061153470123145e-09,2.061153470123145e-09,1.0,2.061153470123145e-09,2.061153470123145e-09,2.061153470123145e-09,2.061153470123145e-09,2.061153470123145e-09
4,2022-11-03,0.7977513032961319,-0.010538429021835327,2.061153470123145e-09,2.061153470123145e-09,2.061153470123145e-09,2.061153470123145e-09,2.061153470123145e-09,2.061153470123145e-09,2.061153470123145e-09,2.061153470123145e-09,1.0,2.061153470123145e-09,2.061153470123145e-09,2.061153470123145e-09,2.061153470123145e-09,2.061153470123145e-09
4,2022-11-04,0.7982647125805192,0.0006433635965920985,1.5124625996065788e-09,1.5124625996065788e-09,1.5124625996065788e-09,1.5124625996065788e-09,1.5124625996065788e-09,1.5124625996065788e-09,1.5124625996065788e-09,1.5124625996065788e-09,0.2662057876586914,1.5124625996065788e-09,1.5124625996065788e-09,0.7337942123413086,1.5124625996065788e-09,1.5124625996065788e-09
4,2022-11-07,0.8034771117578932,0.006508436625450849,2.061153470123145e-09,3.710709739479512e-09,2.061153470123145e-09,2.061153470123145e-09,2.061153470123145e-09,2.061153470123145e-09,2.061153470123145e-09,2.061153470123145e-09,2.061153470123145e-09,2.061153470123145e-09,2.061153470123145e-09,1.0,2.061153470123145e-09,2.061153470123145e-09
4,2022-11-08,0.8021511498097934,-0.0016516428880393504,2.061153470123145e-09,2.061153470123145e-09,2.061153470123145e-09,2.061153470123145e-09,2.061153470123145e-09,2.061153470123145e-09,2.061153470123145e-09,2.061153470123145e-09,1.0,2.061153470123145e-09,2.061153470123145e-09,2.061153470123145e-09,2.061153470123145e-09,2.061153470123145e-09
4,2022-11-09,0.8209572003855172,0.023173920810222626,2.061153470123145e-09,2.061153470123145e-09,2.061153470123145e-09,2.061153470123145e-09,2.061153470123145e-09,2.061153470123145e-09,2.061153470123145e-09,2.061153470123145e-09,1.0,2.061153470123145e-09,2.061153470123145e-09,2.061153470123145e-09,2.061153470123145e-09,2.061153470123145e-09
4,2022-11-10,0.820957200259652,-1.5331522162931321e-10,2.061153470123145e-09,2.061153470123145e-09,2.061153470123145e-09,2.061153470123145e-09,2.061153470123145e-09,2.061153470123145e-09,2.061153470123145e-09,2.061153470123145e-09,1.0,2.061153470123145e-09,2.061153470123145e-09,2.061153470123145e-09,2.061153470123145e-09,2.061153470123145e-09
4,2022-11-11,0.8389610009132255,0.02169324570298195,1.0305670761212582e-09,1.0305670761212582e-09,1.0305670761212582e-09,1.0305670761212582e-09,9.425046300748363e-06,1.0305670761212582e-09,1.0305670761212582e-09,1.0305670761212582e-09,0.49999529123306274,1.0305670761212582e-09,1.0305670761212582e-09,1.0305670761212582e-09,1.0305670761212582e-09,0.49999529123306274
4,2022-11-14,0.8399128868172933,0.0011339577237144112,2.061153470123145e-09,2.061153470123145e-09,2.061153470123145e-09,2.061153470123145e-09,2.061153470123145e-09,2.061153470123145e-09,2.061153470123145e-09,2.061153470123145e-09,1.0,2.061153470123145e-09,2.061153470123145e-09,2.061153470123145e-09,2.061153470123145e-09,2.061153470123145e-09
4,2022-11-15,0.8442238454076332,0.005119498819112778,2.061153470123145e-09,2.061153470123145e-09,2.061153470123145e-09,2.061153470123145e-09,2.061153470123145e-09,2.061153470123145e-09,2.061153470123145e-09,2.061153470123145e-09,1.0,2.061153470123145e-09,2.061153470123145e-09,2.061153470123145e-09,2.061153470123145e-09,2.061153470123145e-09
4,2022-11-16,0.8460200957963766,0.00212543411180377,2.061153470123145e-09,2.061153470123145e-09,2.061153470123145e-09,2.061153470123145e-09,2.061153470123145e-09,2.061153470123145e-09,2.061153470123145e-09,2.061153470123145e-09,1.0,2.061153470123145e-09,2.061153470123145e-09,2.061153470123145e-09,2.061153470123145e-09,2.061153470123145e-09
4,2022-11-17,0.8329923950970133,-0.015518600630760193,2.061153470123145e-09,0.9999998807907104,2.061153470123145e-09,2.061153470123145e-09,2.061153470123145e-09,2.061153470123145e-09,2.061153470123145e-09,2.061153470123145e-09,2.061153470123145e-09,2.061153470123145e-09,2.061153470123145e-09,7.852673888919526e-08,2.061153470123145e-09,2.061153470123145e-09
4,2022-11-18,0.8302679768171715,-0.0032760002732276916,0.5,1.030576846083875e-09,1.030576846083875e-09,1.030576846083875e-09,1.030576846083875e-09,1.030576846083875e-09,1.030576846083875e-09,1.030576846083875e-09,1.030576846083875e-09,1.030576846083875e-09,1.030576846083875e-09,0.5,1.030576846083875e-09,1.030576846083875e-09
4,2022-11-21,0.8167709903601528,-0.01638976230621338,2.061153470123145e-09,2.061153470123145e-09,2.061153470123145e-09,2.061153470123145e-09,2.061153470123145e-09,2.061153470123145e-09,2.061153470123145e-09,2.061153470123145e-09,2.061153470123145e-09,2.061153470123145e-09,2.061153470123145e-09,1.0,2.061153470123145e-09,2.061153470123145e-09
4,2022-11-22,0.8061431470121735,-0.01309742152094841,0.5,1.030576846083875e-09,1.030576846083875e-09,1.030576846083875e-09,1.030576846083875e-09,1.030576846083875e-09,1.030576846083875e-09,1.030576846083875e-09,1.030576846083875e-09,1.030576846083875e-09,1.030576846083875e-09,0.5,1.030576846083875e-09,1.030576846083875e-09
4,2022-11-23,0.8034581585187992,-0.0033362186953425407,2.061153470123145e-09,2.061153470123145e-09,2.061153470123145e-09,2.061153470123145e-09,2.061153470123145e-09,2.061153470123145e-09,2.061153470123145e-09,2.061153470123145e-09,0.9999999403953552,2.061153470123145e-09,2.061153470123145e-09,1.271908178779313e-08,2.061153470123145e-09,2.061153470123145e-09
4,2022-11-24,0.8118920629735444,0.010442294159531594,0.20000000298023224,4.122307217802046e-10,4.122307217802046e-10,4.122307217802046e-10,0.20000000298023224,4.122307217802046e-10,4.122307217802046e-10,4.122307217802046e-10,0.20000000298023224,4.122307217802046e-10,4.122307217802046e-10,0.20000000298023224,4.122307217802046e-10,0.20000000298023224
4,2022-11-25,0.8127445731121175,0.0010494780160486697,2.061153470123145e-09,2.061153470123145e-09,2.061153470123145e-09,2.061153470123145e-09,2.061153470123145e-09,2.061153470123145e-09,2.061153470123145e-09,2.061153470123145e-09,1.0,2.061153470123145e-09,2.061153470123145e-09,2.061153470123145e-09,2.061153470123145e-09,2.061153470123145e-09
4,2022-11-28,0.7962482253875818,-0.020505903798341753,0.5,1.030576846083875e-09,1.030576846083875e-09,1.030576846083875e-09,1.030576846083875e-09,1.030576846083875e-09,1.030576846083875e-09,1.030576846083875e-09,1.030576846083875e-09,1.030576846083875e-09,1.030576846083875e-09,0.5,1.030576846083875e-09,1.030576846083875e-09
4,2022-11-29,0.79635221771561,0.0001305943730287254,2.061153470123145e-09,2.061153470123145e-09,2.061153470123145e-09,2.061153470123145e-09,2.061153470123145e-09,2.061153470123145e-09,2.061153470123145e-09,2.061153470123145e-09,1.0,2.061153470123145e-09,2.061153470123145e-09,2.061153470123145e-09,2.061153470123145e-09,2.061153470123145e-09
4,2022-11-30,0.795833433973797,-0.000651662398315966,0.5,1.030576846083875e-09,1.030576846083875e-09,1.030576846083875e-09,1.030576846083875e-09,1.030576846083875e-09,1.030576846083875e-09,1.030576846083875e-09,1.030576846083875e-09,1.030576846083875e-09,1.030576846083875e-09,0.5,1.030576846083875e-09,1.030576846083875e-09
4,2022-12-01,0.8082666632097392,0.01550212265253067,2.061153470123145e-09,6.327529167293733e-09,2.061153470123145e-09,2.061153470123145e-09,2.061153470123145e-09,2.061153470123145e-09,2.061153470123145e-09,2.061153470123145e-09,0.9999999403953552,2.061153470123145e-09,2.061153470123145e-09,2.061153470123145e-09,2.061153470123145e-09,2.061153470123145e-09
4,2022-12-02,0.7994281906222518,-0.010995322416722774,2.061153470123145e-09,1.0,2.061153470123145e-09,2.061153470123145e-09,2.061153470123145e-09,2.061153470123145e-09,2.061153470123145e-09,2.061153470123145e-09,2.061153470123145e-09,2.061153470123145e-09,2.061153470123145e-09,2.061153470123145e-09,2.061153470123145e-09,2.061153470123145e-09
4,2022-12-05,0.7953311689359646,-0.005138117767125368,4.650490548208097e-10,0.22562561929225922,0.22562561929225922,0.053521063178777695,4.650490548208097e-10,0.043881241232156754,0.22562561929225922,0.22562561929225922,4.650490548208097e-10,1.1518640263830093e-07,6.239981757971691e-07,4.650490548208097e-10,9.449416393181309e-05,4.650490548208097e-10
4,2022-12-06,0.7804564066139599,-0.018879707372188567,1.5481737136724405e-05,1.5481737136724405e-05,1.5481737136724405e-05,1.5481737136724405e-05,1.5481737136724405e-05,1.5481737136724405e-05,1.5481737136724405e-05,1.5481737136724405e-05,0.8954241275787354,1.5481737136724405e-05,1.5481737136724405e-05,0.10439008474349976,1.5481737136724405e-05,1.5481737136724405e-05
4,2022-12-07,0.771033454707131,-0.012147121301293373,0.3333333432674408,0.3333333432674408,6.870511937151491e-10,3.38886785300474e-09,6.870511937151491e-10,6.870511937151491e-10,6.870511937151491e-10,6.870511937151491e-10,6.870511937151491e-10,6.870511937151491e-10,6.870511937151491e-10,0.3333333432674408,6.870511937151491e-10,6.870511937151491e-10
4,2022-12-08,0.7767213158439059,0.007349855222553015,2.061153470123145e-09,2.061153470123145e-09,2.061153470123145e-09,2.061153470123145e-09,2.061153470123145e-09,2.061153470123145e-09,2.061153470123145e-09,2.061153470123145e-09,1.0,2.061153470123145e-09,2.061153470123145e-09,2.061153470123145e-09,2.061153470123145e-09,2.061153470123145e-09
4,2022-12-09,0.7906035851524232,0.017715066412091255,2.0611519158109104e-09,2.0611519158109104e-09,2.0611519158109104e-09,2.0611519158109104e-09,2.0611519158109104e-09,2.0611519158109104e-09,2.0611519158109104e-09,2.0611519158109104e-09,7.872666856201249e-07,2.0611519158109104e-09,2.0611519158109104e-09,0.9999991655349731,2.0611519158109104e-09,2.0611519158109104e-09
4,2022-12-12,0.7867057875259873,-0.004942347554862499,2.061153470123145e-09,2.061153470123145e-09,2.061153470123145e-09,2.061153470123145e-09,2.061153470123145e-09,2.061153470123145e-09,2.061153470123145e-09,2.061153470123145e-09,1.0,2.061153470123145e-09,2.061153470123145e-09,2.061153470123145e-09,2.061153470123145e-09,2.061153470123145e-09
4,2022-12-13,0.7857074397984969,-0.0012698288774117827,2.061153470123145e-09,2.061153470123145e-09,2.061153470123145e-09,2.061153470123145e-09,2.061153470123145e-09,2.061153470123145e-09,2.061153470123145e-09,2.061153470123145e-09,1.0,2.061153470123145e-09,2.061153470123145e-09,2.061153470123145e-09,2.061153470123145e-09,2.061153470123145e-09
4,2022-12-14,0.7945476087086162,0.011188397893309594,1.867343085715234e-10,0.0905969887971878,0.0905969887971878,0.0905969887971878,0.0905969887971878,0.0905969887971878,0.0905969887971878,0.0905969887971878,0.0905969887971878,0.0905969887971878,0.003433132776990533,1.867343085715234e-10,0.0905969887971878,0.0905969887971878
4,2022-12-15,0.7857112306403442,-0.011183573155105113,2.061150139454071e-09,2.061150139454071e-09,2.061150139454071e-09,2.061150139454071e-09,2.061150139454071e-09,2.061150139454071e-09,2.061150139454071e-09,2.061150139454071e-09,0.9999983310699463,2.061150139454071e-09,2.061150139454071e-09,1.6244619018834783e-06,2.061150139454071e-09,2.061150139454071e-09
4,2022-12-16,0.7760776196608611,-0.012336793364584446,0.5,1.030576846083875e-09,1.030576846083875e-09,1.030576846083875e-09,1.030576846083875e-09,1.030576846083875e-09,1.030576846083875e-09,1.030576846083875e-09,1.030576846083875e-09,1.030576846083875e-09,1.030576846083875e-09,0.5,1.030576846083875e-09,1.030576846083875e-09
4,2022-12-19,0.7748462097021545,-0.0015879699494689703,0.5,1.030576846083875e-09,1.030576846083875e-09,1.030576846083875e-09,1.030576846083875e-09,1.030576846083875e-09,1.030576846083875e-09,1.030576846083875e-09,1.030576846083875e-09,1.030576846083875e-09,1.030576846083875e-09,0.5,1.030576846083875e-09,1.030576846083875e-09
4,2022-12-20,0.7739597955101092,-0.0011446421124972402,2.061153470123145e-09,2.061153470123145e-09,2.061153470123145e-09,2.061153470123145e-09,2.061153470123145e-09,2.061153470123145e-09,2.061153470123145e-09,2.061153470123145e-09,1.0,2.061153470123145e-09,2.061153470123145e-09,2.061153470123145e-09,2.061153470123145e-09,2.061153470123145e-09
4,2022-12-21,0.7839690196252591,0.01284957533031702,2.061153470123145e-09,2.061153470123145e-09,2.061153470123145e-09,2.061153470123145e-09,2.061153470123145e-09,2.061153470123145e-09,2.061153470123145e-09,2.061153470123145e-09,2.061153470123145e-09,2.061153470123145e-09,2.061153470123145e-09,1.0,2.061153470123145e-09,2.061153470123145e-09
4,2022-12-22,0.7843873679398364,0.0005334863017313182,2.0610422257760774e-09,2.0610422257760774e-09,2.0610422257760774e-09,2.0610422257760774e-09,2.0610422257760774e-09,2.0610422257760774e-09,2.0610422257760774e-09,2.0610422257760774e-09,0.9999459385871887,2.0610422257760774e-09,2.0610422257760774e-09,5.405119736678898e-05,2.0610422257760774e-09,2.0610422257760774e-09
4,2022-12-23,0.7746143757119964,-0.01253766429424286,6.414556108502723e-10,0.3112119138240814,0.0716567412018776,0.001749607385136187,6.414556108502723e-10,0.0009124782518483698,0.3032553493976593,0.3112119138240814,6.414556108502723e-10,3.0243445525712787e-09,1.776197855463124e-08,6.414556108502723e-10,1.959896280823159e-06,6.414556108502723e-10
4,2022-12-26,0.7828293278659776,0.010549374364316463,2.061153470123145e-09,2.061153470123145e-09,2.061153470123145e-09,2.061153470123145e-09,2.061153470123145e-09,2.061153470123145e-09,2.061153470123145e-09,2.061153470123145e-09,2.061153470123145e-09,2.061153470123145e-09,2.061153470123145e-09,1.0,2.061153470123145e-09,2.061153470123145e-09
4,2022-12-27,0.7881190146528811,0.006734412119537592,2.061153470123145e-09,1.0,2.061153470123145e-09,2.061153470123145e-09,2.061153470123145e-09,2.061153470123145e-09,2.061153470123145e-09,2.061153470123145e-09,2.061153470123145e-09,2.061153470123145e-09,2.061153470123145e-09,2.061153470123145e-09,2.061153470123145e-09,2.061153470123145e-09
4,2022-12-28,0.7895343869199519,0.0017942757837474347,2.061153470123145e-09,2.061153470123145e-09,2.061153470123145e-09,2.061153470123145e-09,2.061153470123145e-09,2.061153470123145e-09,2.061153470123145e-09,2.061153470123145e-09,1.0,2.061153470123145e-09,2.061153470123145e-09,2.061153470123145e-09,2.061153470123145e-09,2.061153470123145e-09
4,2022-12-29,0.788543349257678,-0.0012560063041746616,2.061153470123145e-09,2.061153470123145e-09,2.061153470123145e-09,2.061153470123145e-09,2.061153470123145e-09,2.061153470123145e-09,2.061153470123145e-09,2.061153470123145e-09,1.0,2.061153470123145e-09,2.061153470123145e-09,2.061153470123145e-09,2.061153470123145e-09,2.061153470123145e-09
5,2023-01-02,1.0235940914772825,0.023320052990317346,2.061153470123145e-09,2.061153470123145e-09,2.061153470123145e-09,2.061153470123145e-09,2.061153470123145e-09,2.061153470123145e-09,2.061153470123145e-09,2.061153470123145e-09,0.9999999403953552,2.061153470123145e-09,2.061153470123145e-09,2.061153470123145e-09,2.061153470123145e-09,1.1025928614571967e-08
5,2023-01-03,1.0185698298382309,-0.004920537204442371,2.0609802753313033e-09,2.0609802753313033e-09,2.0609802753313033e-09,2.0609802753313033e-09,2.0609802753313033e-09,2.0609802753313033e-09,2.0609802753313033e-09,2.0609802753313033e-09,0.9999158382415771,2.0609802753313033e-09,2.0609802753313033e-09,2.0609802753313033e-09,2.0609802753313033e-09,8.412409079028293e-05
5,2023-01-04,1.050900985872615,0.03124836222529411,2.061153470123145e-09,1.0,2.061153470123145e-09,2.061153470123145e-09,2.061153470123145e-09,2.061153470123145e-09,2.061153470123145e-09,2.061153470123145e-09,2.061153470123145e-09,2.061153470123145e-09,2.061153470123145e-09,2.061153470123145e-09,2.061153470123145e-09,2.061153470123145e-09
5,2023-01-05,1.0531692295923205,0.0021560540914535523,2.061153470123145e-09,2.061153470123145e-09,2.061153470123145e-09,2.061153470123145e-09,2.061153470123145e-09,2.061153470123145e-09,2.061153470123145e-09,2.061153470123145e-09,0.9999999403953552,2.061153470123145e-09,2.061153470123145e-09,2.061153470123145e-09,2.061153470123145e-09,2.375029772849757e-08
5,2023-01-06,1.0591772761737954,0.0056885201044380666,2.061153470123145e-09,2.061153470123145e-09,2.061153470123145e-09,2.061153470123145e-09,2.061153470123145e-09,2.061153470123145e-09,2.061153470123145e-09,2.061153470123145e-09,2.061153470123145e-09,2.061153470123145e-09,2.061153470123145e-09,1.0,2.061153470123145e-09,2.061153470123145e-09
5,2023-01-09,1.0820016600024145,0.021320262414216994,2.061153470123145e-09,2.061153470123145e-09,2.061153470123145e-09,2.061153470123145e-09,2.061153470123145e-09,2.061153470123145e-09,2.061153470123145e-09,2.061153470123145e-09,1.0,2.061153470123145e-09,2.061153470123145e-09,2.061153470123145e-09,2.061153470123145e-09,2.061153470123145e-09
5,2023-01-10,1.0682873866899527,-0.012755921620130539,2.061153470123145e-09,2.061153470123145e-09,2.061153470123145e-09,2.061153470123145e-09,2.061153470123145e-09,2.061153470123145e-09,2.061153470123145e-09,2.061153470123145e-09,2.061153470123145e-09,2.061153470123145e-09,2.061153470123145e-09,1.0,2.061153470123145e-09,2.061153470123145e-09
5,2023-01-11,1.0841490097608784,0.014738563448190689,2.061153470123145e-09,2.061153470123145e-09,2.061153470123145e-09,2.061153470123145e-09,2.061153470123145e-09,2.061153470123145e-09,2.061153470123145e-09,2.061153470123145e-09,2.061153470123145e-09,2.061153470123145e-09,2.061153470123145e-09,1.0,2.061153470123145e-09,2.061153470123145e-09
5,2023-01-12,1.0889889157519448,0.004454309076815844,1.7176279842878728e-10,0.0833333358168602,0.0833333358168602,0.0833333358168602,0.0833333358168602,0.0833333358168602,0.0833333358168602,0.0833333358168602,0.0833333358168602,0.0833333358168602,0.0833333358168602,1.7176279842878728e-10,0.0833333358168602,0.0833333358168602
5,2023-01-13,1.0943871089537192,0.004944823191314935,2.061153470123145e-09,2.061153470123145e-09,2.061153470123145e-09,2.061153470123145e-09,2.061153470123145e-09,2.061153470123145e-09,2.061153470123145e-09,2.061153470123145e-09,1.0,2.061153470123145e-09,2.061153470123145e-09,2.061153470123145e-09,2.061153470123145e-09,2.061153470123145e-09
5,2023-01-16,1.0946035608300693,0.00019776409287005666,0.5,1.030576846083875e-09,1.030576846083875e-09,1.030576846083875e-09,1.030576846083875e-09,1.030576846083875e-09,1.030576846083875e-09,1.030576846083875e-09,1.030576846083875e-09,1.030576846083875e-09,1.030576846083875e-09,0.5,1.030576846083875e-09,1.030576846083875e-09
5,2023-01-17,1.0899449092622329,-0.004265099807828665,2.061153470123145e-09,2.061153470123145e-09,2.061153470123145e-09,2.061153470123145e-09,2.061153470123145e-09,2.061153470123145e-09,2.061153470123145e-09,2.061153470123145e-09,1.0,2.061153470123145e-09,2.061153470123145e-09,2.061153470123145e-09,2.061153470123145e-09,2.061153470123145e-09
5,2023-01-18,1.0921225589824277,0.001995951522886753,6.870511937151491e-10,6.870511937151491e-10,6.870511937151491e-10,6.870511937151491e-10,0.3333333432674408,6.870511937151491e-10,6.870511937151491e-10,6.870511937151491e-10,0.3333333432674408,6.870511937151491e-10,6.870511937151491e-10,6.870511937151491e-10,6.870511937151491e-10,0.3333333432674408
5,2023-01-19,1.0955467706346256,0.0031304680302739144,0.5,1.030576846083875e-09,1.030576846083875e-09,1.030576846083875e-09,1.030576846083875e-09,1.030576846083875e-09,1.030576846083875e-09,1.030576846083875e-09,1.030576846083875e-09,1.030576846083875e-09,1.030576846083875e-09,0.5,1.030576846083875e-09,1.030576846083875e-09
5,2023-01-20,1.1065450280805902,0.009989001278579235,2.061153470123145e-09,2.061153470123145e-09,2.061153470123145e-09,2.061153470123145e-09,2.061153470123145e-09,2.061153470123145e-09,2.061153470123145e-09,2.061153470123145e-09,1.0,2.061153470123145e-09,2.061153470123145e-09,2.061153470123145e-09,2.061153470123145e-09,2.441860935675777e-09
5,2023-01-25,1.1074163725565052,0.0007871361448789786,2.061153470123145e-09,2.061153470123145e-09,2.061153470123145e-09,2.061153470123145e-09,2.061153470123145e-09,2.061153470123145e-09,2.061153470123145e-09,2.061153470123145e-09,1.0,2.061153470123145e-09,2.061153470123145e-09,2.061153470123145e-09,2.061153470123145e-09,2.061153470123145e-09
5,2023-01-26,1.1096291841103807,0.0019961811628192664,2.061153470123145e-09,2.061153470123145e-09,2.061153470123145e-09,2.061153470123145e-09,2.061153470123145e-09,2.061153470123145e-09,2.061153470123145e-09,2.061153470123145e-09,2.061153470123145e-09,2.061153470123145e-09,2.061153470123145e-09,1.0,2.061153470123145e-09,2.061153470123145e-09
5,2023-01-27,1.095966280012496,-0.012389469501376153,2.0541088829872933e-09,2.0541088829872933e-09,2.0541088829872933e-09,2.0541088829872933e-09,2.0541088829872933e-09,2.0541088829872933e-09,2.0541088829872933e-09,2.0541088829872933e-09,0.9965820908546448,2.0541088829872933e-09,2.0541088829872933e-09,0.003417873289436102,2.0541088829872933e-09,2.0541088829872933e-09
5,2023-01-30,1.0854508153290119,-0.009641022944450378,0.5,1.030576846083875e-09,1.030576846083875e-09,1.030576846083875e-09,1.030576846083875e-09,1.030576846083875e-09,1.030576846083875e-09,1.030576846083875e-09,1.030576846083875e-09,1.030576846083875e-09,1.030576846083875e-09,0.5,1.030576846083875e-09,1.030576846083875e-09
5,2023-01-31,1.0838286876374104,-0.001495545402728021,2.061153470123145e-09,2.061153470123145e-09,2.061153470123145e-09,2.061153470123145e-09,2.061153470123145e-09,2.061153470123145e-09,2.061153470123145e-09,2.061153470123145e-09,2.061153470123145e-09,2.061153470123145e-09,2.061153470123145e-09,1.0,2.061153470123145e-09,2.061153470123145e-09
5,2023-02-01,1.0976861719679043,0.012704631060361862,1.9847006260675926e-09,0.9629076719284058,1.9847006260675926e-09,1.9847006260675926e-09,1.9847006260675926e-09,1.9847006260675926e-09,1.9847006260675926e-09,1.9847006260675926e-09,1.9847006260675926e-09,1.9847006260675926e-09,1.9847006260675926e-09,0.03709232434630394,1.9847006260675926e-09,1.9847006260675926e-09
5,2023-02-02,1.1087795283092194,0.01005540200471878,0.20000000298023224,4.122307217802046e-10,4.122307217802046e-10,4.122307217802046e-10,0.20000000298023224,4.122307217802046e-10,4.122307217802046e-10,4.122307217802046e-10,0.20000000298023224,4.122307217802046e-10,4.122307217802046e-10,0.20000000298023224,4.122307217802046e-10,0.20000000298023224
5,2023-02-03,1.0877936087209938,-0.019108453786373138,2.061153470123145e-09,2.061153470123145e-09,2.061153470123145e-09,2.061153470123145e-09,2.061153470123145e-09,2.061153470123145e-09,2.061153470123145e-09,2.061153470123145e-09,0.9999999403953552,2.061153470123145e-09,2.061153470123145e-09,2.061153470123145e-09,2.061153470123145e-09,1.5020939159171576e-08
5,2023-02-06,1.0662109848513952,-0.020040204412990717,2.061002257747191e-09,2.061002257747191e-09,2.061002257747191e-09,2.061002257747191e-09,2.061002257747191e-09,2.061002257747191e-09,2.061002257747191e-09,2.061002257747191e-09,0.9999265670776367,2.061002257747191e-09,2.061002257747191e-09,7.330339576583356e-05,2.061002257747191e-09,1.1516080888895885e-07
5,2023-02-07,1.081628042067287,0.014356124278903008,0.5,1.030576846083875e-09,1.030576846083875e-09,1.030576846083875e-09,1.030576846083875e-09,1.030576846083875e-09,1.030576846083875e-09,1.030576846083875e-09,1.030576846083875e-09,1.030576846083875e-09,1.030576846083875e-09,0.5,1.030576846083875e-09,1.030576846083875e-09
5,2023-02-08,1.083575740848254,0.001799090987816453,1.9134569811285473e-05,1.9134569811285473e-05,1.9134569811285473e-05,1.9134569811285473e-05,1.9134569811285473e-05,1.9134569811285473e-05,1.9134569811285473e-05,1.9134569811285473e-05,0.9818660020828247,1.9134569811285473e-05,1.9134569811285473e-05,0.017904359847307205,1.9134569811285473e-05,1.9134569811285473e-05
5,2023-02-09,1.0844479039314308,0.0008045697585679591,2.061153470123145e-09,2.061153470123145e-09,2.061153470123145e-09,2.061153470123145e-09,2.061153470123145e-09,2.061153470123145e-09,2.061153470123145e-09,2.061153470123145e-09,1.0,2.061153470123145e-09,2.061153470123145e-09,2.061153470123145e-09,2.061153470123145e-09,2.061153470123145e-09
5,2023-02-10,1.062379876215017,-0.020559455439448357,4.1571456677047536e-05,4.1571456677047536e-05,4.1571456677047536e-05,4.1571456677047536e-05,4.1571456677047536e-05,4.1571456677047536e-05,4.1571456677047536e-05,4.1571456677047536e-05,4.1571456677047536e-05,4.1571456677047536e-05,4.1571456677047536e-05,0.9994595646858215,4.1571456677047536e-05,4.1571456677047536e-05
5,2023-02-13,1.061306554913401,-0.0010108096725307404,2.061153470123145e-09,1.0,2.061153470123145e-09,2.061153470123145e-09,2.061153470123145e-09,2.061153470123145e-09,2.061153470123145e-09,2.061153470123145e-09,2.061153470123145e-09,2.061153470123145e-09,2.061153470123145e-09,2.061153470123145e-09,2.061153470123145e-09,2.061153470123145e-09
5,2023-02-14,1.0672461019373463,0.005580846140533686,0.20000000298023224,4.122307217802046e-10,4.122307217802046e-10,4.122307217802046e-10,0.20000000298023224,4.122307217802046e-10,4.122307217802046e-10,4.122307217802046e-10,0.20000000298023224,4.122307217802046e-10,4.122307217802046e-10,0.20000000298023224,4.122307217802046e-10,0.20000000298023224
5,2023-02-15,1.0586916336730683,-0.008047756329923867,2.061153470123145e-09,2.061153470123145e-09,2.061153470123145e-09,2.061153470123145e-09,2.061153470123145e-09,2.061153470123145e-09,2.061153470123145e-09,2.061153470123145e-09,1.0,2.061153470123145e-09,2.061153470123145e-09,2.061153470123145e-09,2.061153470123145e-09,2.061153470123145e-09
5,2023-02-16,1.0559579686359022,-0.0025854558192193507,2.061153470123145e-09,1.0,2.061153470123145e-09,2.061153470123145e-09,2.061153470123145e-09,2.061153470123145e-09,2.061153470123145e-09,2.061153470123145e-09,2.061153470123145e-09,2.061153470123145e-09,2.061153470123145e-09,2.061153470123145e-09,2.061153470123145e-09,2.061153470123145e-09
5,2023-02-17,1.0394478188415377,-0.01575875333249569,0.5,1.030576846083875e-09,1.030576846083875e-09,1.030576846083875e-09,1.030576846083875e-09,1.030576846083875e-09,1.030576846083875e-09,1.030576846083875e-09,1.030576846083875e-09,1.030576846083875e-09,1.030576846083875e-09,0.5,1.030576846083875e-09,1.030576846083875e-09
5,2023-02-20,1.0484614807557693,0.008634204477071762,0.20000000298023224,4.122307217802046e-10,4.122307217802046e-10,4.122307217802046e-10,0.20000000298023224,4.122307217802046e-10,4.122307217802046e-10,4.122307217802046e-10,0.20000000298023224,4.122307217802046e-10,4.122307217802046e-10,0.20000000298023224,4.122307217802046e-10,0.20000000298023224
5,2023-02-21,1.041105675369398,-0.007040535404533148,1.0111833592674202e-09,1.0111833592674202e-09,1.0111833592674202e-09,1.0111833592674202e-09,2.9082500532240374e-06,1.0111833592674202e-09,1.0111833592674202e-09,1.0111833592674202e-09,0.49059098958969116,1.0111833592674202e-09,1.0111833592674202e-09,0.49059098958969116,1.0111833592674202e-09,0.018815090879797935
5,2023-02-22,1.0309761051420414,-0.009777269427478313,1.030576846083875e-09,0.5,1.030576846083875e-09,1.030576846083875e-09,1.030576846083875e-09,1.030576846083875e-09,1.030576846083875e-09,1.030576846083875e-09,0.5,1.030576846083875e-09,1.030576846083875e-09,1.030576846083875e-09,1.030576846083875e-09,1.030576846083875e-09
5,2023-02-23,1.0370640712473194,0.00588768415749073,2.061153470123145e-09,1.0,2.061153470123145e-09,2.061153470123145e-09,2.061153470123145e-09,2.061153470123145e-09,2.061153470123145e-09,2.061153470123145e-09,2.061153470123145e-09,2.061153470123145e-09,2.061153470123145e-09,2.061153470123145e-09,2.061153470123145e-09,2.061153470123145e-09
5,2023-02-24,1.0337303964959703,-0.0032197088442742824,2.061153470123145e-09,2.061153470123145e-09,2.061153470123145e-09,2.061153470123145e-09,2.061153470123145e-09,2.061153470123145e-09,2.061153470123145e-09,2.061153470123145e-09,0.9999999403953552,2.061153470123145e-09,2.061153470123145e-09,2.061153470123145e-09,2.061153470123145e-09,2.1792377680185382e-08
5,2023-02-27,1.024662589409815,-0.008810626354793027,2.061153470123145e-09,2.061153470123145e-09,2.061153470123145e-09,2.061153470123145e-09,2.061153470123145e-09,2.061153470123145e-09,2.061153470123145e-09,2.061153470123145e-09,1.0,2.061153470123145e-09,2.061153470123145e-09,2.061153470123145e-09,2.061153470123145e-09,2.061153470123145e-09
5,2023-02-28,1.0328336582045783,0.007942771960794926,2.061153470123145e-09,1.0,2.061153470123145e-09,2.061153470123145e-09,2.061153470123145e-09,2.061153470123145e-09,2.061153470123145e-09,2.061153470123145e-09,2.061153470123145e-09,2.061153470123145e-09,2.061153470123145e-09,2.061153470123145e-09,2.061153470123145e-09,2.061153470123145e-09
5,2023-03-02,1.0310448922220368,-0.0017334028013050555,0.20000000298023224,4.122307217802046e-10,4.122307217802046e-10,4.122307217802046e-10,0.20000000298023224,4.122307217802046e-10,4.122307217802046e-10,4.122307217802046e-10,0.20000000298023224,4.122307217802046e-10,4.122307217802046e-10,0.20000000298023224,4.122307217802046e-10,0.20000000298023224
5,2023-03-03,1.035516071833306,0.004327176082134247,2.061153470123145e-09,2.061153470123145e-09,2.061153470123145e-09,2.061153470123145e-09,2.061153470123145e-09,2.061153470123145e-09,2.061153470123145e-09,2.061153470123145e-09,1.0,2.061153470123145e-09,2.061153470123145e-09,2.061153470123145e-09,2.061153470123145e-09,2.061153470123145e-09
5,2023-03-06,1.0394376876013292,0.0037799593552947045,1.6363726899726316e-05,2.061119941387801e-09,2.061119941387801e-09,2.061119941387801e-09,2.061119941387801e-09,2.061119941387801e-09,2.061119941387801e-09,2.061119941387801e-09,2.061119941387801e-09,2.061119941387801e-09,2.061119941387801e-09,0.9999836087226868,2.061119941387801e-09,2.061119941387801e-09
5,2023-03-07,1.0357049750683631,-0.0035975517500191926,2.061153470123145e-09,2.061153470123145e-09,2.061153470123145e-09,2.061153470123145e-09,2.061153470123145e-09,2.061153470123145e-09,2.061153470123145e-09,2.061153470123145e-09,0.9999998807907104,2.061153470123145e-09,2.061153470123145e-09,2.061153470123145e-09,2.061153470123145e-09,7.628101883483396e-08
5,2023-03-08,1.0241720278296063,-0.011197821746766567,2.061153470123145e-09,2.061153470123145e-09,2.061153470123145e-09,2.061153470123145e-09,2.061153470123145e-09,2.061153470123145e-09,2.061153470123145e-09,2.061153470123145e-09,2.061153470123145e-09,2.061153470123145e-09,2.061153470123145e-09,1.0,2.061153470123145e-09,2.061153470123145e-09
5,2023-03-09,1.023788074806126,-0.0003749614335596561,0.5,1.030576846083875e-09,1.030576846083875e-09,1.030576846083875e-09,1.030576846083875e-09,1.030576846083875e-09,1.030576846083875e-09,1.030576846083875e-09,1.030576846083875e-09,1.030576846083875e-09,1.030576846083875e-09,0.5,1.030576846083875e-09,1.030576846083875e-09
5,2023-03-10,1.0338235118423549,0.009754529644548893,2.061153470123145e-09,2.061153470123145e-09,2.061153470123145e-09,2.061153470123145e-09,2.061153470123145e-09,2.061153470123145e-09,2.061153470123145e-09,2.061153470123145e-09,0.9999999403953552,2.061153470123145e-09,2.061153470123145e-09,2.061153470123145e-09,2.061153470123145e-09,1.9340562928960026e-08
5,2023-03-13,1.0331108405176503,-0.0006895926347468048,2.061153470123145e-09,2.061153470123145e-09,2.061153470123145e-09,2.061153470123145e-09,2.061153470123145e-09,2.061153470123145e-09,2.061153470123145e-09,2.061153470123145e-09,2.061153470123145e-09,2.061153470123145e-09,2.061153470123145e-09,1.0,2.061153470123145e-09,2.061153470123145e-09
5,2023-03-14,1.0500283605853384,0.016242689874768255,2.061153470123145e-09,2.061153470123145e-09,2.061153470123145e-09,2.061153470123145e-09,2.061153470123145e-09,2.061153470123145e-09,2.061153470123145e-09,2.061153470123145e-09,0.9999999403953552,2.061153470123145e-09,2.061153470123145e-09,2.061153470123145e-09,2.061153470123145e-09,1.9725481692489666e-08
5,2023-03-15,1.063647654071562,0.012887010002136231,2.061152581944725e-09,2.061152581944725e-09,2.061152581944725e-09,2.061152581944725e-09,2.061152581944725e-09,2.061152581944725e-09,2.061152581944725e-09,2.061152581944725e-09,4.876633852290979e-07,2.061152581944725e-09,2.061152581944725e-09,0.999999463558197,2.061152581944725e-09,2.061152581944725e-09
5,2023-03-16,1.0581583556069865,-0.0051741871653233715,2.061153470123145e-09,2.061153470123145e-09,2.061153470123145e-09,2.061153470123145e-09,2.061153470123145e-09,2.061153470123145e-09,2.061153470123145e-09,2.061153470123145e-09,2.061153470123145e-09,2.061153470123145e-09,2.061153470123145e-09,1.0,2.061153470123145e-09,2.061153470123145e-09
5,2023-03-17,1.0662767446027959,0.007642905649542809,2.061153470123145e-09,2.061153470123145e-09,2.061153470123145e-09,2.061153470123145e-09,2.061153470123145e-09,2.061153470123145e-09,2.061153470123145e-09,2.061153470123145e-09,0.9999999403953552,2.061153470123145e-09,2.061153470123145e-09,2.061153470123145e-09,2.061153470123145e-09,2.0112661758275863e-08
5,2023-03-20,1.097910684020871,0.029236093163133015,2.061153470123145e-09,2.061153470123145e-09,2.061153470123145e-09,2.061153470123145e-09,2.061153470123145e-09,2.061153470123145e-09,2.061153470123145e-09,2.061153470123145e-09,0.9999999403953552,2.061153470123145e-09,2.061153470123145e-09,2.061153470123145e-09,2.061153470123145e-09,1.7730803492099767e-08
5,2023-03-21,1.0885796264288168,-0.008535244080424309,0.5,1.030576846083875e-09,1.030576846083875e-09,1.030576846083875e-09,1.030576846083875e-09,1.030576846083875e-09,1.030576846083875e-09,1.030576846083875e-09,1.030576846083875e-09,1.030576846083875e-09,1.030576846083875e-09,0.5,1.030576846083875e-09,1.030576846083875e-09
5,2023-03-22,1.068481951835053,-0.01863484694361687,2.061153470123145e-09,2.061153470123145e-09,2.061153470123145e-09,2.061153470123145e-09,2.061153470123145e-09,2.061153470123145e-09,2.061153470123145e-09,2.061153470123145e-09,0.9999999403953552,2.061153470123145e-09,2.061153470123145e-09,2.061153470123145e-09,2.061153470123145e-09,1.9559037056637862e-08
5,2023-03-23,1.049757815522965,-0.017679418829083443,0.0035176463425159454,0.0035176463425159454,0.0035176463425159454,0.0035176463425159454,0.0035176463425159454,0.0035176463425159454,0.0035176463425159454,0.0035176463425159454,0.0035176463425159454,0.0035176463425159454,0.0035176463425159454,0.954270601272583,0.0035176463425159454,0.0035176463425159454
5,2023-03-24,1.0522770963857713,0.0023969935558736323,2.061152581944725e-09,2.061152581944725e-09,2.061152581944725e-09,2.061152581944725e-09,2.061152581944725e-09,2.061152581944725e-09,2.061152581944725e-09,2.061152581944725e-09,0.999999463558197,2.061152581944725e-09,2.061152581944725e-09,1.3218016015059675e-08,2.061152581944725e-09,5.214174052525777e-07
5,2023-03-27,1.0413496315475825,-0.010438884757235712,2.061153470123145e-09,2.061153470123145e-09,2.061153470123145e-09,2.061153470123145e-09,2.061153470123145e-09,2.061153470123145e-09,2.061153470123145e-09,2.061153470123145e-09,0.9999999403953552,2.061153470123145e-09,2.061153470123145e-09,2.061153470123145e-09,2.061153470123145e-09,1.7490432213662643e-08
5,2023-03-28,1.0509578991939479,0.009184438756108283,1.8599982665179482e-10,0.09024064242839813,0.09024064242839813,0.09024064242839813,0.09024064242839813,0.09024064242839813,0.09024064242839813,0.09024064242839813,0.09024064242839813,0.09024064242839813,0.007352899294346571,1.8599982665179482e-10,0.09024064242839813,0.09024064242839813
5,2023-03-29,1.0531384084132722,0.0020726332649588586,2.061153470123145e-09,2.061153470123145e-09,2.061153470123145e-09,2.061153470123145e-09,2.061153470123145e-09,2.061153470123145e-09,2.061153470123145e-09,2.061153470123145e-09,1.0,2.061153470123145e-09,2.061153470123145e-09,2.061153470123145e-09,2.061153470123145e-09,2.061153470123145e-09
5,2023-03-30,1.0564282028856768,0.00311893174800734,2.06115324807854e-09,2.06115324807854e-09,2.06115324807854e-09,2.06115324807854e-09,2.06115324807854e-09,2.06115324807854e-09,2.06115324807854e-09,2.06115324807854e-09,0.9999998807907104,2.06115324807854e-09,2.06115324807854e-09,2.06115324807854e-09,2.06115324807854e-09,1.0614012779797122e-07
5,2023-03-31,1.0660864266570882,0.009100799870491028,2.061153470123145e-09,2.061153470123145e-09,2.061153470123145e-09,2.061153470123145e-09,2.061153470123145e-09,2.061153470123145e-09,2.061153470123145e-09,2.061153470123145e-09,2.061153470123145e-09,2.061153470123145e-09,2.061153470123145e-09,1.0,2.061153470123145e-09,2.061153470123145e-09
5,2023-04-03,1.097053947298818,0.028633959081768988,9.145971202606518e-10,0.4437307119369507,1.626156154088676e-05,9.145971202606518e-10,9.145971202606518e-10,1.113546204578597e-06,0.1125212162733078,0.4437307119369507,9.145971202606518e-10,9.145971202606518e-10,9.145971202606518e-10,9.145971202606518e-10,1.0465787125824022e-09,9.145971202606518e-10
5,2023-04-04,1.103077726687828,0.005475849024951458,2.061153470123145e-09,1.0,2.061153470123145e-09,2.061153470123145e-09,2.061153470123145e-09,2.061153470123145e-09,2.061153470123145e-09,2.061153470123145e-09,2.061153470123145e-09,2.061153470123145e-09,2.061153470123145e-09,2.061153470123145e-09,2.061153470123145e-09,2.061153470123145e-09
5,2023-04-05,1.1229941916338755,0.017894297328591345,1.030576846083875e-09,1.030576846083875e-09,1.030576846083875e-09,1.030576846083875e-09,1.030576846083875e-09,1.030576846083875e-09,1.030576846083875e-09,1.030576846083875e-09,0.5,1.030576846083875e-09,1.030576846083875e-09,0.5,1.030576846083875e-09,1.030576846083875e-09
5,2023-04-06,1.1162760559044722,-0.006000308264046908,0.007706407457590103,0.007706407457590103,0.007706407457590103,0.007706407457590103,0.007706407457590103,0.007706407457590103,0.007706407457590103,0.007706407457590103,0.8996198177337646,0.007706407457590103,0.007706407457590103,0.00790330208837986,0.007706407457590103,0.007706407457590103
5,2023-04-07,1.132422425418834,0.014360882210731507,2.061153470123145e-09,1.0,2.061153470123145e-09,2.061153470123145e-09,2.061153470123145e-09,2.061153470123145e-09,2.061153470123145e-09,2.061153470123145e-09,2.061153470123145e-09,2.061153470123145e-09,2.061153470123145e-09,2.061153470123145e-09,2.061153470123145e-09,2.061153470123145e-09
5,2023-04-10,1.1191839287273226,-0.011759292843937874,2.061153470123145e-09,2.061153470123145e-09,2.061153470123145e-09,2.061153470123145e-09,2.061153470123145e-09,2.061153470123145e-09,2.061153470123145e-09,2.061153470123145e-09,1.0,2.061153470123145e-09,2.061153470123145e-09,2.061153470123145e-09,2.061153470123145e-09,2.061153470123145e-09
5,2023-04-11,1.1226236259269853,0.0030686843674629927,2.061153470123145e-09,2.061153470123145e-09,2.061153470123145e-09,2.061153470123145e-09,2.061153470123145e-09,2.061153470123145e-09,2.061153470123145e-09,2.061153470123145e-09,1.0,2.061153470123145e-09,2.061153470123145e-09,2.061153470123145e-09,2.061153470123145e-09,2.061153470123145e-09
5,2023-04-12,1.1593606911577623,0.0322002558529377,2.061153470123145e-09,2.061153470123145e-09,2.061153470123145e-09,2.061153470123145e-09,2.061153470123145e-09,2.061153470123145e-09,2.061153470123145e-09,2.061153470123145e-09,2.061153470123145e-09,2.061153470123145e-09,2.061153470123145e-09,1.0,2.061153470123145e-09,2.061153470123145e-09
5,2023-04-13,1.161657044973459,0.001978747968375683,2.061153470123145e-09,2.061153470123145e-09,2.061153470123145e-09,2.061153470123145e-09,2.061153470123145e-09,2.061153470123145e-09,2.061153470123145e-09,2.061153470123145e-09,1.0,2.061153470123145e-09,2.061153470123145e-09,2.061153470123145e-09,2.061153470123145e-09,2.061153470123145e-09
5,2023-04-14,1.1952917750222092,0.028542845931649206,2.0593327043627596e-09,0.9991165995597839,2.0593327043627596e-09,2.0593327043627596e-09,2.0593327043627596e-09,2.0593327043627596e-09,2.0593327043627596e-09,2.0593327043627596e-09,2.0593327043627596e-09,2.0593327043627596e-09,2.0593327043627596e-09,0.0008833761094138026,2.0593327043627596e-09,2.0593327043627596e-09
5,2023-04-17,1.1765565854757298,-0.01579829429835081,2.0611523599001202e-09,2.0611523599001202e-09,2.0611523599001202e-09,2.0611523599001202e-09,2.0611523599001202e-09,2.0611523599001202e-09,2.0611523599001202e-09,2.0611523599001202e-09,0.9999993443489075,2.0611523599001202e-09,2.0611523599001202e-09,6.062057309463853e-07,2.0611523599001202e-09,2.0611523599001202e-09
5,2023-04-18,1.1652011172126124,-0.009698319561779498,1.030576846083875e-09,0.5,1.030576846083875e-09,1.030576846083875e-09,1.030576846083875e-09,1.030576846083875e-09,1.030576846083875e-09,1.030576846083875e-09,1.030576846083875e-09,1.030576846083875e-09,1.030576846083875e-09,0.5,1.030576846083875e-09,1.030576846083875e-09
5,2023-04-19,1.1733542784154107,0.006972846785932779,2.061153470123145e-09,1.0,2.061153470123145e-09,2.061153470123145e-09,2.061153470123145e-09,2.061153470123145e-09,2.061153470123145e-09,2.061153470123145e-09,2.061153470123145e-09,2.061153470123145e-09,2.061153470123145e-09,2.061153470123145e-09,2.061153470123145e-09,2.061153470123145e-09
5,2023-04-20,1.177072068967609,0.003163505767285824,2.061153470123145e-09,2.061153470123145e-09,2.061153470123145e-09,2.061153470123145e-09,2.061153470123145e-09,2.061153470123145e-09,2.061153470123145e-09,2.061153470123145e-09,1.0,2.061153470123145e-09,2.061153470123145e-09,2.061153470123145e-09,2.061153470123145e-09,2.061153470123145e-09
5,2023-04-21,1.1824506229167582,0.004559026521444321,0.5,1.030576846083875e-09,1.030576846083875e-09,1.030576846083875e-09,1.030576846083875e-09,1.030576846083875e-09,1.030576846083875e-09,1.030576846083875e-09,1.030576846083875e-09,1.030576846083875e-09,1.030576846083875e-09,0.5,1.030576846083875e-09,1.030576846083875e-09
5,2023-04-24,1.1690854205522754,-0.011367332699894905,3.1375411158052202e-09,0.9999989867210388,3.1375411158052202e-09,3.1375411158052202e-09,3.1375411158052202e-09,3.1375411158052202e-09,3.1375411158052202e-09,3.1375411158052202e-09,9.708620609671925e-07,3.1375411158052202e-09,3.1375411158052202e-09,3.1375411158052202e-09,3.1375411158052202e-09,3.1375411158052202e-09
5,2023-04-25,1.177341654608094,0.007037310655415058,2.061153470123145e-09,2.061153470123145e-09,2.061153470123145e-09,2.061153470123145e-09,2.061153470123145e-09,2.061153470123145e-09,2.061153470123145e-09,2.061153470123145e-09,0.9999999403953552,2.061153470123145e-09,2.061153470123145e-09,2.061153470123145e-09,2.061153470123145e-09,1.224821044587543e-08
5,2023-04-26,1.1809168813416198,0.0030320928923785687,2.061153470123145e-09,2.061153470123145e-09,2.061153470123145e-09,2.061153470123145e-09,2.061153470123145e-09,2.061153470123145e-09,2.061153470123145e-09,2.061153470123145e-09,2.061153470123145e-09,2.061153470123145e-09,2.061153470123145e-09,1.0,2.061153470123145e-09,2.061153470123145e-09
5,2023-04-27,1.182832046799186,0.0016204478012397886,2.061153470123145e-09,2.061153470123145e-09,2.061153470123145e-09,2.061153470123145e-09,2.061153470123145e-09,2.061153470123145e-09,2.061153470123145e-09,2.061153470123145e-09,0.9999999403953552,2.061153470123145e-09,2.061153470123145e-09,2.061153470123145e-09,2.061153470123145e-09,2.2325014725765868e-08
5,2023-04-28,1.1794127057196777,-0.002894995079562068,2.061153470123145e-09,2.061153470123145e-09,2.061153470123145e-09,2.061153470123145e-09,2.061153470123145e-09,2.061153470123145e-09,2.061153470123145e-09,2.061153470123145e-09,2.061153470123145e-09,2.061153470123145e-09,2.061153470123145e-09,1.0,2.061153470123145e-09,2.061153470123145e-09
5,2023-05-02,1.1883874539153696,0.007580699864774942,2.061153470123145e-09,2.061153470123145e-09,2.061153470123145e-09,2.061153470123145e-09,2.061153470123145e-09,2.061153470123145e-09,2.061153470123145e-09,2.061153470123145e-09,2.061153470123145e-09,2.061153470123145e-09,2.061153470123145e-09,1.0,2.061153470123145e-09,2.061153470123145e-09
5,2023-05-03,1.199132576801245,0.009001135316491127,1.0305725162140789e-09,1.0305725162140789e-09,1.0305725162140789e-09,1.0305725162140789e-09,4.1824955587799195e-06,1.0305725162140789e-09,1.0305725162140789e-09,1.0305725162140789e-09,0.49999791383743286,1.0305725162140789e-09,1.0305725162140789e-09,1.0305725162140789e-09,1.0305725162140789e-09,0.49999791383743286
5,2023-05-04,1.2126603039458084,0.011218101786077022,2.061153470123145e-09,2.061153470123145e-09,2.061153470123145e-09,2.061153470123145e-09,2.061153470123145e-09,2.061153470123145e-09,2.061153470123145e-09,2.061153470123145e-09,0.9999999403953552,2.061153470123145e-09,2.061153470123145e-09,2.061153470123145e-09,2.061153470123145e-09,1.0216152368514031e-08
5,2023-05-08,1.2074638478565654,-0.004294378097355366,6.870511937151491e-10,6.870511937151491e-10,6.870511937151491e-10,6.870511937151491e-10,0.3333333432674408,6.870511937151491e-10,6.870511937151491e-10,6.870511937151491e-10,0.3333333432674408,6.870511937151491e-10,6.870511937151491e-10,6.870511937151491e-10,6.870511937151491e-10,0.3333333432674408
5,2023-05-09,1.21043549127597,0.002458038568869233,2.061134818376331e-09,2.061134818376331e-09,2.061134818376331e-09,2.061134818376331e-09,2.061134818376331e-09,2.061134818376331e-09,2.061134818376331e-09,2.061134818376331e-09,0.9999908804893494,2.061134818376331e-09,2.061134818376331e-09,2.061134818376331e-09,2.061134818376331e-09,9.107342521019746e-06
5,2023-05-10,1.1996331680785615,-0.008964388209581375,2.061153470123145e-09,2.061153470123145e-09,2.061153470123145e-09,2.061153470123145e-09,2.061153470123145e-09,2.061153470123145e-09,2.061153470123145e-09,2.061153470123145e-09,2.061153470123145e-09,2.061153470123145e-09,2.061153470123145e-09,1.0,2.061153470123145e-09,2.061153470123145e-09
5,2023-05-11,1.2015464419628918,0.0015936119740828873,2.061153470123145e-09,2.061153470123145e-09,2.061153470123145e-09,2.061153470123145e-09,2.061153470123145e-09,2.061153470123145e-09,2.061153470123145e-09,2.061153470123145e-09,0.9999999403953552,2.061153470123145e-09,2.061153470123145e-09,2.061153470123145e-09,2.061153470123145e-09,2.3850269315062178e-08
5,2023-05-12,1.1869987713384678,-0.01218134823763912,2.061153026033935e-09,2.061153026033935e-09,2.061153026033935e-09,2.061153026033935e-09,2.061153026033935e-09,2.061153026033935e-09,2.061153026033935e-09,2.061153026033935e-09,0.9999997019767761,2.061153026033935e-09,2.061153026033935e-09,2.061153026033935e-09,2.061153026033935e-09,2.539603087825526e-07
5,2023-05-15,1.1879444839899294,0.0007964086715131998,1.7176279842878728e-10,0.0833333358168602,0.0833333358168602,0.0833333358168602,0.0833333358168602,0.0833333358168602,0.0833333358168602,0.0833333358168602,0.0833333358168602,0.0833333358168602,0.0833333358168602,1.7176279842878728e-10,0.0833333358168602,0.0833333358168602
5,2023-05-16,1.1821762601521384,-0.0048674610696733,2.061153470123145e-09,2.061153470123145e-09,2.061153470123145e-09,2.061153470123145e-09,2.061153470123145e-09,2.061153470123145e-09,2.061153470123145e-09,2.061153470123145e-09,1.0,2.061153470123145e-09,2.061153470123145e-09,2.061153470123145e-09,2.061153470123145e-09,2.061153470123145e-09
5,2023-05-17,1.1708396947270376,-0.009635848934844829,2.061153470123145e-09,2.061153470123145e-09,2.061153470123145e-09,2.061153470123145e-09,2.061153470123145e-09,2.061153470123145e-09,2.061153470123145e-09,2.061153470123145e-09,0.9999999403953552,2.061153470123145e-09,2.061153470123145e-09,2.061153470123145e-09,2.061153470123145e-09,1.1304496894126714e-08
5,2023-05-19,1.1590497316766188,-0.010120706633130538,2.061153470123145e-09,2.061153470123145e-09,2.061153470123145e-09,2.061153470123145e-09,2.061153470123145e-09,2.061153470123145e-09,2.061153470123145e-09,2.061153470123145e-09,0.9999999403953552,2.061153470123145e-09,2.061153470123145e-09,2.061153470123145e-09,2.061153470123145e-09,1.3952442756703931e-08
5,2023-05-22,1.1625387549580668,0.0030057229593396188,2.061153470123145e-09,1.0,2.061153470123145e-09,2.061153470123145e-09,2.061153470123145e-09,2.061153470123145e-09,2.061153470123145e-09,2.061153470123145e-09,2.061153470123145e-09,2.061153470123145e-09,2.061153470123145e-09,2.061153470123145e-09,2.061153470123145e-09,2.061153470123145e-09
5,2023-05-23,1.1730711841448722,0.009019057853519917,2.0342203477241583e-09,0.013067033141851425,2.0342203477241583e-09,2.0342203477241583e-09,2.0342203477241583e-09,2.0342203477241583e-09,2.0342203477241583e-09,2.0342203477241583e-09,2.0342203477241583e-09,2.0342203477241583e-09,2.0342203477241583e-09,0.9869329333305359,2.0342203477241583e-09,2.0342203477241583e-09
5,2023-05-25,1.1655339725318472,-0.006445925845205784,0.3333333432674408,0.3333333432674408,6.870511937151491e-10,6.870511937151491e-10,6.870511937151491e-10,6.870511937151491e-10,6.870511937151491e-10,6.870511937151491e-10,6.870511937151491e-10,6.870511937151491e-10,6.870511937151491e-10,0.3333333432674408,6.870511937151491e-10,6.870511937151491e-10
5,2023-05-26,1.1567447925171257,-0.0075694805577397346,2.576336921578104e-10,0.1249949038028717,0.1249949038028717,0.1249949038028717,2.576336921578104e-10,0.1249949038028717,0.1249949038028717,0.1249949038028717,2.576336921578104e-10,4.0780687413644046e-05,0.1249949038028717,2.576336921578104e-10,0.1249949038028717,2.576336921578104e-10
5,2023-05-30,1.16905363971253,0.010584719590842723,2.061153470123145e-09,1.0,2.061153470123145e-09,2.061153470123145e-09,2.061153470123145e-09,2.061153470123145e-09,2.061153470123145e-09,2.061153470123145e-09,2.061153470123145e-09,2.061153470123145e-09,2.061153470123145e-09,2.061153470123145e-09,2.061153470123145e-09,2.061153470123145e-09
5,2023-05-31,1.1665498077570085,-0.002144056532718241,0.5,1.030576846083875e-09,1.030576846083875e-09,1.030576846083875e-09,1.030576846083875e-09,1.030576846083875e-09,1.030576846083875e-09,1.030576846083875e-09,1.030576846083875e-09,1.030576846083875e-09,1.030576846083875e-09,0.5,1.030576846083875e-09,1.030576846083875e-09
5,2023-06-01,1.1937609463960217,0.023058272495865822,0.0003440758737269789,2.0604444816996192e-09,2.0604444816996192e-09,2.0604444816996192e-09,2.0604444816996192e-09,2.0604444816996192e-09,2.0604444816996192e-09,2.0604444816996192e-09,2.0604444816996192e-09,2.0604444816996192e-09,2.0604444816996192e-09,0.9996559023857117,2.0604444816996192e-09,2.0604444816996192e-09
5,2023-06-02,1.2172456632057267,0.019481870767474173,1.0301561825798444e-09,0.49979591369628906,2.068344784333931e-08,1.0301561825798444e-09,1.0301561825798444e-09,1.3378360641524978e-09,0.0004081222868990153,0.49979591369628906,1.0301561825798444e-09,1.0301561825798444e-09,1.0301561825798444e-09,1.0301561825798444e-09,1.3208608651282816e-09,1.0301561825798444e-09
5,2023-06-05,1.2342614917281642,0.01388215551674366,2.061153470123145e-09,1.0,2.061153470123145e-09,2.061153470123145e-09,2.061153470123145e-09,2.061153470123145e-09,2.061153470123145e-09,2.061153470123145e-09,2.061153470123145e-09,2.061153470123145e-09,2.061153470123145e-09,2.061153470123145e-09,2.061153470123145e-09,2.061153470123145e-09
5,2023-06-07,1.2333331251976896,-0.000752446587383747,0.3333333432674408,0.3333333432674408,6.870511937151491e-10,6.870511937151491e-10,6.870511937151491e-10,6.870511937151491e-10,6.870511937151491e-10,6.870511937151491e-10,6.870511937151491e-10,6.870511937151491e-10,6.870511937151491e-10,0.3333333432674408,6.870511937151491e-10,6.870511937151491e-10
5,2023-06-08,1.217987878784788,-0.012520144721865654,3.559786065920889e-08,4.753012035507709e-05,3.559786065920889e-08,3.559786065920889e-08,3.559786065920889e-08,3.559786065920889e-08,3.559786065920889e-08,3.559786065920889e-08,3.559786065920889e-08,3.559786065920889e-08,3.559786065920889e-08,0.9999520182609558,3.559786065920889e-08,3.559786065920889e-08
5,2023-06-09,1.2447281582969543,0.021716941824555396,0.5,1.030576846083875e-09,1.030576846083875e-09,1.030576846083875e-09,1.030576846083875e-09,1.030576846083875e-09,1.030576846083875e-09,1.030576846083875e-09,1.030576846083875e-09,1.030576846083875e-09,1.030576846083875e-09,0.5,1.030576846083875e-09,1.030576846083875e-09
5,2023-06-12,1.2269102419839075,-0.014418148690462113,2.061153470123145e-09,2.061153470123145e-09,2.061153470123145e-09,2.061153470123145e-09,2.061153470123145e-09,2.061153470123145e-09,2.061153470123145e-09,2.061153470123145e-09,2.061153470123145e-09,2.061153470123145e-09,2.061153470123145e-09,1.0,2.061153470123145e-09,2.061153470123145e-09
5,2023-06-13,1.226731022726546,-0.00014608431986998764,6.870511937151491e-10,6.870511937151491e-10,6.870511937151491e-10,6.870511937151491e-10,0.3333333134651184,6.870511937151491e-10,6.870511937151491e-10,6.870511937151491e-10,0.3333333134651184,6.870511937151491e-10,6.870511937151491e-10,6.870511937151491e-10,8.038753662731324e-09,0.3333333134651184
5,2023-06-14,1.2090099395827236,-0.0145511333912611,2.753244032760449e-08,2.061153470123145e-09,2.061153470123145e-09,2.061153470123145e-09,2.061153470123145e-09,2.061153470123145e-09,2.061153470123145e-09,2.061153470123145e-09,2.061153470123145e-09,2.061153470123145e-09,2.061153470123145e-09,0.9999999403953552,2.061153470123145e-09,2.061153470123145e-09
5,2023-06-15,1.2016258835988674,-0.006126250184327364,2.061153470123145e-09,1.0,2.061153470123145e-09,2.061153470123145e-09,2.061153470123145e-09,2.061153470123145e-09,2.061153470123145e-09,2.061153470123145e-09,2.061153470123145e-09,2.061153470123145e-09,2.061153470123145e-09,2.061153470123145e-09,2.061153470123145e-09,2.061153470123145e-09
5,2023-06-16,1.2175830418836675,0.01319223779439926,2.06115324807854e-09,2.06115324807854e-09,2.06115324807854e-09,2.06115324807854e-09,2.06115324807854e-09,2.06115324807854e-09,2.06115324807854e-09,2.06115324807854e-09,0.9999998211860657,2.06115324807854e-09,2.06115324807854e-09,2.06115324807854e-09,2.06115324807854e-09,1.3622288008718897e-07
5,2023-06-19,1.2137435746252763,-0.003158333745783585,2.061153470123145e-09,2.061153470123145e-09,2.061153470123145e-09,2.061153470123145e-09,2.061153470123145e-09,2.061153470123145e-09,2.061153470123145e-09,2.061153470123145e-09,0.9999999403953552,2.061153470123145e-09,2.061153470123145e-09,2.061153470123145e-09,2.061153470123145e-09,2.5715754858879336e-08
5,2023-06-20,1.212462987576768,-0.0010556291351094841,0.24858716130256653,5.123763080483457e-10,0.0014105612644925714,0.24858716130256653,5.123763080483457e-10,0.004220385104417801,5.123763080483457e-10,5.123763080483457e-10,5.123763080483457e-10,2.0429039068403654e-05,0.24858716130256653,0.24858716130256653,5.123763080483457e-10,5.123763080483457e-10
5,2023-06-21,1.206521951460632,-0.0049120174050331115,1.201605925871263e-09,1.201605925871263e-09,1.201605925871263e-09,1.201605925871263e-09,1.0872079201362794e-06,1.201605925871263e-09,1.201605925871263e-09,1.201605925871263e-09,0.5829773545265198,1.201605925871263e-09,1.201605925871263e-09,1.201605925871263e-09,1.201605925871263e-09,0.4170215129852295
5,2023-06-22,1.218467668780385,0.00985225985944271,2.0611519158109104e-09,0.9999991059303284,2.0611519158109104e-09,2.0611519158109104e-09,2.0611519158109104e-09,2.0611519158109104e-09,2.0611519158109104e-09,2.0611519158109104e-09,2.0611519158109104e-09,2.0611519158109104e-09,2.0611519158109104e-09,8.515855256518989e-07,2.0611519158109104e-09,2.0611519158109104e-09
5,2023-06-23,1.2025535996091947,-0.013146764624118805,1.7176279842878728e-10,0.0833333358168602,0.0833333358168602,0.0833333358168602,0.0833333358168602,0.0833333358168602,0.0833333358168602,0.0833333358168602,0.0833333358168602,0.0833333358168602,0.0833333358168602,1.7176279842878728e-10,0.0833333358168602,0.0833333358168602
5,2023-06-26,1.2063262375323702,0.0031322782892733813,2.061153470123145e-09,1.0,2.061153470123145e-09,2.061153470123145e-09,2.061153470123145e-09,2.061153470123145e-09,2.061153470123145e-09,2.061153470123145e-09,2.061153470123145e-09,2.061153470123145e-09,2.061153470123145e-09,2.061153470123145e-09,2.061153470123145e-09,2.061153470123145e-09
5,2023-06-27,1.2083764266332166,0.0016980886499324698,4.722006451629568e-06,0.999919056892395,4.722006451629568e-06,4.722006451629568e-06,4.722006451629568e-06,4.722006451629568e-06,4.722006451629568e-06,4.722006451629568e-06,4.722006451629568e-06,4.722006451629568e-06,4.722006451629568e-06,2.4287888663820922e-05,4.722006451629568e-06,4.722006451629568e-06
5,2023-06-28,1.2135260981255422,0.004252590020000935,0.5,1.030576846083875e-09,1.030576846083875e-09,1.030576846083875e-09,1.030576846083875e-09,1.030576846083875e-09,1.030576846083875e-09,1.030576846083875e-09,1.030576846083875e-09,1.030576846083875e-09,1.030576846083875e-09,0.5,1.030576846083875e-09,1.030576846083875e-09
5,2023-06-29,1.206294044152531,-0.005977366151660681,2.0599308925284276e-09,2.0599308925284276e-09,2.0599308925284276e-09,2.0599308925284276e-09,5.933814328784592e-09,2.0599308925284276e-09,2.0599308925284276e-09,2.0599308925284276e-09,0.9994067549705505,2.0599308925284276e-09,2.0599308925284276e-09,4.9682112148730084e-05,2.0599308925284276e-09,0.000543532776646316
5,2023-06-30,1.2105105674323973,0.003489340874180198,2.061153470123145e-09,2.061153470123145e-09,2.061153470123145e-09,2.061153470123145e-09,2.061153470123145e-09,2.061153470123145e-09,2.061153470123145e-09,2.061153470123145e-09,2.061153470123145e-09,2.061153470123145e-09,2.061153470123145e-09,1.0,2.061153470123145e-09,2.061153470123145e-09
5,2023-07-07,1.1703893985178473,-0.033705714482069014,0.00032978737726807594,0.934515655040741,0.00032978737726807594,0.00032978737726807594,0.00032978737726807594,0.00032978737726807594,0.00032978737726807594,0.00032978737726807594,0.00032978737726807594,0.00032978737726807594,0.00032978737726807594,0.06152687221765518,0.00032978737726807594,0.00032978737726807594
5,2023-07-10,1.1743418134758101,0.00337131922096014,2.059067222281996e-10,0.09989877045154572,0.09989877045154572,0.0010121770901605487,0.09989877045154572,0.09989877045154572,0.09989877045154572,0.09989877045154572,0.09989877045154572,0.09989877045154572,1.0341557299398119e-07,2.059067222281996e-10,0.09989877045154572,0.09989877045154572
5,2023-07-14,1.256536659824774,0.06765142181515693,0.3333333432674408,0.3333333432674408,6.870511937151491e-10,6.870511937151491e-10,6.870511937151491e-10,6.870511937151491e-10,6.870511937151491e-10,6.870511937151491e-10,6.870511937151491e-10,6.870511937151491e-10,6.870511937151491e-10,0.3333333432674408,6.870511937151491e-10,6.870511937151491e-10
5,2023-07-17,1.2427309325616893,-0.011047930784523487,2.061153470123145e-09,2.061153470123145e-09,2.061153470123145e-09,2.061153470123145e-09,2.061153470123145e-09,2.061153470123145e-09,2.061153470123145e-09,2.061153470123145e-09,2.061153470123145e-09,2.061153470123145e-09,2.061153470123145e-09,1.0,2.061153470123145e-09,2.061153470123145e-09
5,2023-07-19,1.2298826210546019,-0.010392588141560554,2.061153470123145e-09,1.0,2.061153470123145e-09,2.061153470123145e-09,2.061153470123145e-09,2.061153470123145e-09,2.061153470123145e-09,2.061153470123145e-09,2.061153470123145e-09,2.061153470123145e-09,2.061153470123145e-09,2.061153470123145e-09,2.061153470123145e-09,2.061153470123145e-09
5,2023-07-20,1.2330015938317727,0.002532782033085823,2.061153470123145e-09,1.0,2.061153470123145e-09,2.061153470123145e-09,2.061153470123145e-09,2.061153470123145e-09,2.061153470123145e-09,2.061153470123145e-09,2.061153470123145e-09,2.061153470123145e-09,2.061153470123145e-09,2.061153470123145e-09,2.061153470123145e-09,2.061153470123145e-09
5,2023-07-21,1.2297707651920309,-0.002623734574019909,0.5,1.030576846083875e-09,1.030576846083875e-09,1.030576846083875e-09,1.030576846083875e-09,1.030576846083875e-09,1.030576846083875e-09,1.030576846083875e-09,1.030576846083875e-09,1.030576846083875e-09,1.030576846083875e-09,0.5,1.030576846083875e-09,1.030576846083875e-09
5,2023-07-24,1.223591460567377,-0.005037427923828363,2.061153470123145e-09,2.061153470123145e-09,2.061153470123145e-09,2.061153470123145e-09,2.061153470123145e-09,2.061153470123145e-09,2.061153470123145e-09,2.061153470123145e-09,1.0,2.061153470123145e-09,2.061153470123145e-09,2.061153470123145e-09,2.061153470123145e-09,2.061153470123145e-09
5,2023-07-26,1.2357384568832956,0.009878377851843834,2.061153470123145e-09,1.0,2.061153470123145e-09,2.061153470123145e-09,2.061153470123145e-09,2.061153470123145e-09,2.061153470123145e-09,2.061153470123145e-09,2.061153470123145e-09,2.061153470123145e-09,2.061153470123145e-09,2.061153470123145e-09,2.061153470123145e-09,2.061153470123145e-09
5,2023-07-28,1.3155905101308623,0.06261688978672028,0.5,1.030576846083875e-09,1.030576846083875e-09,1.030576846083875e-09,1.030576846083875e-09,1.030576846083875e-09,1.030576846083875e-09,1.030576846083875e-09,1.030576846083875e-09,1.030576846083875e-09,1.030576846083875e-09,0.5,1.030576846083875e-09,1.030576846083875e-09
5,2023-08-03,1.303144243186537,-0.009505629117786884,2.061153470123145e-09,2.061153470123145e-09,2.061153470123145e-09,2.061153470123145e-09,2.061153470123145e-09,2.061153470123145e-09,2.061153470123145e-09,2.061153470123145e-09,0.9999999403953552,2.061153470123145e-09,2.061153470123145e-09,2.061153470123145e-09,2.061153470123145e-09,2.6688283583098382e-08
5,2023-08-04,1.2982614507236205,-0.0037539690241217612,0.5,1.030576846083875e-09,1.030576846083875e-09,1.030576846083875e-09,1.030576846083875e-09,1.030576846083875e-09,1.030576846083875e-09,1.030576846083875e-09,1.030576846083875e-09,1.030576846083875e-09,1.030576846083875e-09,0.5,1.030576846083875e-09,1.030576846083875e-09
5,2023-08-07,1.298921305104013,0.0005081308915279806,2.061153470123145e-09,1.0,2.061153470123145e-09,2.061153470123145e-09,2.061153470123145e-09,2.061153470123145e-09,2.061153470123145e-09,2.061153470123145e-09,2.061153470123145e-09,2.061153470123145e-09,2.061153470123145e-09,2.061153470123145e-09,2.061153470123145e-09,2.061153470123145e-09
5,2023-08-08,1.2959242532511164,-0.002310005060583353,2.061153470123145e-09,2.061153470123145e-09,2.061153470123145e-09,2.061153470123145e-09,2.061153470123145e-09,2.061153470123145e-09,2.061153470123145e-09,2.061153470123145e-09,0.9999999403953552,2.061153470123145e-09,2.061153470123145e-09,2.061153470123145e-09,2.061153470123145e-09,2.3404549409633546e-08
5,2023-08-09,1.2938382442574077,-0.0016109658293776163,2.061153470123145e-09,2.061153470123145e-09,2.061153470123145e-09,2.061153470123145e-09,2.061153470123145e-09,2.061153470123145e-09,2.061153470123145e-09,2.061153470123145e-09,1.0,2.061153470123145e-09,2.061153470123145e-09,2.061153470123145e-09,2.061153470123145e-09,2.061153470123145e-09
5,2023-08-10,1.2898149190263022,-0.003114449369907379,0.5,1.030576846083875e-09,1.030576846083875e-09,1.030576846083875e-09,1.030576846083875e-09,1.030576846083875e-09,1.030576846083875e-09,1.030576846083875e-09,1.030576846083875e-09,1.030576846083875e-09,1.030576846083875e-09,0.5,1.030576846083875e-09,1.030576846083875e-09
5,2023-08-11,1.288381360762451,-0.0011120630518533289,2.061153470123145e-09,2.061153470123145e-09,2.061153470123145e-09,2.061153470123145e-09,2.061153470123145e-09,2.061153470123145e-09,2.061153470123145e-09,2.061153470123145e-09,1.0,2.061153470123145e-09,2.061153470123145e-09,2.061153470123145e-09,2.061153470123145e-09,2.061153470123145e-09
5,2023-08-14,1.2862881199642022,-0.0016260271659120917,2.061153470123145e-09,2.061153470123145e-09,2.061153470123145e-09,2.061153470123145e-09,2.061153470123145e-09,2.061153470123145e-09,2.061153470123145e-09,2.061153470123145e-09,1.0,2.061153470123145e-09,2.061153470123145e-09,2.061153470123145e-09,2.061153470123145e-09,2.061153470123145e-09
5,2023-08-16,1.2500165229450784,-0.02860387465655804,2.061153470123145e-09,2.061153470123145e-09,2.061153470123145e-09,2.061153470123145e-09,2.061153470123145e-09,2.061153470123145e-09,2.061153470123145e-09,2.061153470123145e-09,2.061153470123145e-09,2.061153470123145e-09,2.061153470123145e-09,1.0,2.061153470123145e-09,2.061153470123145e-09
5,2023-08-17,1.2380096556890436,-0.009651795925199986,6.844174671449821e-10,6.844174671449821e-10,6.844174671449821e-10,6.844174671449821e-10,0.0038333593402057886,6.844174671449821e-10,6.844174671449821e-10,6.844174671449821e-10,0.33205553889274597,6.844174671449821e-10,6.844174671449821e-10,0.33205553889274597,6.844174671449821e-10,0.33205553889274597
5,2023-08-18,1.237252309445428,-0.0006119322139769793,2.061153470123145e-09,2.061153470123145e-09,2.061153470123145e-09,2.061153470123145e-09,2.061153470123145e-09,2.061153470123145e-09,2.061153470123145e-09,2.061153470123145e-09,1.0,2.061153470123145e-09,2.061153470123145e-09,2.061153470123145e-09,2.061153470123145e-09,2.061153470123145e-09
5,2023-08-21,1.2347054325899511,-0.002060615934784461,2.061153470123145e-09,2.061153470123145e-09,2.061153470123145e-09,2.061153470123145e-09,2.061153470123145e-09,2.061153470123145e-09,2.061153470123145e-09,2.061153470123145e-09,0.9999999403953552,2.061153470123145e-09,2.061153470123145e-09,2.061153470123145e-09,2.061153470123145e-09,1.9315034904821005e-08
5,2023-08-22,1.2299685548598143,-0.003843821606040001,0.20000000298023224,4.122307217802046e-10,4.122307217802046e-10,4.122307217802046e-10,0.20000000298023224,4.122307217802046e-10,4.122307217802046e-10,4.122307217802046e-10,0.20000000298023224,4.122307217802046e-10,4.122307217802046e-10,0.20000000298023224,4.122307217802046e-10,0.20000000298023224
5,2023-08-23,1.222304535924085,-0.006250563134253025,2.061153470123145e-09,2.061153470123145e-09,2.061153470123145e-09,2.061153470123145e-09,2.061153470123145e-09,2.061153470123145e-09,2.061153470123145e-09,2.061153470123145e-09,2.061153470123145e-09,2.061153470123145e-09,2.061153470123145e-09,1.0,2.061153470123145e-09,2.061153470123145e-09
5,2023-08-24,1.2259236551125408,0.002956523283198476,1.030576846083875e-09,0.5,1.030576846083875e-09,1.030576846083875e-09,1.030576846083875e-09,1.030576846083875e-09,1.030576846083875e-09,1.030576846083875e-09,0.5,1.030576846083875e-09,1.030576846083875e-09,1.030576846083875e-09,1.030576846083875e-09,1.030576846083875e-09
5,2023-08-25,1.2176759693674115,-0.0067504651598632335,2.061153470123145e-09,1.0,2.061153470123145e-09,2.061153470123145e-09,2.061153470123145e-09,2.061153470123145e-09,2.061153470123145e-09,2.061153470123145e-09,2.061153470123145e-09,2.061153470123145e-09,2.061153470123145e-09,2.061153470123145e-09,2.061153470123145e-09,2.061153470123145e-09
5,2023-08-28,1.2277514342420879,0.00824029523194913,2.0607224815449854e-09,0.9997908473014832,2.0607224815449854e-09,2.0607224815449854e-09,2.0607224815449854e-09,2.0607224815449854e-09,2.0607224815449854e-09,2.0607224815449854e-09,2.0607224815449854e-09,2.0607224815449854e-09,2.0607224815449854e-09,0.00020912091713398695,2.0607224815449854e-09,2.0607224815449854e-09
5,2023-08-29,1.2308771363018236,0.002542640056461096,2.061153470123145e-09,2.061153470123145e-09,2.061153470123145e-09,2.061153470123145e-09,2.061153470123145e-09,2.061153470123145e-09,2.061153470123145e-09,2.061153470123145e-09,0.9999999403953552,2.061153470123145e-09,2.061153470123145e-09,2.061153470123145e-09,2.061153470123145e-09,5.152734061653064e-08
5,2023-08-30,1.2382832183179557,0.005998884772509336,0.20000000298023224,4.122307217802046e-10,4.122307217802046e-10,4.122307217802046e-10,0.20000000298023224,4.122307217802046e-10,4.122307217802046e-10,4.122307217802046e-10,0.20000000298023224,4.122307217802046e-10,4.122307217802046e-10,0.20000000298023224,4.122307217802046e-10,0.20000000298023224
5,2023-08-31,1.2424714786116446,0.0033766049325466155,2.061153470123145e-09,2.061153470123145e-09,2.061153470123145e-09,2.061153470123145e-09,2.061153470123145e-09,2.061153470123145e-09,2.061153470123145e-09,2.061153470123145e-09,1.0,2.061153470123145e-09,2.061153470123145e-09,2.061153470123145e-09,2.061153470123145e-09,2.061153470123145e-09
5,2023-09-01,1.239293189684005,-0.0025613151043653486,1.0305518660658208e-09,0.4999879002571106,1.0305518660658208e-09,1.0305518660658208e-09,3.0400906325667165e-07,1.0305518660658208e-09,1.0305518660658208e-09,3.847721252725478e-09,0.4999879002571106,1.0305518660658208e-09,1.0305518660658208e-09,1.0305518660658208e-09,7.609070706848797e-09,2.3901289750938304e-05
5,2023-09-04,1.2440936357255876,0.003866052579134703,2.061153470123145e-09,2.061153470123145e-09,2.061153470123145e-09,2.061153470123145e-09,2.061153470123145e-09,2.061153470123145e-09,2.061153470123145e-09,2.061153470123145e-09,0.9999998807907104,2.061153470123145e-09,2.061153470123145e-09,2.061153470123145e-09,2.061153470123145e-09,8.789705674416837e-08
5,2023-09-05,1.242028109953209,-0.0016616452924907207,0.09090909361839294,0.09090909361839294,0.09090909361839294,0.09090909361839294,1.8737759954756683e-10,0.09090909361839294,0.09090909361839294,0.09090909361839294,1.8737759954756683e-10,0.09090909361839294,0.09090909361839294,0.09090909361839294,0.09090909361839294,1.8737759954756683e-10
5,2023-09-06,1.241456791091897,-0.00046009449958801265,1.070733168795357e-09,1.070733168795357e-09,1.070733168795357e-09,1.070733168795357e-09,2.816673486449872e-06,1.070733168795357e-09,1.070733168795357e-09,1.070733168795357e-09,0.519482433795929,1.070733168795357e-09,1.070733168795357e-09,0.4731367230415344,1.070733168795357e-09,0.007378009147942066
5,2023-09-07,1.2372509607172302,-0.003393570224568248,2.061153470123145e-09,3.892610322964174e-08,2.061153470123145e-09,2.061153470123145e-09,2.061153470123145e-09,2.061153470123145e-09,2.061153470123145e-09,2.061153470123145e-09,0.9999999403953552,2.061153470123145e-09,2.061153470123145e-09,2.061153470123145e-09,2.061153470123145e-09,2.061153470123145e-09
5,2023-09-08,1.231097615160148,-0.004985809835791588,0.5,1.030576846083875e-09,1.030576846083875e-09,1.030576846083875e-09,1.030576846083875e-09,1.030576846083875e-09,1.030576846083875e-09,1.030576846083875e-09,1.030576846083875e-09,1.030576846083875e-09,1.030576846083875e-09,0.5,1.030576846083875e-09,1.030576846083875e-09
5,2023-09-11,1.2322916090736693,0.0009693912722170354,3.432399364733385e-10,0.16652807593345642,3.432399364733385e-10,3.432399364733385e-10,0.16652807593345642,3.432399364733385e-10,0.0008315587183460593,0.16652807593345642,0.16652807593345642,3.86634863014379e-10,3.432399364733385e-10,3.432399364733385e-10,0.16652807593345642,0.16652807593345642
5,2023-09-12,1.220048935056189,-0.009984564137458801,1.2018700479288214e-09,0.5831055045127869,1.2018700479288214e-09,1.2018700479288214e-09,1.2018700479288214e-09,1.2018700479288214e-09,1.2018700479288214e-09,1.2018700479288214e-09,1.2018700479288214e-09,1.2018700479288214e-09,1.2018700479288214e-09,0.41689446568489075,1.2018700479288214e-09,1.2018700479288214e-09
5,2023-09-13,1.2137670927744937,-0.005162145502865314,1.8996344497423934e-09,1.8996344497423934e-09,1.8996344497423934e-09,1.8996344497423934e-09,6.548918918269919e-07,1.8996344497423934e-09,1.8996344497423934e-09,1.8996344497423934e-09,0.9216365218162537,1.8996344497423934e-09,1.8996344497423934e-09,1.8996344497423934e-09,1.8996344497423934e-09,0.07836282253265381
5,2023-09-14,1.2201612315136576,0.005254183851927519,2.576349134031375e-10,0.12499548494815826,0.12499548494815826,0.12499548494815826,2.576349134031375e-10,0.12499548494815826,0.12499548494815826,0.12499548494815826,2.576349134031375e-10,3.610431303968653e-05,0.12499548494815826,2.576349134031375e-10,0.12499548494815826,2.576349134031375e-10
5,2023-09-15,1.2551848634625369,0.028299856308102608,2.061153470123145e-09,1.0,2.061153470123145e-09,2.061153470123145e-09,2.061153470123145e-09,2.061153470123145e-09,2.061153470123145e-09,2.061153470123145e-09,2.061153470123145e-09,2.061153470123145e-09,2.061153470123145e-09,2.061153470123145e-09,2.061153470123145e-09,2.061153470123145e-09
5,2023-09-18,1.2539000326362093,-0.0010241430575959384,2.061153470123145e-09,2.061153470123145e-09,2.061153470123145e-09,2.061153470123145e-09,2.061153470123145e-09,2.061153470123145e-09,2.061153470123145e-09,2.061153470123145e-09,2.061153470123145e-09,2.061153470123145e-09,2.061153470123145e-09,1.0,2.061153470123145e-09,2.061153470123145e-09
5,2023-09-19,1.244912011608441,-0.00719386622980237,2.061153470123145e-09,1.0,2.061153470123145e-09,2.061153470123145e-09,2.061153470123145e-09,2.061153470123145e-09,2.061153470123145e-09,2.061153470123145e-09,2.061153470123145e-09,2.061153470123145e-09,2.061153470123145e-09,2.061153470123145e-09,2.061153470123145e-09,2.061153470123145e-09
5,2023-09-20,1.2496962303184602,0.0038356520235538483,2.061153470123145e-09,1.0,2.061153470123145e-09,2.061153470123145e-09,2.061153470123145e-09,2.061153470123145e-09,2.061153470123145e-09,2.061153470123145e-09,2.061153470123145e-09,2.061153470123145e-09,2.061153470123145e-09,2.061153470123145e-09,2.061153470123145e-09,2.061153470123145e-09
5,2023-09-21,1.225100710319253,-0.019877452912926676,2.061153470123145e-09,2.061153470123145e-09,2.061153470123145e-09,2.061153470123145e-09,2.061153470123145e-09,2.061153470123145e-09,2.061153470123145e-09,2.061153470123145e-09,2.061153470123145e-09,2.061153470123145e-09,2.061153470123145e-09,1.0,2.061153470123145e-09,2.061153470123145e-09
5,2023-09-22,1.2266142518674723,0.0012346800209954382,2.061153470123145e-09,1.0,2.061153470123145e-09,2.061153470123145e-09,2.061153470123145e-09,2.061153470123145e-09,2.061153470123145e-09,2.061153470123145e-09,2.061153470123145e-09,2.061153470123145e-09,2.061153470123145e-09,2.061153470123145e-09,2.061153470123145e-09,2.061153470123145e-09
5,2023-09-25,1.2242532227691738,-0.0019266891034319996,2.061153470123145e-09,2.061153470123145e-09,2.061153470123145e-09,2.061153470123145e-09,2.061153470123145e-09,2.061153470123145e-09,2.061153470123145e-09,2.061153470123145e-09,1.0,2.061153470123145e-09,2.061153470123145e-09,2.061153470123145e-09,2.061153470123145e-09,2.061153470123145e-09
5,2023-09-26,1.1974238038510272,-0.022158625113964082,2.061153470123145e-09,1.0,2.061153470123145e-09,2.061153470123145e-09,2.061153470123145e-09,2.061153470123145e-09,2.061153470123145e-09,2.061153470123145e-09,2.061153470123145e-09,2.061153470123145e-09,2.061153470123145e-09,2.061153470123145e-09,2.061153470123145e-09,2.061153470123145e-09
5,2023-09-27,1.2033915371701511,0.004971432419866324,0.20000000298023224,4.122307217802046e-10,4.122307217802046e-10,4.122307217802046e-10,0.20000000298023224,4.122307217802046e-10,4.122307217802046e-10,4.122307217802046e-10,0.20000000298023224,4.122307217802046e-10,4.122307217802046e-10,0.20000000298023224,4.122307217802046e-10,0.20000000298023224
5,2023-10-04,1.1524771505784859,-0.043230181616544724,2.061153470123145e-09,2.061153470123145e-09,2.061153470123145e-09,2.061153470123145e-09,2.061153470123145e-09,2.061153470123145e-09,2.061153470123145e-09,2.061153470123145e-09,1.0,2.061153470123145e-09,2.061153470123145e-09,2.061153470123145e-09,2.061153470123145e-09,2.061153470123145e-09
5,2023-10-05,1.154958838219573,0.0021510357037186623,2.061153470123145e-09,2.061153470123145e-09,2.061153470123145e-09,2.061153470123145e-09,2.061153470123145e-09,2.061153470123145e-09,2.061153470123145e-09,2.061153470123145e-09,1.0,2.061153470123145e-09,2.061153470123145e-09,2.061153470123145e-09,2.061153470123145e-09,2.061153470123145e-09
5,2023-10-06,1.1528189376730895,-0.0018545123210176825,1.890424039530103e-09,1.890424039530103e-09,1.890424039530103e-09,1.890424039530103e-09,1.6797255852907256e-07,1.890424039530103e-09,1.890424039530103e-09,1.890424039530103e-09,0.9171679615974426,1.890424039530103e-09,1.890424039530103e-09,1.890424039530103e-09,1.890424039530103e-09,0.08283188194036484
5,2023-10-10,1.1776242166958297,0.021288840118050576,2.061153026033935e-09,2.061153026033935e-09,2.061153026033935e-09,2.061153026033935e-09,2.061153026033935e-09,2.061153026033935e-09,2.061153026033935e-09,2.061153026033935e-09,0.9999997019767761,2.061153026033935e-09,2.061153026033935e-09,2.061153026033935e-09,2.061153026033935e-09,2.4858934466465143e-07
5,2023-10-11,1.1791142375137051,0.001264477196226099,2.061153470123145e-09,2.061153470123145e-09,2.061153470123145e-09,2.061153470123145e-09,2.061153470123145e-09,2.061153470123145e-09,2.061153470123145e-09,2.061153470123145e-09,0.9999999403953552,2.061153470123145e-09,2.061153470123145e-09,2.061153470123145e-09,2.061153470123145e-09,2.8065938906252086e-08
5,2023-10-12,1.1976211012164368,0.015573663127422333,0.5,1.030576846083875e-09,1.030576846083875e-09,1.030576846083875e-09,1.030576846083875e-09,1.030576846083875e-09,1.030576846083875e-09,1.030576846083875e-09,1.030576846083875e-09,1.030576846083875e-09,1.030576846083875e-09,0.5,1.030576846083875e-09,1.030576846083875e-09
5,2023-10-13,1.1882314004163614,-0.007871190086007118,0.5,1.030576846083875e-09,1.030576846083875e-09,1.030576846083875e-09,1.030576846083875e-09,1.030576846083875e-09,1.030576846083875e-09,1.030576846083875e-09,1.030576846083875e-09,1.030576846083875e-09,1.030576846083875e-09,0.5,1.030576846083875e-09,1.030576846083875e-09
5,2023-10-16,1.210699554791782,0.01873235353529453,2.061153470123145e-09,2.061153470123145e-09,2.061153470123145e-09,2.061153470123145e-09,2.061153470123145e-09,2.061153470123145e-09,2.061153470123145e-09,2.061153470123145e-09,0.9999999403953552,2.061153470123145e-09,2.061153470123145e-09,2.061153470123145e-09,2.061153470123145e-09,2.4507507134785556e-08
5,2023-10-17,1.2284431473127595,0.014549296770989895,0.49999889731407166,1.0305745146155232e-09,1.0305745146155232e-09,1.0305745146155232e-09,2.0412951471371343e-06,1.0305745146155232e-09,1.0305745146155232e-09,1.0305745146155232e-09,9.484726781749941e-09,1.0305745146155232e-09,1.0305745146155232e-09,0.49999889731407166,1.0305745146155232e-09,1.1801125765487086e-07
5,2023-10-18,1.249067250533878,0.016649439421296118,2.061153470123145e-09,1.0,2.061153470123145e-09,2.061153470123145e-09,2.061153470123145e-09,2.061153470123145e-09,2.061153470123145e-09,2.061153470123145e-09,2.061153470123145e-09,2.061153470123145e-09,2.061153470123145e-09,2.061153470123145e-09,2.061153470123145e-09,2.061153470123145e-09
5,2023-10-19,1.2519601283699329,0.0023133526250720023,1.847214159411692e-09,0.10379594564437866,1.847214159411692e-09,1.847214159411692e-09,1.847214159411692e-09,1.847214159411692e-09,1.847214159411692e-09,1.847214159411692e-09,0.8962040543556213,1.847214159411692e-09,1.847214159411692e-09,1.847214159411692e-09,1.847214159411692e-09,1.847214159411692e-09
5,2023-10-20,1.2604748584990988,0.006778095968812704,6.870511937151491e-10,6.870511937151491e-10,6.870511937151491e-10,6.870511937151491e-10,0.3333333432674408,6.870511937151491e-10,6.870511937151491e-10,6.870511937151491e-10,0.3333333432674408,6.870511937151491e-10,6.870511937151491e-10,6.870511937151491e-10,6.870511937151491e-10,0.3333333432674408
5,2023-10-23,1.2585506242802451,-0.0015277611173689365,3.160859307627106e-08,3.160859307627106e-08,3.160859307627106e-08,3.160859307627106e-08,3.160859307627106e-08,3.160859307627106e-08,3.160859307627106e-08,3.160859307627106e-08,3.160859307627106e-08,3.160859307627106e-08,3.160859307627106e-08,0.9999995827674866,3.160859307627106e-08,3.160859307627106e-08
5,2023-10-24,1.2542159066048268,-0.003450158955901861,4.4161474477277807e-10,0.21425609290599823,0.00036067672772333026,6.598392943146791e-09,4.4161474477277807e-10,7.348397048190236e-05,0.21425609290599823,0.21425609290599823,0.14254142343997955,1.7978178945554646e-08,4.4161474477277807e-10,4.4161474477277807e-10,0.21425609290599823,4.4161474477277807e-10
5,2023-10-25,1.2429130275946185,-0.009052761390805245,2.061153470123145e-09,2.061153470123145e-09,2.061153470123145e-09,2.061153470123145e-09,2.061153470123145e-09,2.061153470123145e-09,2.061153470123145e-09,2.061153470123145e-09,2.061153470123145e-09,2.061153470123145e-09,2.061153470123145e-09,1.0,2.061153470123145e-09,2.061153470123145e-09
5,2023-10-26,1.2489552970253137,0.00484959916472435,2.061153470123145e-09,2.061153470123145e-09,2.061153470123145e-09,2.061153470123145e-09,2.061153470123145e-09,2.061153470123145e-09,2.061153470123145e-09,2.061153470123145e-09,0.9999999403953552,2.061153470123145e-09,2.061153470123145e-09,2.061153470123145e-09,2.061153470123145e-09,1.691569728734521e-08
5,2023-10-27,1.250929163367108,0.0015791663840986814,2.061153470123145e-09,2.061153470123145e-09,2.061153470123145e-09,2.061153470123145e-09,2.061153470123145e-09,2.061153470123145e-09,2.061153470123145e-09,2.061153470123145e-09,0.9999999403953552,2.061153470123145e-09,2.061153470123145e-09,2.061153470123145e-09,2.061153470123145e-09,5.6269648496254376e-08
5,2023-10-30,1.2522018349425652,0.0010168638285249472,0.4999999701976776,1.0305767350615724e-09,1.0305767350615724e-09,1.0305767350615724e-09,1.0305767350615724e-09,1.0305767350615724e-09,1.0305767350615724e-09,1.0305767350615724e-09,5.542469594388422e-08,1.0305767350615724e-09,1.0305767350615724e-09,0.4999999701976776,1.0305767350615724e-09,1.0305767350615724e-09
5,2023-10-31,1.2388243555857779,-0.010740640151500702,1.870891358501936e-10,0.09076914191246033,0.09076914191246033,0.09076914191246033,0.09076914191246033,0.09076914191246033,0.09076914191246033,0.09076914191246033,0.09076914191246033,0.09076914191246033,0.0015394695801660419,1.870891358501936e-10,0.09076914191246033,0.09076914191246033
5,2023-11-01,1.2439315235779085,0.004114117895066738,2.061153470123145e-09,2.061153470123145e-09,2.061153470123145e-09,2.061153470123145e-09,2.061153470123145e-09,2.061153470123145e-09,2.061153470123145e-09,2.061153470123145e-09,2.061153470123145e-09,2.061153470123145e-09,2.061153470123145e-09,1.0,2.061153470123145e-09,2.061153470123145e-09
5,2023-11-02,1.2743889200146432,0.02418983785333112,0.007783923298120499,2.0451096371942867e-09,2.0451096371942867e-09,2.0451096371942867e-09,2.0451096371942867e-09,2.0451096371942867e-09,2.0451096371942867e-09,2.0451096371942867e-09,2.0451096371942867e-09,2.0451096371942867e-09,2.0451096371942867e-09,0.9922160506248474,2.0451096371942867e-09,2.0451096371942867e-09
5,2023-11-03,1.2748842094063388,0.0003885730345733464,2.061153470123145e-09,2.061153470123145e-09,2.061153470123145e-09,2.061153470123145e-09,2.061153470123145e-09,2.061153470123145e-09,2.061153470123145e-09,2.061153470123145e-09,2.061153470123145e-09,2.061153470123145e-09,2.061153470123145e-09,1.0,2.061153470123145e-09,2.061153470123145e-09
5,2023-11-06,1.3348455749002492,0.04596025259494781,2.061153470123145e-09,1.0,2.061153470123145e-09,2.061153470123145e-09,2.061153470123145e-09,2.061153470123145e-09,2.061153470123145e-09,2.061153470123145e-09,2.061153470123145e-09,2.061153470123145e-09,2.061153470123145e-09,2.061153470123145e-09,2.061153470123145e-09,2.061153470123145e-09
5,2023-11-07,1.3238877940288665,-0.008242904718220234,2.061153470123145e-09,2.061153470123145e-09,2.061153470123145e-09,2.061153470123145e-09,2.061153470123145e-09,2.061153470123145e-09,2.061153470123145e-09,2.061153470123145e-09,0.9999999403953552,2.061153470123145e-09,2.061153470123145e-09,2.061153470123145e-09,2.061153470123145e-09,7.702229076755884e-09
5,2023-11-08,1.3175358118058127,-0.004809523510932922,0.5,1.030576846083875e-09,1.030576846083875e-09,1.030576846083875e-09,1.030576846083875e-09,1.030576846083875e-09,1.030576846083875e-09,1.030576846083875e-09,1.030576846083875e-09,1.030576846083875e-09,1.030576846083875e-09,0.5,1.030576846083875e-09,1.030576846083875e-09
5,2023-11-09,1.3050423245518965,-0.009527709844708443,2.061153470123145e-09,2.061153470123145e-09,2.061153470123145e-09,2.061153470123145e-09,2.061153470123145e-09,2.061153470123145e-09,2.061153470123145e-09,2.061153470123145e-09,0.9999999403953552,2.061153470123145e-09,2.061153470123145e-09,2.061153470123145e-09,2.061153470123145e-09,1.931807425137322e-08
5,2023-11-10,1.3097764075426248,0.003620968524635069,2.061152581944725e-09,2.061152581944725e-09,2.061152581944725e-09,2.061152581944725e-09,2.061152581944725e-09,2.061152581944725e-09,2.061152581944725e-09,2.061152581944725e-09,0.999999463558197,2.061152581944725e-09,2.061152581944725e-09,2.061152581944725e-09,2.061152581944725e-09,4.84431438962929e-07
5,2023-11-13,1.2885392654685837,-0.016347216951847078,0.5,1.030576846083875e-09,1.030576846083875e-09,1.030576846083875e-09,1.030576846083875e-09,1.030576846083875e-09,1.030576846083875e-09,1.030576846083875e-09,1.030576846083875e-09,1.030576846083875e-09,1.030576846083875e-09,0.5,1.030576846083875e-09,1.030576846083875e-09
5,2023-11-14,1.3035859668547018,0.01160967857837677,2.061153470123145e-09,1.0,2.061153470123145e-09,2.061153470123145e-09,2.061153470123145e-09,2.061153470123145e-09,2.061153470123145e-09,2.061153470123145e-09,2.061153470123145e-09,2.061153470123145e-09,2.061153470123145e-09,2.061153470123145e-09,2.061153470123145e-09,2.061153470123145e-09
5,2023-11-15,1.3200512508093158,0.012551659208536148,2.061143700160528e-09,2.061143700160528e-09,2.061143700160528e-09,2.061143700160528e-09,2.061143700160528e-09,2.061143700160528e-09,2.061143700160528e-09,2.061143700160528e-09,0.9999951720237732,2.061143700160528e-09,2.061143700160528e-09,4.7270104914787225e-06,2.061143700160528e-09,1.0042175802027486e-07
5,2023-11-16,1.3194128164680923,-0.00048376059487927704,2.061153470123145e-09,2.061153470123145e-09,2.061153470123145e-09,2.061153470123145e-09,2.061153470123145e-09,2.061153470123145e-09,2.061153470123145e-09,2.061153470123145e-09,2.061153470123145e-09,2.061153470123145e-09,2.061153470123145e-09,1.0,2.061153470123145e-09,2.061153470123145e-09
5,2023-11-17,1.314349855229173,-0.0038446649197489023,0.5,1.030576846083875e-09,1.030576846083875e-09,1.030576846083875e-09,1.030576846083875e-09,1.030576846083875e-09,1.030576846083875e-09,1.030576846083875e-09,1.030576846083875e-09,1.030576846083875e-09,1.030576846083875e-09,0.5,1.030576846083875e-09,1.030576846083875e-09
5,2023-11-20,1.3265274563193923,0.00922245599925518,2.061153470123145e-09,2.061153470123145e-09,2.061153470123145e-09,2.061153470123145e-09,2.061153470123145e-09,2.061153470123145e-09,2.061153470123145e-09,2.061153470123145e-09,2.061153470123145e-09,2.061153470123145e-09,2.061153470123145e-09,1.0,2.061153470123145e-09,2.061153470123145e-09
5,2023-11-21,1.3329788233708755,0.004851561927050352,2.061153470123145e-09,2.061153470123145e-09,2.061153470123145e-09,2.061153470123145e-09,2.061153470123145e-09,2.061153470123145e-09,2.061153470123145e-09,2.061153470123145e-09,1.0,2.061153470123145e-09,2.061153470123145e-09,2.061153470123145e-09,2.061153470123145e-09,2.061153470123145e-09
5,2023-11-22,1.3377205969402342,0.003550963853026818,2.061153026033935e-09,2.061153026033935e-09,2.061153026033935e-09,2.061153026033935e-09,2.061153026033935e-09,2.061153026033935e-09,2.061153026033935e-09,2.061153026033935e-09,0.9999997019767761,2.061153026033935e-09,2.061153026033935e-09,2.061153026033935e-09,2.061153026033935e-09,2.9693597980440245e-07
5,2023-11-23,1.3319342704972186,-0.004334894052892923,0.5,1.030576846083875e-09,1.030576846083875e-09,1.030576846083875e-09,1.030576846083875e-09,1.030576846083875e-09,1.030576846083875e-09,1.030576846083875e-09,1.030576846083875e-09,1.030576846083875e-09,1.030576846083875e-09,0.5,1.030576846083875e-09,1.030576846083875e-09
5,2023-11-24,1.3177100797839174,-0.010736782358586789,1.030576846083875e-09,0.5,1.030576846083875e-09,1.030576846083875e-09,1.030576846083875e-09,1.030576846083875e-09,1.030576846083875e-09,1.030576846083875e-09,1.030576846083875e-09,1.030576846083875e-09,1.030576846083875e-09,0.5,1.030576846083875e-09,1.030576846083875e-09
5,2023-11-27,1.3114032566687113,-0.004797689871490002,2.061153470123145e-09,1.0,2.061153470123145e-09,2.061153470123145e-09,2.061153470123145e-09,2.061153470123145e-09,2.061153470123145e-09,2.061153470123145e-09,2.061153470123145e-09,2.061153470123145e-09,2.061153470123145e-09,2.061153470123145e-09,2.061153470123145e-09,2.061153470123145e-09
5,2023-11-28,1.331246179936137,0.015017728742957115,0.5,1.030576846083875e-09,1.030576846083875e-09,1.030576846083875e-09,1.030576846083875e-09,1.030576846083875e-09,1.030576846083875e-09,1.030576846083875e-09,1.030576846083875e-09,1.030576846083875e-09,1.030576846083875e-09,0.5,1.030576846083875e-09,1.030576846083875e-09
5,2023-11-29,1.3196348425495767,-0.008760417044162751,0.3333333432674408,0.3333333432674408,6.870511937151491e-10,6.870511937151491e-10,6.870511937151491e-10,6.870511937151491e-10,6.870511937151491e-10,6.870511937151491e-10,6.870511937151491e-10,6.870511937151491e-10,6.870511937151491e-10,0.3333333432674408,6.870511937151491e-10,6.870511937151491e-10
5,2023-11-30,1.317207836630933,-0.0018408429317176341,2.061153470123145e-09,2.061153470123145e-09,2.061153470123145e-09,2.061153470123145e-09,2.061153470123145e-09,2.061153470123145e-09,2.061153470123145e-09,2.061153470123145e-09,1.0,2.061153470123145e-09,2.061153470123145e-09,2.061153470123145e-09,2.061153470123145e-09,2.061153470123145e-09
5,2023-12-01,1.316700017697222,-0.0003856011433117434,2.061153470123145e-09,2.061153470123145e-09,2.061153470123145e-09,2.061153470123145e-09,2.061153470123145e-09,2.061153470123145e-09,2.061153470123145e-09,2.061153470123145e-09,0.9999999403953552,2.061153470123145e-09,2.061153470123145e-09,2.061153470123145e-09,2.061153470123145e-09,1.979376484939621e-08
5,2023-12-04,1.342597364015289,0.01947744935654087,2.061153470123145e-09,2.061153470123145e-09,2.061153470123145e-09,2.061153470123145e-09,2.061153470123145e-09,2.061153470123145e-09,2.061153470123145e-09,2.061153470123145e-09,0.9999999403953552,2.061153470123145e-09,2.061153470123145e-09,2.061153470123145e-09,2.061153470123145e-09,2.625204054140795e-08
5,2023-12-05,1.3328307080241124,-0.007301036778092384,2.061153470123145e-09,1.0,2.061153470123145e-09,2.061153470123145e-09,2.061153470123145e-09,2.061153470123145e-09,2.061153470123145e-09,2.061153470123145e-09,2.061153470123145e-09,2.061153470123145e-09,2.061153470123145e-09,2.061153470123145e-09,2.061153470123145e-09,2.061153470123145e-09
5,2023-12-06,1.3267523021123848,-0.004570954523235559,2.061153470123145e-09,2.061153470123145e-09,2.061153470123145e-09,2.061153470123145e-09,2.061153470123145e-09,2.061153470123145e-09,2.061153470123145e-09,2.061153470123145e-09,0.9999999403953552,2.061153470123145e-09,2.061153470123145e-09,2.061153470123145e-09,2.061153470123145e-09,3.6756755861233614e-08
5,2023-12-07,1.31393889947638,-0.009704658532142639,0.08306404203176498,1.7120775630541374e-10,0.08306404203176498,0.08306404203176498,0.08306404203176498,0.08306404203176498,0.08306404203176498,0.08306404203176498,0.08306404203176498,0.08306404203176498,0.08306404203176498,0.0032314800191670656,0.08306404203176498,0.08306404203176498
5,2023-12-08,1.3446867376154803,0.023131657746434213,2.061153470123145e-09,2.061153470123145e-09,2.061153470123145e-09,2.061153470123145e-09,2.061153470123145e-09,2.061153470123145e-09,2.061153470123145e-09,2.061153470123145e-09,2.061153470123145e-09,2.061153470123145e-09,2.061153470123145e-09,1.0,2.061153470123145e-09,2.061153470123145e-09
5,2023-12-11,1.3672452712520433,0.016636887565255165,2.061153470123145e-09,2.061153470123145e-09,2.061153470123145e-09,2.061153470123145e-09,2.061153470123145e-09,2.061153470123145e-09,2.061153470123145e-09,2.061153470123145e-09,2.061153470123145e-09,2.061153470123145e-09,2.061153470123145e-09,1.0,2.061153470123145e-09,2.061153470123145e-09
5,2023-12-12,1.3774141123802432,0.00740994508638978,2.061153470123145e-09,1.0,2.061153470123145e-09,2.061153470123145e-09,2.061153470123145e-09,2.061153470123145e-09,2.061153470123145e-09,2.061153470123145e-09,2.061153470123145e-09,2.061153470123145e-09,2.061153470123145e-09,2.061153470123145e-09,2.061153470123145e-09,2.061153470123145e-09
5,2023-12-13,1.3606342289306643,-0.012256973896920681,2.2240516983629277e-08,2.2240516983629277e-08,2.2240516983629277e-08,2.2240516983629277e-08,2.2240516983629277e-08,2.2240516983629277e-08,2.2240516983629277e-08,2.2240516983629277e-08,2.2240516983629277e-08,2.2240516983629277e-08,2.2240516983629277e-08,0.9999997019767761,2.2240516983629277e-08,2.2240516983629277e-08
5,2023-12-14,1.3892148815103045,0.020787818273295205,2.061153470123145e-09,2.061153470123145e-09,2.061153470123145e-09,2.061153470123145e-09,2.061153470123145e-09,2.061153470123145e-09,2.061153470123145e-09,2.061153470123145e-09,2.061153470123145e-09,2.061153470123145e-09,2.061153470123145e-09,1.0,2.061153470123145e-09,2.061153470123145e-09
5,2023-12-15,1.3693919819814722,-0.0143719215631485,0.5,1.030576846083875e-09,1.030576846083875e-09,1.030576846083875e-09,1.030576846083875e-09,1.030576846083875e-09,1.030576846083875e-09,1.030576846083875e-09,1.030576846083875e-09,1.030576846083875e-09,1.030576846083875e-09,0.5,1.030576846083875e-09,1.030576846083875e-09
5,2023-12-18,1.3596752186455385,-0.007120971146225929,2.061153470123145e-09,1.0,2.061153470123145e-09,2.061153470123145e-09,2.061153470123145e-09,2.061153470123145e-09,2.061153470123145e-09,2.061153470123145e-09,2.061153470123145e-09,2.061153470123145e-09,2.061153470123145e-09,2.061153470123145e-09,2.061153470123145e-09,2.061153470123145e-09
5,2023-12-19,1.3597994266287925,9.134704275056722e-05,2.0590420479749127e-09,2.0590420479749127e-09,2.0590420479749127e-09,2.0590420479749127e-09,7.316546479785302e-09,2.0590420479749127e-09,2.0590420479749127e-09,2.0590420479749127e-09,0.9989755153656006,2.0590420479749127e-09,2.0590420479749127e-09,2.0590420479749127e-09,2.0590420479749127e-09,0.001024475204758346
5,2023-12-20,1.3842587772456523,0.01782760904431343,2.061153470123145e-09,1.0,2.061153470123145e-09,2.061153470123145e-09,2.061153470123145e-09,2.061153470123145e-09,2.061153470123145e-09,2.061153470123145e-09,2.061153470123145e-09,2.061153470123145e-09,2.061153470123145e-09,2.061153470123145e-09,2.061153470123145e-09,2.061153470123145e-09
5,2023-12-21,1.3815754296066376,-0.0019403538174927234,6.708123692078516e-05,6.870051194596272e-10,6.870051194596272e-10,6.870051194596272e-10,0.33331096172332764,6.870051194596272e-10,6.870051194596272e-10,6.870051194596272e-10,0.33331096172332764,6.870051194596272e-10,6.870051194596272e-10,2.219442185591447e-09,6.870051194596272e-10,0.33331096172332764
5,2023-12-22,1.3842915603552965,0.001964036326855421,1.030576846083875e-09,0.5,1.030576846083875e-09,1.030576846083875e-09,1.030576846083875e-09,1.030576846083875e-09,1.030576846083875e-09,1.030576846083875e-09,0.5,1.030576846083875e-09,1.030576846083875e-09,1.030576846083875e-09,1.030576846083875e-09,1.030576846083875e-09
5,2023-12-26,1.389778034148038,0.003955546722561121,0.5,1.030576846083875e-09,1.030576846083875e-09,1.030576846083875e-09,1.030576846083875e-09,1.030576846083875e-09,1.030576846083875e-09,1.030576846083875e-09,1.030576846083875e-09,1.030576846083875e-09,1.030576846083875e-09,0.5,1.030576846083875e-09,1.030576846083875e-09
5,2023-12-27,1.389892701272196,8.25041058007628e-05,2.061153470123145e-09,2.061153470123145e-09,2.061153470123145e-09,2.061153470123145e-09,2.061153470123145e-09,2.061153470123145e-09,2.061153470123145e-09,2.061153470123145e-09,0.9999999403953552,2.061153470123145e-09,2.061153470123145e-09,2.061153470123145e-09,2.061153470123145e-09,3.4049552510850845e-08
5,2023-12-28,1.4004645285082127,0.00757743682935834,1.0305742925709183e-09,1.0305742925709183e-09,1.0305742925709183e-09,1.0305742925709183e-09,2.4148239390342496e-06,1.0305742925709183e-09,1.0305742925709183e-09,1.0305742925709183e-09,0.4999987781047821,1.0305742925709183e-09,1.0305742925709183e-09,1.0305742925709183e-09,1.0305742925709183e-09,0.4999987781047821
6,2024-01-02,0.9893770525378148,-0.010679773768782616,2.061153470123145e-09,1.0,2.061153470123145e-09,2.061153470123145e-09,2.061153470123145e-09,2.061153470123145e-09,2.061153470123145e-09,2.061153470123145e-09,2.061153470123145e-09,2.061153470123145e-09,2.061153470123145e-09,2.061153470123145e-09,2.061153470123145e-09,2.061153470123145e-09
6,2024-01-03,0.9841782139684344,-0.005268512803316116,2.0611405915360592e-09,2.0611405915360592e-09,2.0611405915360592e-09,2.0611405915360592e-09,2.0611405915360592e-09,2.0611405915360592e-09,2.0611405915360592e-09,2.0611405915360592e-09,0.9999936819076538,2.0611405915360592e-09,2.0611405915360592e-09,2.0611405915360592e-09,2.0611405915360592e-09,6.304065664153313e-06
6,2024-01-04,0.9607096366965395,-0.024134776133298876,0.5,1.030576846083875e-09,1.030576846083875e-09,1.030576846083875e-09,1.030576846083875e-09,1.030576846083875e-09,1.030576846083875e-09,1.030576846083875e-09,1.030576846083875e-09,1.030576846083875e-09,1.030576846083875e-09,0.5,1.030576846083875e-09,1.030576846083875e-09
6,2024-01-05,0.9591760861858918,-0.001597543873079121,2.0611440332274356e-10,0.09999953210353851,0.09999953210353851,4.651520612242166e-06,0.09999953210353851,0.09999953210353851,0.09999953210353851,0.09999953210353851,0.09999953210353851,0.09999953210353851,2.0611440332274356e-10,2.0611440332274356e-10,0.09999953210353851,0.09999953210353851
6,2024-01-08,0.9533442190902106,-0.006098638696968556,2.0611483630972316e-09,2.0611483630972316e-09,2.0611483630972316e-09,2.0611483630972316e-09,2.0611483630972316e-09,2.0611483630972316e-09,2.0611483630972316e-09,2.0611483630972316e-09,0.9999974966049194,2.0611483630972316e-09,2.0611483630972316e-09,2.455878757245955e-06,2.0611483630972316e-09,4.829426103469814e-08
6,2024-01-09,0.9530274973856705,-0.00033227696856483814,0.11110746115446091,2.290095474366538e-10,0.11110746115446091,0.11110746115446091,2.290095474366538e-10,0.11110746115446091,0.11110746115446091,0.11110746115446091,2.290095474366538e-10,0.11110746115446091,0.11110746115446091,0.11110746115446091,3.286914943601005e-05,2.290095474366538e-10
6,2024-01-10,0.950885925213639,-0.002249653844349086,2.061153470123145e-09,2.061153470123145e-09,2.061153470123145e-09,2.061153470123145e-09,2.061153470123145e-09,2.061153470123145e-09,2.061153470123145e-09,2.061153470123145e-09,0.9999998807907104,2.061153470123145e-09,2.061153470123145e-09,2.061153470123145e-09,2.061153470123145e-09,6.870629931654548e-08
6,2024-01-11,0.9530145184042506,0.002236035066470504,9.895348984656493e-10,9.895348984656493e-10,9.895348984656493e-10,9.895348984656493e-10,0.039824169129133224,9.895348984656493e-10,9.895348984656493e-10,9.895348984656493e-10,0.48008790612220764,9.895348984656493e-10,9.895348984656493e-10,9.895348984656493e-10,9.895348984656493e-10,0.48008790612220764
6,2024-01-12,0.9360894006814144,-0.017919152495265007,0.4846377372741699,9.989128413323556e-10,9.989128413323556e-10,9.989128413323556e-10,0.02224149741232395,9.989128413323556e-10,9.989128413323556e-10,9.989128413323556e-10,0.0011554373195394874,9.989128413323556e-10,9.989128413323556e-10,0.4846377372741699,9.989128413323556e-10,0.0073275635950267315
6,2024-01-15,0.9159128709963669,-0.021789744314551353,2.061153470123145e-09,2.061153470123145e-09,2.061153470123145e-09,2.061153470123145e-09,2.061153470123145e-09,2.061153470123145e-09,2.061153470123145e-09,2.061153470123145e-09,2.061153470123145e-09,2.061153470123145e-09,2.061153470123145e-09,1.0,2.061153470123145e-09,2.061153470123145e-09
6,2024-01-16,0.9196040550827821,0.0040219613447727166,2.059980186430721e-09,0.0005692910053767264,2.059980186430721e-09,2.059980186430721e-09,2.059980186430721e-09,2.059980186430721e-09,2.059980186430721e-09,2.059980186430721e-09,2.059980186430721e-09,2.059980186430721e-09,2.059980186430721e-09,0.9994306564331055,2.059980186430721e-09,2.059980186430721e-09
6,2024-01-17,0.9032734250495166,-0.01791789862215519,2.0611512496770956e-09,0.9999988079071045,2.0611512496770956e-09,2.0611512496770956e-09,2.0611512496770956e-09,2.0611512496770956e-09,2.0611512496770956e-09,2.0611512496770956e-09,1.141590587394603e-06,2.0611512496770956e-09,2.0611512496770956e-09,2.0611512496770956e-09,2.0611512496770956e-09,2.0611512496770956e-09
6,2024-01-19,0.9054871600020082,0.0024477933410555126,2.061153470123145e-09,2.061153470123145e-09,2.061153470123145e-09,2.061153470123145e-09,2.061153470123145e-09,2.061153470123145e-09,2.061153470123145e-09,2.061153470123145e-09,1.0,2.061153470123145e-09,2.061153470123145e-09,2.061153470123145e-09,2.061153470123145e-09,2.061153470123145e-09
6,2024-01-22,0.9250992110871401,0.021427889776229857,0.5,1.030576846083875e-09,1.030576846083875e-09,1.030576846083875e-09,1.030576846083875e-09,1.030576846083875e-09,1.030576846083875e-09,1.030576846083875e-09,1.030576846083875e-09,1.030576846083875e-09,1.030576846083875e-09,0.5,1.030576846083875e-09,1.030576846083875e-09
6,2024-01-23,0.9549321957558912,0.03173935176134109,2.061153470123145e-09,0.9999999403953552,5.8922331902522274e-08,2.061153470123145e-09,2.061153470123145e-09,2.061153470123145e-09,2.061153470123145e-09,2.061153470123145e-09,2.061153470123145e-09,2.061153470123145e-09,2.061153470123145e-09,2.061153470123145e-09,2.061153470123145e-09,2.061153470123145e-09
6,2024-01-24,0.957138486393621,0.0023077511072158814,4.0446881954814273e-10,0.19623419642448425,4.0446881954814273e-10,4.0446881954814273e-10,0.19623419642448425,4.0446881954814273e-10,2.9492543518472303e-08,0.01882900670170784,0.19623419642448425,4.0446881954814273e-10,4.0446881954814273e-10,4.0446881954814273e-10,0.19623419642448425,0.19623419642448425
6,2024-01-25,0.9604439535454086,0.0034475393150001764,2.061153470123145e-09,1.0,2.061153470123145e-09,2.061153470123145e-09,2.061153470123145e-09,2.061153470123145e-09,2.061153470123145e-09,2.061153470123145e-09,2.061153470123145e-09,2.061153470123145e-09,2.061153470123145e-09,2.061153470123145e-09,2.061153470123145e-09,2.061153470123145e-09
6,2024-01-26,0.9631811878390745,0.0028459142919629813,2.061153470123145e-09,4.530606556585326e-09,2.061153470123145e-09,2.061153470123145e-09,2.061153470123145e-09,2.061153470123145e-09,2.061153470123145e-09,2.061153470123145e-09,1.0,2.061153470123145e-09,2.061153470123145e-09,2.061153470123145e-09,2.061153470123145e-09,2.061153470123145e-09
6,2024-01-29,0.9650720341691802,0.0019612018946370364,2.061153470123145e-09,2.061153470123145e-09,2.061153470123145e-09,2.061153470123145e-09,2.061153470123145e-09,2.061153470123145e-09,2.061153470123145e-09,2.061153470123145e-09,1.0,2.061153470123145e-09,2.061153470123145e-09,2.061153470123145e-09,2.061153470123145e-09,2.2004758015725656e-09
6,2024-01-30,0.9803775902705902,0.01573504829108715,2.276359282404883e-06,2.0611488071864414e-09,2.0611488071864414e-09,2.0611488071864414e-09,2.0611488071864414e-09,2.0611488071864414e-09,2.0611488071864414e-09,2.0611488071864414e-09,2.0611488071864414e-09,2.0611488071864414e-09,2.0611488071864414e-09,0.9999976754188538,2.0611488071864414e-09,2.0611488071864414e-09
6,2024-01-31,0.9790011008349462,-0.0014050266733393072,5.152882565084838e-10,5.152882565084838e-10,5.152882565084838e-10,5.152882565084838e-10,0.24999992549419403,5.152882565084838e-10,5.152882565084838e-10,2.6961237153955153e-07,0.24999992549419403,5.152882565084838e-10,5.152882565084838e-10,5.152882565084838e-10,0.24999992549419403,0.24999992549419403
6,2024-02-01,0.9818359051327712,0.0028914246968925,2.06115324807854e-09,2.06115324807854e-09,2.06115324807854e-09,2.06115324807854e-09,2.06115324807854e-09,2.06115324807854e-09,2.06115324807854e-09,2.06115324807854e-09,0.9999998211860657,2.06115324807854e-09,2.06115324807854e-09,2.06115324807854e-09,2.06115324807854e-09,1.7383105443968816e-07
6,2024-02-02,0.9838260796785666,0.002024941461160779,2.938494725324148e-10,2.938494725324148e-10,0.0011059611570090055,4.146971696172841e-05,0.1425655335187912,0.0008937788079492748,0.1425655335187912,0.1425655335187912,0.1425655335187912,0.1425655335187912,7.006683944155156e-08,2.938494725324148e-10,0.1425655335187912,0.1425655335187912
6,2024-02-05,0.9717869200215882,-0.012312570792436599,2.0611488071864414e-09,2.0611488071864414e-09,2.0611488071864414e-09,2.0611488071864414e-09,2.0611488071864414e-09,2.0611488071864414e-09,2.0611488071864414e-09,2.0611488071864414e-09,0.9999976754188538,2.0611488071864414e-09,2.0611488071864414e-09,2.0611488071864414e-09,2.0611488071864414e-09,2.284791435158695e-06
6,2024-02-06,0.9846131123046661,0.013112222284078597,0.5,1.030576846083875e-09,1.030576846083875e-09,1.030576846083875e-09,1.030576846083875e-09,1.030576846083875e-09,1.030576846083875e-09,1.030576846083875e-09,1.030576846083875e-09,1.030576846083875e-09,1.030576846083875e-09,0.5,1.030576846083875e-09,1.030576846083875e-09
6,2024-02-07,0.9778627435619358,-0.006879468448460102,0.5,1.030576846083875e-09,1.030576846083875e-09,1.030576846083875e-09,1.030576846083875e-09,1.030576846083875e-09,1.030576846083875e-09,1.030576846083875e-09,1.030576846083875e-09,1.030576846083875e-09,1.030576846083875e-09,0.5,1.030576846083875e-09,1.030576846083875e-09
6,2024-02-08,0.9734975706752707,-0.004473986824601889,2.061153470123145e-09,2.061153470123145e-09,2.061153470123145e-09,2.061153470123145e-09,2.061153470123145e-09,2.061153470123145e-09,2.061153470123145e-09,2.061153470123145e-09,2.061153470123145e-09,2.061153470123145e-09,2.061153470123145e-09,1.0,2.061153470123145e-09,2.061153470123145e-09
6,2024-02-13,0.967511086035579,-0.006168446081876755,2.0399797406867037e-09,2.0399797406867037e-09,2.0399797406867037e-09,2.0399797406867037e-09,5.996992058499018e-08,2.0399797406867037e-09,2.0399797406867037e-09,2.0399797406867037e-09,0.9897271394729614,2.0399797406867037e-09,2.0399797406867037e-09,2.0399797406867037e-09,2.0399797406867037e-09,0.01027279905974865
6,2024-02-14,0.9481764666541441,-0.020186252081394195,0.00015432012150995433,0.9895071983337402,0.00015432012150995433,0.00015432012150995433,0.00015432012150995433,0.00015432012150995433,0.00015432012150995433,0.00015432012150995433,0.00015432012150995433,0.00015432012150995433,0.00015432012150995433,0.008640936575829983,0.00015432012150995433,0.00015432012150995433
6,2024-02-15,0.9492220585456768,0.0011021321915090083,1.0305414299693894e-09,1.0305414299693894e-09,1.0305414299693894e-09,1.0305414299693894e-09,3.432101584621705e-05,1.0305414299693894e-09,1.0305414299693894e-09,1.0305414299693894e-09,0.4999828338623047,1.0305414299693894e-09,1.0305414299693894e-09,1.0305414299693894e-09,1.0305414299693894e-09,0.4999828338623047
6,2024-02-16,0.9457771181673568,-0.003635826564580202,0.5,1.030576846083875e-09,1.030576846083875e-09,1.030576846083875e-09,1.030576846083875e-09,1.030576846083875e-09,1.030576846083875e-09,1.030576846083875e-09,1.030576846083875e-09,1.030576846083875e-09,1.030576846083875e-09,0.5,1.030576846083875e-09,1.030576846083875e-09
6,2024-02-19,0.9616445294048094,0.016637933507561684,1.0356377515563508e-06,2.0611514717217005e-09,2.0611514717217005e-09,2.0611514717217005e-09,2.0611514717217005e-09,2.0611514717217005e-09,2.0611514717217005e-09,2.0611514717217005e-09,2.0611514717217005e-09,2.0611514717217005e-09,2.0611514717217005e-09,0.999998927116394,2.0611514717217005e-09,2.0611514717217005e-09
6,2024-02-20,0.9550544698313811,-0.0068764949992299075,0.0884847491979599,0.0884847491979599,0.0884847491979599,0.0884847491979599,0.02666546404361725,0.0884847491979599,0.0884847491979599,0.0884847491979599,1.823806661249705e-10,0.0884847491979599,0.0884847491979599,0.0884847491979599,0.0884847491979599,2.2927019927010406e-06
6,2024-02-21,0.959660360109089,0.0048110549829900266,2.061153470123145e-09,2.061153470123145e-09,2.061153470123145e-09,2.061153470123145e-09,2.061153470123145e-09,2.061153470123145e-09,2.061153470123145e-09,2.061153470123145e-09,1.0,2.061153470123145e-09,2.061153470123145e-09,2.061153470123145e-09,2.061153470123145e-09,2.061153470123145e-09
6,2024-02-22,0.9609838581973705,0.0013781816383823752,0.12487916648387909,2.5739513298539407e-10,4.331642156074622e-09,0.0009662667871452868,0.12487916648387909,3.9629239267924277e-07,2.5739513298539407e-10,2.5739513298539407e-10,0.12487916648387909,0.12487916648387909,0.12487916648387909,0.12487916648387909,0.12487916648387909,0.12487916648387909
6,2024-02-23,0.9815934121335002,0.021219570070505143,2.061153470123145e-09,2.061153470123145e-09,2.061153470123145e-09,2.061153470123145e-09,2.061153470123145e-09,2.061153470123145e-09,2.061153470123145e-09,2.061153470123145e-09,2.061153470123145e-09,2.061153470123145e-09,2.061153470123145e-09,1.0,2.061153470123145e-09,2.061153470123145e-09
6,2024-02-26,0.987877072485331,0.006381087426841259,2.061153470123145e-09,2.061153470123145e-09,2.061153470123145e-09,2.061153470123145e-09,2.061153470123145e-09,2.061153470123145e-09,2.061153470123145e-09,2.061153470123145e-09,0.9999999403953552,2.061153470123145e-09,2.061153470123145e-09,2.061153470123145e-09,2.061153470123145e-09,5.8815942338696914e-08
6,2024-02-27,0.9878770723653683,-1.214348495537365e-10,2.061153470123145e-09,2.061153470123145e-09,2.061153470123145e-09,2.061153470123145e-09,2.061153470123145e-09,2.061153470123145e-09,2.061153470123145e-09,2.061153470123145e-09,1.0,2.061153470123145e-09,2.061153470123145e-09,2.061153470123145e-09,2.061153470123145e-09,2.061153470123145e-09
6,2024-02-28,0.9960771310877797,0.008266426113247871,2.061153470123145e-09,2.061153470123145e-09,2.061153470123145e-09,2.061153470123145e-09,2.061153470123145e-09,2.061153470123145e-09,2.061153470123145e-09,2.061153470123145e-09,2.061153470123145e-09,2.061153470123145e-09,2.061153470123145e-09,1.0,2.061153470123145e-09,2.061153470123145e-09
6,2024-02-29,0.9915157812659741,-0.00458983104750514,0.20000000298023224,4.122307217802046e-10,4.122307217802046e-10,4.122307217802046e-10,0.20000000298023224,4.122307217802046e-10,4.122307217802046e-10,4.122307217802046e-10,0.20000000298023224,4.122307217802046e-10,4.122307217802046e-10,0.20000000298023224,4.122307217802046e-10,0.20000000298023224
6,2024-03-04,1.013004472994552,0.02144105544090271,2.061153470123145e-09,2.061153470123145e-09,2.061153470123145e-09,2.061153470123145e-09,2.061153470123145e-09,2.061153470123145e-09,2.061153470123145e-09,2.061153470123145e-09,0.9999999403953552,2.061153470123145e-09,2.061153470123145e-09,2.061153470123145e-09,2.061153470123145e-09,2.136315302436742e-08
6,2024-03-05,1.019775191760724,0.006661561921238899,6.870511937151491e-10,6.870511937151491e-10,6.870511937151491e-10,6.870511937151491e-10,0.3333333432674408,6.870511937151491e-10,6.870511937151491e-10,6.870511937151491e-10,0.3333333432674408,6.870511937151491e-10,6.870511937151491e-10,6.870511937151491e-10,6.870511937151491e-10,0.3333333432674408
6,2024-03-06,1.02231379693119,0.002486283890902996,6.870511937151491e-10,6.870511937151491e-10,6.870511937151491e-10,6.870511937151491e-10,0.3333333432674408,6.870511937151491e-10,6.870511937151491e-10,6.870511937151491e-10,0.3333333432674408,6.870511937151491e-10,6.870511937151491e-10,6.870511937151491e-10,6.870511937151491e-10,0.3333333432674408
6,2024-03-07,1.0354594690246768,0.012776772972941398,2.052895409221378e-09,2.052895409221378e-09,2.052895409221378e-09,2.052895409221378e-09,1.732512373564532e-07,2.052895409221378e-09,2.052895409221378e-09,2.052895409221378e-09,0.995993435382843,2.052895409221378e-09,2.052895409221378e-09,2.70348373305751e-05,2.052895409221378e-09,0.003979342523962259
6,2024-03-08,1.068582040490661,0.03148731418848038,0.5,1.030576846083875e-09,1.030576846083875e-09,1.030576846083875e-09,1.030576846083875e-09,1.030576846083875e-09,1.030576846083875e-09,1.030576846083875e-09,1.030576846083875e-09,1.030576846083875e-09,1.030576846083875e-09,0.5,1.030576846083875e-09,1.030576846083875e-09
6,2024-03-11,1.0621409777602457,-0.006045912392437458,0.5,1.030576846083875e-09,1.030576846083875e-09,1.030576846083875e-09,1.030576846083875e-09,1.030576846083875e-09,1.030576846083875e-09,1.030576846083875e-09,1.030576846083875e-09,1.030576846083875e-09,1.030576846083875e-09,0.5,1.030576846083875e-09,1.030576846083875e-09
6,2024-03-12,1.0610063796255866,-0.001068788973800838,6.870511937151491e-10,6.870511937151491e-10,6.870511937151491e-10,6.870511937151491e-10,0.3333333432674408,6.870511937151491e-10,6.870511937151491e-10,6.870511937151491e-10,0.3333333432674408,6.870511937151491e-10,6.870511937151491e-10,6.870511937151491e-10,6.870511937151491e-10,0.3333333432674408
6,2024-03-13,1.0534032320958842,-0.007191776142269373,2.061153470123145e-09,2.061153470123145e-09,2.061153470123145e-09,2.061153470123145e-09,2.061153470123145e-09,2.061153470123145e-09,2.061153470123145e-09,2.061153470123145e-09,0.9999998807907104,2.061153470123145e-09,2.061153470123145e-09,2.061153470123145e-09,2.061153470123145e-09,7.991247485961139e-08
6,2024-03-14,1.0912692596362419,0.035315380853414534,2.061153470123145e-09,1.0,2.061153470123145e-09,2.061153470123145e-09,2.061153470123145e-09,2.061153470123145e-09,2.061153470123145e-09,2.061153470123145e-09,2.061153470123145e-09,2.061153470123145e-09,2.061153470123145e-09,2.061153470123145e-09,2.061153470123145e-09,2.061153470123145e-09
6,2024-03-15,1.0851841233817274,-0.005591805602610111,1.030576846083875e-09,1.030576846083875e-09,1.030576846083875e-09,1.030576846083875e-09,1.030576846083875e-09,1.030576846083875e-09,1.030576846083875e-09,1.030576846083875e-09,0.5,1.030576846083875e-09,1.030576846083875e-09,0.5,1.030576846083875e-09,1.030576846083875e-09
6,2024-03-18,1.0851440988387748,-3.6883400904480355e-05,1.030576846083875e-09,0.5,1.030576846083875e-09,1.030576846083875e-09,1.030576846083875e-09,1.030576846083875e-09,1.030576846083875e-09,1.030576846083875e-09,1.030576846083875e-09,1.030576846083875e-09,1.030576846083875e-09,0.5,1.030576846083875e-09,1.030576846083875e-09
6,2024-03-19,1.0627480417635644,-0.020854742521047593,2.061153470123145e-09,1.0,2.061153470123145e-09,2.061153470123145e-09,2.061153470123145e-09,2.061153470123145e-09,2.061153470123145e-09,2.061153470123145e-09,2.061153470123145e-09,2.061153470123145e-09,2.061153470123145e-09,2.061153470123145e-09,2.061153470123145e-09,2.061153470123145e-09
6,2024-03-20,1.0632160026277715,0.0004402340415865183,2.061153470123145e-09,2.061153470123145e-09,2.061153470123145e-09,2.061153470123145e-09,2.061153470123145e-09,2.061153470123145e-09,2.061153470123145e-09,2.061153470123145e-09,0.9999999403953552,2.061153470123145e-09,2.061153470123145e-09,2.061153470123145e-09,2.061153470123145e-09,4.6024712929693123e-08
6,2024-03-21,1.08953892616374,0.024456323546171187,1.030576846083875e-09,0.5,1.030576846083875e-09,1.030576846083875e-09,1.030576846083875e-09,1.030576846083875e-09,1.030576846083875e-09,1.030576846083875e-09,1.030576846083875e-09,1.030576846083875e-09,1.030576846083875e-09,0.5,1.030576846083875e-09,1.030576846083875e-09
6,2024-03-22,1.0935113169548576,0.0036393071465194225,1.4006973003688472e-07,1.4006973003688472e-07,1.4006973003688472e-07,1.4006973003688472e-07,1.4006973003688472e-07,1.4006973003688472e-07,1.4006973003688472e-07,1.4006973003688472e-07,1.4006973003688472e-07,1.4006973003688472e-07,1.4006973003688472e-07,0.999998152256012,1.4006973003688472e-07,1.4006973003688472e-07
6,2024-03-25,1.0781136713871375,-0.01418099689334631,2.061153470123145e-09,1.0,2.061153470123145e-09,2.061153470123145e-09,2.061153470123145e-09,2.061153470123145e-09,2.061153470123145e-09,2.061153470123145e-09,2.061153470123145e-09,2.061153470123145e-09,2.061153470123145e-09,2.061153470123145e-09,2.061153470123145e-09,2.061153470123145e-09
6,2024-03-26,1.0797751988075783,0.0015399567343294621,2.061153470123145e-09,2.061153470123145e-09,2.061153470123145e-09,2.061153470123145e-09,2.061153470123145e-09,2.061153470123145e-09,2.061153470123145e-09,2.061153470123145e-09,0.9999999403953552,2.061153470123145e-09,2.061153470123145e-09,2.061153470123145e-09,2.061153470123145e-09,1.9130631301322865e-08
6,2024-03-27,1.080887062240783,0.0010291877184063197,6.870511937151491e-10,6.870511937151491e-10,6.870511937151491e-10,6.870511937151491e-10,0.3333333432674408,6.870511937151491e-10,6.870511937151491e-10,6.870511937151491e-10,0.3333333432674408,6.870511937151491e-10,6.870511937151491e-10,6.870511937151491e-10,6.870511937151491e-10,0.3333333432674408
6,2024-03-28,1.0941350926004276,0.012182123449444771,0.49976637959480286,0.0004672025388572365,1.030095342358095e-09,1.030095342358095e-09,1.030095342358095e-09,1.030095342358095e-09,1.030095342358095e-09,1.030095342358095e-09,1.030095342358095e-09,1.030095342358095e-09,1.030095342358095e-09,0.49976637959480286,1.030095342358095e-09,1.030095342358095e-09
6,2024-03-29,1.1065347636327068,0.011269116282463073,2.061153470123145e-09,2.061153470123145e-09,2.061153470123145e-09,2.061153470123145e-09,2.061153470123145e-09,2.061153470123145e-09,2.061153470123145e-09,2.061153470123145e-09,0.9999999403953552,2.061153470123145e-09,2.061153470123145e-09,2.061153470123145e-09,2.061153470123145e-09,2.7748525255333334e-08
6,2024-04-01,1.126024477022667,0.017459969843880777,2.061152581944725e-09,2.061152581944725e-09,2.061152581944725e-09,2.061152581944725e-09,2.061152581944725e-09,2.061152581944725e-09,2.061152581944725e-09,2.061152581944725e-09,0.9999995231628418,2.061152581944725e-09,2.061152581944725e-09,2.061152581944725e-09,2.061152581944725e-09,4.3533540861062647e-07
6,2024-04-02,1.1219694578321826,-0.003607681965455413,1.030576846083875e-09,0.5,1.030576846083875e-09,1.030576846083875e-09,1.030576846083875e-09,1.030576846083875e-09,1.030576846083875e-09,1.030576846083875e-09,0.5,1.030576846083875e-09,1.030576846083875e-09,1.030576846083875e-09,1.030576846083875e-09,1.030576846083875e-09
6,2024-04-03,1.1349193611493174,0.011476015417277812,2.061153470123145e-09,2.061153470123145e-09,2.061153470123145e-09,2.061153470123145e-09,2.061153470123145e-09,2.061153470123145e-09,2.061153470123145e-09,2.061153470123145e-09,1.0,2.061153470123145e-09,2.061153470123145e-09,2.061153470123145e-09,2.061153470123145e-09,3.4183487152006364e-09
6,2024-04-04,1.1431692681732684,0.00724286402463913,5.152241411288117e-10,0.24996882677078247,5.152241411288117e-10,5.152241411288117e-10,0.24996882677078247,5.152241411288117e-10,5.152241411288117e-10,3.79578892761856e-08,0.24996882677078247,5.152241411288117e-10,5.152241411288117e-10,5.152241411288117e-10,0.00012465953477658331,0.24996882677078247
6,2024-04-05,1.1322769137188968,-0.009573891696333886,2.061153470123145e-09,0.9999999403953552,2.061153470123145e-09,2.061153470123145e-09,2.061153470123145e-09,2.061153470123145e-09,2.061153470123145e-09,2.061153470123145e-09,2.2519389020203562e-08,2.061153470123145e-09,2.061153470123145e-09,2.061153470123145e-09,2.061153470123145e-09,2.061153470123145e-09
6,2024-04-08,1.1605436616622966,0.024657995879650115,2.061153470123145e-09,2.061153470123145e-09,2.061153470123145e-09,2.061153470123145e-09,2.061153470123145e-09,2.061153470123145e-09,2.061153470123145e-09,2.061153470123145e-09,0.9999999403953552,2.061153470123145e-09,2.061153470123145e-09,2.061153470123145e-09,2.061153470123145e-09,1.125492765652325e-08
6,2024-04-09,1.1565743112970697,-0.003426113209873438,0.5,1.030576846083875e-09,1.030576846083875e-09,1.030576846083875e-09,1.030576846083875e-09,1.030576846083875e-09,1.030576846083875e-09,1.030576846083875e-09,1.030576846083875e-09,1.030576846083875e-09,1.030576846083875e-09,0.5,1.030576846083875e-09,1.030576846083875e-09
6,2024-04-11,1.1514936503303395,-0.0044025299578905105,2.061153470123145e-09,2.061153470123145e-09,2.061153470123145e-09,2.061153470123145e-09,2.061153470123145e-09,2.061153470123145e-09,2.061153470123145e-09,2.061153470123145e-09,1.0,2.061153470123145e-09,2.061153470123145e-09,2.061153470123145e-09,2.061153470123145e-09,2.061153470123145e-09
6,2024-04-12,1.1613523158067334,0.008525189597904681,6.870511937151491e-10,6.870511937151491e-10,6.870511937151491e-10,6.870511937151491e-10,0.3333333432674408,6.870511937151491e-10,6.870511937151491e-10,6.870511937151491e-10,0.3333333432674408,6.870511937151491e-10,6.870511937151491e-10,6.870511937151491e-10,4.73925654276286e-09,0.3333333432674408
6,2024-04-15,1.1574667982327498,-0.0033512930672615765,0.49999722838401794,1.0305710729241468e-09,1.0305710729241468e-09,1.0305710729241468e-09,4.8323627197532915e-06,1.0305710729241468e-09,1.0305710729241468e-09,1.0305710729241468e-09,4.98479323596257e-07,1.0305710729241468e-09,1.0305710729241468e-09,0.49999722838401794,1.0305710729241468e-09,1.9045842236664612e-07
6,2024-04-16,1.150043410011698,-0.006434133035689593,0.0833333358168602,1.7176279842878728e-10,0.0833333358168602,0.0833333358168602,0.0833333358168602,0.0833333358168602,0.0833333358168602,0.0833333358168602,0.0833333358168602,0.0833333358168602,0.0833333358168602,1.7176279842878728e-10,0.0833333358168602,0.0833333358168602
6,2024-04-17,1.148181329733721,-0.0016204513451084494,2.061153470123145e-09,2.061153470123145e-09,2.061153470123145e-09,2.061153470123145e-09,2.061153470123145e-09,2.061153470123145e-09,2.061153470123145e-09,2.061153470123145e-09,0.9999999403953552,2.061153470123145e-09,2.061153470123145e-09,2.061153470123145e-09,2.061153470123145e-09,6.401557328672425e-08
6,2024-04-18,1.1481813317027634,1.7149228234814018e-09,2.06115324807854e-09,2.06115324807854e-09,2.06115324807854e-09,2.06115324807854e-09,2.06115324807854e-09,2.06115324807854e-09,2.06115324807854e-09,2.06115324807854e-09,0.9999998211860657,2.06115324807854e-09,2.06115324807854e-09,2.06115324807854e-09,2.06115324807854e-09,1.8273183854944364e-07
6,2024-04-19,1.1364836347001728,-0.010240275397896766,0.20000000298023224,4.122307217802046e-10,4.122307217802046e-10,4.122307217802046e-10,0.20000000298023224,4.122307217802046e-10,4.122307217802046e-10,4.122307217802046e-10,0.20000000298023224,4.122307217802046e-10,4.122307217802046e-10,0.20000000298023224,4.122307217802046e-10,0.20000000298023224
6,2024-04-22,1.1505875849331346,0.012333790837228298,1.7176279842878728e-10,0.0833333358168602,0.0833333358168602,0.0833333358168602,0.0833333358168602,0.0833333358168602,0.0833333358168602,0.0833333358168602,0.0833333358168602,0.0833333358168602,0.0833333358168602,1.7176279842878728e-10,0.0833333358168602,0.0833333358168602
6,2024-04-23,1.1198778887940335,-0.02705310380756855,2.0611519158109104e-09,2.0611519158109104e-09,2.0611519158109104e-09,2.0611519158109104e-09,2.0611519158109104e-09,2.0611519158109104e-09,2.0611519158109104e-09,2.0611519158109104e-09,0.9999992251396179,2.0611519158109104e-09,2.0611519158109104e-09,7.663442715966085e-07,2.0611519158109104e-09,2.0611519158109104e-09
6,2024-04-24,1.131671976785307,0.010476513130217791,0.006725232116878033,0.007834740914404392,0.006725232116878033,0.006725232116878033,0.006725232116878033,0.006725232116878033,0.006725232116878033,0.006725232116878033,0.9114624857902527,0.006725232116878033,0.006725232116878033,0.006725232116878033,0.006725232116878033,0.006725232116878033
6,2024-04-25,1.1273568628443311,-0.003820331209152937,2.061153470123145e-09,2.061153470123145e-09,2.061153470123145e-09,2.061153470123145e-09,2.061153470123145e-09,2.061153470123145e-09,2.061153470123145e-09,2.061153470123145e-09,0.9999998807907104,2.061153470123145e-09,2.061153470123145e-09,2.061153470123145e-09,2.061153470123145e-09,7.024873838190615e-08
6,2024-04-26,1.1324349181409288,0.004494275876879692,0.20000000298023224,4.122307217802046e-10,4.122307217802046e-10,4.122307217802046e-10,0.20000000298023224,4.122307217802046e-10,4.122307217802046e-10,4.122307217802046e-10,0.20000000298023224,4.122307217802046e-10,4.122307217802046e-10,0.20000000298023224,4.122307217802046e-10,0.20000000298023224
6,2024-04-29,1.1438298524359778,0.010012042209506035,0.5,1.030576846083875e-09,1.030576846083875e-09,1.030576846083875e-09,1.030576846083875e-09,1.030576846083875e-09,1.030576846083875e-09,1.030576846083875e-09,1.030576846083875e-09,1.030576846083875e-09,1.030576846083875e-09,0.5,1.030576846083875e-09,1.030576846083875e-09
6,2024-04-30,1.1383766638546013,-0.004778882998228073,2.061153470123145e-09,2.061153470123145e-09,2.061153470123145e-09,2.061153470123145e-09,2.061153470123145e-09,2.061153470123145e-09,2.061153470123145e-09,2.061153470123145e-09,0.9999999403953552,2.061153470123145e-09,2.061153470123145e-09,2.061153470123145e-09,2.061153470123145e-09,5.3196696825352774e-08
6,2024-05-02,1.1360718808738344,-0.0020266747955232857,2.0337127537572997e-09,2.0337127537572997e-09,2.0337127537572997e-09,2.0337127537572997e-09,9.791681776505357e-08,2.0337127537572997e-09,2.0337127537572997e-09,2.0337127537572997e-09,0.9866867065429688,2.0337127537572997e-09,2.0337127537572997e-09,2.0337127537572997e-09,2.0337127537572997e-09,0.013313183560967445
6,2024-05-03,1.1295267736378858,-0.005777833095937967,2.061153470123145e-09,2.061153470123145e-09,2.061153470123145e-09,2.061153470123145e-09,2.061153470123145e-09,2.061153470123145e-09,2.061153470123145e-09,2.061153470123145e-09,2.061153470123145e-09,2.061153470123145e-09,2.061153470123145e-09,1.0,2.061153470123145e-09,2.061153470123145e-09
6,2024-05-07,1.155025949868722,0.022324050521850585,0.5,1.030576846083875e-09,1.030576846083875e-09,1.030576846083875e-09,1.030576846083875e-09,1.030576846083875e-09,1.030576846083875e-09,1.030576846083875e-09,1.030576846083875e-09,1.030576846083875e-09,1.030576846083875e-09,0.5,1.030576846083875e-09,1.030576846083875e-09
6,2024-05-08,1.1518865679862504,-0.00272171900421381,2.061147252874207e-09,2.061147252874207e-09,2.061147252874207e-09,2.061147252874207e-09,2.061147252874207e-09,2.061147252874207e-09,2.061147252874207e-09,2.061147252874207e-09,0.9999969601631165,2.061147252874207e-09,2.061147252874207e-09,2.061147252874207e-09,2.061147252874207e-09,3.0389173844014294e-06
6,2024-05-09,1.1506895277075406,-0.0010397401317487492,2.061150361498676e-09,2.061150361498676e-09,2.061150361498676e-09,2.061150361498676e-09,2.061150361498676e-09,2.061150361498676e-09,2.061150361498676e-09,2.061150361498676e-09,0.9999983906745911,2.061150361498676e-09,2.061150361498676e-09,2.061150361498676e-09,2.061150361498676e-09,1.5789145209055278e-06
6,2024-05-10,1.1469394496517502,-0.003264305440708995,2.429438609397039e-06,2.0611485851418365e-09,2.0611485851418365e-09,2.0611485851418365e-09,2.0611485851418365e-09,2.0611485851418365e-09,2.0611485851418365e-09,2.0611485851418365e-09,2.0611485851418365e-09,2.0611485851418365e-09,2.0611485851418365e-09,0.9999975562095642,2.0611485851418365e-09,2.0611485851418365e-09
6,2024-05-13,1.1393948999903807,-0.006599714557826519,2.932196152549693e-10,2.932196152549693e-10,0.0018312620231881738,2.1046014353487408e-06,0.14225995540618896,0.0023469063453376293,0.14225995540618896,0.14225995540618896,0.14225995540618896,0.14225995540618896,7.879990704395823e-08,2.932196152549693e-10,0.14225995540618896,0.14225995540618896
6,2024-05-14,1.1398070814297376,0.00036168926423415544,4.485699811596078e-09,0.06821490824222565,4.485699811596078e-09,4.485699811596078e-09,4.485699811596078e-09,4.485699811596078e-09,4.485699811596078e-09,4.485699811596078e-09,4.485699811596078e-09,4.485699811596078e-09,4.485699811596078e-09,0.9317850470542908,4.485699811596078e-09,4.485699811596078e-09
6,2024-05-16,1.1509321505076486,0.009713158433139324,6.870511937151491e-10,6.870511937151491e-10,6.870511937151491e-10,6.870511937151491e-10,0.3333333432674408,6.870511937151491e-10,6.870511937151491e-10,6.870511937151491e-10,0.3333333432674408,6.870511937151491e-10,6.870511937151491e-10,6.870511937151491e-10,6.870511937151491e-10,0.3333333432674408
6,2024-05-17,1.1530538011806166,0.0018417224038392306,4.1192391164734943e-10,4.1192391164734943e-10,4.1192391164734943e-10,4.1192391164734943e-10,0.1998511403799057,4.1192391164734943e-10,4.87604302179534e-05,0.1998511403799057,0.1998511403799057,0.0006955365533940494,4.1192391164734943e-10,4.1192391164734943e-10,0.1998511403799057,0.1998511403799057
6,2024-05-20,1.173128627144605,0.01726031811237335,2.061153470123145e-09,1.0,2.061153470123145e-09,2.061153470123145e-09,2.061153470123145e-09,2.061153470123145e-09,2.061153470123145e-09,2.061153470123145e-09,2.061153470123145e-09,2.061153470123145e-09,2.061153470123145e-09,2.061153470123145e-09,2.061153470123145e-09,2.061153470123145e-09
6,2024-05-21,1.1776818415245636,0.003873744935542345,0.5,1.030576846083875e-09,1.030576846083875e-09,1.030576846083875e-09,1.030576846083875e-09,1.030576846083875e-09,1.030576846083875e-09,1.030576846083875e-09,1.030576846083875e-09,1.030576846083875e-09,1.030576846083875e-09,0.5,1.030576846083875e-09,1.030576846083875e-09
6,2024-05-22,1.177862537559507,0.00015342188999056816,0.5,1.030576846083875e-09,1.030576846083875e-09,1.030576846083875e-09,1.030576846083875e-09,1.030576846083875e-09,1.030576846083875e-09,1.030576846083875e-09,1.030576846083875e-09,1.030576846083875e-09,1.030576846083875e-09,0.5,1.030576846083875e-09,1.030576846083875e-09
6,2024-05-23,1.1635694247889206,-0.012209016144275666,8.71483507580706e-09,8.71483507580706e-09,8.71483507580706e-09,8.71483507580706e-09,8.71483507580706e-09,8.71483507580706e-09,8.71483507580706e-09,8.71483507580706e-09,8.71483507580706e-09,8.71483507580706e-09,8.71483507580706e-09,0.9999998807907104,8.71483507580706e-09,8.71483507580706e-09
6,2024-05-24,1.1609343761809754,-0.002267193312879143,2.061153470123145e-09,2.061153470123145e-09,2.061153470123145e-09,2.061153470123145e-09,2.061153470123145e-09,2.061153470123145e-09,2.061153470123145e-09,2.061153470123145e-09,2.061153470123145e-09,2.061153470123145e-09,2.061153470123145e-09,1.0,2.061153470123145e-09,2.061153470123145e-09
6,2024-05-27,1.1675144635452372,0.005651921372115612,0.1999981701374054,4.1222694702192086e-10,4.1222694702192086e-10,4.527686281452503e-10,0.1999981701374054,4.1222694702192086e-10,4.1222694702192086e-10,4.1222694702192086e-10,0.1999981701374054,9.135133950621821e-06,2.6181957935023092e-08,0.1999981701374054,4.1222694702192086e-10,0.1999981701374054
6,2024-05-28,1.166034270022952,-0.0012686203630641103,2.061153470123145e-09,2.061153470123145e-09,2.061153470123145e-09,2.061153470123145e-09,2.061153470123145e-09,2.061153470123145e-09,2.061153470123145e-09,2.061153470123145e-09,0.9999999403953552,2.061153470123145e-09,2.061153470123145e-09,2.061153470123145e-09,2.061153470123145e-09,2.989141378861859e-08
6,2024-05-29,1.1494763573505264,-0.014301981355249882,2.061153470123145e-09,2.061153470123145e-09,2.061153470123145e-09,2.061153470123145e-09,2.061153470123145e-09,2.061153470123145e-09,2.061153470123145e-09,2.061153470123145e-09,2.061153470123145e-09,2.061153470123145e-09,2.061153470123145e-09,1.0,2.061153470123145e-09,2.061153470123145e-09
6,2024-05-30,1.1367229155009466,-0.011157010060548783,1.4356189694808563e-06,1.4356189694808563e-06,1.4356189694808563e-06,1.4356189694808563e-06,1.4356189694808563e-06,1.4356189694808563e-06,1.4356189694808563e-06,1.4356189694808563e-06,0.6064859628677368,1.4356189694808563e-06,1.4356189694808563e-06,0.3934968113899231,1.4356189694808563e-06,1.4356189694808563e-06
6,2024-05-31,1.1385798505277431,0.0016322534888982773,6.870503055367294e-10,6.870503055367294e-10,6.870503055367294e-10,6.870503055367294e-10,0.333332896232605,6.870503055367294e-10,6.870503055367294e-10,6.870503055367294e-10,0.333332896232605,6.870503055367294e-10,6.870503055367294e-10,6.870503055367294e-10,1.2902703474537702e-06,0.333332896232605
6,2024-06-03,1.1502652512225682,0.010210828346014023,0.5,1.030576846083875e-09,1.030576846083875e-09,1.030576846083875e-09,1.030576846083875e-09,1.030576846083875e-09,1.030576846083875e-09,1.030576846083875e-09,1.030576846083875e-09,1.030576846083875e-09,1.030576846083875e-09,0.5,1.030576846083875e-09,1.030576846083875e-09
6,2024-06-04,1.1832737650763507,0.02829240516424179,2.061153470123145e-09,2.061153470123145e-09,2.061153470123145e-09,2.061153470123145e-09,2.061153470123145e-09,2.061153470123145e-09,2.061153470123145e-09,2.061153470123145e-09,2.061153470123145e-09,2.061153470123145e-09,2.061153470123145e-09,1.0,2.061153470123145e-09,2.061153470123145e-09
6,2024-06-05,1.182480681311924,-0.0006704700864851474,1.030576846083875e-09,1.030576846083875e-09,1.030576846083875e-09,1.030576846083875e-09,1.030576846083875e-09,1.030576846083875e-09,1.030576846083875e-09,1.030576846083875e-09,0.5,1.030576846083875e-09,1.030576846083875e-09,0.5,1.030576846083875e-09,1.030576846083875e-09
6,2024-06-07,1.2015173734909301,0.015970731830596923,2.061153470123145e-09,2.061153470123145e-09,2.061153470123145e-09,2.061153470123145e-09,2.061153470123145e-09,2.061153470123145e-09,2.061153470123145e-09,2.061153470123145e-09,2.061153470123145e-09,2.061153470123145e-09,2.061153470123145e-09,1.0,2.061153470123145e-09,2.061153470123145e-09
6,2024-06-10,1.186885213313203,-0.012252828162908553,0.20000000298023224,4.122307217802046e-10,4.122307217802046e-10,4.122307217802046e-10,0.20000000298023224,4.122307217802046e-10,4.122307217802046e-10,4.122307217802046e-10,0.20000000298023224,4.122307217802046e-10,4.122307217802046e-10,0.20000000298023224,4.122307217802046e-10,0.20000000298023224
6,2024-06-11,1.1820459622956538,-0.004085604342445731,2.06115324807854e-09,0.9999998211860657,2.06115324807854e-09,2.06115324807854e-09,2.06115324807854e-09,2.06115324807854e-09,2.06115324807854e-09,2.06115324807854e-09,2.06115324807854e-09,2.06115324807854e-09,2.06115324807854e-09,1.2906015456337627e-07,2.06115324807854e-09,2.06115324807854e-09
6,2024-06-12,1.1840128198122448,0.0016625605285167694,1.030576846083875e-09,0.5,1.030576846083875e-09,1.030576846083875e-09,1.030576846083875e-09,1.030576846083875e-09,1.030576846083875e-09,1.030576846083875e-09,1.030576846083875e-09,1.030576846083875e-09,1.030576846083875e-09,0.5,1.030576846083875e-09,1.030576846083875e-09
6,2024-06-13,1.1776457373902092,-0.0053920562133193016,2.061153470123145e-09,2.061153470123145e-09,2.061153470123145e-09,2.061153470123145e-09,2.061153470123145e-09,2.061153470123145e-09,2.061153470123145e-09,2.061153470123145e-09,2.061153470123145e-09,2.061153470123145e-09,2.061153470123145e-09,1.0,2.061153470123145e-09,2.061153470123145e-09
6,2024-06-14,1.1735949497984302,-0.0034456630676984786,2.061153470123145e-09,1.0,2.061153470123145e-09,2.061153470123145e-09,2.061153470123145e-09,2.061153470123145e-09,2.061153470123145e-09,2.061153470123145e-09,2.061153470123145e-09,2.061153470123145e-09,2.061153470123145e-09,2.061153470123145e-09,2.061153470123145e-09,2.061153470123145e-09
6,2024-06-17,1.1536283661867135,-0.017159568145871162,2.061153470123145e-09,1.0,2.061153470123145e-09,2.061153470123145e-09,2.061153470123145e-09,2.061153470123145e-09,2.061153470123145e-09,2.061153470123145e-09,2.061153470123145e-09,2.061153470123145e-09,2.061153470123145e-09,2.061153470123145e-09,2.061153470123145e-09,2.061153470123145e-09
6,2024-06-18,1.1484515862974725,-0.004497488116968256,2.4093770534250325e-08,0.9999997019767761,2.4093770534250325e-08,2.4093770534250325e-08,2.4093770534250325e-08,2.4093770534250325e-08,2.4093770534250325e-08,2.4093770534250325e-08,2.4093770534250325e-08,2.4093770534250325e-08,2.4093770534250325e-08,2.4093770534250325e-08,2.4093770534250325e-08,2.4093770534250325e-08
6,2024-06-19,1.1520921893571443,0.003164996151998639,2.061153470123145e-09,2.061153470123145e-09,2.061153470123145e-09,2.061153470123145e-09,2.061153470123145e-09,2.061153470123145e-09,2.061153470123145e-09,2.061153470123145e-09,1.0,2.061153470123145e-09,2.061153470123145e-09,2.061153470123145e-09,2.061153470123145e-09,2.061153470123145e-09
6,2024-06-20,1.1729803566809194,0.017968238753080366,2.061153470123145e-09,1.0,2.061153470123145e-09,2.061153470123145e-09,2.061153470123145e-09,2.061153470123145e-09,2.061153470123145e-09,2.061153470123145e-09,2.061153470123145e-09,2.061153470123145e-09,2.061153470123145e-09,2.061153470123145e-09,2.061153470123145e-09,2.061153470123145e-09
6,2024-06-21,1.16511389458801,-0.006728977474570274,0.5,5.1747885976283214e-09,1.030576846083875e-09,1.030576846083875e-09,1.030576846083875e-09,1.030576846083875e-09,1.030576846083875e-09,1.030576846083875e-09,1.030576846083875e-09,1.030576846083875e-09,1.030576846083875e-09,0.5,1.030576846083875e-09,1.030576846083875e-09
6,2024-06-24,1.1464780040147147,-0.016124208036065103,2.061153470123145e-09,2.061153470123145e-09,2.061153470123145e-09,2.061153470123145e-09,2.061153470123145e-09,2.061153470123145e-09,2.061153470123145e-09,2.061153470123145e-09,0.9999999403953552,2.061153470123145e-09,2.061153470123145e-09,2.061153470123145e-09,2.061153470123145e-09,4.822628341116797e-08
6,2024-06-25,1.149061728704179,0.0022510834760963916,0.20000000298023224,4.122307217802046e-10,4.122307217802046e-10,4.122307217802046e-10,0.20000000298023224,4.122307217802046e-10,4.122307217802046e-10,4.122307217802046e-10,0.20000000298023224,4.122307217802046e-10,4.122307217802046e-10,0.20000000298023224,4.122307217802046e-10,0.20000000298023224
6,2024-06-26,1.1424149403309665,-0.00580133073553443,2.06115280398933e-09,2.06115280398933e-09,2.06115280398933e-09,2.06115280398933e-09,2.06115280398933e-09,2.06115280398933e-09,2.06115280398933e-09,2.06115280398933e-09,0.9999996423721313,2.06115280398933e-09,2.06115280398933e-09,2.06115280398933e-09,2.06115280398933e-09,3.454078409959038e-07
6,2024-06-27,1.1372820374765045,-0.004503152461349964,4.122295005348775e-10,4.122295005348775e-10,4.122295005348775e-10,4.122295005348775e-10,0.19999940693378448,4.122295005348775e-10,2.5068151998652866e-08,0.19999940693378448,0.19999940693378448,2.974247991005541e-06,4.122295005348775e-10,4.122295005348775e-10,0.19999940693378448,0.19999940693378448
6,2024-06-28,1.1511705337319968,0.012138042053580284,2.061153470123145e-09,1.0,2.061153470123145e-09,2.061153470123145e-09,2.061153470123145e-09,2.061153470123145e-09,2.061153470123145e-09,2.061153470123145e-09,2.061153470123145e-09,2.061153470123145e-09,2.061153470123145e-09,2.061153470123145e-09,2.061153470123145e-09,2.061153470123145e-09
6,2024-07-01,1.1469017648775424,-0.0037150909192860126,2.061153470123145e-09,1.0,2.061153470123145e-09,2.061153470123145e-09,2.061153470123145e-09,2.061153470123145e-09,2.061153470123145e-09,2.061153470123145e-09,2.061153470123145e-09,2.061153470123145e-09,2.061153470123145e-09,2.061153470123145e-09,2.061153470123145e-09,2.061153470123145e-09
6,2024-07-02,1.1473529071967208,0.00039328007521107795,2.06115324807854e-09,2.06115324807854e-09,2.06115324807854e-09,2.06115324807854e-09,2.06115324807854e-09,2.06115324807854e-09,2.06115324807854e-09,2.06115324807854e-09,0.9999998807907104,2.06115324807854e-09,2.06115324807854e-09,2.06115324807854e-09,2.06115324807854e-09,1.0325999255655915e-07
6,2024-07-03,1.1501358138272246,0.002422565095593023,2.061153470123145e-09,2.061153470123145e-09,2.061153470123145e-09,2.061153470123145e-09,2.061153470123145e-09,2.061153470123145e-09,2.061153470123145e-09,2.061153470123145e-09,1.0,2.061153470123145e-09,2.061153470123145e-09,2.061153470123145e-09,2.061153470123145e-09,2.061153470123145e-09
6,2024-07-04,1.1596780745780968,0.008262410304287914,2.060433823558583e-09,2.060433823558583e-09,2.060433823558583e-09,2.060433823558583e-09,2.060433823558583e-09,2.060433823558583e-09,2.060433823558583e-09,2.060433823558583e-09,0.999650776386261,2.060433823558583e-09,2.060433823558583e-09,0.000349203561199829,2.060433823558583e-09,2.060433823558583e-09
6,2024-07-05,1.1606830093331102,0.0008661883056163788,7.378755939591031e-10,7.378755939591031e-10,7.378755939591031e-10,7.378755939591031e-10,0.28401684761047363,7.378755939591031e-10,7.378755939591031e-10,7.378755939591031e-10,0.3579915761947632,7.378755939591031e-10,7.378755939591031e-10,7.378755939591031e-10,7.378755939591031e-10,0.3579915761947632
6,2024-07-08,1.169171259236177,0.0072865393973886965,2.05820605003737e-09,2.05820605003737e-09,2.05820605003737e-09,2.05820605003737e-09,6.812251740484498e-08,2.05820605003737e-09,2.05820605003737e-09,2.05820605003737e-09,0.9985699653625488,2.05820605003737e-09,2.05820605003737e-09,3.6188706872053444e-05,2.05820605003737e-09,0.0013937741750851274
6,2024-07-09,1.1689967052862562,-0.00014930830709636208,0.08333329111337662,1.7176271516206043e-10,0.08333329111337662,0.08333329111337662,0.08333329111337662,0.08333329111337662,0.08333329111337662,0.08333329111337662,0.08333329111337662,0.08333329111337662,0.08333329111337662,4.914105034004024e-07,0.08333329111337662,0.08333329111337662
6,2024-07-10,1.1710685019645493,0.0017707175109535455,2.0611397033576395e-09,2.0611397033576395e-09,2.0611397033576395e-09,2.0611397033576395e-09,3.916305058027092e-09,2.0611397033576395e-09,2.0611397033576395e-09,2.0611397033576395e-09,0.9999932050704956,2.0611397033576395e-09,2.0611397033576395e-09,2.0611397033576395e-09,2.0611397033576395e-09,6.742052846675506e-06
6,2024-07-11,1.161367256975617,-0.00831860075443983,2.061153470123145e-09,2.061153470123145e-09,2.061153470123145e-09,2.061153470123145e-09,2.061153470123145e-09,2.061153470123145e-09,2.061153470123145e-09,2.061153470123145e-09,2.061153470123145e-09,2.061153470123145e-09,2.061153470123145e-09,1.0,2.061153470123145e-09,2.061153470123145e-09
6,2024-07-12,1.1679286482375335,0.005633812863379717,2.061153470123145e-09,2.061153470123145e-09,2.061153470123145e-09,2.061153470123145e-09,2.061153470123145e-09,2.061153470123145e-09,2.061153470123145e-09,2.061153470123145e-09,2.061153470123145e-09,2.061153470123145e-09,2.061153470123145e-09,1.0,2.061153470123145e-09,2.061153470123145e-09
6,2024-07-15,1.1667939589445904,-0.0009720121600665151,2.06113837109001e-09,2.06113837109001e-09,2.06113837109001e-09,2.06113837109001e-09,2.06113837109001e-09,2.06113837109001e-09,2.06113837109001e-09,2.06113837109001e-09,0.9999925494194031,2.06113837109001e-09,2.06113837109001e-09,2.06113837109001e-09,2.06113837109001e-09,7.4262825364712626e-06
6,2024-07-16,1.168114352389389,0.001131002514436841,0.3333333432674408,0.3333333432674408,6.870511937151491e-10,6.870511937151491e-10,6.870511937151491e-10,6.870511937151491e-10,6.870511937151491e-10,6.870511937151491e-10,6.870511937151491e-10,6.870511937151491e-10,6.870511937151491e-10,0.3333333432674408,6.870511937151491e-10,6.870511937151491e-10
6,2024-07-17,1.1484474589168243,-0.01697978952527046,0.5,1.030576846083875e-09,1.030576846083875e-09,1.030576846083875e-09,1.030576846083875e-09,1.030576846083875e-09,1.030576846083875e-09,1.030576846083875e-09,1.030576846083875e-09,1.030576846083875e-09,1.030576846083875e-09,0.5,1.030576846083875e-09,1.030576846083875e-09
6,2024-07-18,1.152249048127923,0.0033047319881618024,2.061153470123145e-09,2.061153470123145e-09,2.061153470123145e-09,2.061153470123145e-09,2.061153470123145e-09,2.061153470123145e-09,2.061153470123145e-09,2.061153470123145e-09,1.0,2.061153470123145e-09,2.061153470123145e-09,2.061153470123145e-09,2.061153470123145e-09,2.061153470123145e-09
6,2024-07-19,1.1495629158213168,-0.0023339295893907547,0.0005176858394406736,0.0005176858394406736,0.0005176858394406736,0.0005176858394406736,0.0005176858394406736,0.0005176858394406736,0.0005176858394406736,0.0005176858394406736,0.0005176858394406736,0.0005176858394406736,0.0005176858394406736,0.9932700991630554,0.0005176858394406736,0.0005176858394406736
6,2024-07-22,1.1309507651218413,-0.01632313290834427,0.5,1.030576846083875e-09,1.030576846083875e-09,1.030576846083875e-09,1.030576846083875e-09,1.030576846083875e-09,1.030576846083875e-09,1.030576846083875e-09,1.030576846083875e-09,1.030576846083875e-09,1.030576846083875e-09,0.5,1.030576846083875e-09,1.030576846083875e-09
6,2024-07-23,1.141504658989871,0.009288604420423507,9.718183946461068e-07,2.0611514717217005e-09,2.0611514717217005e-09,2.0611514717217005e-09,2.0611514717217005e-09,2.0611514717217005e-09,2.0611514717217005e-09,2.0611514717217005e-09,2.0611514717217005e-09,2.0611514717217005e-09,2.0611514717217005e-09,0.9999989867210388,2.0611514717217005e-09,2.0611514717217005e-09
6,2024-07-24,1.1493366863450574,0.006837713040411472,1.0304601616439868e-09,1.0304601616439868e-09,1.0304601616439868e-09,1.0304601616439868e-09,0.00011319780605845153,1.0304601616439868e-09,1.0304601616439868e-09,1.0304601616439868e-09,0.49994340538978577,1.0304601616439868e-09,1.0304601616439868e-09,1.0304601616439868e-09,1.0304601616439868e-09,0.49994340538978577
6,2024-07-25,1.1283893505009115,-0.018393719080090524,2.061153470123145e-09,2.061153470123145e-09,2.061153470123145e-09,2.061153470123145e-09,2.061153470123145e-09,2.061153470123145e-09,2.061153470123145e-09,2.061153470123145e-09,0.9999998807907104,2.061153470123145e-09,2.061153470123145e-09,2.061153470123145e-09,2.061153470123145e-09,6.917322536992287e-08
6,2024-07-26,1.1358238451052747,0.006566979943960905,2.0611398698910932e-10,0.0999993309378624,0.0999993309378624,0.0999993309378624,3.11952959464179e-07,0.0999993309378624,0.0999993309378624,0.0999993309378624,0.0999993309378624,0.0999993309378624,0.0999993309378624,2.0611398698910932e-10,0.0999993309378624,6.3767411120352335e-06
6,2024-07-29,1.1422540189832722,0.005645277588069439,6.870511937151491e-10,6.870511937151491e-10,6.870511937151491e-10,6.870511937151491e-10,0.3333333432674408,6.870511937151491e-10,6.870511937151491e-10,6.870511937151491e-10,0.3333333432674408,6.870511937151491e-10,6.870511937151491e-10,6.870511937151491e-10,6.870511937151491e-10,0.3333333432674408
6,2024-07-30,1.1400938514152,-0.0018929351139813661,2.061153470123145e-09,2.061153470123145e-09,2.061153470123145e-09,2.061153470123145e-09,2.061153470123145e-09,2.061153470123145e-09,2.061153470123145e-09,2.061153470123145e-09,0.9999999403953552,2.061153470123145e-09,2.061153470123145e-09,2.061153470123145e-09,2.061153470123145e-09,2.0695848590435162e-08
6,2024-07-31,1.130094293361367,-0.008809510125219822,1.3470895510181435e-07,1.3470895510181435e-07,1.3470895510181435e-07,1.3470895510181435e-07,1.3470895510181435e-07,1.3470895510181435e-07,1.3470895510181435e-07,1.3470895510181435e-07,1.3470895510181435e-07,1.3470895510181435e-07,1.3470895510181435e-07,0.9999982714653015,1.3470895510181435e-07,1.3470895510181435e-07
6,2024-08-01,1.1298717145176576,-0.00019697539135813712,0.5,1.030576846083875e-09,1.030576846083875e-09,1.030576846083875e-09,1.030576846083875e-09,1.030576846083875e-09,1.030576846083875e-09,1.030576846083875e-09,1.030576846083875e-09,1.030576846083875e-09,1.030576846083875e-09,0.5,1.030576846083875e-09,1.030576846083875e-09
6,2024-08-02,1.1067604267243034,-0.020666885688900946,0.20000000298023224,4.122307217802046e-10,4.122307217802046e-10,4.122307217802046e-10,0.20000000298023224,4.122307217802046e-10,4.122307217802046e-10,4.122307217802046e-10,0.20000000298023224,4.122307217802046e-10,4.122307217802046e-10,0.20000000298023224,4.122307217802046e-10,0.20000000298023224
6,2024-08-05,1.0879563611680863,-0.017136175206303596,2.061153470123145e-09,2.061153470123145e-09,2.061153470123145e-09,2.061153470123145e-09,2.061153470123145e-09,2.061153470123145e-09,2.061153470123145e-09,2.061153470123145e-09,0.9999998807907104,2.061153470123145e-09,2.061153470123145e-09,2.061153470123145e-09,2.061153470123145e-09,6.73831479502951e-08
6,2024-08-06,1.0788688467502443,-0.008387910261938783,2.061153026033935e-09,2.061153026033935e-09,2.061153026033935e-09,2.061153026033935e-09,2.061153026033935e-09,2.061153026033935e-09,2.061153026033935e-09,2.061153026033935e-09,0.9999997019767761,2.061153026033935e-09,2.061153026033935e-09,2.061153026033935e-09,2.061153026033935e-09,2.8719060196635837e-07
6,2024-08-07,1.0737798456440153,-0.004728138506497147,2.061153470123145e-09,2.061153470123145e-09,2.061153470123145e-09,2.061153470123145e-09,2.061153470123145e-09,2.061153470123145e-09,2.061153470123145e-09,2.061153470123145e-09,0.9999998807907104,2.061153470123145e-09,2.061153470123145e-09,2.061153470123145e-09,2.061153470123145e-09,6.807595553937063e-08
6,2024-08-08,1.0700052543589518,-0.0035214305628091095,0.2499994933605194,5.152873683300641e-10,5.152873683300641e-10,5.152873683300641e-10,0.2499994933605194,5.152873683300641e-10,5.152873683300641e-10,5.152873683300641e-10,0.2499994933605194,5.152873683300641e-10,5.152873683300641e-10,2.046545432676794e-06,5.152873683300641e-10,0.2499994933605194
6,2024-08-09,1.0795422826603305,0.008873579873144627,2.061147696963417e-09,2.061147696963417e-09,2.061147696963417e-09,2.061147696963417e-09,2.061147696963417e-09,2.061147696963417e-09,2.061147696963417e-09,2.061147696963417e-09,0.9999971985816956,2.061147696963417e-09,2.061147696963417e-09,2.061147696963417e-09,2.061147696963417e-09,2.802768221954466e-06
6,2024-08-12,1.097436844572482,0.016440180552005766,0.5,1.030576846083875e-09,1.030576846083875e-09,1.030576846083875e-09,1.030576846083875e-09,1.030576846083875e-09,1.030576846083875e-09,1.030576846083875e-09,1.030576846083875e-09,1.030576846083875e-09,1.030576846083875e-09,0.5,1.030576846083875e-09,1.030576846083875e-09
6,2024-08-13,1.1099072447967884,0.011299129083752631,2.06115324807854e-09,2.06115324807854e-09,2.06115324807854e-09,2.06115324807854e-09,2.06115324807854e-09,2.06115324807854e-09,2.06115324807854e-09,2.06115324807854e-09,0.9999998211860657,2.06115324807854e-09,2.06115324807854e-09,2.06115324807854e-09,2.06115324807854e-09,1.527686208646628e-07
6,2024-08-14,1.1110043418453288,0.000987970114954065,2.061153470123145e-09,2.061153470123145e-09,2.061153470123145e-09,2.061153470123145e-09,2.061153470123145e-09,2.061153470123145e-09,2.061153470123145e-09,2.061153470123145e-09,0.9999999403953552,2.061153470123145e-09,2.061153470123145e-09,2.061153470123145e-09,2.061153470123145e-09,1.2997394271963003e-08
6,2024-08-16,1.1511208289067303,0.0354716828584671,0.5,1.030576846083875e-09,1.030576846083875e-09,1.030576846083875e-09,1.030576846083875e-09,1.030576846083875e-09,1.030576846083875e-09,1.030576846083875e-09,1.030576846083875e-09,1.030576846083875e-09,1.030576846083875e-09,0.5,1.030576846083875e-09,1.030576846083875e-09
6,2024-08-19,1.1728327414090418,0.018685867500305174,2.06115324807854e-09,2.06115324807854e-09,2.06115324807854e-09,2.06115324807854e-09,2.06115324807854e-09,2.06115324807854e-09,2.06115324807854e-09,2.06115324807854e-09,0.9999998807907104,2.06115324807854e-09,2.06115324807854e-09,2.06115324807854e-09,2.06115324807854e-09,1.1645139608162935e-07
6,2024-08-20,1.1728337040484147,8.20781125639769e-07,2.0610833040279886e-09,3.361253038747236e-05,2.0610833040279886e-09,2.0610833040279886e-09,2.0610833040279886e-09,2.0610833040279886e-09,2.0610833040279886e-09,2.0610833040279886e-09,0.9999658465385437,2.0610833040279886e-09,2.0610833040279886e-09,2.0610833040279886e-09,2.0610833040279886e-09,5.097872417536564e-07
6,2024-08-21,1.1682695529736076,-0.0038991504058241843,0.20000000298023224,4.122307217802046e-10,4.122307217802046e-10,4.122307217802046e-10,0.20000000298023224,4.122307217802046e-10,4.122307217802046e-10,4.122307217802046e-10,0.20000000298023224,4.122307217802046e-10,4.122307217802046e-10,0.20000000298023224,4.122307217802046e-10,0.20000000298023224
6,2024-08-22,1.1578164797247856,-0.008987753219902516,0.5,1.030576846083875e-09,1.030576846083875e-09,1.030576846083875e-09,1.030576846083875e-09,1.030576846083875e-09,1.030576846083875e-09,1.030576846083875e-09,1.030576846083875e-09,1.030576846083875e-09,1.030576846083875e-09,0.5,1.030576846083875e-09,1.030576846083875e-09
6,2024-08-23,1.1503474244814536,-0.006471881221234798,2.061153470123145e-09,2.061153470123145e-09,2.061153470123145e-09,2.061153470123145e-09,2.061153470123145e-09,2.061153470123145e-09,2.061153470123145e-09,2.061153470123145e-09,1.0,2.061153470123145e-09,2.061153470123145e-09,2.061153470123145e-09,2.061153470123145e-09,2.061153470123145e-09
6,2024-08-26,1.1588086329054454,0.007328431757539511,1.9274450924200437e-09,1.9274450924200437e-09,1.9274450924200437e-09,1.9274450924200437e-09,5.026461469270771e-09,1.9274450924200437e-09,1.9274450924200437e-09,1.9274450924200437e-09,0.9351292848587036,1.9274450924200437e-09,1.9274450924200437e-09,0.0648394376039505,1.9274450924200437e-09,3.124628710793331e-05
6,2024-08-28,1.1614151984113814,0.0022468234032392504,0.20000000298023224,4.122307217802046e-10,4.122307217802046e-10,4.122307217802046e-10,0.20000000298023224,4.122307217802046e-10,4.122307217802046e-10,4.122307217802046e-10,0.20000000298023224,4.122307217802046e-10,4.122307217802046e-10,0.20000000298023224,4.122307217802046e-10,0.20000000298023224
6,2024-08-29,1.1663157416608005,0.0042105815626680854,2.0347075135873638e-09,2.0347075135873638e-09,2.0347075135873638e-09,2.0347075135873638e-09,6.38005204223191e-08,2.0347075135873638e-09,2.0347075135873638e-09,2.0347075135873638e-09,0.9871692061424255,2.0347075135873638e-09,2.0347075135873638e-09,2.0347075135873638e-09,2.0347075135873638e-09,0.012830685824155807
6,2024-08-30,1.1949179476647491,0.02422767826616764,2.061153470123145e-09,2.061153470123145e-09,2.061153470123145e-09,2.061153470123145e-09,2.061153470123145e-09,2.061153470123145e-09,2.061153470123145e-09,2.061153470123145e-09,2.061153470123145e-09,2.061153470123145e-09,2.061153470123145e-09,1.0,2.061153470123145e-09,2.061153470123145e-09
6,2024-09-02,1.1934741262592696,-0.0012090323001146316,6.191276935574308e-10,0.30037921667099,0.09791416674852371,9.659352429025603e-08,6.191276935574308e-10,0.0009480739827267826,0.30037921667099,0.30037921667099,6.191276935574308e-10,6.191276935574308e-10,8.294481212978155e-10,6.191276935574308e-10,6.191276935574308e-10,6.191276935574308e-10
6,2024-09-03,1.191951688579659,-0.0012764495771378278,2.0611250484137145e-09,2.0611250484137145e-09,2.0611250484137145e-09,2.0611250484137145e-09,2.0611250484137145e-09,2.0611250484137145e-09,2.0611250484137145e-09,2.0611250484137145e-09,0.9999861121177673,2.0611250484137145e-09,2.0611250484137145e-09,2.0611250484137145e-09,2.0611250484137145e-09,1.3843660781276412e-05
6,2024-09-04,1.1880703809909403,-0.003261575662747964,2.061153470123145e-09,2.061153470123145e-09,2.061153470123145e-09,2.061153470123145e-09,2.061153470123145e-09,2.061153470123145e-09,2.061153470123145e-09,2.061153470123145e-09,0.9999999403953552,2.061153470123145e-09,2.061153470123145e-09,2.061153470123145e-09,2.061153470123145e-09,3.504781531660228e-08
6,2024-09-05,1.1865394519273036,-0.0012894154269248246,0.20000000298023224,4.122307217802046e-10,4.122307217802046e-10,4.122307217802046e-10,0.20000000298023224,4.122307217802046e-10,4.122307217802046e-10,4.122307217802046e-10,0.20000000298023224,4.122307217802046e-10,4.122307217802046e-10,0.20000000298023224,4.122307217802046e-10,0.20000000298023224
6,2024-09-06,1.1928043389206053,0.005266075037419796,2.06115324807854e-09,2.06115324807854e-09,2.06115324807854e-09,2.06115324807854e-09,2.06115324807854e-09,2.06115324807854e-09,2.06115324807854e-09,2.06115324807854e-09,0.9999998211860657,2.06115324807854e-09,2.06115324807854e-09,2.06115324807854e-09,2.06115324807854e-09,1.4221632227418013e-07
6,2024-09-09,1.192382218240047,-0.0003539519235491752,0.20000000298023224,4.122307217802046e-10,4.122307217802046e-10,4.122307217802046e-10,0.20000000298023224,4.122307217802046e-10,4.122307217802046e-10,4.122307217802046e-10,0.20000000298023224,4.122307217802046e-10,4.122307217802046e-10,0.20000000298023224,4.122307217802046e-10,0.20000000298023224
6,2024-09-10,1.1866314471151782,-0.004834593772888184,0.5,1.030576846083875e-09,1.030576846083875e-09,1.030576846083875e-09,1.030576846083875e-09,1.030576846083875e-09,1.030576846083875e-09,1.030576846083875e-09,1.030576846083875e-09,1.030576846083875e-09,1.030576846083875e-09,0.5,1.030576846083875e-09,1.030576846083875e-09
6,2024-09-11,1.1779983051513538,-0.007301929880678654,1.870015808869141e-10,0.09072665870189667,0.09072665870189667,0.09072665870189667,0.09072665870189667,0.09072665870189667,0.09072665870189667,0.09072665870189667,0.09072665870189667,0.09072665870189667,0.002006778959184885,1.870015808869141e-10,0.09072665870189667,0.09072665870189667
6,2024-09-12,1.2006046364651923,0.019008647140860556,2.061153470123145e-09,2.726270764696892e-09,2.061153470123145e-09,2.061153470123145e-09,2.061153470123145e-09,2.061153470123145e-09,2.061153470123145e-09,2.061153470123145e-09,2.061153470123145e-09,2.061153470123145e-09,2.061153470123145e-09,1.0,2.061153470123145e-09,2.061153470123145e-09
6,2024-09-13,1.2215735378891144,0.017314519223570822,2.061153470123145e-09,2.061153470123145e-09,2.061153470123145e-09,2.061153470123145e-09,2.061153470123145e-09,2.061153470123145e-09,2.061153470123145e-09,2.061153470123145e-09,0.9999998807907104,2.061153470123145e-09,2.061153470123145e-09,2.061153470123145e-09,2.061153470123145e-09,7.671176405210645e-08
6,2024-09-19,1.2364136208080505,0.012075134879350663,1.8737759954756683e-10,1.8737759954756683e-10,0.09090909361839294,0.09090909361839294,0.09090909361839294,0.09090909361839294,0.09090909361839294,0.09090909361839294,0.09090909361839294,0.09090909361839294,0.09090909361839294,1.8737759954756683e-10,0.09090909361839294,0.09090909361839294
6,2024-09-20,1.242723083271076,0.005090059031546116,4.122006902473885e-10,4.122006902473885e-10,4.122006902473885e-10,4.122006902473885e-10,0.19998542964458466,4.122006902473885e-10,5.51009009086556e-07,0.19998542964458466,0.19998542964458466,7.231179188238457e-05,4.122006902473885e-10,4.122006902473885e-10,0.19998542964458466,0.19998542964458466
6,2024-09-23,1.2501266260141908,0.005939840242266655,0.20000000298023224,4.122307217802046e-10,4.122307217802046e-10,4.122307217802046e-10,0.20000000298023224,4.122307217802046e-10,4.122307217802046e-10,4.122307217802046e-10,0.20000000298023224,4.122307217802046e-10,4.122307217802046e-10,0.20000000298023224,4.122307217802046e-10,0.20000000298023224
6,2024-09-24,1.2662337879662384,0.012802126318216324,0.5,1.030576846083875e-09,1.030576846083875e-09,1.030576846083875e-09,1.030576846083875e-09,1.030576846083875e-09,1.030576846083875e-09,1.030576846083875e-09,1.030576846083875e-09,1.030576846083875e-09,1.030576846083875e-09,0.5,1.030576846083875e-09,1.030576846083875e-09
6,2024-09-25,1.2788109437892792,0.009883722712099552,2.061153470123145e-09,2.061153470123145e-09,2.061153470123145e-09,2.061153470123145e-09,2.061153470123145e-09,2.061153470123145e-09,2.061153470123145e-09,2.061153470123145e-09,0.9999998807907104,2.061153470123145e-09,2.061153470123145e-09,2.061153470123145e-09,2.061153470123145e-09,6.726067880435949e-08
6,2024-09-26,1.3240411303038555,0.034757826191186905,0.4997667968273163,1.0300961195142122e-09,1.0300961195142122e-09,1.0300961195142122e-09,1.0300961195142122e-09,1.0300961195142122e-09,1.0300961195142122e-09,1.0300961195142122e-09,0.0004663942672777921,1.0300961195142122e-09,1.0300961195142122e-09,0.4997667968273163,1.0300961195142122e-09,1.0300961195142122e-09
6,2024-09-27,1.299075895593071,-0.0190353600661183,0.5,1.030576846083875e-09,1.030576846083875e-09,1.030576846083875e-09,1.030576846083875e-09,1.030576846083875e-09,1.030576846083875e-09,1.030576846083875e-09,1.030576846083875e-09,1.030576846083875e-09,1.030576846083875e-09,0.5,1.030576846083875e-09,1.030576846083875e-09
6,2024-09-30,1.2976303373637204,-0.001113378448691219,4.639684902940644e-06,6.870480295795289e-10,6.870480295795289e-10,6.870480295795289e-10,0.33333179354667664,6.870480295795289e-10,6.870480295795289e-10,6.870480295795289e-10,0.33333179354667664,6.870480295795289e-10,6.870480295795289e-10,6.870480295795289e-10,6.870480295795289e-10,0.33333179354667664
6,2024-10-02,1.2921941221205386,-0.004198140308260918,2.061153470123145e-09,2.061153470123145e-09,2.061153470123145e-09,2.061153470123145e-09,2.061153470123145e-09,2.061153470123145e-09,2.061153470123145e-09,2.061153470123145e-09,0.9999998807907104,2.061153470123145e-09,2.061153470123145e-09,2.061153470123145e-09,2.061153470123145e-09,6.649812434034175e-08
6,2024-10-04,1.3142841979505366,0.01695053787231445,0.5,1.030576846083875e-09,1.030576846083875e-09,1.030576846083875e-09,1.030576846083875e-09,1.030576846083875e-09,1.030576846083875e-09,1.030576846083875e-09,1.030576846083875e-09,1.030576846083875e-09,1.030576846083875e-09,0.5,1.030576846083875e-09,1.030576846083875e-09
6,2024-10-07,1.301810035811445,-0.009536549958586693,2.061153470123145e-09,2.061153470123145e-09,2.061153470123145e-09,2.061153470123145e-09,2.061153470123145e-09,2.061153470123145e-09,2.061153470123145e-09,2.061153470123145e-09,0.9999998807907104,2.061153470123145e-09,2.061153470123145e-09,2.061153470123145e-09,2.061153470123145e-09,7.739984653198917e-08
6,2024-10-08,1.290883805962519,-0.008428526620566845,0.5,1.030576846083875e-09,1.030576846083875e-09,1.030576846083875e-09,1.030576846083875e-09,1.030576846083875e-09,1.030576846083875e-09,1.030576846083875e-09,1.030576846083875e-09,1.030576846083875e-09,1.030576846083875e-09,0.5,1.030576846083875e-09,1.030576846083875e-09
6,2024-10-10,1.3007078632182703,0.0075815217569470406,0.5,1.030576846083875e-09,1.030576846083875e-09,1.030576846083875e-09,1.030576846083875e-09,1.030576846083875e-09,1.030576846083875e-09,1.030576846083875e-09,1.030576846083875e-09,1.030576846083875e-09,1.030576846083875e-09,0.5,1.030576846083875e-09,1.030576846083875e-09
6,2024-10-11,1.3133087098334937,0.009641059164702892,2.061153026033935e-09,2.061153026033935e-09,2.061153026033935e-09,2.061153026033935e-09,2.061153026033935e-09,2.061153026033935e-09,2.061153026033935e-09,2.061153026033935e-09,0.9999997019767761,2.061153026033935e-09,2.061153026033935e-09,2.061153026033935e-09,2.061153026033935e-09,2.8149500508334313e-07
6,2024-10-14,1.323439899159861,0.00768464551292127,2.0574020265229365e-09,2.0574020265229365e-09,2.0574020265229365e-09,2.0574020265229365e-09,1.1488643281154509e-07,2.0574020265229365e-09,2.0574020265229365e-09,2.0574020265229365e-09,0.9981798529624939,2.0574020265229365e-09,2.0574020265229365e-09,2.0574020265229365e-09,2.0574020265229365e-09,0.001819991390220821
6,2024-10-15,1.3571923714337246,0.025183801978826522,2.061153470123145e-09,2.061153470123145e-09,2.061153470123145e-09,2.061153470123145e-09,2.061153470123145e-09,2.061153470123145e-09,2.061153470123145e-09,2.061153470123145e-09,2.061153470123145e-09,2.061153470123145e-09,2.061153470123145e-09,1.0,2.061153470123145e-09,2.061153470123145e-09
6,2024-10-16,1.3323469867087394,-0.01847609437406063,0.5,1.030576846083875e-09,1.030576846083875e-09,1.030576846083875e-09,1.030576846083875e-09,1.030576846083875e-09,1.030576846083875e-09,1.030576846083875e-09,1.030576846083875e-09,1.030576846083875e-09,1.030576846083875e-09,0.5,1.030576846083875e-09,1.030576846083875e-09
6,2024-10-17,1.3356073909995558,0.002444124188274145,9.804206456465181e-06,9.804206456465181e-06,9.804206456465181e-06,9.804206456465181e-06,9.804206456465181e-06,9.804206456465181e-06,9.804206456465181e-06,9.804206456465181e-06,0.9998692274093628,9.804206456465181e-06,9.804206456465181e-06,1.3115575711708516e-05,9.804206456465181e-06,9.804206456465181e-06
6,2024-10-18,1.3406987801263037,0.003804792832583189,2.061153470123145e-09,2.061153470123145e-09,2.061153470123145e-09,2.061153470123145e-09,2.061153470123145e-09,2.061153470123145e-09,2.061153470123145e-09,2.061153470123145e-09,2.061153470123145e-09,2.061153470123145e-09,2.061153470123145e-09,1.0,2.061153470123145e-09,2.061153470123145e-09
6,2024-10-21,1.3616679966971725,0.015519460663199425,2.061153470123145e-09,2.061153470123145e-09,2.061153470123145e-09,2.061153470123145e-09,2.061153470123145e-09,2.061153470123145e-09,2.061153470123145e-09,2.061153470123145e-09,2.061153470123145e-09,2.061153470123145e-09,2.061153470123145e-09,1.0,2.061153470123145e-09,2.061153470123145e-09
6,2024-10-22,1.3586237641466374,-0.0022381671445444225,6.870511937151491e-10,6.870511937151491e-10,6.870511937151491e-10,6.870511937151491e-10,0.3333333432674408,6.870511937151491e-10,6.870511937151491e-10,6.870511937151491e-10,0.3333333432674408,6.870511937151491e-10,6.870511937151491e-10,6.870511937151491e-10,6.870511937151491e-10,0.3333333432674408
6,2024-10-23,1.3660653936387819,0.005462383093684912,2.06115324807854e-09,2.06115324807854e-09,2.06115324807854e-09,2.06115324807854e-09,2.06115324807854e-09,2.06115324807854e-09,2.06115324807854e-09,2.06115324807854e-09,0.9999998211860657,2.06115324807854e-09,2.06115324807854e-09,2.06115324807854e-09,2.06115324807854e-09,1.477950064554534e-07
6,2024-10-24,1.3555307176201057,-0.007741581191122532,0.3330642282962799,0.3330642282962799,8.024127964745276e-06,0.0003012881497852504,6.864965262920464e-10,3.237065811845241e-06,6.864965262920464e-10,6.864965262920464e-10,6.864965262920464e-10,6.864965262920464e-10,0.0004947612178511918,0.3330642282962799,6.864965262920464e-10,6.864965262920464e-10
6,2024-10-25,1.352286242055663,-0.0023963784594088792,2.0609269846261213e-09,2.0609269846261213e-09,2.0609269846261213e-09,2.0609269846261213e-09,2.0609269846261213e-09,2.0609269846261213e-09,2.0609269846261213e-09,2.0609269846261213e-09,0.9998900890350342,2.0609269846261213e-09,2.0609269846261213e-09,2.0609269846261213e-09,2.0609269846261213e-09,0.00010990228474838659
6,2024-10-28,1.3591793955746854,0.005084459322179464,2.061153470123145e-09,2.061153470123145e-09,2.061153470123145e-09,2.061153470123145e-09,2.061153470123145e-09,2.061153470123145e-09,2.061153470123145e-09,2.061153470123145e-09,0.9999998807907104,2.061153470123145e-09,2.061153470123145e-09,2.061153470123145e-09,2.061153470123145e-09,6.738211766332824e-08
6,2024-10-29,1.3644442292150754,0.003866055610612966,2.058953008088338e-09,2.058953008088338e-09,2.058953008088338e-09,2.058953008088338e-09,1.677287819745743e-08,2.058953008088338e-09,2.058953008088338e-09,2.058953008088338e-09,0.9989323019981384,2.058953008088338e-09,2.058953008088338e-09,2.058953008088338e-09,2.058953008088338e-09,0.00106766726821661
6,2024-10-31,1.3411943276924727,-0.017186681318283083,2.061153470123145e-09,2.061153470123145e-09,2.061153470123145e-09,2.061153470123145e-09,2.061153470123145e-09,2.061153470123145e-09,2.061153470123145e-09,2.061153470123145e-09,2.061153470123145e-09,2.061153470123145e-09,2.061153470123145e-09,1.0,2.061153470123145e-09,2.061153470123145e-09
6,2024-11-01,1.3234616835674358,-0.013309714893996715,2.0610775308682605e-09,2.0610775308682605e-09,2.0610775308682605e-09,2.0610775308682605e-09,2.0610775308682605e-09,2.0610775308682605e-09,2.0610775308682605e-09,2.0610775308682605e-09,0.9999630451202393,2.0610775308682605e-09,2.0610775308682605e-09,2.0610775308682605e-09,2.0610775308682605e-09,3.6936213291483e-05
6,2024-11-04,1.3706046597129435,0.03500120849609375,0.5,1.030576846083875e-09,1.030576846083875e-09,1.030576846083875e-09,1.030576846083875e-09,1.030576846083875e-09,1.030576846083875e-09,1.030576846083875e-09,1.030576846083875e-09,1.030576846083875e-09,1.030576846083875e-09,0.5,1.030576846083875e-09,1.030576846083875e-09
6,2024-11-06,1.3517485569713126,-0.013853018172085285,0.5,1.030576846083875e-09,1.030576846083875e-09,1.030576846083875e-09,1.030576846083875e-09,1.030576846083875e-09,1.030576846083875e-09,1.030576846083875e-09,1.030576846083875e-09,1.030576846083875e-09,1.030576846083875e-09,0.5,1.030576846083875e-09,1.030576846083875e-09
6,2024-11-07,1.3365729923719947,-0.01129011207818985,0.20000000298023224,4.122307217802046e-10,4.122307217802046e-10,4.122307217802046e-10,0.20000000298023224,4.122307217802046e-10,4.122307217802046e-10,4.122307217802046e-10,0.20000000298023224,4.122307217802046e-10,4.122307217802046e-10,0.20000000298023224,4.122307217802046e-10,0.20000000298023224
6,2024-11-08,1.3519146552309418,0.01141298112422228,2.0611523599001202e-09,2.0611523599001202e-09,2.0611523599001202e-09,2.0611523599001202e-09,2.0611523599001202e-09,2.0611523599001202e-09,2.0611523599001202e-09,2.0611523599001202e-09,0.9999993443489075,2.0611523599001202e-09,2.0611523599001202e-09,2.0611523599001202e-09,2.0611523599001202e-09,6.289652674240642e-07
6,2024-11-11,1.3444956022833978,-0.005502924971415269,2.061153470123145e-09,2.061153470123145e-09,2.061153470123145e-09,2.061153470123145e-09,2.061153470123145e-09,2.061153470123145e-09,2.061153470123145e-09,2.061153470123145e-09,0.9999999403953552,2.061153470123145e-09,2.061153470123145e-09,2.061153470123145e-09,2.061153470123145e-09,7.198250440154652e-09
6,2024-11-12,1.3206221083337406,-0.017916006061434744,1.7176279842878728e-10,0.0833333358168602,0.0833333358168602,0.0833333358168602,0.0833333358168602,0.0833333358168602,0.0833333358168602,0.0833333358168602,0.0833333358168602,0.0833333358168602,0.0833333358168602,1.7176279842878728e-10,0.0833333358168602,0.0833333358168602
6,2024-11-13,1.318599836667746,-0.0015324759371578693,2.061153470123145e-09,2.061153470123145e-09,2.061153470123145e-09,2.061153470123145e-09,2.061153470123145e-09,2.061153470123145e-09,2.061153470123145e-09,2.061153470123145e-09,0.9999998807907104,2.061153470123145e-09,2.061153470123145e-09,2.061153470123145e-09,2.061153470123145e-09,9.165758996232398e-08
6,2024-11-14,1.3193335929660932,0.0005563114739954471,1.7857363365791912e-09,1.7857363365791912e-09,1.7857363365791912e-09,1.7857363365791912e-09,1.7857363365791912e-09,1.7857363365791912e-09,1.7857363365791912e-09,1.7857363365791912e-09,0.13362285494804382,1.7857363365791912e-09,1.7857363365791912e-09,0.8663771152496338,1.7857363365791912e-09,1.7857363365791912e-09
6,2024-11-15,1.3239019155962162,0.003456617591530085,3.362637945869551e-10,3.362637945869551e-10,3.362637945869551e-10,3.362637945869551e-10,0.16314348578453064,3.362637945869551e-10,0.021139100193977356,0.16314348578453064,0.16314348578453064,0.16314348578453064,3.362637945869551e-10,3.362637945869551e-10,0.16314348578453064,0.16314348578453064
6,2024-11-18,1.3388464508747462,0.011225012761354446,2.06115324807854e-09,2.06115324807854e-09,2.06115324807854e-09,2.06115324807854e-09,2.06115324807854e-09,2.06115324807854e-09,2.06115324807854e-09,2.06115324807854e-09,0.9999998211860657,2.06115324807854e-09,2.06115324807854e-09,2.06115324807854e-09,2.06115324807854e-09,1.282197956697928e-07
6,2024-11-19,1.3046693905777085,-0.025858717530965806,2.061153470123145e-09,2.061153470123145e-09,2.061153470123145e-09,2.061153470123145e-09,2.061153470123145e-09,2.061153470123145e-09,2.061153470123145e-09,2.061153470123145e-09,2.061153470123145e-09,2.061153470123145e-09,2.061153470123145e-09,1.0,2.061153470123145e-09,2.061153470123145e-09
6,2024-11-20,1.2924527747843901,-0.009407879276532959,1.0902297020720653e-07,1.0902297020720653e-07,1.0902297020720653e-07,1.0902297020720653e-07,1.0902297020720653e-07,1.0902297020720653e-07,1.0902297020720653e-07,1.0902297020720653e-07,1.0902297020720653e-07,1.0902297020720653e-07,1.0902297020720653e-07,0.9999985694885254,1.0902297020720653e-07,1.0902297020720653e-07
6,2024-11-21,1.2994432540204506,0.0053941177487373355,0.017483804374933243,0.7727105617523193,0.017483804374933243,0.017483804374933243,0.017483804374933243,0.017483804374933243,0.017483804374933243,0.017483804374933243,0.017483804374933243,0.017483804374933243,0.017483804374933243,0.017483804374933243,0.017483804374933243,0.017483804374933243
6,2024-11-22,1.3110774640070422,0.008913384163379669,2.061153470123145e-09,2.061153470123145e-09,2.061153470123145e-09,2.061153470123145e-09,2.061153470123145e-09,2.061153470123145e-09,2.061153470123145e-09,2.061153470123145e-09,1.0,2.061153470123145e-09,2.061153470123145e-09,2.061153470123145e-09,2.061153470123145e-09,2.061153470123145e-09
6,2024-11-25,1.32300117085324,0.009053479370474815,2.061153470123145e-09,0.9999999403953552,2.061153470123145e-09,2.061153470123145e-09,2.061153470123145e-09,2.061153470123145e-09,2.061153470123145e-09,2.061153470123145e-09,2.061153470123145e-09,2.061153470123145e-09,2.061153470123145e-09,6.125632445730389e-09,2.061153470123145e-09,2.061153470123145e-09
6,2024-11-26,1.3002217482759304,-0.0173679446130991,2.061153470123145e-09,2.061153470123145e-09,2.061153470123145e-09,2.061153470123145e-09,2.061153470123145e-09,2.061153470123145e-09,2.061153470123145e-09,2.061153470123145e-09,0.9999999403953552,2.061153470123145e-09,2.061153470123145e-09,2.061153470123145e-09,2.061153470123145e-09,5.772241351564844e-08
6,2024-11-27,1.282996684954527,-0.013336323711276054,0.5,1.030576846083875e-09,1.030576846083875e-09,1.030576846083875e-09,1.030576846083875e-09,1.030576846083875e-09,1.030576846083875e-09,1.030576846083875e-09,1.030576846083875e-09,1.030576846083875e-09,1.030576846083875e-09,0.5,1.030576846083875e-09,1.030576846083875e-09
6,2024-11-28,1.2778619636713537,-0.004010161331668496,2.059650894281617e-09,2.059650894281617e-09,2.059650894281617e-09,2.059650894281617e-09,2.059650894281617e-09,2.059650894281617e-09,2.059650894281617e-09,2.059650894281617e-09,0.9992709755897522,2.059650894281617e-09,2.059650894281617e-09,0.0007290201028808951,2.059650894281617e-09,2.059650894281617e-09
6,2024-11-29,1.284672071906459,0.005315148343890906,3.42649075779633e-10,0.16624140739440918,3.42649075779633e-10,3.42649075779633e-10,0.16624140739440918,3.42649075779633e-10,0.0025515726301819086,0.16624140739440918,0.16624140739440918,4.4949208799494045e-09,3.42649075779633e-10,3.42649075779633e-10,0.16624140739440918,0.16624140739440918
6,2024-12-02,1.3014751882458175,0.01299489248394966,2.061153470123145e-09,1.0,2.061153470123145e-09,2.061153470123145e-09,2.061153470123145e-09,2.061153470123145e-09,2.061153470123145e-09,2.061153470123145e-09,2.061153470123145e-09,2.061153470123145e-09,2.061153470123145e-09,2.061153470123145e-09,2.061153470123145e-09,2.061153470123145e-09
6,2024-12-03,1.306771203897236,0.004060983613878489,1.1249886577857637e-09,1.1249886577857637e-09,1.1249886577857637e-09,1.1249886577857637e-09,2.706170107558137e-06,1.1249886577857637e-09,1.1249886577857637e-09,1.1249886577857637e-09,0.5458053350448608,1.1249886577857637e-09,1.1249886577857637e-09,1.1249886577857637e-09,1.1249886577857637e-09,0.4541919231414795
6,2024-12-04,1.3065931394015826,-0.00013627223191077175,2.0611454765173676e-09,2.0611454765173676e-09,2.0611454765173676e-09,2.0611454765173676e-09,2.0611454765173676e-09,2.0611454765173676e-09,2.0611454765173676e-09,2.0611454765173676e-09,0.9999961256980896,2.0611454765173676e-09,2.0611454765173676e-09,2.0611454765173676e-09,2.0611454765173676e-09,3.875589754898101e-06
6,2024-12-05,1.3074029711381046,0.0006196120638174761,2.061153026033935e-09,2.061153026033935e-09,2.061153026033935e-09,2.061153026033935e-09,2.061153026033935e-09,2.061153026033935e-09,2.061153026033935e-09,2.061153026033935e-09,0.9999997615814209,2.061153026033935e-09,2.061153026033935e-09,2.061153026033935e-09,2.061153026033935e-09,2.1658364346421877e-07
6,2024-12-06,1.2883576190995765,-0.014674461024999618,0.5,1.030576846083875e-09,1.030576846083875e-09,1.030576846083875e-09,1.030576846083875e-09,1.030576846083875e-09,1.030576846083875e-09,1.030576846083875e-09,1.030576846083875e-09,1.030576846083875e-09,1.030576846083875e-09,0.5,1.030576846083875e-09,1.030576846083875e-09
6,2024-12-09,1.2699192399420487,-0.014414935871958733,0.20000000298023224,4.122307217802046e-10,4.122307217802046e-10,4.122307217802046e-10,0.20000000298023224,4.122307217802046e-10,4.122307217802046e-10,4.122307217802046e-10,0.20000000298023224,4.122307217802046e-10,4.122307217802046e-10,0.20000000298023224,4.122307217802046e-10,0.20000000298023224
6,2024-12-10,1.3436439696853015,0.056431995648145675,2.061153470123145e-09,2.061153470123145e-09,2.061153470123145e-09,2.061153470123145e-09,2.061153470123145e-09,2.061153470123145e-09,2.061153470123145e-09,2.061153470123145e-09,2.061153470123145e-09,2.061153470123145e-09,2.061153470123145e-09,1.0,2.061153470123145e-09,2.061153470123145e-09
6,2024-12-11,1.3608088594375778,0.012693969041109084,0.4849412739276886,1.0616151291387155e-09,1.0616151291387155e-09,1.0616151291387155e-09,1.0616151291387155e-09,1.0616151291387155e-09,1.0616151291387155e-09,1.0616151291387155e-09,1.0616151291387155e-09,1.0616151291387155e-09,1.0616151291387155e-09,0.515058696269989,1.0616151291387155e-09,1.0616151291387155e-09
6,2024-12-12,1.3691722897582261,0.006127116656303406,1.7176279842878728e-10,0.0833333358168602,0.0833333358168602,0.0833333358168602,0.0833333358168602,0.0833333358168602,0.0833333358168602,0.0833333358168602,0.0833333358168602,0.0833333358168602,0.0833333358168602,1.7176279842878728e-10,0.0833333358168602,0.0833333358168602
6,2024-12-13,1.3473633272783083,-0.016056797420978545,2.06115324807854e-09,2.06115324807854e-09,2.06115324807854e-09,2.06115324807854e-09,2.06115324807854e-09,2.06115324807854e-09,2.06115324807854e-09,2.06115324807854e-09,0.9999997615814209,2.06115324807854e-09,2.06115324807854e-09,2.06115324807854e-09,2.06115324807854e-09,2.0488194252266112e-07
6,2024-12-16,1.3316938385722787,-0.011697896999586373,4.4976076196689974e-07,0.0037302395794540644,4.4976076196689974e-07,4.4976076196689974e-07,4.4976076196689974e-07,4.4976076196689974e-07,4.4976076196689974e-07,4.4976076196689974e-07,0.9962643384933472,4.4976076196689974e-07,4.4976076196689974e-07,4.4976076196689974e-07,4.4976076196689974e-07,4.4976076196689974e-07
6,2024-12-17,1.3122134301373407,-0.01473634207546711,1.030576846083875e-09,0.5,1.030576846083875e-09,1.030576846083875e-09,1.030576846083875e-09,1.030576846083875e-09,1.030576846083875e-09,1.030576846083875e-09,1.030576846083875e-09,1.030576846083875e-09,1.030576846083875e-09,0.5,1.030576846083875e-09,1.030576846083875e-09
6,2024-12-18,1.3106462939993682,-0.0011949829493649302,0.00024387383018620312,0.00024387383018620312,0.00024387383018620312,0.00024387383018620312,0.00024387383018620312,0.00024387383018620312,0.00024387383018620312,0.00024387383018620312,0.9964149594306946,0.00024387383018620312,0.00024387383018620312,0.0006585679948329926,0.00024387383018620312,0.00024387383018620312
6,2024-12-19,1.290687901169933,-0.015345036788261495,2.061153470123145e-09,2.061153470123145e-09,2.061153470123145e-09,2.061153470123145e-09,2.061153470123145e-09,2.061153470123145e-09,2.061153470123145e-09,2.061153470123145e-09,0.9999998807907104,2.061153470123145e-09,2.061153470123145e-09,2.061153470123145e-09,2.061153470123145e-09,6.911961492050978e-08
6,2024-12-20,1.2866336624137895,-0.003146089457720518,6.870511937151491e-10,6.870511937151491e-10,6.870511937151491e-10,6.870511937151491e-10,0.3333333432674408,6.870511937151491e-10,6.870511937151491e-10,6.870511937151491e-10,0.3333333432674408,6.870511937151491e-10,6.870511937151491e-10,6.870511937151491e-10,6.870511937151491e-10,0.3333333432674408
6,2024-12-23,1.3005530514410757,0.010760354679822922,2.0452644022839195e-09,2.0452644022839195e-09,2.0452644022839195e-09,2.0452644022839195e-09,5.015186488321888e-08,2.0452644022839195e-09,2.0452644022839195e-09,2.0452644022839195e-09,0.9922910332679749,2.0452644022839195e-09,2.0452644022839195e-09,2.0452644022839195e-09,2.0452644022839195e-09,0.007708864752203226
6,2024-12-24,1.2952566586057916,-0.00408073069807142,2.061153470123145e-09,2.061153470123145e-09,2.061153470123145e-09,2.061153470123145e-09,2.061153470123145e-09,2.061153470123145e-09,2.061153470123145e-09,2.061153470123145e-09,1.0,2.061153470123145e-09,2.061153470123145e-09,2.061153470123145e-09,2.061153470123145e-09,2.061153470123145e-09
6,2024-12-26,1.2939167650422134,-0.0010349972473457456,1.8737759954756683e-10,1.8737759954756683e-10,0.09090909361839294,0.09090909361839294,0.09090909361839294,0.09090909361839294,0.09090909361839294,0.09090909361839294,0.09090909361839294,0.09090909361839294,0.09090909361839294,1.8737759954756683e-10,0.09090909361839294,0.09090909361839294
6,2024-12-27,1.2976151629418322,0.0028542194448411464,2.061153470123145e-09,2.061153470123145e-09,2.061153470123145e-09,2.061153470123145e-09,2.061153470123145e-09,2.061153470123145e-09,2.061153470123145e-09,2.061153470123145e-09,1.0,2.061153470123145e-09,2.061153470123145e-09,2.061153470123145e-09,2.061153470123145e-09,2.061153470123145e-09
6,2024-12-30,1.3406120836284707,0.032598198813199995,2.061153470123145e-09,2.061153470123145e-09,2.061153470123145e-09,2.061153470123145e-09,2.061153470123145e-09,2.061153470123145e-09,2.061153470123145e-09,2.061153470123145e-09,2.061153470123145e-09,2.061153470123145e-09,2.061153470123145e-09,1.0,2.061153470123145e-09,2.061153470123145e-09
7,2025-01-02,0.9872672421343737,-0.012814514157176018,2.061153470123145e-09,2.061153470123145e-09,2.061153470123145e-09,2.061153470123145e-09,2.061153470123145e-09,2.061153470123145e-09,2.061153470123145e-09,2.061153470123145e-09,2.061153470123145e-09,2.061153470123145e-09,2.061153470123145e-09,1.0,2.061153470123145e-09,2.061153470123145e-09
7,2025-01-03,0.9968408077932975,0.009650321167707443,2.0611490292310464e-09,2.0611490292310464e-09,2.0611490292310464e-09,2.0611490292310464e-09,2.0611490292310464e-09,2.0611490292310464e-09,2.0611490292310464e-09,2.0611490292310464e-09,0.9999977946281433,2.0611490292310464e-09,2.0611490292310464e-09,2.0611490292310464e-09,2.0611490292310464e-09,2.184428922191728e-06
7,2025-01-06,0.9860458158447148,-0.010888266095611334,2.061153470123145e-09,5.81209036454311e-09,2.061153470123145e-09,2.061153470123145e-09,2.061153470123145e-09,2.061153470123145e-09,2.061153470123145e-09,2.061153470123145e-09,0.9999999403953552,2.061153470123145e-09,2.061153470123145e-09,2.061153470123145e-09,2.061153470123145e-09,2.061153470123145e-09
7,2025-01-07,0.9888213718542479,0.0028108805030584334,0.20000000298023224,4.122307217802046e-10,4.122307217802046e-10,4.122307217802046e-10,0.20000000298023224,4.122307217802046e-10,4.122307217802046e-10,4.122307217802046e-10,0.20000000298023224,4.122307217802046e-10,4.122307217802046e-10,0.20000000298023224,4.122307217802046e-10,0.20000000298023224
7,2025-01-08,0.9897202164117728,0.0009085931017994881,2.061153470123145e-09,1.0,2.061153470123145e-09,2.061153470123145e-09,2.061153470123145e-09,2.061153470123145e-09,2.061153470123145e-09,2.061153470123145e-09,2.061153470123145e-09,2.061153470123145e-09,2.061153470123145e-09,2.061153470123145e-09,2.061153470123145e-09,2.061153470123145e-09
7,2025-01-09,0.9934105228412189,0.003721701868623495,2.061153470123145e-09,1.9911963633489904e-08,2.061153470123145e-09,2.061153470123145e-09,2.061153470123145e-09,2.061153470123145e-09,2.061153470123145e-09,2.061153470123145e-09,0.9999999403953552,2.061153470123145e-09,2.061153470123145e-09,2.061153470123145e-09,2.061153470123145e-09,2.061153470123145e-09
7,2025-01-10,0.9882367136620772,-0.005221737592667341,0.5,1.030576846083875e-09,1.030576846083875e-09,1.030576846083875e-09,1.030576846083875e-09,1.030576846083875e-09,1.030576846083875e-09,1.030576846083875e-09,1.030576846083875e-09,1.030576846083875e-09,1.030576846083875e-09,0.5,1.030576846083875e-09,1.030576846083875e-09
7,2025-01-13,0.9927757503819428,0.004582550332695246,2.0611519158109104e-09,2.0611519158109104e-09,2.0611519158109104e-09,2.0611519158109104e-09,2.0611519158109104e-09,2.0611519158109104e-09,2.0611519158109104e-09,2.0611519158109104e-09,0.9999992251396179,2.0611519158109104e-09,2.0611519158109104e-09,2.0611519158109104e-09,2.0611519158109104e-09,7.657878882127989e-07
7,2025-01-14,0.9821076392791117,-0.010803893462568522,1.978479602371408e-09,1.978479602371408e-09,1.978479602371408e-09,1.978479602371408e-09,7.543322908531991e-07,1.978479602371408e-09,1.978479602371408e-09,1.978479602371408e-09,0.9598894119262695,1.978479602371408e-09,1.978479602371408e-09,1.978479602371408e-09,1.978479602371408e-09,0.04010980948805809
7,2025-01-15,0.9760145185624938,-0.006223452769219875,0.5,1.030576846083875e-09,1.030576846083875e-09,1.030576846083875e-09,1.030576846083875e-09,1.030576846083875e-09,1.030576846083875e-09,1.030576846083875e-09,1.030576846083875e-09,1.030576846083875e-09,1.030576846083875e-09,0.5,1.030576846083875e-09,1.030576846083875e-09
7,2025-01-16,0.9852935864029914,0.009462192144989967,2.061153470123145e-09,2.061153470123145e-09,2.061153470123145e-09,2.061153470123145e-09,2.061153470123145e-09,2.061153470123145e-09,2.061153470123145e-09,2.061153470123145e-09,1.0,2.061153470123145e-09,2.061153470123145e-09,2.061153470123145e-09,2.061153470123145e-09,2.861753944927159e-09
7,2025-01-17,0.9731993549170433,-0.012350705961883068,2.061153470123145e-09,2.061153470123145e-09,2.061153470123145e-09,2.061153470123145e-09,2.061153470123145e-09,2.061153470123145e-09,2.061153470123145e-09,2.061153470123145e-09,2.061153470123145e-09,2.061153470123145e-09,2.061153470123145e-09,1.0,2.061153470123145e-09,2.061153470123145e-09
7,2025-01-20,0.9769637248498545,0.003860574171692133,2.061153470123145e-09,1.0,2.061153470123145e-09,2.061153470123145e-09,2.061153470123145e-09,2.061153470123145e-09,2.061153470123145e-09,2.061153470123145e-09,2.061153470123145e-09,2.061153470123145e-09,2.061153470123145e-09,2.061153470123145e-09,2.061153470123145e-09,2.061153470123145e-09
7,2025-01-21,0.983916958048698,0.007091979030519724,2.061153470123145e-09,1.0,2.061153470123145e-09,2.061153470123145e-09,2.061153470123145e-09,2.061153470123145e-09,2.061153470123145e-09,2.061153470123145e-09,2.061153470123145e-09,2.061153470123145e-09,2.061153470123145e-09,2.061153470123145e-09,2.061153470123145e-09,2.061153470123145e-09
7,2025-01-22,0.9883536531942178,0.004499081012606621,2.061153470123145e-09,2.061153470123145e-09,2.061153470123145e-09,2.061153470123145e-09,2.061153470123145e-09,2.061153470123145e-09,2.061153470123145e-09,2.061153470123145e-09,1.0,2.061153470123145e-09,2.061153470123145e-09,2.061153470123145e-09,2.061153470123145e-09,2.5645208179270185e-09
7,2025-01-23,0.988347754938129,-5.967776483157649e-06,2.0527790578483973e-09,0.004061916843056679,2.0527790578483973e-09,2.0527790578483973e-09,4.280669152478822e-09,2.0527790578483973e-09,2.0527790578483973e-09,2.0527790578483973e-09,0.9959369897842407,2.0527790578483973e-09,2.0527790578483973e-09,2.0527790578483973e-09,2.0527790578483973e-09,1.0812136679305695e-06
7,2025-01-24,1.0024631561008082,0.014180791985988617,2.061153470123145e-09,2.061153470123145e-09,2.061153470123145e-09,2.061153470123145e-09,2.061153470123145e-09,2.061153470123145e-09,2.061153470123145e-09,2.061153470123145e-09,2.061153470123145e-09,2.061153470123145e-09,2.061153470123145e-09,1.0,2.061153470123145e-09,2.061153470123145e-09
7,2025-01-31,0.994772367876287,-0.007701471504569054,0.20000000298023224,4.122307217802046e-10,4.122307217802046e-10,4.122307217802046e-10,0.20000000298023224,4.122307217802046e-10,4.122307217802046e-10,4.122307217802046e-10,0.20000000298023224,4.122307217802046e-10,4.122307217802046e-10,0.20000000298023224,4.122307217802046e-10,0.20000000298023224
7,2025-02-03,0.9744701871468876,-0.020620009475946426,2.061153470123145e-09,1.0,2.061153470123145e-09,2.061153470123145e-09,2.061153470123145e-09,2.061153470123145e-09,2.061153470123145e-09,2.061153470123145e-09,2.061153470123145e-09,2.061153470123145e-09,2.061153470123145e-09,2.061153470123145e-09,2.061153470123145e-09,2.061153470123145e-09
7,2025-02-04,0.9834062827357942,0.00912841824144125,2.06115324807854e-09,2.06115324807854e-09,2.06115324807854e-09,2.06115324807854e-09,2.06115324807854e-09,2.06115324807854e-09,2.06115324807854e-09,2.06115324807854e-09,0.9999997615814209,2.06115324807854e-09,2.06115324807854e-09,2.06115324807854e-09,2.06115324807854e-09,1.8449462402259087e-07
7,2025-02-05,0.9989792437856634,0.015711657694246886,2.061153026033935e-09,2.061153026033935e-09,2.061153026033935e-09,2.061153026033935e-09,2.061153026033935e-09,2.061153026033935e-09,2.061153026033935e-09,2.061153026033935e-09,0.9999997615814209,2.061153026033935e-09,2.061153026033935e-09,2.061153026033935e-09,2.061153026033935e-09,2.423341811663704e-07
7,2025-02-06,0.9988859919450918,-9.335148234385997e-05,2.0505717124308376e-09,0.005133906379342079,2.0505717124308376e-09,2.0505717124308376e-09,2.0505717124308376e-09,2.0505717124308376e-09,2.0505717124308376e-09,2.0505717124308376e-09,0.9948660731315613,2.0505717124308376e-09,2.0505717124308376e-09,2.0505717124308376e-09,2.0505717124308376e-09,2.0505717124308376e-09
7,2025-02-07,0.9951003488116328,-0.003797064808756113,2.061153470123145e-09,1.0,2.061153470123145e-09,2.061153470123145e-09,2.061153470123145e-09,2.061153470123145e-09,2.061153470123145e-09,2.061153470123145e-09,2.061153470123145e-09,2.061153470123145e-09,2.061153470123145e-09,2.061153470123145e-09,2.061153470123145e-09,2.061153470123145e-09
7,2025-02-10,1.0039997439460142,0.008903460067510605,2.06115324807854e-09,2.06115324807854e-09,2.06115324807854e-09,2.06115324807854e-09,2.06115324807854e-09,2.06115324807854e-09,2.06115324807854e-09,2.06115324807854e-09,0.9999997615814209,2.06115324807854e-09,2.06115324807854e-09,2.06115324807854e-09,2.06115324807854e-09,1.99556083657626e-07
7,2025-02-11,1.0163592626603979,0.012235125397834862,2.0611521378555153e-09,2.0611521378555153e-09,2.0611521378555153e-09,2.0611521378555153e-09,2.0611521378555153e-09,2.0611521378555153e-09,2.0611521378555153e-09,2.0611521378555153e-09,0.9999993443489075,2.0611521378555153e-09,2.0611521378555153e-09,2.0611521378555153e-09,2.0611521378555153e-09,6.419968485715799e-07
7,2025-02-12,1.010285847030572,-0.005993583960086107,1.030576846083875e-09,0.5,1.030576846083875e-09,1.030576846083875e-09,1.030576846083875e-09,1.030576846083875e-09,1.030576846083875e-09,1.030576846083875e-09,0.5,1.030576846083875e-09,1.030576846083875e-09,1.030576846083875e-09,1.030576846083875e-09,1.030576846083875e-09
7,2025-02-13,1.0187951129156694,0.008387359535694121,2.061153470123145e-09,2.061153470123145e-09,2.061153470123145e-09,2.061153470123145e-09,2.061153470123145e-09,2.061153470123145e-09,2.061153470123145e-09,2.061153470123145e-09,1.0,2.061153470123145e-09,2.061153470123145e-09,2.061153470123145e-09,2.061153470123145e-09,2.061153470123145e-09
7,2025-02-14,1.029608735999349,0.010558194902539253,0.33331233263015747,0.33331233263015747,2.559262156864861e-06,1.672502730798442e-05,6.8700795052834e-10,6.838647550466703e-07,6.8700795052834e-10,6.8700795052834e-10,6.8700795052834e-10,6.8700795052834e-10,4.2992254748241976e-05,0.33331233263015747,6.8700795052834e-10,6.8700795052834e-10
7,2025-02-17,1.0407908507272563,0.010801995450258254,0.5,1.030576846083875e-09,1.030576846083875e-09,1.030576846083875e-09,1.030576846083875e-09,1.030576846083875e-09,1.030576846083875e-09,1.030576846083875e-09,1.030576846083875e-09,1.030576846083875e-09,1.030576846083875e-09,0.5,1.030576846083875e-09,1.030576846083875e-09
7,2025-02-18,1.045305511100995,0.004328340248018503,6.858008605448163e-10,0.33272671699523926,6.858008605448163e-10,6.858008605448163e-10,0.0018198807956650853,6.858008605448163e-10,6.858008605448163e-10,6.858008605448163e-10,0.33272671699523926,6.858008605448163e-10,6.858008605448163e-10,6.858008605448163e-10,6.858008605448163e-10,0.33272671699523926
7,2025-02-19,1.0572773057418612,0.011387826365232468,0.5,1.030576846083875e-09,1.030576846083875e-09,1.030576846083875e-09,1.030576846083875e-09,1.030576846083875e-09,1.030576846083875e-09,1.030576846083875e-09,1.030576846083875e-09,1.030576846083875e-09,1.030576846083875e-09,0.5,1.030576846083875e-09,1.030576846083875e-09
7,2025-02-20,1.0422521559386586,-0.014313117855787278,2.061153470123145e-09,2.061153470123145e-09,2.061153470123145e-09,2.061153470123145e-09,2.061153470123145e-09,2.061153470123145e-09,2.061153470123145e-09,2.061153470123145e-09,2.061153470123145e-09,2.061153470123145e-09,2.061153470123145e-09,1.0,2.061153470123145e-09,2.061153470123145e-09
7,2025-02-21,1.036659490962342,-0.0053803907215595245,2.0611508055878858e-09,2.0611508055878858e-09,2.0611508055878858e-09,2.0611508055878858e-09,2.0611508055878858e-09,2.0611508055878858e-09,2.0611508055878858e-09,2.0611508055878858e-09,0.9999985694885254,2.0611508055878858e-09,2.0611508055878858e-09,2.0611508055878858e-09,2.0611508055878858e-09,1.3819212654198054e-06
7,2025-02-24,1.040179522304472,0.0033898002592327886,2.061153470123145e-09,2.061153470123145e-09,2.061153470123145e-09,2.061153470123145e-09,2.061153470123145e-09,2.061153470123145e-09,2.061153470123145e-09,2.061153470123145e-09,0.9999999403953552,2.061153470123145e-09,2.061153470123145e-09,2.061153470123145e-09,2.061153470123145e-09,4.1712755916023525e-08
7,2025-02-25,1.0398201049364721,-0.0003455936884507537,0.20000000298023224,4.122307217802046e-10,4.122307217802046e-10,4.122307217802046e-10,0.20000000298023224,4.122307217802046e-10,4.122307217802046e-10,4.122307217802046e-10,0.20000000298023224,4.122307217802046e-10,4.122307217802046e-10,0.20000000298023224,4.122307217802046e-10,0.20000000298023224
7,2025-02-26,1.0301786917204856,-0.009315447866916656,2.061153026033935e-09,2.061153026033935e-09,2.061153026033935e-09,2.061153026033935e-09,2.061153026033935e-09,2.061153026033935e-09,2.061153026033935e-09,2.061153026033935e-09,0.9999997615814209,2.061153026033935e-09,2.061153026033935e-09,2.061153026033935e-09,2.061153026033935e-09,2.3589672082380275e-07
7,2025-02-27,1.0361408032658832,0.005770770788937807,2.061153470123145e-09,2.061153470123145e-09,2.061153470123145e-09,2.061153470123145e-09,2.061153470123145e-09,2.061153470123145e-09,2.061153470123145e-09,2.061153470123145e-09,2.061153470123145e-09,2.061153470123145e-09,2.061153470123145e-09,1.0,2.061153470123145e-09,2.061153470123145e-09
7,2025-02-28,1.025445065935588,-0.010376316073536873,2.061153470123145e-09,2.061153470123145e-09,2.061153470123145e-09,2.061153470123145e-09,2.061153470123145e-09,2.061153470123145e-09,2.061153470123145e-09,2.061153470123145e-09,0.9999999403953552,2.061153470123145e-09,2.061153470123145e-09,2.061153470123145e-09,2.061153470123145e-09,1.3192018144536632e-08
7,2025-03-04,1.0283082490840896,0.002788246263563633,6.870511937151491e-10,6.870511937151491e-10,6.870511937151491e-10,6.870511937151491e-10,0.3333333432674408,6.870511937151491e-10,6.870511937151491e-10,6.870511937151491e-10,0.3333333432674408,6.870511937151491e-10,6.870511937151491e-10,6.870511937151491e-10,6.870511937151491e-10,0.3333333432674408
7,2025-03-05,1.0395503022767008,0.010873242703080177,2.061153470123145e-09,2.061153470123145e-09,2.061153470123145e-09,2.061153470123145e-09,2.061153470123145e-09,2.061153470123145e-09,2.061153470123145e-09,2.061153470123145e-09,2.061153470123145e-09,2.061153470123145e-09,2.061153470123145e-09,1.0,2.061153470123145e-09,2.061153470123145e-09
7,2025-03-06,1.0335200949655843,-0.0058176744282245636,0.3333333432674408,0.3333333432674408,6.870511937151491e-10,6.870511937151491e-10,6.870511937151491e-10,6.870511937151491e-10,6.870511937151491e-10,6.870511937151491e-10,6.870511937151491e-10,6.870511937151491e-10,6.870511937151491e-10,0.3333333432674408,6.870511937151491e-10,6.870511937151491e-10
7,2025-03-07,1.020378363843855,-0.012797040097415448,0.5,1.030576846083875e-09,1.030576846083875e-09,1.030576846083875e-09,1.030576846083875e-09,1.030576846083875e-09,1.030576846083875e-09,1.030576846083875e-09,1.030576846083875e-09,1.030576846083875e-09,1.030576846083875e-09,0.5,1.030576846083875e-09,1.030576846083875e-09
7,2025-03-10,1.020072296226164,-0.00030000002056035894,2.061153470123145e-09,2.061153470123145e-09,2.061153470123145e-09,2.061153470123145e-09,2.061153470123145e-09,2.061153470123145e-09,2.061153470123145e-09,2.061153470123145e-09,1.0,2.061153470123145e-09,2.061153470123145e-09,2.061153470123145e-09,2.061153470123145e-09,2.061153470123145e-09
7,2025-03-11,1.010612360636944,-0.00931705864816904,2.061153026033935e-09,0.9999997019767761,2.061153026033935e-09,2.061153026033935e-09,2.061153026033935e-09,2.061153026033935e-09,2.061153026033935e-09,2.061153026033935e-09,2.061153026033935e-09,2.061153026033935e-09,2.061153026033935e-09,2.8530291729111923e-07,2.061153026033935e-09,2.061153026033935e-09
7,2025-03-12,1.0209868205603612,0.010213185945880337,2.061153470123145e-09,1.0,2.061153470123145e-09,2.061153470123145e-09,2.061153470123145e-09,2.061153470123145e-09,2.061153470123145e-09,2.061153470123145e-09,2.061153470123145e-09,2.061153470123145e-09,2.061153470123145e-09,2.061153470123145e-09,2.061153470123145e-09,2.061153470123145e-09
7,2025-03-13,1.009626650006384,-0.011189021679759025,2.061153470123145e-09,2.061153470123145e-09,2.061153470123145e-09,2.061153470123145e-09,2.061153470123145e-09,2.061153470123145e-09,2.061153470123145e-09,2.061153470123145e-09,2.061153470123145e-09,2.061153470123145e-09,2.061153470123145e-09,1.0,2.061153470123145e-09,2.061153470123145e-09
7,2025-03-14,1.0220123039187188,0.012192921712994576,2.061153470123145e-09,2.061153470123145e-09,2.061153470123145e-09,2.061153470123145e-09,2.061153470123145e-09,2.061153470123145e-09,2.061153470123145e-09,2.061153470123145e-09,2.061153470123145e-09,2.061153470123145e-09,2.061153470123145e-09,1.0,2.061153470123145e-09,2.061153470123145e-09
7,2025-03-17,1.0219898294649465,-2.199063631705937e-05,2.0611519158109104e-09,2.0611519158109104e-09,2.0611519158109104e-09,2.0611519158109104e-09,2.0611519158109104e-09,2.0611519158109104e-09,2.0611519158109104e-09,2.0611519158109104e-09,0.9999992251396179,2.0611519158109104e-09,2.0611519158109104e-09,2.0611519158109104e-09,2.0611519158109104e-09,7.602822620356164e-07
7,2025-03-18,1.0293769874311398,0.0072022125321124465,2.06115324807854e-09,2.06115324807854e-09,2.06115324807854e-09,2.06115324807854e-09,2.06115324807854e-09,2.06115324807854e-09,2.06115324807854e-09,2.06115324807854e-09,0.9999997615814209,2.06115324807854e-09,2.06115324807854e-09,2.06115324807854e-09,2.06115324807854e-09,1.857559794871122e-07
7,2025-03-19,1.0391529189629227,0.00945212760567665,1.030576846083875e-09,0.5,1.030576846083875e-09,1.030576846083875e-09,1.030576846083875e-09,1.030576846083875e-09,1.030576846083875e-09,1.030576846083875e-09,0.5,1.030576846083875e-09,1.030576846083875e-09,1.030576846083875e-09,1.030576846083875e-09,1.030576846083875e-09
7,2025-03-20,1.0424063661269514,0.0031259737223386765,2.061153470123145e-09,2.061153470123145e-09,2.061153470123145e-09,2.061153470123145e-09,2.061153470123145e-09,2.061153470123145e-09,2.061153470123145e-09,2.061153470123145e-09,0.9999998807907104,2.061153470123145e-09,2.061153470123145e-09,2.061153470123145e-09,2.061153470123145e-09,9.977890869095063e-08
7,2025-03-21,1.0358718194697878,-0.006288444190228867,2.061153470123145e-09,2.061153470123145e-09,2.061153470123145e-09,2.061153470123145e-09,2.061153470123145e-09,2.061153470123145e-09,2.061153470123145e-09,2.061153470123145e-09,1.0,2.061153470123145e-09,2.061153470123145e-09,2.061153470123145e-09,2.061153470123145e-09,2.061153470123145e-09
7,2025-03-24,1.0343779896611214,-0.001443139916099608,0.20000000298023224,4.122307217802046e-10,4.122307217802046e-10,4.122307217802046e-10,0.20000000298023224,4.122307217802046e-10,4.122307217802046e-10,4.122307217802046e-10,0.20000000298023224,4.122307217802046e-10,4.122307217802046e-10,0.20000000298023224,4.122307217802046e-10,0.20000000298023224
7,2025-03-25,1.0334281288139555,-0.0009187137086875736,6.870511937151491e-10,6.870511937151491e-10,6.870511937151491e-10,6.870511937151491e-10,0.3333333432674408,6.870511937151491e-10,6.870511937151491e-10,6.870511937151491e-10,0.3333333432674408,6.870511937151491e-10,6.870511937151491e-10,6.870511937151491e-10,6.870511937151491e-10,0.3333333432674408
7,2025-03-26,1.0274551651020873,-0.005796524678170681,6.803422365919687e-06,4.01745674025733e-05,6.803422365919687e-06,6.803422365919687e-06,6.803422365919687e-06,6.803422365919687e-06,6.803422365919687e-06,6.803422365919687e-06,6.803422365919687e-06,6.803422365919687e-06,6.803422365919687e-06,0.9998781681060791,6.803422365919687e-06,6.803422365919687e-06
7,2025-03-27,1.0213811819167888,-0.005929220250993967,0.20000000298023224,4.122307217802046e-10,4.122307217802046e-10,4.122307217802046e-10,0.20000000298023224,4.122307217802046e-10,4.122307217802046e-10,4.122307217802046e-10,0.20000000298023224,4.122307217802046e-10,4.122307217802046e-10,0.20000000298023224,4.122307217802046e-10,0.20000000298023224
7,2025-03-28,1.039895632834132,0.017964543825387955,2.06115280398933e-09,2.06115280398933e-09,2.06115280398933e-09,2.06115280398933e-09,2.06115280398933e-09,2.06115280398933e-09,2.06115280398933e-09,2.06115280398933e-09,0.9999996423721313,2.06115280398933e-09,2.06115280398933e-09,2.06115280398933e-09,2.06115280398933e-09,3.190585005086177e-07
7,2025-03-31,1.049970216152035,0.009641443124157377,2.0586876647854524e-09,2.0586876647854524e-09,2.0586876647854524e-09,2.0586876647854524e-09,2.344354754768574e-08,2.0586876647854524e-09,2.0586876647854524e-09,2.0586876647854524e-09,0.9988036155700684,2.0586876647854524e-09,2.0586876647854524e-09,2.0586876647854524e-09,2.0586876647854524e-09,0.0011963658034801483
7,2025-04-01,1.081122889565477,0.029238415372371672,0.5,1.030576846083875e-09,1.030576846083875e-09,1.030576846083875e-09,1.030576846083875e-09,1.030576846083875e-09,1.030576846083875e-09,1.030576846083875e-09,1.030576846083875e-09,1.030576846083875e-09,1.030576846083875e-09,0.5,1.030576846083875e-09,1.030576846083875e-09
7,2025-04-02,1.0753428926469284,-0.00536063294634223,2.0611514717217005e-09,2.0611514717217005e-09,2.0611514717217005e-09,2.0611514717217005e-09,2.0611514717217005e-09,2.0611514717217005e-09,2.0611514717217005e-09,2.0611514717217005e-09,0.999998927116394,2.0611514717217005e-09,2.0611514717217005e-09,7.428323556268879e-07,2.0611514717217005e-09,2.848150018053275e-07
7,2025-04-03,1.0739071630372046,-0.0013360286482146533,2.061153470123145e-09,2.061153470123145e-09,2.061153470123145e-09,2.061153470123145e-09,2.061153470123145e-09,2.061153470123145e-09,2.061153470123145e-09,2.061153470123145e-09,1.0,2.061153470123145e-09,2.061153470123145e-09,2.061153470123145e-09,2.061153470123145e-09,2.061153470123145e-09
7,2025-04-04,1.0664415348748266,-0.006976114169243948,2.06115324807854e-09,2.06115324807854e-09,2.06115324807854e-09,2.06115324807854e-09,2.06115324807854e-09,2.06115324807854e-09,2.06115324807854e-09,2.06115324807854e-09,0.9999998211860657,2.06115324807854e-09,2.06115324807854e-09,2.06115324807854e-09,2.06115324807854e-09,1.4931094938219758e-07
7,2025-04-07,1.038014636570378,-0.02701755241974456,2.06115324807854e-09,2.06115324807854e-09,2.06115324807854e-09,2.06115324807854e-09,2.06115324807854e-09,2.06115324807854e-09,2.06115324807854e-09,2.06115324807854e-09,0.9999997615814209,2.06115324807854e-09,2.06115324807854e-09,2.06115324807854e-09,2.06115324807854e-09,1.8403150647827715e-07
7,2025-04-08,1.0360045939943787,-0.0019383072014896897,2.06115324807854e-09,2.06115324807854e-09,2.06115324807854e-09,2.06115324807854e-09,2.06115324807854e-09,2.06115324807854e-09,2.06115324807854e-09,2.06115324807854e-09,0.9999998211860657,2.06115324807854e-09,2.06115324807854e-09,2.06115324807854e-09,2.06115324807854e-09,1.8154875647269364e-07
7,2025-04-09,1.0414602910046045,0.005252276071221776,2.06115324807854e-09,2.06115324807854e-09,2.06115324807854e-09,2.06115324807854e-09,2.06115324807854e-09,2.06115324807854e-09,2.06115324807854e-09,2.06115324807854e-09,0.9999997615814209,2.06115324807854e-09,2.06115324807854e-09,2.06115324807854e-09,2.06115324807854e-09,1.910779019453912e-07
7,2025-04-10,1.1052417778275831,0.05944026024341583,0.5,1.030576846083875e-09,1.030576846083875e-09,1.030576846083875e-09,1.030576846083875e-09,1.030576846083875e-09,1.030576846083875e-09,1.030576846083875e-09,1.030576846083875e-09,1.030576846083875e-09,1.030576846083875e-09,0.5,1.030576846083875e-09,1.030576846083875e-09
7,2025-04-11,1.1335822587734121,0.025318644431233404,2.06115324807854e-09,2.06115324807854e-09,2.06115324807854e-09,2.06115324807854e-09,2.06115324807854e-09,2.06115324807854e-09,2.06115324807854e-09,2.06115324807854e-09,0.9999998211860657,2.06115324807854e-09,2.06115324807854e-09,2.06115324807854e-09,2.06115324807854e-09,1.8252953282171802e-07
7,2025-04-14,1.143607252178957,0.008804764049663209,2.055525083477505e-09,2.055525083477505e-09,2.055525083477505e-09,2.055525083477505e-09,1.2188357914055814e-06,2.055525083477505e-09,2.055525083477505e-09,2.055525083477505e-09,0.9972692131996155,2.055525083477505e-09,2.055525083477505e-09,2.055525083477505e-09,2.055525083477505e-09,0.00272956769913435
7,2025-04-15,1.1400593677981092,-0.0031071849141735583,2.061153470123145e-09,2.061153470123145e-09,2.061153470123145e-09,2.061153470123145e-09,2.061153470123145e-09,2.061153470123145e-09,2.061153470123145e-09,2.061153470123145e-09,1.0,2.061153470123145e-09,2.061153470123145e-09,2.061153470123145e-09,2.061153470123145e-09,2.061153470123145e-09
7,2025-04-16,1.1247048461128828,-0.013559695842862129,2.061153470123145e-09,2.061153470123145e-09,2.061153470123145e-09,2.061153470123145e-09,2.061153470123145e-09,2.061153470123145e-09,2.061153470123145e-09,2.061153470123145e-09,2.061153470123145e-09,2.061153470123145e-09,2.061153470123145e-09,1.0,2.061153470123145e-09,2.061153470123145e-09
7,2025-04-17,1.137222388953385,0.011068146166205406,2.0611523599001202e-09,2.0611523599001202e-09,2.0611523599001202e-09,2.0611523599001202e-09,2.0611523599001202e-09,2.0611523599001202e-09,2.0611523599001202e-09,2.0611523599001202e-09,0.9999994039535522,2.0611523599001202e-09,2.0611523599001202e-09,2.0611523599001202e-09,2.0611523599001202e-09,5.683610311280063e-07
7,2025-04-18,1.1397933263665108,0.0022581649202757944,2.06115324807854e-09,2.06115324807854e-09,2.06115324807854e-09,2.06115324807854e-09,2.06115324807854e-09,2.06115324807854e-09,2.06115324807854e-09,2.06115324807854e-09,0.9999998211860657,2.06115324807854e-09,2.06115324807854e-09,2.06115324807854e-09,2.06115324807854e-09,1.8086717545884312e-07
7,2025-04-21,1.1367036517546152,-0.002714413011446595,2.061153470123145e-09,2.061153470123145e-09,2.061153470123145e-09,2.061153470123145e-09,2.061153470123145e-09,2.061153470123145e-09,2.061153470123145e-09,2.061153470123145e-09,2.061153470123145e-09,2.061153470123145e-09,2.061153470123145e-09,1.0,2.061153470123145e-09,2.061153470123145e-09
7,2025-04-22,1.14280402757292,0.00535237537228968,3.845996252493933e-05,0.0013722905423492193,3.845996252493933e-05,3.845996252493933e-05,3.845996252493933e-05,3.845996252493933e-05,3.845996252493933e-05,3.845996252493933e-05,3.845996252493933e-05,3.845996252493933e-05,3.845996252493933e-05,0.9981662034988403,3.845996252493933e-05,3.845996252493933e-05
7,2025-04-23,1.172793164324649,0.025903307953476905,0.5,1.030576846083875e-09,1.030576846083875e-09,1.030576846083875e-09,1.030576846083875e-09,1.030576846083875e-09,1.030576846083875e-09,1.030576846083875e-09,1.030576846083875e-09,1.030576846083875e-09,1.030576846083875e-09,0.5,1.030576846083875e-09,1.030576846083875e-09
7,2025-04-24,1.170962865649975,-0.0015618511682376265,2.061153470123145e-09,2.061153470123145e-09,2.061153470123145e-09,2.061153470123145e-09,2.061153470123145e-09,2.061153470123145e-09,2.061153470123145e-09,2.061153470123145e-09,1.0,2.061153470123145e-09,2.061153470123145e-09,2.061153470123145e-09,2.061153470123145e-09,2.061153470123145e-09
7,2025-04-25,1.175264929171678,0.003667221360653639,0.5,1.030576846083875e-09,1.030576846083875e-09,1.030576846083875e-09,1.030576846083875e-09,1.030576846083875e-09,1.030576846083875e-09,1.030576846083875e-09,1.030576846083875e-09,1.030576846083875e-09,1.030576846083875e-09,0.5,1.030576846083875e-09,1.030576846083875e-09
7,2025-04-28,1.1731195726911732,-0.0018270918374881148,2.06115324807854e-09,2.06115324807854e-09,2.06115324807854e-09,2.06115324807854e-09,2.06115324807854e-09,2.06115324807854e-09,2.06115324807854e-09,2.06115324807854e-09,0.9999997615814209,2.06115324807854e-09,2.06115324807854e-09,2.06115324807854e-09,2.06115324807854e-09,1.9690970987085166e-07
7,2025-04-29,1.1850718405484248,0.01013689570566135,2.0611523599001202e-09,2.0611523599001202e-09,2.0611523599001202e-09,2.0611523599001202e-09,2.0611523599001202e-09,2.0611523599001202e-09,2.0611523599001202e-09,2.0611523599001202e-09,0.9999994039535522,2.0611523599001202e-09,2.0611523599001202e-09,2.0611523599001202e-09,2.0611523599001202e-09,5.55192059437104e-07
7,2025-04-30,1.170336330720829,-0.012512228029966354,0.5,1.030576846083875e-09,1.030576846083875e-09,1.030576846083875e-09,1.030576846083875e-09,1.030576846083875e-09,1.030576846083875e-09,1.030576846083875e-09,1.030576846083875e-09,1.030576846083875e-09,1.030576846083875e-09,0.5,1.030576846083875e-09,1.030576846083875e-09
7,2025-05-02,1.1634601167406904,-0.005892745175212622,3.379573854545015e-06,6.870488622467974e-10,6.870488622467974e-10,6.870488622467974e-10,0.33333221077919006,6.870488622467974e-10,6.870488622467974e-10,6.870488622467974e-10,0.33333221077919006,6.870488622467974e-10,6.870488622467974e-10,6.870488622467974e-10,6.870488622467974e-10,0.33333221077919006
7,2025-05-07,1.139371523870324,-0.020921608942747118,2.0611270468151588e-09,1.2869585589214694e-05,2.0611270468151588e-09,2.0611270468151588e-09,2.0611270468151588e-09,2.0611270468151588e-09,2.0611270468151588e-09,2.0611270468151588e-09,2.0611270468151588e-09,2.0611270468151588e-09,2.0611270468151588e-09,0.9999871253967285,2.0611270468151588e-09,2.0611270468151588e-09
7,2025-05-08,1.1365482543296066,-0.0024809934128075836,2.0611070628007155e-09,0.9999774694442749,2.0611070628007155e-09,2.0611070628007155e-09,2.0611070628007155e-09,2.0611070628007155e-09,2.0611070628007155e-09,2.0611070628007155e-09,2.0611070628007155e-09,2.0611070628007155e-09,2.0611070628007155e-09,2.2515407181344926e-05,2.0611070628007155e-09,2.0611070628007155e-09
7,2025-05-09,1.1234037697747166,-0.011632665330171585,0.5,1.030576846083875e-09,1.030576846083875e-09,1.030576846083875e-09,1.030576846083875e-09,1.030576846083875e-09,1.030576846083875e-09,1.030576846083875e-09,1.030576846083875e-09,1.030576846083875e-09,1.030576846083875e-09,0.5,1.030576846083875e-09,1.030576846083875e-09
7,2025-05-12,1.134791013898179,0.010085348461568356,2.061153470123145e-09,1.0,2.061153470123145e-09,2.061153470123145e-09,2.061153470123145e-09,2.061153470123145e-09,2.061153470123145e-09,2.061153470123145e-09,2.061153470123145e-09,2.061153470123145e-09,2.061153470123145e-09,2.061153470123145e-09,2.061153470123145e-09,2.061153470123145e-09
7,2025-05-13,1.1302143006217984,-0.0040412439439445735,2.289923251019843e-10,5.322468723534257e-07,0.11109910160303116,0.00010685539018595591,0.11109910160303116,0.11109910160303116,0.11109910160303116,0.11109910160303116,0.11109910160303116,0.11109910160303116,6.643294909736142e-07,2.289923251019843e-10,0.11109910160303116,0.11109910160303116
7,2025-05-14,1.1427916589833707,0.011066831281781197,2.061153470123145e-09,1.0,2.061153470123145e-09,2.061153470123145e-09,2.061153470123145e-09,2.061153470123145e-09,2.061153470123145e-09,2.061153470123145e-09,2.061153470123145e-09,2.061153470123145e-09,2.061153470123145e-09,2.061153470123145e-09,2.061153470123145e-09,2.061153470123145e-09
7,2025-05-15,1.1403313080240451,-0.0021552513353526592,2.061153470123145e-09,1.0,2.061153470123145e-09,2.061153470123145e-09,2.061153470123145e-09,2.061153470123145e-09,2.061153470123145e-09,2.061153470123145e-09,2.061153470123145e-09,2.061153470123145e-09,2.061153470123145e-09,2.061153470123145e-09,2.061153470123145e-09,2.061153470123145e-09
7,2025-05-16,1.1452520093267162,0.00430586701259017,2.061153470123145e-09,1.0,2.061153470123145e-09,2.061153470123145e-09,2.061153470123145e-09,2.061153470123145e-09,2.061153470123145e-09,2.061153470123145e-09,2.061153470123145e-09,2.061153470123145e-09,2.061153470123145e-09,2.061153470123145e-09,2.061153470123145e-09,2.061153470123145e-09
7,2025-05-19,1.1446368900498216,-0.0005372481537051499,2.061153470123145e-09,1.0,2.061153470123145e-09,2.061153470123145e-09,2.061153470123145e-09,2.061153470123145e-09,2.061153470123145e-09,2.061153470123145e-09,2.061153470123145e-09,2.061153470123145e-09,2.061153470123145e-09,2.061153470123145e-09,2.061153470123145e-09,2.061153470123145e-09
7,2025-05-20,1.1550929107058752,0.009093322791159153,2.061153470123145e-09,1.0,2.061153470123145e-09,2.061153470123145e-09,2.061153470123145e-09,2.061153470123145e-09,2.061153470123145e-09,2.061153470123145e-09,2.061153470123145e-09,2.061153470123145e-09,2.061153470123145e-09,2.061153470123145e-09,2.061153470123145e-09,2.061153470123145e-09
7,2025-05-21,1.1704483653704454,0.01320611075758934,0.5,1.030576846083875e-09,1.030576846083875e-09,1.030576846083875e-09,1.030576846083875e-09,1.030576846083875e-09,1.030576846083875e-09,1.030576846083875e-09,1.030576846083875e-09,1.030576846083875e-09,1.030576846083875e-09,0.5,1.030576846083875e-09,1.030576846083875e-09
7,2025-05-22,1.1715923604992267,0.0009769217137247325,6.870511937151491e-10,6.870511937151491e-10,6.870511937151491e-10,6.870511937151491e-10,0.3333333432674408,6.870511937151491e-10,6.870511937151491e-10,6.870511937151491e-10,0.3333333432674408,6.870511937151491e-10,6.870511937151491e-10,6.870511937151491e-10,6.870511937151491e-10,0.3333333432674408
7,2025-05-23,1.1686999412916736,-0.002471845656260848,2.06115324807854e-09,2.06115324807854e-09,2.06115324807854e-09,2.06115324807854e-09,2.06115324807854e-09,2.06115324807854e-09,2.06115324807854e-09,2.06115324807854e-09,0.9999998211860657,2.06115324807854e-09,2.06115324807854e-09,2.06115324807854e-09,2.06115324807854e-09,1.811876870760898e-07
7,2025-05-26,1.1772939211728313,0.007326548002660274,0.20000000298023224,4.122307217802046e-10,4.122307217802046e-10,4.122307217802046e-10,0.20000000298023224,4.122307217802046e-10,4.122307217802046e-10,4.122307217802046e-10,0.20000000298023224,4.122307217802046e-10,4.122307217802046e-10,0.20000000298023224,4.122307217802046e-10,0.20000000298023224
7,2025-05-27,1.1693069371576024,-0.006807305835187435,2.06115324807854e-09,2.06115324807854e-09,2.06115324807854e-09,2.06115324807854e-09,2.06115324807854e-09,2.06115324807854e-09,2.06115324807854e-09,2.06115324807854e-09,0.9999997615814209,2.06115324807854e-09,2.06115324807854e-09,2.06115324807854e-09,2.06115324807854e-09,1.8535207857439673e-07
7,2025-05-28,1.1709628967895849,0.0014151871586218477,0.20000000298023224,4.122307217802046e-10,4.122307217802046e-10,4.122307217802046e-10,0.20000000298023224,4.122307217802046e-10,4.122307217802046e-10,4.122307217802046e-10,0.20000000298023224,4.122307217802046e-10,4.122307217802046e-10,0.20000000298023224,4.122307217802046e-10,0.20000000298023224
7,2025-05-29,1.1593507524665199,-0.009966246768832206,2.06115324807854e-09,2.06115324807854e-09,2.06115324807854e-09,2.06115324807854e-09,2.06115324807854e-09,2.06115324807854e-09,2.06115324807854e-09,2.06115324807854e-09,0.9999998211860657,2.06115324807854e-09,2.06115324807854e-09,2.06115324807854e-09,2.06115324807854e-09,1.7910556948663725e-07
7,2025-05-30,1.1719084524358252,0.010773423567414283,2.061153470123145e-09,2.061153470123145e-09,2.061153470123145e-09,2.061153470123145e-09,2.061153470123145e-09,2.061153470123145e-09,2.061153470123145e-09,2.061153470123145e-09,2.061153470123145e-09,2.061153470123145e-09,2.061153470123145e-09,1.0,2.061153470123145e-09,2.061153470123145e-09
7,2025-06-02,1.1895531361913272,0.014944144946336746,2.061153026033935e-09,2.061153026033935e-09,2.061153026033935e-09,2.061153026033935e-09,2.061153026033935e-09,2.061153026033935e-09,2.061153026033935e-09,2.061153026033935e-09,0.9999997615814209,2.061153026033935e-09,2.061153026033935e-09,2.061153026033935e-09,2.061153026033935e-09,2.115218080689374e-07
7,2025-06-04,1.1869063125488841,-0.0022275362100452186,9.728362559968673e-10,9.728362559968673e-10,9.728362559968673e-10,9.728362559968673e-10,4.05350438086316e-05,9.728362559968673e-10,9.728362559968673e-10,9.728362559968673e-10,0.4719862937927246,9.728362559968673e-10,9.728362559968673e-10,0.05598687753081322,9.728362559968673e-10,0.4719862937927246
7,2025-06-05,1.1842451977653738,-0.0022445768557488917,2.061153470123145e-09,1.0,2.061153470123145e-09,2.061153470123145e-09,2.061153470123145e-09,2.061153470123145e-09,2.061153470123145e-09,2.061153470123145e-09,2.061153470123145e-09,2.061153470123145e-09,2.061153470123145e-09,2.061153470123145e-09,2.061153470123145e-09,2.061153470123145e-09
7,2025-06-09,1.1664145171038742,-0.015171079456806184,2.06115280398933e-09,2.06115280398933e-09,2.06115280398933e-09,2.06115280398933e-09,2.06115280398933e-09,2.06115280398933e-09,2.06115280398933e-09,2.06115280398933e-09,0.9999995827674866,2.06115280398933e-09,2.06115280398933e-09,2.06115280398933e-09,2.06115280398933e-09,3.9903349602354865e-07
7,2025-06-10,1.1696669663112627,0.0027845358408987524,0.20000000298023224,4.122307217802046e-10,4.122307217802046e-10,4.122307217802046e-10,0.20000000298023224,4.122307217802046e-10,4.122307217802046e-10,4.122307217802046e-10,0.20000000298023224,4.122307217802046e-10,4.122307217802046e-10,0.20000000298023224,4.122307217802046e-10,0.20000000298023224
7,2025-06-11,1.1836709260591471,0.011901499646902085,2.061153470123145e-09,2.061153470123145e-09,2.061153470123145e-09,2.061153470123145e-09,2.061153470123145e-09,2.061153470123145e-09,2.061153470123145e-09,2.061153470123145e-09,2.061153470123145e-09,2.061153470123145e-09,2.061153470123145e-09,1.0,2.061153470123145e-09,2.061153470123145e-09
7,2025-06-12,1.1858756281578353,0.0018608646713197232,0.5,1.030576846083875e-09,1.030576846083875e-09,1.030576846083875e-09,1.030576846083875e-09,1.030576846083875e-09,1.030576846083875e-09,1.030576846083875e-09,1.030576846083875e-09,1.030576846083875e-09,1.030576846083875e-09,0.5,1.030576846083875e-09,1.030576846083875e-09
7,2025-06-13,1.1928854069474006,0.005893655543029308,2.0500966202430249e-10,0.099463552236557,0.099463552236557,0.005363832227885723,0.099463552236557,0.099463552236557,0.099463552236557,0.099463552236557,0.099463552236557,0.099463552236557,6.186141376929299e-07,2.0500966202430249e-10,0.099463552236557,0.099463552236557
7,2025-06-16,1.2011418137415306,0.006897531871497631,0.5,1.030576846083875e-09,1.030576846083875e-09,1.030576846083875e-09,1.030576846083875e-09,1.030576846083875e-09,1.030576846083875e-09,1.030576846083875e-09,1.030576846083875e-09,1.030576846083875e-09,1.030576846083875e-09,0.5,1.030576846083875e-09,1.030576846083875e-09
7,2025-06-17,1.1912986064589177,-0.0082286377876997,2.061153470123145e-09,2.061153470123145e-09,2.061153470123145e-09,2.061153470123145e-09,2.061153470123145e-09,2.061153470123145e-09,2.061153470123145e-09,2.061153470123145e-09,0.9999999403953552,2.061153470123145e-09,2.061153470123145e-09,2.061153470123145e-09,2.061153470123145e-09,2.9141421720169092e-08
7,2025-06-18,1.1898508073755822,-0.0012160507470369338,2.061153470123145e-09,2.061153470123145e-09,2.061153470123145e-09,2.061153470123145e-09,2.061153470123145e-09,2.061153470123145e-09,2.061153470123145e-09,2.061153470123145e-09,2.061153470123145e-09,2.061153470123145e-09,2.061153470123145e-09,1.0,2.061153470123145e-09,2.061153470123145e-09
7,2025-06-19,1.1915643925243202,0.0014391320291906595,2.061153470123145e-09,2.061153470123145e-09,2.061153470123145e-09,2.061153470123145e-09,2.061153470123145e-09,2.061153470123145e-09,2.061153470123145e-09,2.061153470123145e-09,2.061153470123145e-09,2.061153470123145e-09,2.061153470123145e-09,1.0,2.061153470123145e-09,2.061153470123145e-09
7,2025-06-20,1.2070660909197783,0.012925637631118297,0.5,1.030576846083875e-09,1.030576846083875e-09,1.030576846083875e-09,1.030576846083875e-09,1.030576846083875e-09,1.030576846083875e-09,1.030576846083875e-09,1.030576846083875e-09,1.030576846083875e-09,1.030576846083875e-09,0.5,1.030576846083875e-09,1.030576846083875e-09
7,2025-06-23,1.2115770488059305,0.003730160140246153,2.061153470123145e-09,2.061153470123145e-09,2.061153470123145e-09,2.061153470123145e-09,2.061153470123145e-09,2.061153470123145e-09,2.061153470123145e-09,2.061153470123145e-09,1.0,2.061153470123145e-09,2.061153470123145e-09,2.061153470123145e-09,2.061153470123145e-09,2.061153470123145e-09
7,2025-06-24,1.2229915310668613,0.00937707484960556,5.8440825512207084e-08,2.061153470123145e-09,2.061153470123145e-09,2.061153470123145e-09,2.061153470123145e-09,2.061153470123145e-09,2.061153470123145e-09,2.061153470123145e-09,2.061153470123145e-09,2.061153470123145e-09,2.061153470123145e-09,0.9999999403953552,2.061153470123145e-09,2.061153470123145e-09
7,2025-06-25,1.224486535060312,0.0012216691132634879,2.06115324807854e-09,2.06115324807854e-09,2.06115324807854e-09,2.06115324807854e-09,2.06115324807854e-09,2.06115324807854e-09,2.06115324807854e-09,2.06115324807854e-09,0.9999998211860657,2.06115324807854e-09,2.06115324807854e-09,2.06115324807854e-09,2.06115324807854e-09,1.690387421149353e-07
7,2025-06-26,1.2287688760068367,0.003491153246164322,3.418660909915161e-10,3.418660909915161e-10,3.418660909915161e-10,3.418660909915161e-10,0.16586153209209442,3.418660909915161e-10,0.0048308176919817924,0.16586153209209442,0.16586153209209442,0.16586153209209442,3.418660909915161e-10,3.418660909915161e-10,0.16586153209209442,0.16586153209209442
7,2025-06-27,1.2135446327794068,-0.01246722860634327,2.061137704956195e-09,2.061137704956195e-09,2.061137704956195e-09,2.061137704956195e-09,2.061137704956195e-09,2.061137704956195e-09,2.061137704956195e-09,2.061137704956195e-09,0.9999922513961792,2.061137704956195e-09,2.061137704956195e-09,7.747042218397837e-06,2.061137704956195e-09,2.061137704956195e-09
7,2025-06-30,1.2132507838853108,-0.00024217030699364838,0.24978429079055786,5.148438342317263e-10,5.148438342317263e-10,5.148438342317263e-10,0.24978429079055786,5.148438342317263e-10,5.148438342317263e-10,5.148438342317263e-10,0.24978429079055786,5.148438342317263e-10,5.148438342317263e-10,0.0008628108189441264,5.148438342317263e-10,0.24978429079055786
7,2025-07-01,1.227295749417318,0.011509815847873688,2.06115324807854e-09,2.06115324807854e-09,2.06115324807854e-09,2.06115324807854e-09,2.06115324807854e-09,2.06115324807854e-09,2.06115324807854e-09,2.06115324807854e-09,0.9999998211860657,2.06115324807854e-09,2.06115324807854e-09,2.06115324807854e-09,2.06115324807854e-09,1.4978816409438878e-07
7,2025-07-02,1.226631876699916,-0.0005410695299506187,0.20000000298023224,4.122307217802046e-10,4.122307217802046e-10,4.122307217802046e-10,0.20000000298023224,4.122307217802046e-10,4.122307217802046e-10,4.122307217802046e-10,0.20000000298023224,4.122307217802046e-10,4.122307217802046e-10,0.20000000298023224,4.122307217802046e-10,0.20000000298023224
7,2025-07-03,1.2362684480697925,0.00782542472332716,7.550550799351186e-05,5.152495097249243e-10,5.152495097249243e-10,5.152495097249243e-10,0.2499811202287674,5.152495097249243e-10,5.152495097249243e-10,5.152495097249243e-10,0.2499811202287674,5.152495097249243e-10,5.152495097249243e-10,0.2499811202287674,5.152495097249243e-10,0.2499811202287674
7,2025-07-04,1.2297793262591439,-0.00526278270483017,2.061153026033935e-09,2.061153026033935e-09,2.061153026033935e-09,2.061153026033935e-09,2.061153026033935e-09,2.061153026033935e-09,2.061153026033935e-09,2.061153026033935e-09,0.9999997019767761,2.061153026033935e-09,2.061153026033935e-09,2.061153026033935e-09,2.061153026033935e-09,2.9852290595044906e-07
7,2025-07-07,1.2179783671043773,-0.009642335611168137,2.06115324807854e-09,2.06115324807854e-09,2.06115324807854e-09,2.06115324807854e-09,2.06115324807854e-09,2.06115324807854e-09,2.06115324807854e-09,2.06115324807854e-09,0.9999997615814209,2.06115324807854e-09,2.06115324807854e-09,2.06115324807854e-09,2.06115324807854e-09,1.9200548706521658e-07
7,2025-07-08,1.2257421296972868,0.006354072590860201,2.061153026033935e-09,2.061153026033935e-09,2.061153026033935e-09,2.061153026033935e-09,2.061153026033935e-09,2.061153026033935e-09,2.061153026033935e-09,2.061153026033935e-09,0.9999997615814209,2.061153026033935e-09,2.061153026033935e-09,2.061153026033935e-09,2.061153026033935e-09,2.3212290045648842e-07
7,2025-07-09,1.2256959138340369,-3.770510405302045e-05,0.5,1.030576846083875e-09,1.030576846083875e-09,1.030576846083875e-09,1.030576846083875e-09,1.030576846083875e-09,1.030576846083875e-09,1.030576846083875e-09,1.030576846083875e-09,1.030576846083875e-09,1.030576846083875e-09,0.5,1.030576846083875e-09,1.030576846083875e-09
7,2025-07-10,1.2388660078105385,0.010687675748765469,2.06115280398933e-09,2.06115280398933e-09,2.06115280398933e-09,2.06115280398933e-09,2.06115280398933e-09,2.06115280398933e-09,2.06115280398933e-09,2.06115280398933e-09,0.9999996423721313,2.06115280398933e-09,2.06115280398933e-09,2.06115280398933e-09,2.06115280398933e-09,3.541281046182121e-07
7,2025-07-11,1.2407383378195298,0.0015101847745478153,0.20000000298023224,4.122307217802046e-10,4.122307217802046e-10,4.122307217802046e-10,0.20000000298023224,4.122307217802046e-10,4.122307217802046e-10,4.122307217802046e-10,0.20000000298023224,4.122307217802046e-10,4.122307217802046e-10,0.20000000298023224,4.122307217802046e-10,0.20000000298023224
7,2025-07-14,1.2367834997325906,-0.003192578475922346,0.5,1.030576846083875e-09,1.030576846083875e-09,1.030576846083875e-09,1.030576846083875e-09,1.030576846083875e-09,1.030576846083875e-09,1.030576846083875e-09,1.030576846083875e-09,1.030576846083875e-09,1.030576846083875e-09,0.5,1.030576846083875e-09,1.030576846083875e-09
7,2025-07-15,1.2348611620883143,-0.001555513267405331,2.06115280398933e-09,2.06115280398933e-09,2.06115280398933e-09,2.06115280398933e-09,2.06115280398933e-09,2.06115280398933e-09,2.06115280398933e-09,2.06115280398933e-09,0.9999995827674866,2.06115280398933e-09,2.06115280398933e-09,2.06115280398933e-09,2.06115280398933e-09,4.0717196725381655e-07
7,2025-07-16,1.2343630648235753,-0.0004034443418029696,0.20000000298023224,4.122307217802046e-10,4.122307217802046e-10,4.122307217802046e-10,0.20000000298023224,4.122307217802046e-10,4.122307217802046e-10,4.122307217802046e-10,0.20000000298023224,4.122307217802046e-10,4.122307217802046e-10,0.20000000298023224,4.122307217802046e-10,0.20000000298023224
7,2025-07-17,1.2833464049015837,0.038915945160388946,2.061153470123145e-09,2.061153470123145e-09,2.061153470123145e-09,2.061153470123145e-09,2.061153470123145e-09,2.061153470123145e-09,2.061153470123145e-09,2.061153470123145e-09,2.061153470123145e-09,2.061153470123145e-09,2.061153470123145e-09,1.0,2.061153470123145e-09,2.061153470123145e-09
7,2025-07-18,1.2862169337721099,0.002234255152568221,2.0611485851418365e-09,2.0611485851418365e-09,2.0611485851418365e-09,2.0611485851418365e-09,2.0611485851418365e-09,2.0611485851418365e-09,2.0611485851418365e-09,2.0611485851418365e-09,0.999997615814209,2.0611485851418365e-09,2.0611485851418365e-09,2.0611485851418365e-09,2.0611485851418365e-09,2.3686422991886502e-06
7,2025-07-21,1.2992385749720132,0.01007308094160246,2.06115324807854e-09,2.06115324807854e-09,2.06115324807854e-09,2.06115324807854e-09,2.06115324807854e-09,2.06115324807854e-09,2.06115324807854e-09,2.06115324807854e-09,0.9999997615814209,2.06115324807854e-09,2.06115324807854e-09,2.06115324807854e-09,2.06115324807854e-09,1.9019097408090602e-07
7,2025-07-22,1.2967208468534017,-0.0019397290164604782,2.061153470123145e-09,2.061153470123145e-09,2.061153470123145e-09,2.061153470123145e-09,2.061153470123145e-09,2.061153470123145e-09,2.061153470123145e-09,2.061153470123145e-09,2.061153470123145e-09,2.061153470123145e-09,2.061153470123145e-09,1.0,2.061153470123145e-09,2.061153470123145e-09
7,2025-07-23,1.3108611184528358,0.01084561129361391,2.061153026033935e-09,2.061153026033935e-09,2.061153026033935e-09,2.061153026033935e-09,2.061153026033935e-09,2.061153026033935e-09,2.061153026033935e-09,2.061153026033935e-09,0.9999997019767761,2.061153026033935e-09,2.061153026033935e-09,2.061153026033935e-09,2.061153026033935e-09,2.929420759301138e-07
7,2025-07-24,1.288584933845156,-0.017139597813239378,2.0609416395700464e-09,2.0609416395700464e-09,2.0609416395700464e-09,2.0609416395700464e-09,3.020871774950251e-09,2.0609416395700464e-09,2.0609416395700464e-09,2.0609416395700464e-09,0.9998971819877625,2.0609416395700464e-09,2.0609416395700464e-09,2.0609416395700464e-09,2.0609416395700464e-09,0.00010277852561557665
7,2025-07-25,1.2766950705929068,-0.009269902992248535,0.5,1.030576846083875e-09,1.030576846083875e-09,1.030576846083875e-09,1.030576846083875e-09,1.030576846083875e-09,1.030576846083875e-09,1.030576846083875e-09,1.030576846083875e-09,1.030576846083875e-09,1.030576846083875e-09,0.5,1.030576846083875e-09,1.030576846083875e-09
7,2025-07-28,1.2692375662607545,-0.005858384116739035,2.061152581944725e-09,2.061152581944725e-09,2.061152581944725e-09,2.061152581944725e-09,2.061152581944725e-09,2.061152581944725e-09,2.061152581944725e-09,2.061152581944725e-09,0.999999463558197,2.061152581944725e-09,2.061152581944725e-09,2.061152581944725e-09,2.061152581944725e-09,4.909323934043641e-07
7,2025-07-29,1.2615199582449659,-0.0060990686501981,2.06115324807854e-09,2.06115324807854e-09,2.06115324807854e-09,2.06115324807854e-09,2.06115324807854e-09,2.06115324807854e-09,2.06115324807854e-09,2.06115324807854e-09,0.9999997615814209,2.06115324807854e-09,2.06115324807854e-09,2.06115324807854e-09,2.06115324807854e-09,1.8567637027899764e-07
7,2025-07-30,1.246891371843761,-0.011663758705556393,2.061153470123145e-09,2.061153470123145e-09,2.061153470123145e-09,2.061153470123145e-09,2.061153470123145e-09,2.061153470123145e-09,2.061153470123145e-09,2.061153470123145e-09,2.061153470123145e-09,2.061153470123145e-09,2.061153470123145e-09,1.0,2.061153470123145e-09,2.061153470123145e-09
7,2025-07-31,1.2369922623138014,-0.007970713122934103,2.061147696963417e-09,2.061147696963417e-09,2.061147696963417e-09,2.061147696963417e-09,2.061147696963417e-09,2.061147696963417e-09,2.061147696963417e-09,2.061147696963417e-09,0.999997079372406,2.061147696963417e-09,2.061147696963417e-09,2.061147696963417e-09,2.061147696963417e-09,2.8789311272703344e-06
7,2025-08-01,1.232864676372487,-0.0033423715513673643,2.06115324807854e-09,2.06115324807854e-09,2.06115324807854e-09,2.06115324807854e-09,2.06115324807854e-09,2.06115324807854e-09,2.06115324807854e-09,2.06115324807854e-09,0.9999998211860657,2.06115324807854e-09,2.06115324807854e-09,2.06115324807854e-09,2.06115324807854e-09,1.815049586184614e-07
7,2025-08-04,1.2475139142475296,0.011812235650420189,0.5,1.030576846083875e-09,1.030576846083875e-09,1.030576846083875e-09,1.030576846083875e-09,1.030576846083875e-09,1.030576846083875e-09,1.030576846083875e-09,1.030576846083875e-09,1.030576846083875e-09,1.030576846083875e-09,0.5,1.030576846083875e-09,1.030576846083875e-09
7,2025-08-05,1.2534399721430554,0.004739046984165907,2.061153470123145e-09,2.061153470123145e-09,2.061153470123145e-09,2.061153470123145e-09,2.061153470123145e-09,2.061153470123145e-09,2.061153470123145e-09,2.061153470123145e-09,1.0,2.061153470123145e-09,2.061153470123145e-09,2.061153470123145e-09,2.061153470123145e-09,2.061153470123145e-09
7,2025-08-06,1.2537213889740595,0.00022449040301144124,6.864743218315539e-10,6.864743218315539e-10,6.864743218315539e-10,6.864743218315539e-10,0.0008396299090236425,6.864743218315539e-10,6.864743218315539e-10,6.864743218315539e-10,0.33305343985557556,6.864743218315539e-10,6.864743218315539e-10,0.33305343985557556,6.864743218315539e-10,0.33305343985557556
7,2025-08-07,1.2614996903836668,0.006185003989934921,1.030576846083875e-09,0.5,1.030576846083875e-09,1.030576846083875e-09,1.030576846083875e-09,1.030576846083875e-09,1.030576846083875e-09,1.030576846083875e-09,0.5,1.030576846083875e-09,1.030576846083875e-09,1.030576846083875e-09,1.030576846083875e-09,1.030576846083875e-09
7,2025-08-08,1.2773481702372773,0.01248494323939085,2.06115280398933e-09,2.06115280398933e-09,2.06115280398933e-09,2.06115280398933e-09,2.06115280398933e-09,2.06115280398933e-09,2.06115280398933e-09,2.06115280398933e-09,0.9999996423721313,2.06115280398933e-09,2.06115280398933e-09,2.06115280398933e-09,2.06115280398933e-09,3.4792125802596274e-07
7,2025-08-11,1.2687103046278327,-0.006785310577601194,6.870511937151491e-10,6.870511937151491e-10,6.870511937151491e-10,6.870511937151491e-10,0.3333333432674408,6.870511937151491e-10,6.870511937151491e-10,6.870511937151491e-10,0.3333333432674408,6.870511937151491e-10,6.870511937151491e-10,6.870511937151491e-10,6.870511937151491e-10,0.3333333432674408
7,2025-08-12,1.2557209965340341,-0.010290969473123551,2.06115324807854e-09,2.06115324807854e-09,2.06115324807854e-09,2.06115324807854e-09,2.06115324807854e-09,2.06115324807854e-09,2.06115324807854e-09,2.06115324807854e-09,0.9999998807907104,2.06115324807854e-09,2.06115324807854e-09,2.06115324807854e-09,2.06115324807854e-09,1.068241104462686e-07
7,2025-08-13,1.2690531571831547,0.010561170035600663,0.20000000298023224,4.122307217802046e-10,4.122307217802046e-10,4.122307217802046e-10,0.20000000298023224,4.122307217802046e-10,4.122307217802046e-10,4.122307217802046e-10,0.20000000298023224,4.122307217802046e-10,4.122307217802046e-10,0.20000000298023224,4.122307217802046e-10,0.20000000298023224
7,2025-08-14,1.2674255621470185,-0.0012833502186462282,1.7176279842878728e-10,0.0833333358168602,0.0833333358168602,0.0833333358168602,0.0833333358168602,0.0833333358168602,0.0833333358168602,0.0833333358168602,0.0833333358168602,0.0833333358168602,0.0833333358168602,1.7176279842878728e-10,0.0833333358168602,0.0833333358168602
7,2025-08-18,1.262600894476629,-0.0038139312781393527,2.061153470123145e-09,2.061153470123145e-09,2.061153470123145e-09,2.061153470123145e-09,2.061153470123145e-09,2.061153470123145e-09,2.061153470123145e-09,2.061153470123145e-09,1.0,2.061153470123145e-09,2.061153470123145e-09,2.061153470123145e-09,2.061153470123145e-09,2.061153470123145e-09
7,2025-08-19,1.2434020066529725,-0.01532261869609356,0.5,1.030576846083875e-09,1.030576846083875e-09,1.030576846083875e-09,1.030576846083875e-09,1.030576846083875e-09,1.030576846083875e-09,1.030576846083875e-09,1.030576846083875e-09,1.030576846083875e-09,1.030576846083875e-09,0.5,1.030576846083875e-09,1.030576846083875e-09
7,2025-08-20,1.2376548172743225,-0.004632864191383123,2.061153470123145e-09,2.061153470123145e-09,2.061153470123145e-09,2.061153470123145e-09,2.061153470123145e-09,2.061153470123145e-09,2.061153470123145e-09,2.061153470123145e-09,1.0,2.061153470123145e-09,2.061153470123145e-09,2.061153470123145e-09,2.061153470123145e-09,2.696729728413061e-09
7,2025-08-21,1.2444558782396993,0.005480076289921999,2.5720792162786665e-10,0.1247883290052414,0.001363202347420156,6.997976953471152e-08,0.1247883290052414,0.00033012175117619336,0.1247883290052414,0.1247883290052414,0.1247883290052414,0.1247883290052414,2.5720792162786665e-10,2.5720792162786665e-10,0.1247883290052414,0.1247883290052414
7,2025-08-22,1.2415952889394233,-0.0023013127006590367,2.0611523599001202e-09,2.0611523599001202e-09,2.0611523599001202e-09,2.0611523599001202e-09,2.0611523599001202e-09,2.0611523599001202e-09,2.0611523599001202e-09,2.0611523599001202e-09,0.9999993443489075,2.0611523599001202e-09,2.0611523599001202e-09,2.0611523599001202e-09,2.0611523599001202e-09,6.080034609112772e-07
7,2025-08-25,1.267845844001575,0.02092219839990139,0.5,1.030576846083875e-09,1.030576846083875e-09,1.030576846083875e-09,1.030576846083875e-09,1.030576846083875e-09,1.030576846083875e-09,1.030576846083875e-09,1.030576846083875e-09,1.030576846083875e-09,1.030576846083875e-09,0.5,1.030576846083875e-09,1.030576846083875e-09
7,2025-08-26,1.2700195248364023,0.0017129997462034226,2.06115324807854e-09,2.06115324807854e-09,2.06115324807854e-09,2.06115324807854e-09,2.06115324807854e-09,2.06115324807854e-09,2.06115324807854e-09,2.06115324807854e-09,0.9999998211860657,2.06115324807854e-09,2.06115324807854e-09,2.06115324807854e-09,2.06115324807854e-09,1.7808839913868724e-07
7,2025-08-27,1.2725970264621727,0.0020274409897625446,6.870511937151491e-10,6.870511937151491e-10,6.870511937151491e-10,6.870511937151491e-10,0.3333333432674408,6.870511937151491e-10,6.870511937151491e-10,6.870511937151491e-10,0.3333333432674408,6.870511937151491e-10,6.870511937151491e-10,6.870511937151491e-10,6.870511937151491e-10,0.3333333432674408
7,2025-08-28,1.279678771995141,0.005549371828138828,2.061153470123145e-09,2.061153470123145e-09,2.061153470123145e-09,2.061153470123145e-09,2.061153470123145e-09,2.061153470123145e-09,2.061153470123145e-09,2.061153470123145e-09,1.0,2.061153470123145e-09,2.061153470123145e-09,2.061153470123145e-09,2.061153470123145e-09,2.061153470123145e-09
7,2025-08-29,1.2873338021689034,0.005964172472268048,2.06115324807854e-09,2.06115324807854e-09,2.06115324807854e-09,2.06115324807854e-09,2.06115324807854e-09,2.06115324807854e-09,2.06115324807854e-09,2.06115324807854e-09,0.9999997615814209,2.06115324807854e-09,2.06115324807854e-09,2.06115324807854e-09,2.06115324807854e-09,2.0432155167782184e-07
7,2025-09-01,1.2877139948899632,0.0002952898383140564,1.7176279842878728e-10,0.0833333358168602,0.0833333358168602,0.0833333358168602,0.0833333358168602,0.0833333358168602,0.0833333358168602,0.0833333358168602,0.0833333358168602,0.0833333358168602,0.0833333358168602,1.7176279842878728e-10,0.0833333358168602,0.0833333358168602
7,2025-09-02,1.3006645968159736,0.01000681278705597,0.5,1.030576846083875e-09,1.030576846083875e-09,1.030576846083875e-09,1.030576846083875e-09,1.030576846083875e-09,1.030576846083875e-09,1.030576846083875e-09,1.030576846083875e-09,1.030576846083875e-09,1.030576846083875e-09,0.5,1.030576846083875e-09,1.030576846083875e-09
7,2025-09-03,1.3159895872805496,0.011713558316230773,2.061146808784997e-09,2.061146808784997e-09,2.061146808784997e-09,2.061146808784997e-09,2.061146808784997e-09,2.061146808784997e-09,2.061146808784997e-09,2.061146808784997e-09,0.9999967217445374,2.061146808784997e-09,2.061146808784997e-09,2.2119417408816844e-08,2.061146808784997e-09,3.2246223327092594e-06
7,2025-09-04,1.3137895234077122,-0.0016731932938139835,2.06115324807854e-09,2.06115324807854e-09,2.06115324807854e-09,2.06115324807854e-09,2.06115324807854e-09,2.06115324807854e-09,2.06115324807854e-09,2.06115324807854e-09,0.9999998211860657,2.06115324807854e-09,2.06115324807854e-09,2.06115324807854e-09,2.06115324807854e-09,1.7128864726601023e-07
7,2025-09-05,1.3153062478385105,0.0011537994284182788,2.5758353783267296e-10,0.12497057020664215,0.12497057020664215,0.12497057020664215,2.5758353783267296e-10,0.12497057020664215,0.12497057020664215,0.12497057020664215,2.5758353783267296e-10,0.00023542565759271383,0.12497057020664215,2.5758353783267296e-10,0.12497057020664215,2.5758353783267296e-10
7,2025-09-08,1.3207415918260474,0.004123864224809222,2.576399371623239e-10,0.12499792873859406,0.12499792873859406,0.12499792873859406,2.576399371623239e-10,0.12499792873859406,0.12499792873859406,0.12499792873859406,2.576399371623239e-10,1.6539261196157895e-05,0.12499792873859406,2.576399371623239e-10,0.12499792873859406,2.576399371623239e-10
7,2025-09-09,1.315977040187771,-0.0036140047453343867,2.061153470123145e-09,2.061153470123145e-09,2.061153470123145e-09,2.061153470123145e-09,2.061153470123145e-09,2.061153470123145e-09,2.061153470123145e-09,2.061153470123145e-09,2.061153470123145e-09,2.061153470123145e-09,2.061153470123145e-09,1.0,2.061153470123145e-09,2.061153470123145e-09
7,2025-09-10,1.31742613246323,0.0011005473349243403,2.061153470123145e-09,2.061153470123145e-09,2.061153470123145e-09,2.061153470123145e-09,2.061153470123145e-09,2.061153470123145e-09,2.061153470123145e-09,2.061153470123145e-09,1.0,2.061153470123145e-09,2.061153470123145e-09,2.061153470123145e-09,2.061153470123145e-09,2.061153470123145e-09
7,2025-09-11,1.313123832335126,-0.003271030029281974,2.061153470123145e-09,2.061153470123145e-09,2.061153470123145e-09,2.061153470123145e-09,2.061153470123145e-09,2.061153470123145e-09,2.061153470123145e-09,2.061153470123145e-09,1.0,2.061153470123145e-09,2.061153470123145e-09,2.061153470123145e-09,2.061153470123145e-09,2.061153470123145e-09
7,2025-09-12,1.32624427226627,0.009942188802361489,0.20000000298023224,4.122307217802046e-10,4.122307217802046e-10,4.122307217802046e-10,0.20000000298023224,4.122307217802046e-10,4.122307217802046e-10,4.122307217802046e-10,0.20000000298023224,4.122307217802046e-10,4.122307217802046e-10,0.20000000298023224,4.122307217802046e-10,0.20000000298023224
7,2025-09-15,1.3225301656120674,-0.0028043981663882734,2.061141257669874e-09,2.061141257669874e-09,2.061141257669874e-09,2.061141257669874e-09,2.061141257669874e-09,2.061141257669874e-09,2.061141257669874e-09,2.061141257669874e-09,0.9999939799308777,2.061141257669874e-09,2.061141257669874e-09,6.002801455906592e-06,2.061141257669874e-09,1.0012667139847053e-08
7,2025-09-16,1.3280742037828288,0.00418323180899024,2.061153470123145e-09,1.0,2.061153470123145e-09,2.061153470123145e-09,2.061153470123145e-09,2.061153470123145e-09,2.061153470123145e-09,2.061153470123145e-09,2.061153470123145e-09,2.061153470123145e-09,2.061153470123145e-09,2.061153470123145e-09,2.061153470123145e-09,2.061153470123145e-09
7,2025-09-17,1.3246116917563895,-0.002610572174191475,2.0611523599001202e-09,2.0611523599001202e-09,2.0611523599001202e-09,2.0611523599001202e-09,2.0611523599001202e-09,2.0611523599001202e-09,2.0611523599001202e-09,2.0611523599001202e-09,0.9999993443489075,2.0611523599001202e-09,2.0611523599001202e-09,2.0611523599001202e-09,2.0611523599001202e-09,6.128124141469016e-07
7,2025-09-18,1.3517550412403128,0.020284425029158594,0.49999988079071045,1.03057662403927e-09,1.03057662403927e-09,1.03057662403927e-09,1.03057662403927e-09,1.03057662403927e-09,1.03057662403927e-09,1.03057662403927e-09,2.107437921949895e-07,1.03057662403927e-09,1.03057662403927e-09,0.49999988079071045,1.03057662403927e-09,1.03057662403927e-09
7,2025-09-19,1.3548259176450828,0.002269193324819207,2.0611516937663055e-09,2.0611516937663055e-09,2.0611516937663055e-09,2.0611516937663055e-09,2.0611516937663055e-09,2.0611516937663055e-09,2.0611516937663055e-09,2.0611516937663055e-09,0.9999990463256836,2.0611516937663055e-09,2.0611516937663055e-09,2.0611516937663055e-09,2.0611516937663055e-09,9.223836627825222e-07
7,2025-09-22,1.3661334337124942,0.008311466436088086,4.122298613573605e-10,4.122298613573605e-10,4.122298613573605e-10,4.122298613573605e-10,0.1999995857477188,4.122298613573605e-10,2.00295971808373e-07,0.1999995857477188,0.1999995857477188,1.8996422568307025e-06,4.122298613573605e-10,4.122298613573605e-10,0.1999995857477188,0.1999995857477188
7,2025-09-23,1.3505489493372607,-0.011473299513757229,2.061153470123145e-09,0.9999999403953552,2.061153470123145e-09,2.061153470123145e-09,2.061153470123145e-09,2.061153470123145e-09,2.061153470123145e-09,2.061153470123145e-09,2.061153470123145e-09,2.061153470123145e-09,2.061153470123145e-09,3.799156189643327e-08,2.061153470123145e-09,2.061153470123145e-09
7,2025-09-24,1.3559581756600667,0.003997206196188927,2.06115324807854e-09,2.06115324807854e-09,2.06115324807854e-09,2.06115324807854e-09,2.06115324807854e-09,2.06115324807854e-09,2.06115324807854e-09,2.06115324807854e-09,0.9999998211860657,2.06115324807854e-09,2.06115324807854e-09,2.06115324807854e-09,2.06115324807854e-09,1.792970607539246e-07
7,2025-09-25,1.3426906818307023,-0.009832772935926914,0.333332896232605,0.333332896232605,6.870503610478806e-10,1.06060326743318e-07,6.870503610478806e-10,6.870503610478806e-10,6.870503610478806e-10,6.870503610478806e-10,6.870503610478806e-10,6.870503610478806e-10,1.1567469755391357e-06,0.333332896232605,6.870503610478806e-10,6.870503610478806e-10
7,2025-09-26,1.3402130315459324,-0.0018469921054318546,6.870511937151491e-10,6.870511937151491e-10,6.870511937151491e-10,6.870511937151491e-10,0.3333333432674408,6.870511937151491e-10,6.870511937151491e-10,6.870511937151491e-10,0.3333333432674408,6.870511937151491e-10,6.870511937151491e-10,6.870511937151491e-10,6.870511937151491e-10,0.3333333432674408
7,2025-09-29,1.3615571009694971,0.015800391909480096,2.061153470123145e-09,2.061153470123145e-09,2.061153470123145e-09,2.061153470123145e-09,2.061153470123145e-09,2.061153470123145e-09,2.061153470123145e-09,2.061153470123145e-09,1.0,2.061153470123145e-09,2.061153470123145e-09,2.061153470123145e-09,2.061153470123145e-09,2.061153470123145e-09
7,2025-09-30,1.3627278940298446,0.0008595232397317886,1.494533421464439e-07,5.15288312019635e-10,5.15288312019635e-10,5.15288312019635e-10,0.24999995529651642,5.15288312019635e-10,5.15288312019635e-10,5.15288312019635e-10,0.24999995529651642,5.15288312019635e-10,5.15288312019635e-10,0.24999995529651642,5.15288312019635e-10,0.24999995529651642
7,2025-10-01,1.3600184475031059,-0.0019902312453836204,2.0611463646957873e-09,2.0611463646957873e-09,2.0611463646957873e-09,2.0611463646957873e-09,2.0611463646957873e-09,2.0611463646957873e-09,2.0611463646957873e-09,2.0611463646957873e-09,0.9999964237213135,2.0611463646957873e-09,2.0611463646957873e-09,2.0611463646957873e-09,2.0611463646957873e-09,3.5300029139762046e-06
7,2025-10-02,1.3637914463923986,0.0027703851953148843,2.061153470123145e-09,2.061153470123145e-09,2.061153470123145e-09,2.061153470123145e-09,2.061153470123145e-09,2.061153470123145e-09,2.061153470123145e-09,2.061153470123145e-09,2.061153470123145e-09,2.061153470123145e-09,2.061153470123145e-09,1.0,2.061153470123145e-09,2.061153470123145e-09
7,2025-10-10,1.3942221672309492,0.022068024358153342,0.5,1.030576846083875e-09,1.030576846083875e-09,1.030576846083875e-09,1.030576846083875e-09,1.030576846083875e-09,1.030576846083875e-09,1.030576846083875e-09,1.030576846083875e-09,1.030576846083875e-09,1.030576846083875e-09,0.5,1.030576846083875e-09,1.030576846083875e-09
7,2025-10-13,1.4304435303634362,0.02564788372516632,2.06115324807854e-09,2.06115324807854e-09,2.06115324807854e-09,2.06115324807854e-09,2.06115324807854e-09,2.06115324807854e-09,2.06115324807854e-09,2.06115324807854e-09,0.9999998211860657,2.06115324807854e-09,2.06115324807854e-09,2.06115324807854e-09,2.06115324807854e-09,1.8261572165556572e-07
7,2025-10-14,1.409066399582514,-0.01505720014423132,2.061153470123145e-09,0.9999999403953552,2.061153470123145e-09,2.061153470123145e-09,2.061153470123145e-09,2.061153470123145e-09,2.061153470123145e-09,2.061153470123145e-09,2.061153470123145e-09,2.061153470123145e-09,2.061153470123145e-09,3.576106166747195e-08,2.061153470123145e-09,2.061153470123145e-09
7,2025-10-15,1.4552752825393658,0.032267723218512026,2.061153470123145e-09,1.0,2.061153470123145e-09,2.061153470123145e-09,2.061153470123145e-09,2.061153470123145e-09,2.061153470123145e-09,2.061153470123145e-09,2.061153470123145e-09,2.061153470123145e-09,2.061153470123145e-09,2.061153470123145e-09,2.061153470123145e-09,2.061153470123145e-09
7,2025-10-16,1.4658152891662295,0.007216518700867891,2.06115324807854e-09,2.06115324807854e-09,2.06115324807854e-09,2.06115324807854e-09,2.06115324807854e-09,2.06115324807854e-09,2.06115324807854e-09,2.06115324807854e-09,0.9999997615814209,2.06115324807854e-09,2.06115324807854e-09,2.06115324807854e-09,2.06115324807854e-09,1.8859027761664038e-07
7,2025-10-17,1.477033236770197,0.007623907136917114,0.24999938905239105,5.152871462854591e-10,5.152871462854591e-10,5.152871462854591e-10,0.24999938905239105,5.152871462854591e-10,5.152871462854591e-10,5.152871462854591e-10,0.24999938905239105,5.152871462854591e-10,5.152871462854591e-10,2.4605683393019717e-06,5.152871462854591e-10,0.24999938905239105
7,2025-10-20,1.510002588089761,0.02207585860490799,0.5,1.030576846083875e-09,1.030576846083875e-09,1.030576846083875e-09,1.030576846083875e-09,1.030576846083875e-09,1.030576846083875e-09,1.030576846083875e-09,1.030576846083875e-09,1.030576846083875e-09,1.030576846083875e-09,0.5,1.030576846083875e-09,1.030576846083875e-09
7,2025-10-21,1.5190108568026237,0.005948006131500006,4.1221984159456326e-10,4.1221984159456326e-10,4.1221984159456326e-10,4.1221984159456326e-10,0.19999472796916962,4.1221984159456326e-10,7.554961456435194e-08,0.19999472796916962,0.19999472796916962,2.6296969735994935e-05,4.1221984159456326e-10,4.1221984159456326e-10,0.19999472796916962,0.19999472796916962
7,2025-10-22,1.4556069777210108,-0.04263639047145844,2.06115324807854e-09,2.06115324807854e-09,2.06115324807854e-09,2.06115324807854e-09,2.06115324807854e-09,2.06115324807854e-09,2.06115324807854e-09,2.06115324807854e-09,0.9999997615814209,2.06115324807854e-09,2.06115324807854e-09,2.06115324807854e-09,2.06115324807854e-09,2.0790196231246227e-07
7,2025-10-23,1.4427303748752025,-0.008885568517446518,0.5,1.030576846083875e-09,1.030576846083875e-09,1.030576846083875e-09,1.030576846083875e-09,1.030576846083875e-09,1.030576846083875e-09,1.030576846083875e-09,1.030576846083875e-09,1.030576846083875e-09,1.030576846083875e-09,0.5,1.030576846083875e-09,1.030576846083875e-09
7,2025-10-24,1.4309338405519507,-0.008210145446658134,2.06115280398933e-09,2.06115280398933e-09,2.06115280398933e-09,2.06115280398933e-09,2.06115280398933e-09,2.06115280398933e-09,2.06115280398933e-09,2.06115280398933e-09,0.9999996423721313,2.06115280398933e-09,2.06115280398933e-09,2.06115280398933e-09,2.06115280398933e-09,3.3256631581934926e-07
7,2025-10-27,1.427046322782889,-0.0027204668643554045,2.06115324807854e-09,2.06115324807854e-09,2.06115324807854e-09,2.06115324807854e-09,2.06115324807854e-09,2.06115324807854e-09,2.06115324807854e-09,2.06115324807854e-09,0.9999998211860657,2.06115324807854e-09,2.06115324807854e-09,2.06115324807854e-09,2.06115324807854e-09,1.819122701363085e-07
7,2025-10-28,1.4142512219419767,-0.0090065803617239,6.67473021298548e-10,6.67473021298548e-10,6.67473021298548e-10,6.67473021298548e-10,0.028495917096734047,6.67473021298548e-10,6.67473021298548e-10,6.67473021298548e-10,0.32383468747138977,6.67473021298548e-10,6.67473021298548e-10,0.32383468747138977,6.67473021298548e-10,0.32383468747138977
7,2025-10-29,1.4203929239593958,0.004333321088552475,2.061152581944725e-09,2.061152581944725e-09,2.061152581944725e-09,2.061152581944725e-09,2.061152581944725e-09,2.061152581944725e-09,2.061152581944725e-09,2.061152581944725e-09,0.999999463558197,2.061152581944725e-09,2.061152581944725e-09,2.061152581944725e-09,2.061152581944725e-09,5.119307502354786e-07
7,2025-10-30,1.4191683775537696,-0.0008624899070741151,2.06115324807854e-09,2.06115324807854e-09,2.06115324807854e-09,2.06115324807854e-09,2.06115324807854e-09,2.06115324807854e-09,2.06115324807854e-09,2.06115324807854e-09,0.9999998211860657,2.06115324807854e-09,2.06115324807854e-09,2.06115324807854e-09,2.06115324807854e-09,1.8035913740277465e-07
7,2025-10-31,1.4231836264238782,0.0028253020986914634,2.0185337845646245e-09,0.9793223738670349,2.0185337845646245e-09,2.0185337845646245e-09,2.0185337845646245e-09,2.0185337845646245e-09,2.0185337845646245e-09,4.664918833441334e-07,0.020677143707871437,2.0185337845646245e-09,2.0185337845646245e-09,2.0185337845646245e-09,2.0185337845646245e-09,2.0185337845646245e-09
7,2025-11-03,1.4258053593106752,0.0018404659617692232,2.060462467312618e-09,2.060462467312618e-09,2.060462467312618e-09,2.060462467312618e-09,2.060462467312618e-09,2.060462467312618e-09,2.060462467312618e-09,2.060462467312618e-09,0.9996646642684937,2.060462467312618e-09,2.060462467312618e-09,0.0003352880594320595,2.060462467312618e-09,2.060462467312618e-09
7,2025-11-04,1.426983490913205,0.0008259508371353149,0.20000000298023224,4.122307217802046e-10,4.122307217802046e-10,4.122307217802046e-10,0.20000000298023224,4.122307217802046e-10,4.122307217802046e-10,4.122307217802046e-10,0.20000000298023224,4.122307217802046e-10,4.122307217802046e-10,0.20000000298023224,4.122307217802046e-10,0.20000000298023224
7,2025-11-05,1.42295614689226,-0.002826268071308732,2.06115324807854e-09,2.06115324807854e-09,2.06115324807854e-09,2.06115324807854e-09,2.06115324807854e-09,2.06115324807854e-09,2.06115324807854e-09,2.06115324807854e-09,0.9999998211860657,2.06115324807854e-09,2.06115324807854e-09,2.06115324807854e-09,2.06115324807854e-09,1.8139715507459186e-07
7,2025-11-06,1.4297116697220917,0.004736293107155163,2.06115324807854e-09,2.06115324807854e-09,2.06115324807854e-09,2.06115324807854e-09,2.06115324807854e-09,2.06115324807854e-09,2.06115324807854e-09,2.06115324807854e-09,0.9999998211860657,2.06115324807854e-09,2.06115324807854e-09,2.06115324807854e-09,2.06115324807854e-09,1.8062361561987927e-07
7,2025-11-07,1.4324753790702096,0.0019311876966381363,2.06115324807854e-09,2.06115324807854e-09,2.06115324807854e-09,2.06115324807854e-09,2.06115324807854e-09,2.06115324807854e-09,2.06115324807854e-09,2.06115324807854e-09,0.9999998211860657,2.06115324807854e-09,2.06115324807854e-09,2.06115324807854e-09,2.06115324807854e-09,1.8140225677143462e-07
7,2025-11-10,1.4604185504936618,0.01931909098264518,2.06115324807854e-09,2.06115324807854e-09,2.06115324807854e-09,2.06115324807854e-09,2.06115324807854e-09,2.06115324807854e-09,2.06115324807854e-09,2.06115324807854e-09,0.9999997615814209,2.06115324807854e-09,2.06115324807854e-09,2.06115324807854e-09,2.06115324807854e-09,1.8557838643573632e-07
7,2025-11-11,1.4831416881390607,0.015439527099598888,2.06115324807854e-09,2.06115324807854e-09,2.06115324807854e-09,2.06115324807854e-09,2.06115324807854e-09,2.06115324807854e-09,2.06115324807854e-09,2.06115324807854e-09,0.9999998211860657,2.06115324807854e-09,2.06115324807854e-09,2.06115324807854e-09,2.06115324807854e-09,1.8074010199597978e-07
7,2025-11-12,1.475157818279904,-0.005397620643571976,2.061153026033935e-09,2.061153026033935e-09,2.061153026033935e-09,2.061153026033935e-09,2.061153026033935e-09,2.061153026033935e-09,2.061153026033935e-09,2.061153026033935e-09,0.9999997019767761,2.061153026033935e-09,2.061153026033935e-09,2.061153026033935e-09,2.061153026033935e-09,2.7939216806771583e-07
7,2025-11-13,1.494563197268572,0.013069008898735046,0.5,1.030576846083875e-09,1.030576846083875e-09,1.030576846083875e-09,1.030576846083875e-09,1.030576846083875e-09,1.030576846083875e-09,1.030576846083875e-09,1.030576846083875e-09,1.030576846083875e-09,1.030576846083875e-09,0.5,1.030576846083875e-09,1.030576846083875e-09
7,2025-11-14,1.4798447316356804,-0.009896817195415497,2.0611523599001202e-09,2.0611523599001202e-09,2.0611523599001202e-09,2.0611523599001202e-09,2.0611523599001202e-09,2.0611523599001202e-09,2.0611523599001202e-09,2.0611523599001202e-09,0.9999994039535522,2.0611523599001202e-09,2.0611523599001202e-09,2.0611523599001202e-09,2.0611523599001202e-09,5.43681835551979e-07
7,2025-11-17,1.4379452016162533,-0.028722020002796382,2.06115324807854e-09,2.06115324807854e-09,2.06115324807854e-09,2.06115324807854e-09,2.06115324807854e-09,2.06115324807854e-09,2.06115324807854e-09,2.06115324807854e-09,0.9999998807907104,2.06115324807854e-09,2.06115324807854e-09,2.06115324807854e-09,2.06115324807854e-09,1.092690737891644e-07
7,2025-11-18,1.4212460588802465,-0.011681158129369661,2.061153026033935e-09,2.061153026033935e-09,2.061153026033935e-09,2.061153026033935e-09,2.061153026033935e-09,2.061153026033935e-09,2.061153026033935e-09,2.061153026033935e-09,0.9999997615814209,2.061153026033935e-09,2.061153026033935e-09,2.061153026033935e-09,2.061153026033935e-09,2.1520273207897844e-07
7,2025-11-19,1.4482591426498477,0.01882825078610331,2.038900825951373e-09,2.038900825951373e-09,2.038900825951373e-09,2.038900825951373e-09,1.4609388188091543e-07,2.038900825951373e-09,2.038900825951373e-09,2.038900825951373e-09,0.989203691482544,2.038900825951373e-09,2.038900825951373e-09,2.038900825951373e-09,2.038900825951373e-09,0.010796144604682922
7,2025-11-20,1.4409162454223408,-0.005083051079511643,1.0175554843172563e-09,1.0175554843172563e-09,1.0175554843172563e-09,1.0175554843172563e-09,0.01263493299484253,1.0175554843172563e-09,1.0175554843172563e-09,1.0175554843172563e-09,0.49368253350257874,1.0175554843172563e-09,1.0175554843172563e-09,1.0175554843172563e-09,1.0175554843172563e-09,0.49368253350257874
7,2025-11-21,1.4152572243446049,-0.017967894226312637,0.20000000298023224,4.122307217802046e-10,4.122307217802046e-10,4.122307217802046e-10,0.20000000298023224,4.122307217802046e-10,4.122307217802046e-10,4.122307217802046e-10,0.20000000298023224,4.122307217802046e-10,4.122307217802046e-10,0.20000000298023224,4.122307217802046e-10,0.20000000298023224
7,2025-11-24,1.4107081584841923,-0.0032194801941514014,0.5,1.030576846083875e-09,1.030576846083875e-09,1.030576846083875e-09,1.030576846083875e-09,1.030576846083875e-09,1.030576846083875e-09,1.030576846083875e-09,1.030576846083875e-09,1.030576846083875e-09,1.030576846083875e-09,0.5,1.030576846083875e-09,1.030576846083875e-09
7,2025-11-25,1.4406767894536157,0.02102117748260498,2.0582155979553818e-09,2.0582155979553818e-09,2.0582155979553818e-09,2.0582155979553818e-09,6.831329102396921e-08,2.0582155979553818e-09,2.0582155979553818e-09,2.0582155979553818e-09,0.9985745549201965,2.0582155979553818e-09,2.0582155979553818e-09,2.0582155979553818e-09,2.0582155979553818e-09,0.0014253752306103706
7,2025-11-26,1.4475379264485106,0.004751135615818202,2.0611523599001202e-09,2.0611523599001202e-09,2.0611523599001202e-09,2.0611523599001202e-09,2.0611523599001202e-09,2.0611523599001202e-09,2.0611523599001202e-09,2.0611523599001202e-09,0.9999994039535522,2.0611523599001202e-09,2.0611523599001202e-09,2.0611523599001202e-09,2.0611523599001202e-09,5.813495249640255e-07
7,2025-11-27,1.44515131739024,-0.0016500974689071257,2.061152581944725e-09,2.061152581944725e-09,2.061152581944725e-09,2.061152581944725e-09,2.061152581944725e-09,2.061152581944725e-09,2.061152581944725e-09,2.061152581944725e-09,0.9999995231628418,2.061152581944725e-09,2.061152581944725e-09,2.061152581944725e-09,2.061152581944725e-09,4.4573579316420364e-07
7,2025-11-28,1.454727023300936,0.006604236171394586,0.20000000298023224,4.122307217802046e-10,4.122307217802046e-10,4.122307217802046e-10,0.20000000298023224,4.122307217802046e-10,4.122307217802046e-10,4.122307217802046e-10,0.20000000298023224,4.122307217802046e-10,4.122307217802046e-10,0.20000000298023224,4.122307217802046e-10,0.20000000298023224
7,2025-12-01,1.4683623506606365,0.009329462438821793,2.06115324807854e-09,2.06115324807854e-09,2.06115324807854e-09,2.06115324807854e-09,2.06115324807854e-09,2.06115324807854e-09,2.06115324807854e-09,2.06115324807854e-09,0.9999998211860657,2.06115324807854e-09,2.06115324807854e-09,2.06115324807854e-09,2.06115324807854e-09,1.815349861544746e-07
7,2025-12-02,1.4585374344425324,-0.00671355621421244,2.0555446234027386e-09,2.0555446234027386e-09,2.0555446234027386e-09,2.0555446234027386e-09,2.0555446234027386e-09,2.0555446234027386e-09,2.0555446234027386e-09,2.0555446234027386e-09,0.9972786903381348,2.0555446234027386e-09,2.0555446234027386e-09,0.0027213101275265217,2.0555446234027386e-09,2.0555446234027386e-09
7,2025-12-03,1.4519874690004102,-0.004500890194624662,2.061153470123145e-09,1.0,2.061153470123145e-09,2.061153470123145e-09,2.061153470123145e-09,2.061153470123145e-09,2.061153470123145e-09,2.061153470123145e-09,2.061153470123145e-09,2.061153470123145e-09,2.061153470123145e-09,2.061153470123145e-09,2.061153470123145e-09,2.061153470123145e-09
7,2025-12-04,1.4325386429179352,-0.013485141098499298,2.061153470123145e-09,1.0,2.061153470123145e-09,2.061153470123145e-09,2.061153470123145e-09,2.061153470123145e-09,2.061153470123145e-09,2.061153470123145e-09,2.061153470123145e-09,2.061153470123145e-09,2.061153470123145e-09,2.061153470123145e-09,2.061153470123145e-09,2.061153470123145e-09
7,2025-12-05,1.3950703892410066,-0.026503272864222528,2.061153470123145e-09,2.061153470123145e-09,2.061153470123145e-09,2.061153470123145e-09,2.061153470123145e-09,2.061153470123145e-09,2.061153470123145e-09,2.061153470123145e-09,2.061153470123145e-09,2.061153470123145e-09,2.061153470123145e-09,1.0,2.061153470123145e-09,2.061153470123145e-09
7,2025-12-08,1.391537598264087,-0.0025355506662279367,2.06115324807854e-09,2.06115324807854e-09,2.06115324807854e-09,2.06115324807854e-09,2.06115324807854e-09,2.06115324807854e-09,2.06115324807854e-09,2.06115324807854e-09,0.9999998211860657,2.06115324807854e-09,2.06115324807854e-09,2.06115324807854e-09,2.06115324807854e-09,1.8130609191757685e-07
7,2025-12-09,1.377695207908573,-0.009997357836272567,2.051234071487329e-09,0.0048125493340194225,2.051234071487329e-09,2.051234071487329e-09,2.051234071487329e-09,2.051234071487329e-09,2.051234071487329e-09,2.051234071487329e-09,0.9951874017715454,2.051234071487329e-09,2.051234071487329e-09,2.051234071487329e-09,2.051234071487329e-09,2.051234071487329e-09
7,2025-12-10,1.38760268620525,0.007165608240710572,2.0611516937663055e-09,2.0611516937663055e-09,2.0611516937663055e-09,2.0611516937663055e-09,2.0611516937663055e-09,2.0611516937663055e-09,2.0611516937663055e-09,2.0611516937663055e-09,0.9999991059303284,2.0611516937663055e-09,2.0611516937663055e-09,2.0611516937663055e-09,2.0611516937663055e-09,8.917407399167132e-07
7,2025-12-11,1.382010935414723,-0.0040379339158535,6.890557902039518e-09,6.890557902039518e-09,6.890557902039518e-09,6.890557902039518e-09,6.890557902039518e-09,6.890557902039518e-09,6.890557902039518e-09,6.890557902039518e-09,1.1844909053593256e-08,6.890557902039518e-09,6.890557902039518e-09,0.9999998807907104,6.890557902039518e-09,6.890557902039518e-09
7,2025-12-12,1.40497511613335,0.01647995363175869,2.06115324807854e-09,2.06115324807854e-09,2.06115324807854e-09,2.06115324807854e-09,2.06115324807854e-09,2.06115324807854e-09,2.06115324807854e-09,2.06115324807854e-09,0.9999998211860657,2.06115324807854e-09,2.06115324807854e-09,2.06115324807854e-09,2.06115324807854e-09,1.7697023224627628e-07
7,2025-12-15,1.397988452143549,-0.004985208183526993,0.5,1.030576846083875e-09,1.030576846083875e-09,1.030576846083875e-09,1.030576846083875e-09,1.030576846083875e-09,1.030576846083875e-09,1.030576846083875e-09,1.030576846083875e-09,1.030576846083875e-09,1.030576846083875e-09,0.5,1.030576846083875e-09,1.030576846083875e-09
7,2025-12-16,1.3785301395605176,-0.014016568239033222,2.061153470123145e-09,2.061153470123145e-09,2.061153470123145e-09,2.061153470123145e-09,2.061153470123145e-09,2.061153470123145e-09,2.061153470123145e-09,2.061153470123145e-09,1.0,2.061153470123145e-09,2.061153470123145e-09,2.061153470123145e-09,2.061153470123145e-09,4.079134807710716e-09
7,2025-12-17,1.3939767854926375,0.011142843768809689,2.0606185646698805e-09,2.0606185646698805e-09,2.0606185646698805e-09,2.0606185646698805e-09,8.215250701937293e-09,2.0606185646698805e-09,2.0606185646698805e-09,2.0606185646698805e-09,0.9997404217720032,2.0606185646698805e-09,2.0606185646698805e-09,2.0606185646698805e-09,2.0606185646698805e-09,0.0002595210971776396
7,2025-12-18,1.3832618419245726,-0.007716295335441828,0.5,1.030576846083875e-09,1.030576846083875e-09,1.030576846083875e-09,1.030576846083875e-09,1.030576846083875e-09,1.030576846083875e-09,1.030576846083875e-09,1.030576846083875e-09,1.030576846083875e-09,1.030576846083875e-09,0.5,1.030576846083875e-09,1.030576846083875e-09
7,2025-12-19,1.3803824697347058,-0.0020837509512901305,2.06115324807854e-09,2.06115324807854e-09,2.06115324807854e-09,2.06115324807854e-09,2.06115324807854e-09,2.06115324807854e-09,2.06115324807854e-09,2.06115324807854e-09,0.9999998211860657,2.06115324807854e-09,2.06115324807854e-09,2.06115324807854e-09,2.06115324807854e-09,1.8148314495647355e-07
7,2025-12-22,1.4066211478183805,0.01882986673414707,0.5,1.030576846083875e-09,1.030576846083875e-09,1.030576846083875e-09,1.030576846083875e-09,1.030576846083875e-09,1.030576846083875e-09,1.030576846083875e-09,1.030576846083875e-09,1.030576846083875e-09,1.030576846083875e-09,0.5,1.030576846083875e-09,1.030576846083875e-09
7,2025-12-23,1.4305857739013914,0.01689351300895214,2.06115324807854e-09,2.06115324807854e-09,2.06115324807854e-09,2.06115324807854e-09,2.06115324807854e-09,2.06115324807854e-09,2.06115324807854e-09,2.06115324807854e-09,0.9999998211860657,2.06115324807854e-09,2.06115324807854e-09,2.06115324807854e-09,2.06115324807854e-09,1.6911178590817144e-07
7,2025-12-24,1.4311337088235014,0.00038294104793538394,2.061153470123145e-09,2.061153470123145e-09,2.061153470123145e-09,2.061153470123145e-09,2.061153470123145e-09,2.061153470123145e-09,2.061153470123145e-09,2.061153470123145e-09,1.0,2.061153470123145e-09,2.061153470123145e-09,2.061153470123145e-09,2.061153470123145e-09,2.061153470123145e-09
7,2025-12-26,1.442641951649539,0.008009187705649004,2.0611523599001202e-09,2.0611523599001202e-09,2.0611523599001202e-09,2.0611523599001202e-09,2.0611523599001202e-09,2.0611523599001202e-09,2.0611523599001202e-09,2.0611523599001202e-09,0.9999994039535522,2.0611523599001202e-09,2.0611523599001202e-09,4.152733268369957e-08,2.0611523599001202e-09,5.100764042254013e-07
7,2025-12-29,1.4294244110094347,-0.009204267788555171,2.061150583543281e-09,2.061150583543281e-09,2.061150583543281e-09,2.061150583543281e-09,2.061150583543281e-09,2.061150583543281e-09,2.061150583543281e-09,2.061150583543281e-09,0.9999985694885254,2.061150583543281e-09,2.061150583543281e-09,2.061150583543281e-09,2.061150583543281e-09,1.3986276599098346e-06
7,2025-12-30,1.4327286560765427,0.0023089237071573735,2.061153470123145e-09,2.061153470123145e-09,2.061153470123145e-09,2.061153470123145e-09,2.061153470123145e-09,2.061153470123145e-09,2.061153470123145e-09,2.061153470123145e-09,2.061153470123145e-09,2.061153470123145e-09,2.061153470123145e-09,1.0,2.061153470123145e-09,2.061153470123145e-09
8,2026-01-02,1.002692462143046,0.00268884395994246,2.061014470200462e-09,2.061014470200462e-09,2.061014470200462e-09,2.061014470200462e-09,1.6034421435051627e-07,2.061014470200462e-09,2.061014470200462e-09,2.061014470200462e-09,0.9999324679374695,2.061014470200462e-09,2.061014470200462e-09,2.061014470200462e-09,2.061014470200462e-09,6.732568726874888e-05
8,2026-01-05,1.0379671996933355,0.03457534075975418,0.5,1.030576846083875e-09,1.030576846083875e-09,1.030576846083875e-09,1.030576846083875e-09,1.030576846083875e-09,1.030576846083875e-09,1.030576846083875e-09,1.030576846083875e-09,1.030576846083875e-09,1.030576846083875e-09,0.5,1.030576846083875e-09,1.030576846083875e-09
8,2026-01-06,1.0589825507866755,0.020044404697418212,0.11111021786928177,2.290152234518672e-10,7.837568318791455e-07,0.11111021786928177,0.11111021786928177,7.277624717971776e-06,2.290152234518672e-10,2.290152234518672e-10,0.11111021786928177,0.11111021786928177,0.11111021786928177,0.11111021786928177,0.11111021786928177,0.11111021786928177
8,2026-01-07,1.05506135996831,-0.00370966307297349,2.944494370549222e-10,2.944494370549222e-10,9.999713483921369e-07,2.944494370549222e-10,0.14285661280155182,2.6792267817654647e-06,0.14285661280155182,0.14285661280155182,0.14285661280155182,0.14285661280155182,2.944494370549222e-10,2.944494370549222e-10,0.14285661280155182,0.14285661280155182
8,2026-01-08,1.0538292005716259,-0.001168538149818778,6.869876889581406e-10,6.869876889581406e-10,6.869876889581406e-10,6.869876889581406e-10,0.3333025276660919,6.869876889581406e-10,6.869876889581406e-10,6.869876889581406e-10,0.3333025276660919,6.869876889581406e-10,6.869876889581406e-10,9.241061343345791e-05,6.869876889581406e-10,0.3333025276660919
8,2026-01-09,1.0591638941596166,0.005049429585039616,5.152572257749455e-10,5.152572257749455e-10,5.152572257749455e-10,5.152572257749455e-10,0.24998486042022705,5.152572257749455e-10,5.152572257749455e-10,6.055541234673001e-05,0.24998486042022705,7.900915477421222e-10,5.152572257749455e-10,5.152572257749455e-10,0.24998486042022705,0.24998486042022705
8,2026-01-12,1.0490200361197861,-0.00962338833808899,0.5,1.030576846083875e-09,1.030576846083875e-09,1.030576846083875e-09,1.030576846083875e-09,1.030576846083875e-09,1.030576846083875e-09,1.030576846083875e-09,1.030576846083875e-09,1.030576846083875e-09,1.030576846083875e-09,0.5,1.030576846083875e-09,1.030576846083875e-09
8,2026-01-13,1.048717635496774,-0.0002883111927658319,0.20000000298023224,4.122307217802046e-10,4.122307217802046e-10,4.122307217802046e-10,0.20000000298023224,4.122307217802046e-10,4.122307217802046e-10,4.122307217802046e-10,0.20000000298023224,4.122307217802046e-10,4.122307217802046e-10,0.20000000298023224,4.122307217802046e-10,0.20000000298023224
8,2026-01-14,1.0581355173141729,0.0089402951836586,2.0552994861589013e-09,2.0552994861589013e-09,2.0552994861589013e-09,2.0552994861589013e-09,3.6525941595755285e-06,2.0552994861589013e-09,2.0552994861589013e-09,2.0552994861589013e-09,0.9971597194671631,2.0552994861589013e-09,2.0552994861589013e-09,2.0552994861589013e-09,2.0552994861589013e-09,0.002836595056578517
8,2026-01-15,1.061546587539648,0.0032184761688113213,2.061153470123145e-09,2.061153470123145e-09,2.061153470123145e-09,2.061153470123145e-09,2.061153470123145e-09,2.061153470123145e-09,2.061153470123145e-09,2.061153470123145e-09,2.061153470123145e-09,2.061153470123145e-09,2.061153470123145e-09,1.0,2.061153470123145e-09,2.061153470123145e-09
8,2026-01-16,1.06077583547058,-0.0007263289447408169,1.7706259791694379e-09,1.7706259791694379e-09,1.7706259791694379e-09,1.7706259791694379e-09,0.00012811530905310065,1.7706259791694379e-09,1.7706259791694379e-09,1.7706259791694379e-09,0.8590461015701294,1.7706259791694379e-09,1.7706259791694379e-09,1.7706259791694379e-09,1.7706259791694379e-09,0.1408257782459259
8,2026-01-19,1.058424929622779,-0.002218673049658537,0.5,1.030576846083875e-09,1.030576846083875e-09,1.030576846083875e-09,1.030576846083875e-09,1.030576846083875e-09,1.030576846083875e-09,1.030576846083875e-09,1.030576846083875e-09,1.030576846083875e-09,1.030576846083875e-09,0.5,1.030576846083875e-09,1.030576846083875e-09
8,2026-01-20,1.0630654985433365,0.004374826546758413,2.051814274039998e-09,2.051814274039998e-09,2.051814274039998e-09,2.051814274039998e-09,2.051814274039998e-09,2.051814274039998e-09,2.051814274039998e-09,2.051814274039998e-09,0.004531098064035177,2.051814274039998e-09,2.051814274039998e-09,0.9954688549041748,2.051814274039998e-09,2.051814274039998e-09
8,2026-01-21,1.0768961353021582,0.012926240468025207,6.870511937151491e-10,6.870511937151491e-10,6.870511937151491e-10,6.870511937151491e-10,0.3333333432674408,6.870511937151491e-10,6.870511937151491e-10,6.870511937151491e-10,0.3333333432674408,6.870511937151491e-10,6.870511937151491e-10,6.870511937151491e-10,6.870511937151491e-10,0.3333333432674408
8,2026-01-22,1.0821216887395442,0.0048406859666109085,0.20000000298023224,4.122307217802046e-10,4.122307217802046e-10,4.122307217802046e-10,0.20000000298023224,4.122307217802046e-10,4.122307217802046e-10,4.122307217802046e-10,0.20000000298023224,4.122307217802046e-10,4.122307217802046e-10,0.20000000298023224,4.122307217802046e-10,0.20000000298023224
8,2026-01-23,1.102490236427014,0.0186478318631649,5.152874793523665e-10,5.152874793523665e-10,5.152874793523665e-10,5.152874793523665e-10,0.24999955296516418,5.152874793523665e-10,5.152874793523665e-10,1.7586744434083812e-06,0.24999955296516418,5.152874793523665e-10,5.152874793523665e-10,5.152874793523665e-10,0.24999955296516418,0.24999955296516418
8,2026-01-26,1.139146616097341,0.03270792725682259,0.5,1.030576846083875e-09,1.030576846083875e-09,1.030576846083875e-09,1.030576846083875e-09,1.030576846083875e-09,1.030576846083875e-09,1.030576846083875e-09,1.030576846083875e-09,1.030576846083875e-09,1.030576846083875e-09,0.5,1.030576846083875e-09,1.030576846083875e-09
8,2026-01-27,1.1388049237074214,-0.0002999997028132803,2.061153470123145e-09,2.061153470123145e-09,2.061153470123145e-09,2.061153470123145e-09,2.061153470123145e-09,2.061153470123145e-09,2.061153470123145e-09,2.061153470123145e-09,1.0,2.061153470123145e-09,2.061153470123145e-09,2.061153470123145e-09,2.061153470123145e-09,2.377133601072501e-09
8,2026-01-28,1.158942157496065,0.01752825585603714,0.0833333358168602,1.7176279842878728e-10,0.0833333358168602,0.0833333358168602,0.0833333358168602,0.0833333358168602,0.0833333358168602,0.0833333358168602,1.7176279842878728e-10,0.0833333358168602,0.0833333358168602,0.0833333358168602,0.0833333358168602,0.0833333358168602
8,2026-01-29,1.1802743654555916,0.01823926868736744,0.20000000298023224,4.122307217802046e-10,4.122307217802046e-10,4.122307217802046e-10,0.20000000298023224,4.122307217802046e-10,4.122307217802046e-10,4.122307217802046e-10,0.20000000298023224,4.122307217802046e-10,4.122307217802046e-10,0.20000000298023224,4.122307217802046e-10,0.20000000298023224
8,2026-01-30,1.0901934606386736,-0.07939175723195076,2.060898784961296e-09,2.060898784961296e-09,2.060898784961296e-09,2.060898784961296e-09,2.6010843612311874e-07,2.060898784961296e-09,2.060898784961296e-09,2.060898784961296e-09,0.9998763799667358,2.060898784961296e-09,2.060898784961296e-09,2.060898784961296e-09,2.060898784961296e-09,0.00012333678023424
8,2026-02-02,1.0448623137474813,-0.04247004776000977,0.04204962030053139,1.9744827994827574e-09,1.9744827994827574e-09,1.9744827994827574e-09,1.9744827994827574e-09,1.9744827994827574e-09,1.9744827994827574e-09,1.9744827994827574e-09,1.9744827994827574e-09,1.9744827994827574e-09,1.9744827994827574e-09,0.9579503536224365,1.9744827994827574e-09,1.9744827994827574e-09
8,2026-02-03,1.1267891829381445,0.0754870376110077,2.0610151363342766e-09,2.0610151363342766e-09,2.0610151363342766e-09,2.0610151363342766e-09,1.5958038090957416e-07,2.0610151363342766e-09,2.0610151363342766e-09,2.0610151363342766e-09,0.9999328851699829,2.0610151363342766e-09,2.0610151363342766e-09,2.0610151363342766e-09,2.0610151363342766e-09,6.695845513604581e-05
8,2026-02-04,1.1273299468949363,0.0004798006990924478,0.5,1.030576846083875e-09,1.030576846083875e-09,1.030576846083875e-09,1.030576846083875e-09,1.030576846083875e-09,1.030576846083875e-09,1.030576846083875e-09,1.030576846083875e-09,1.030576846083875e-09,1.030576846083875e-09,0.5,1.030576846083875e-09,1.030576846083875e-09
8,2026-02-05,1.1125966107779843,-0.013155385430157185,1.029227592042048e-09,1.029227592042048e-09,1.029227592042048e-09,1.029227592042048e-09,0.0013092103181406856,1.029227592042048e-09,1.029227592042048e-09,1.029227592042048e-09,0.4993453919887543,1.029227592042048e-09,1.029227592042048e-09,1.029227592042048e-09,1.029227592042048e-09,0.4993453919887543
8,2026-02-06,1.0976280871602042,-0.013545005160570145,0.5,1.030576846083875e-09,1.030576846083875e-09,1.030576846083875e-09,1.030576846083875e-09,1.030576846083875e-09,1.030576846083875e-09,1.030576846083875e-09,1.030576846083875e-09,1.030576846083875e-09,1.030576846083875e-09,0.5,1.030576846083875e-09,1.030576846083875e-09
8,2026-02-09,1.1242578520643454,0.023971563637256624,0.20000000298023224,4.122307217802046e-10,4.122307217802046e-10,4.122307217802046e-10,0.20000000298023224,4.122307217802046e-10,4.122307217802046e-10,4.122307217802046e-10,0.20000000298023224,4.122307217802046e-10,4.122307217802046e-10,0.20000000298023224,4.122307217802046e-10,0.20000000298023224
8,2026-02-10,1.126139457521258,0.0016722432855516673,2.0610042561486352e-09,2.0610042561486352e-09,2.0610042561486352e-09,2.0610042561486352e-09,1.702419325511073e-07,2.0610042561486352e-09,2.0610042561486352e-09,2.0610042561486352e-09,0.9999275207519531,2.0610042561486352e-09,2.0610042561486352e-09,2.0610042561486352e-09,2.0610042561486352e-09,7.227586320368573e-05
8,2026-02-11,1.131810158754707,0.005022887237989471,2.0610131379328323e-09,2.0610131379328323e-09,2.0610131379328323e-09,2.0610131379328323e-09,1.6146130121796887e-07,2.0610131379328323e-09,2.0610131379328323e-09,2.0610131379328323e-09,0.9999318718910217,2.0610131379328323e-09,2.0610131379328323e-09,2.0610131379328323e-09,2.0610131379328323e-09,6.797240348532796e-05
8,2026-02-12,1.1530577619053652,0.018599075651168823,0.09090909361839294,0.09090909361839294,0.09090909361839294,0.09090909361839294,1.8737759954756683e-10,0.09090909361839294,0.09090909361839294,0.09090909361839294,1.8737759954756683e-10,0.09090909361839294,0.09090909361839294,0.09090909361839294,0.09090909361839294,1.8737759954756683e-10
8,2026-02-13,1.1429867292434552,-0.008772562803328037,1.028472418340698e-09,1.028472418340698e-09,1.028472418340698e-09,1.028472418340698e-09,0.0020418998319655657,1.028472418340698e-09,1.028472418340698e-09,1.028472418340698e-09,0.49897903203964233,1.028472418340698e-09,1.028472418340698e-09,1.028472418340698e-09,1.028472418340698e-09,0.49897903203964233
8,2026-02-19,1.1466388331419688,0.0031901347152888775,6.870511937151491e-10,6.870511937151491e-10,6.870511937151491e-10,6.870511937151491e-10,0.3333333432674408,6.870511937151491e-10,6.870511937151491e-10,6.870511937151491e-10,0.3333333432674408,6.870511937151491e-10,6.870511937151491e-10,6.870511937151491e-10,6.870511937151491e-10,0.3333333432674408
8,2026-02-20,1.152023159343656,0.004684756668657065,2.0610124717990175e-09,2.0610124717990175e-09,2.0610124717990175e-09,2.0610124717990175e-09,1.6247361145360628e-07,2.0610124717990175e-09,2.0610124717990175e-09,2.0610124717990175e-09,0.9999315738677979,2.0610124717990175e-09,2.0610124717990175e-09,2.0610124717990175e-09,2.0610124717990175e-09,6.824755837442353e-05
8,2026-02-23,1.1440800605364083,-0.006918792173266411,0.33332598209381104,0.33332598209381104,6.870360946820142e-10,2.91219885184546e-06,6.870360946820142e-10,6.870360946820142e-10,6.870360946820142e-10,6.870360946820142e-10,6.870360946820142e-10,6.870360946820142e-10,1.9094752133241855e-05,0.33332598209381104,6.870360946820142e-10,6.870360946820142e-10
8,2026-02-24,1.1512093661030924,0.006212139010429382,3.435216278102615e-10,3.435216278102615e-10,3.435216278102615e-10,3.435216278102615e-10,0.1666647344827652,3.435216278102615e-10,1.1575208191061392e-05,0.1666647344827652,0.1666647344827652,0.1666647344827652,3.435216278102615e-10,3.435216278102615e-10,0.1666647344827652,0.1666647344827652
8,2026-02-25,1.155200938926069,0.003461289432644844,2.0609405293470218e-09,2.0609405293470218e-09,2.0609405293470218e-09,2.0609405293470218e-09,2.3762046907904733e-07,2.0609405293470218e-09,2.0609405293470218e-09,2.0609405293470218e-09,0.9998965859413147,2.0609405293470218e-09,2.0609405293470218e-09,2.0609405293470218e-09,2.0609405293470218e-09,0.0001031518550007604
8,2026-02-26,1.1824819434084684,0.02334126948416233,0.20000000298023224,4.122307217802046e-10,4.122307217802046e-10,4.122307217802046e-10,0.20000000298023224,4.122307217802046e-10,4.122307217802046e-10,4.122307217802046e-10,0.20000000298023224,4.122307217802046e-10,4.122307217802046e-10,0.20000000298023224,4.122307217802046e-10,0.20000000298023224
8,2026-02-27,1.1835427907719533,0.0008967340190894901,0.2499999850988388,5.152883675307862e-10,5.152883675307862e-10,5.152883675307862e-10,0.2499999850988388,5.152883675307862e-10,5.152883675307862e-10,5.152883675307862e-10,0.2499999850988388,5.152883675307862e-10,5.152883675307862e-10,3.486515964823411e-08,5.152883675307862e-10,0.2499999850988388
8,2026-03-03,1.1136267021806638,-0.0608903168797493,0.5,1.030576846083875e-09,1.030576846083875e-09,1.030576846083875e-09,1.030576846083875e-09,1.030576846083875e-09,1.030576846083875e-09,1.030576846083875e-09,1.030576846083875e-09,1.030576846083875e-09,1.030576846083875e-09,0.5,1.030576846083875e-09,1.030576846083875e-09
8,2026-03-04,1.0643480315728961,-0.045259553784132,0.24999992549419403,5.152882565084838e-10,5.152882565084838e-10,5.152882565084838e-10,0.24999992549419403,5.152882565084838e-10,5.152882565084838e-10,5.152882565084838e-10,0.24999992549419403,5.152882565084838e-10,5.152882565084838e-10,2.851590181762731e-07,5.152882565084838e-10,0.24999992549419403
8,2026-03-05,1.1117313733842646,0.043556161170158876,0.24999988079071045,5.152881454861813e-10,5.152881454861813e-10,5.152881454861813e-10,0.24999988079071045,5.152881454861813e-10,5.152881454861813e-10,5.152881454861813e-10,0.24999988079071045,5.152881454861813e-10,5.152881454861813e-10,4.7089972099456645e-07,5.152881454861813e-10,0.24999988079071045
8,2026-03-06,1.1123284061491807,0.0005368855502456426,2.7313140890328214e-05,5.152743232095247e-10,5.152743232095247e-10,5.152743232095247e-10,0.24999317526817322,5.152743232095247e-10,5.152743232095247e-10,5.152743232095247e-10,0.24999317526817322,5.152743232095247e-10,5.152743232095247e-10,0.24999317526817322,5.152743232095247e-10,0.24999317526817322
8,2026-03-09,1.0461494608827324,-0.0613392380297184,0.5,1.030576846083875e-09,1.030576846083875e-09,1.030576846083875e-09,1.030576846083875e-09,1.030576846083875e-09,1.030576846083875e-09,1.030576846083875e-09,1.030576846083875e-09,1.030576846083875e-09,1.030576846083875e-09,0.5,1.030576846083875e-09,1.030576846083875e-09
8,2026-03-10,1.074602489228225,0.026834572264552117,0.1666666567325592,3.4352559685757456e-10,3.4352559685757456e-10,1.6520111500994972e-08,0.1666666567325592,3.4352559685757456e-10,3.4352559685757456e-10,3.4352559685757456e-10,0.1666666567325592,0.1666666567325592,3.4352559685757456e-10,2.4484439364869104e-08,0.1666666567325592,0.1666666567325592
8,2026-03-11,1.0803274026023093,0.005313330020010471,2.0610058104608697e-09,2.0610058104608697e-09,2.0610058104608697e-09,2.0610058104608697e-09,1.6860877849467215e-07,2.0610058104608697e-09,2.0610058104608697e-09,2.0610058104608697e-09,0.9999282360076904,2.0610058104608697e-09,2.0610058104608697e-09,2.0610058104608697e-09,2.0610058104608697e-09,7.155707862693816e-05
8,2026-03-12,1.0750889011991467,-0.004860788802802563,6.870511937151491e-10,6.870511937151491e-10,6.870511937151491e-10,6.870511937151491e-10,0.3333333432674408,6.870511937151491e-10,6.870511937151491e-10,6.870511937151491e-10,0.3333333432674408,6.870511937151491e-10,6.870511937151491e-10,6.870511937151491e-10,6.870511937151491e-10,0.3333333432674408
8,2026-03-13,1.0671110686337442,-0.007448295733332634,0.25,5.152883675307862e-10,5.152883675307862e-10,5.152883675307862e-10,0.25,5.152883675307862e-10,5.152883675307862e-10,5.152883675307862e-10,0.25,5.152883675307862e-10,5.152883675307862e-10,1.8064465479028513e-08,5.152883675307862e-10,0.25
8,2026-03-16,1.066127431888976,-0.00092220050804317,0.20000000298023224,4.122307217802046e-10,4.122307217802046e-10,4.122307217802046e-10,0.20000000298023224,4.122307217802046e-10,4.122307217802046e-10,4.122307217802046e-10,0.20000000298023224,4.122307217802046e-10,4.122307217802046e-10,0.20000000298023224,4.122307217802046e-10,0.20000000298023224
8,2026-03-17,1.0627078547809856,-0.00321262999586761,2.0610151363342766e-09,2.0610151363342766e-09,2.0610151363342766e-09,2.0610151363342766e-09,1.5957473920025222e-07,2.0610151363342766e-09,2.0610151363342766e-09,2.0610151363342766e-09,0.9999328851699829,2.0610151363342766e-09,2.0610151363342766e-09,2.0610151363342766e-09,2.0610151363342766e-09,6.69555229251273e-05
8,2026-03-18,1.0774779478183205,0.013802846011519432,0.0833333358168602,0.0833333358168602,0.0833333358168602,0.0833333358168602,0.0833333358168602,0.0833333358168602,0.0833333358168602,0.0833333358168602,1.7176279842878728e-10,0.0833333358168602,0.0833333358168602,1.7176279842878728e-10,0.0833333358168602,0.0833333358168602
8,2026-03-19,1.059106320369205,-0.017197618195414544,0.23289543390274048,4.800332908949656e-10,4.800332908949656e-10,4.800332908949656e-10,0.23289543390274048,4.800332908949656e-10,4.800332908949656e-10,4.800332908949656e-10,0.23289543390274048,4.800332908949656e-10,4.800332908949656e-10,0.06841825693845749,4.800332908949656e-10,0.23289543390274048
8,2026-03-20,1.031446574047946,-0.026463200768828393,2.061011361575993e-09,2.061011361575993e-09,2.061011361575993e-09,2.061011361575993e-09,9.592210403752688e-08,2.061011361575993e-09,2.061011361575993e-09,2.061011361575993e-09,0.9999309778213501,2.061011361575993e-09,2.061011361575993e-09,5.163313332445796e-09,2.061011361575993e-09,6.890766962897032e-05
8,2026-03-23,0.9345321554107485,-0.09867150122442545,2.060821291394177e-09,2.060821291394177e-09,2.060821291394177e-09,2.060821291394177e-09,3.5341483339834667e-07,2.060821291394177e-09,2.060821291394177e-09,2.060821291394177e-09,0.9998387694358826,2.060821291394177e-09,2.060821291394177e-09,2.060821291394177e-09,2.060821291394177e-09,0.00016085007518995553
8,2026-03-24,0.9668861195519443,0.03403468624949455,5.147897108592758e-10,5.147897108592758e-10,5.147897108592758e-10,5.147897108592758e-10,0.2497580498456955,5.147897108592758e-10,5.147897108592758e-10,0.0009678201167844236,0.2497580498456955,5.403930192215967e-09,5.147897108592758e-10,5.147897108592758e-10,0.2497580498456955,0.2497580498456955
8,2026-03-25,0.9835755890774596,0.01711377032995224,0.20000000298023224,4.122307217802046e-10,4.122307217802046e-10,4.122307217802046e-10,0.20000000298023224,4.122307217802046e-10,4.122307217802046e-10,4.122307217802046e-10,0.20000000298023224,4.122307217802046e-10,4.122307217802046e-10,0.20000000298023224,4.122307217802046e-10,0.20000000298023224
8,2026-03-26,0.9582976533960726,-0.02603605946600437,2.0610124717990175e-09,2.0610124717990175e-09,2.0610124717990175e-09,2.0610124717990175e-09,1.6254712420504802e-07,2.0610124717990175e-09,2.0610124717990175e-09,2.0610124717990175e-09,0.9999314546585083,2.0610124717990175e-09,2.0610124717990175e-09,2.0610124717990175e-09,2.0610124717990175e-09,6.83353136992082e-05
8,2026-03-27,0.9634195914488833,0.005330597094843643,2.0610151363342766e-09,2.0610151363342766e-09,2.0610151363342766e-09,2.0610151363342766e-09,1.5958319465880777e-07,2.0610151363342766e-09,2.0610151363342766e-09,2.0610151363342766e-09,0.9999328851699829,2.0610151363342766e-09,2.0610151363342766e-09,2.0610151363342766e-09,2.0610151363342766e-09,6.696008495055139e-05
8,2026-03-30,0.977454030873543,0.01446223378815921,2.0602748396214565e-09,2.0602748396214565e-09,2.0602748396214565e-09,2.0602748396214565e-09,7.586042443108454e-07,2.0602748396214565e-09,2.0602748396214565e-09,2.0602748396214565e-09,0.9995736479759216,2.0602748396214565e-09,2.0602748396214565e-09,2.0602748396214565e-09,2.0602748396214565e-09,0.00042556587141007185
8,2026-03-31,0.9653977556016144,-0.012411065128445625,0.0833333358168602,1.7176279842878728e-10,0.0833333358168602,0.0833333358168602,0.0833333358168602,0.0833333358168602,0.0833333358168602,0.0833333358168602,0.0833333358168602,0.0833333358168602,0.0833333358168602,4.713757384422479e-09,0.0833333358168602,0.0833333358168602
8,2026-04-01,1.0334291471058308,0.06809762212634086,0.5,1.030576846083875e-09,1.030576846083875e-09,1.030576846083875e-09,1.030576846083875e-09,1.030576846083875e-09,1.030576846083875e-09,1.030576846083875e-09,1.030576846083875e-09,1.030576846083875e-09,1.030576846083875e-09,0.5,1.030576846083875e-09,1.030576846083875e-09
8,2026-04-02,0.985088933443124,-0.04790589565634727,0.12865719199180603,3.0865398002788424e-05,0.12865719199180603,0.12865719199180603,2.651822372801149e-10,0.12865719199180603,0.12865719199180603,2.5511853891657665e-06,2.651822372801149e-10,0.09936624765396118,0.12865719199180603,0.12865719199180603,2.651822372801149e-10,2.651822372801149e-10
8,2026-04-03,0.99478291588519,0.00979261350929737,3.402214066028364e-10,3.402214066028364e-10,3.402214066028364e-10,3.402214066028364e-10,0.16506358981132507,3.402214066028364e-10,0.009618496522307396,0.16506358981132507,0.16506358981132507,0.16506358981132507,3.402214066028364e-10,3.402214066028364e-10,0.16506358981132507,0.16506358981132507
