round,date,regime,regime_prob_0,regime_prob_1,regime_prob_2,return,semicon,bank,car,finance,treasury3,ener&chem,iron,wti,gold,copper,necessities,healthcare,silver,treasury10
1,2019-01-02,2,1.0093015584613114e-156,1.9975936858648897e-60,1.0,0.005054780439287424,1.571544672174241e-08,2.0611250484137145e-09,2.0642036702156474e-07,2.135078034370963e-07,3.374399284439278e-06,1.1842182345844776e-08,2.184996006349138e-08,1.0385438997673191e-07,0.9999861717224121,8.986562534119003e-07,2.0040108950070135e-07,1.1335783511867703e-07,8.626370799902361e-06,6.941846919517047e-08
1,2019-01-03,1,9.533589806442236e-25,0.9999999977996481,2.2003733453697206e-09,0.004246099014237006,1.8720388794690734e-08,2.7359777959645726e-05,2.4581569846304774e-07,2.6578823053569067e-07,1.0499023801457952e-06,4.5582979169012106e-08,4.08063272061554e-08,1.6859674190072838e-07,0.9999688863754272,5.159628244655323e-07,1.3664093501120078e-07,1.4709715401295398e-07,1.0598826065688627e-06,3.9981774335728915e-08
1,2019-01-04,1,5.268376746486305e-26,0.9999999851181088,1.4881873044848568e-08,0.03177199350595474,3.5232653317507356e-05,3.0571422371394874e-07,6.115275823503907e-07,2.943803565358394e-06,7.927533260954078e-07,2.581681428637239e-07,3.817304730091564e-07,2.1489393375873078e-08,2.0610093631745485e-09,4.2858025040004577e-07,2.8888051019748673e-05,0.9999299645423889,2.768139317765872e-08,1.4473600629116845e-07
1,2019-01-07,1,0.0,1.0,1.688631205149761e-166,-0.009493422670662404,6.715335416629387e-07,0.4990779459476471,7.963940151967108e-05,2.5775125322979875e-05,5.2459010476013646e-05,0.00016630944446660578,5.504970613401383e-05,0.0011110663181170821,0.4990779459476471,7.591378380311653e-05,1.3930892919233884e-06,1.0286763663103216e-09,0.00021999867749400437,5.580834476859309e-05
1,2019-01-09,1,6.630521552395226e-62,0.9999922344219069,7.765578083113748e-06,0.010630728770792484,5.653427948004719e-08,0.9999472498893738,4.465647123197414e-07,5.222603363108647e-07,1.6965016413905687e-07,5.989135161144077e-07,1.5708093314970029e-07,3.2150052220458747e-07,4.510381040745415e-05,2.0995409499846573e-07,1.4065511777516804e-07,4.964131676388206e-06,2.548107325139881e-08,2.2706126756588674e-08
1,2019-01-10,2,6.665919000224829e-14,0.23321295112357673,0.7667870488763663,0.007551971560716629,4.6812318032607436e-05,4.727200320076008e-08,5.925181767452159e-07,3.119166194665013e-06,9.096308417610999e-07,2.1715423770274356e-07,3.751017061404127e-07,1.8609078722420236e-08,2.060966952655008e-09,4.6656083441121154e-07,3.7768983020214364e-05,0.9999094605445862,3.3359594198145714e-08,1.5951654575019347e-07
1,2019-01-11,2,2.0074921437114048e-07,0.017069086564963594,0.9829307126858485,-0.004726049473136663,1.124534151131229e-06,1.989905795696245e-09,1.883152691561918e-07,4.952011067871354e-07,1.575358623995271e-06,1.9369112536082866e-08,4.6320206337213676e-08,1.5628806693257502e-08,0.034558650106191635,5.064204628979496e-07,3.7883698951191036e-06,0.9654330611228943,4.6576550971622055e-07,7.330172024921922e-08
1,2019-01-14,2,1.0171807699566413e-06,0.0015494681474928788,0.9984495146717584,-0.001878321291692555,1.5047682211388747e-08,2.0611363726885656e-09,1.378729166390258e-07,1.643389424543784e-07,2.0929978745698463e-06,8.59704130107275e-09,1.5211446324769895e-08,5.410229420022006e-08,0.9999915957450867,5.740852202507085e-07,1.8442908356064436e-07,1.2792048664778122e-06,3.831742560578277e-06,4.024707322969334e-08
1,2019-01-15,2,6.686040479983136e-07,0.00048773536136613416,0.9995115960345903,0.01186139801889658,2.265214646968161e-07,0.4999992251396179,1.598360768184648e-07,3.2864079457795015e-07,7.142808300386605e-08,1.690846289648107e-07,6.79404337233791e-08,3.137680337772508e-08,3.1053779991907504e-08,7.190929096623222e-08,3.590068331504881e-07,0.4999992251396179,4.363224448411529e-09,1.0285001295073926e-08
1,2019-01-16,2,1.1045632493429831e-07,0.00033145470055009034,0.9996684348431174,-0.012528519186377525,1.4856520465400536e-05,5.0659885175718955e-09,3.1063203209669155e-07,1.4217617945178063e-06,7.886184221206349e-07,7.816675662297712e-08,1.5472510028757824e-07,1.3034659573918361e-08,4.3906851487918175e-08,3.910436987553112e-07,1.8017679394688457e-05,0.9999637603759766,5.278329950897387e-08,8.806198081856564e-08
1,2019-01-17,2,8.782874794562232e-07,0.0002970260997822476,0.9997020956127556,-0.0023376664996147154,4.9847184158124946e-08,3.439183160480752e-08,5.603472885695737e-08,1.2527415549357102e-07,3.5536902487365296e-07,7.220393172246986e-09,1.0171632425226562e-08,9.248746657419815e-09,0.881137490272522,1.4472199438841926e-07,3.030565380868211e-07,0.11886125802993774,1.3263444031963445e-07,9.545445323055901e-09
1,2019-01-18,2,3.725710744422013e-08,0.00027020401042190066,0.9997297587324535,-3.562772493410761e-05,1.9905268544562205e-08,6.559371286130045e-06,8.657946750645351e-07,5.441647772386204e-07,5.123551545693772e-06,1.245731340304701e-07,1.2609122279627627e-07,1.354426331090508e-06,0.9999669194221497,2.2640990664513083e-06,1.691372659706758e-07,2.061085524474038e-09,1.568423795106355e-05,2.3540312099612493e-07
1,2019-01-21,2,4.047095132719749e-06,0.0001503949786567058,0.9998455579262288,-0.008718361087143422,6.64383037474181e-07,0.4854147136211395,2.730289452301804e-07,6.17549062553735e-07,1.2054421461016318e-07,3.1926725796438404e-07,1.4123750702310645e-07,5.016180182337848e-08,4.968637945523824e-09,1.241760401171632e-07,8.215554316848284e-07,0.514582097530365,6.904253169182084e-09,2.347568006655365e-08
1,2019-01-22,2,1.2451621227283289e-06,0.0002473928487120224,0.9997513619891375,-0.006733987944573164,1.3849572155777423e-08,0.008546952158212662,2.073787754852674e-07,2.290642129310072e-07,4.624184839485679e-07,6.474400748857079e-08,3.933119430143961e-08,1.5697872868258855e-07,0.9914510250091553,2.9322146133381466e-07,8.472200363485172e-08,1.3623203187762556e-07,2.8442028110475803e-07,2.1152139595415065e-08
1,2019-01-23,2,7.952495058042372e-07,0.00024447012291348814,0.9997547346275959,-0.003523102967068553,2.675721589184832e-06,0.006736136507242918,4.094113421615475e-07,1.178707179860794e-06,2.624306318921299e-07,3.1865928917795827e-07,2.0428471714240004e-07,3.8618917841404254e-08,3.978861240483411e-09,2.0971977221506677e-07,3.1759848297951976e-06,0.9932553172111511,1.1746420724989548e-08,4.3122202697531975e-08
1,2019-01-24,2,5.877133474032846e-08,0.0002006837634101444,0.9997992574652458,0.014758383795619012,2.2402355526196516e-08,0.9978229999542236,3.5861378933077503e-07,3.8575652183681086e-07,1.7740762814355548e-07,3.8078158581811294e-07,1.0273011952222078e-07,3.415023002162343e-07,0.002174725756049156,1.982570836389641e-07,7.544956304172956e-08,1.5566972422220715e-07,3.990092167782677e-08,1.7721569989248565e-08
1,2019-01-25,2,9.440271666191803e-06,0.0003789110938124795,0.9996116486345279,0.007138493920862674,1.2969978513410751e-07,4.5782158508700377e-07,9.011199608721654e-08,2.1563107566180406e-07,3.3898336937454587e-07,1.6642919931086908e-08,2.0629201458177704e-08,1.282463824026081e-08,0.029175151139497757,1.6217668985518685e-07,5.550625132855203e-07,0.9708227515220642,8.349736901891447e-08,1.3390899944454304e-08
1,2019-01-28,2,9.114172102921024e-07,0.008998210068878272,0.9910008785139318,0.015088872972130775,1.0603725897340155e-08,4.7187575546558946e-05,1.3980942981106637e-07,1.5823526666736143e-07,6.050839829185861e-07,2.4557170519301508e-08,2.1265170957462942e-08,8.437233844915681e-08,0.9999505281448364,2.921177042480849e-07,8.5493013557425e-08,2.9618607300108124e-07,5.26065889516758e-07,1.8245815525119724e-08
1,2019-01-29,2,2.4210603803054492e-06,0.11528502474228494,0.884712554197313,-0.0002881682459264994,1.1980877445694205e-07,2.01294891866155e-09,9.586506877212742e-08,2.0106936915453844e-07,7.159903248066257e-07,1.101430946448545e-08,1.8538585777605476e-08,1.4883108079288832e-08,0.7355209589004517,2.6113681883543904e-07,6.143464474916982e-07,0.26447662711143494,3.1255191856871534e-07,2.4668329601240657e-08
1,2019-01-30,1,2.829030807090207e-53,0.9999999945759441,5.424062041136591e-09,0.006909105300158262,1.519195166110876e-06,0.0008014139020815492,2.4850336899362446e-07,7.50429819618148e-07,2.1814149420151807e-07,1.403922169629368e-07,1.0454527199499353e-07,2.1778832959284955e-08,4.05717592855126e-08,1.5612440051882004e-07,2.327796437384677e-06,0.999193012714386,1.181717124154602e-08,2.5392184355155223e-08
1,2019-01-31,1,3.542393476023986e-61,0.9999999997712621,2.2873051064554645e-10,0.003864569437503815,1.134073279729364e-08,3.651244995239722e-08,3.2734965316194575e-07,2.5664238023637154e-07,3.6626415749196894e-06,2.5721034191406034e-08,3.6626371269221636e-08,3.152142085127707e-07,0.9999815821647644,1.2070248658346827e-06,1.3094279438519152e-07,2.0611157225403076e-09,1.2305044037930202e-05,9.280277168954854e-08
1,2019-02-01,2,1.204871198085412e-19,0.3107006711076875,0.6892993288923366,-0.00868883358091116,7.247829216794344e-07,8.741748160900897e-07,1.5925232332847372e-07,4.264669541953481e-07,3.8263556234596763e-07,4.0354578345613845e-08,4.896378058560913e-08,1.526077753055688e-08,5.311438872013241e-05,2.055280532431425e-07,1.799646611289063e-06,0.9999421238899231,4.647045059869015e-08,2.4827732758581078e-08
1,2019-02-07,2,7.776267935130259e-07,0.018174450491321312,0.9818247718818995,-0.01180558819025755,1.639485702753518e-08,4.169197200099006e-05,1.010033727766313e-07,1.4842457574104628e-07,3.7905988392594736e-07,1.9787385951985925e-08,1.7380960670720924e-08,4.247995022410578e-08,0.999938428401947,1.9701361964052921e-07,1.1190721949105864e-07,1.8595648725749925e-05,2.1588235199487826e-07,1.1931806653819876e-08
1,2019-02-08,2,1.6865773905347806e-06,0.001602966484817844,0.9983953469378093,0.007531046436727047,2.9548143629654078e-06,2.289758185725077e-06,2.1976954656111047e-07,7.717278549534967e-07,3.3873888583002554e-07,7.679255986658973e-08,9.109758991598937e-08,1.3332748238781278e-08,1.1615878747761599e-07,1.9871174572472228e-07,4.567644737107912e-06,0.999988317489624,2.0998923488946275e-08,3.301577322645244e-08
1,2019-02-11,2,1.4117062160836622e-06,0.001804863622690814,0.9981937246710666,0.010879859305918217,4.931836201649276e-07,0.006851120851933956,7.279441547325405e-07,1.5308825140891713e-06,1.3730020782531938e-06,2.2414508293877589e-07,1.667240780989232e-07,1.4535277159666293e-07,0.06066867709159851,8.90984495072189e-07,2.098949835271924e-06,0.932472288608551,2.3675534066569526e-07,5.4485568057316414e-08
1,2019-02-12,2,2.5989684084602288e-06,0.01937278052394334,0.9806246205076273,-0.0028991609420627356,1.5603802694386104e-08,1.9076827811659314e-05,2.8731483325827867e-07,2.7230584009885206e-07,1.390390480082715e-06,4.86560658430335e-08,4.5126625991542824e-08,2.467864419486432e-07,0.999975860118866,6.646875476690184e-07,1.233841544490133e-07,1.6830094651254512e-08,1.890917815217108e-06,5.1549914559245735e-08
1,2019-02-13,2,1.1508043965491851e-10,0.2839286296289942,0.7160713702559011,0.004232960709929466,2.3235666049004067e-06,0.03946167230606079,4.254161922290223e-06,7.989511686901096e-06,7.73323881730903e-06,1.4464798141489155e-06,1.027015514409868e-06,1.063766148945433e-06,0.323329895734787,5.1476490625645965e-06,9.189432603307068e-06,0.6371663212776184,1.5479404282814357e-06,3.7072032910145936e-07
1,2019-02-14,2,4.4650313606066355e-24,0.44364988711222536,0.5563501128877931,-0.0034852074019610883,8.748325512897281e-07,0.006861277390271425,2.486500818577042e-07,6.40937059870339e-07,1.929216040252868e-07,1.5857966673138435e-07,1.016991504343423e-07,2.964031686758517e-08,1.1611411565581875e-07,1.5278014586783684e-07,1.425533696419734e-06,0.9931347370147705,1.2145889627390716e-08,2.2195496995891517e-08
1,2019-02-15,2,8.825874242804099e-06,0.01183576712891219,0.9881554069968412,0.0017961309418082238,1.607337907216788e-08,3.21773586620111e-05,1.1776167951893513e-07,1.6121461499096768e-07,4.7352847332149395e-07,2.245648467180672e-08,2.0090910268777407e-08,5.709785000362899e-08,0.999960720539093,2.4432338818769495e-07,1.1266820365563035e-07,5.549833076656796e-06,3.1520957577413355e-07,1.508037428266107e-08
1,2019-02-18,2,1.4808004758546997e-05,0.00041908694659086097,0.9995661050486502,0.008860823632823303,3.7492682736228744e-08,2.549265332163486e-07,9.528665856350926e-08,1.623636904923842e-07,5.381425012274121e-07,1.3088609307487786e-08,1.6020502258129454e-08,2.36113653073744e-08,0.9980926513671875,2.2557836132364173e-07,2.485721211087366e-07,0.0019054376753047109,2.736295527938637e-07,1.5725170499081287e-08
1,2019-02-19,2,1.6283981773913188e-08,0.0008665198030678535,0.9991334639129551,0.011465349112451076,8.896884651221626e-08,4.83554249512963e-05,7.304404192609582e-08,1.6890567167138215e-07,1.6146599080002488e-07,2.007875288256855e-08,1.7639232297028684e-08,1.1458386239837637e-08,0.002056002151221037,9.709658854717418e-08,3.4047445751639316e-07,0.9978946447372437,2.5696145655729197e-08,6.942105557072864e-09
1,2019-02-20,2,3.743162789924241e-08,0.00045419497765162274,0.9995457675907444,-0.0023192956173559653,9.993453886636416e-07,0.0002657630539033562,1.8450106153977686e-07,5.466976631396392e-07,1.9938849504796963e-07,8.675205975805511e-08,7.09026792833356e-08,1.6773606503761584e-08,2.3519430669693975e-07,1.379561211933833e-07,1.7707371853248333e-06,0.9997299313545227,1.2753563538581147e-08,1.8793064882061117e-08
1,2019-02-21,2,3.0183171607660117e-06,0.00013891292865907554,0.9998580687542059,-0.0010500387312844396,2.9988818539550266e-08,0.06026136875152588,1.332079705207434e-06,8.466331564704888e-07,2.4393059447902488e-06,5.569669951910328e-07,2.977684800953284e-07,2.594585566839669e-06,0.9397252202033997,1.7693261042950326e-06,1.5802582709056878e-07,1.9369179593553554e-09,3.1527492865279783e-06,2.277807169548396e-07
1,2019-02-22,2,3.388156198254816e-06,9.53977024767408e-05,0.9999012141413238,-0.0034914631355553866,6.661613497271901e-06,9.274471267417539e-06,3.5264443454252614e-07,1.3316689546627458e-06,4.0057432215689914e-07,1.6175800965356757e-07,1.7496768123237416e-07,1.938465388207078e-08,5.262803970396135e-09,2.4888146299417713e-07,7.796255886205472e-06,0.999973475933075,1.8532546164351515e-08,5.501353328440928e-08
1,2019-02-25,2,4.421104023484014e-06,0.00013387535197575466,0.9998617035440016,0.005794901236146689,3.843547347059939e-08,3.412100681998709e-07,7.307438920634013e-08,1.4203899922904384e-07,3.856538057789294e-07,1.064917665161147e-08,1.2996676623799885e-08,1.5715581724862204e-08,0.9905473589897156,1.6900347077353217e-07,2.442741617869615e-07,0.009451029822230339,1.6218191944972205e-07,1.0905228720048399e-08
1,2019-02-26,2,3.5615705929873465e-06,0.00014248800872603817,0.9998539504206947,-0.0015560468750074506,2.6462553250894416e-06,4.88248133478919e-07,2.041182796119756e-07,7.120131613191916e-07,3.977275184752216e-07,6.092317761385857e-08,8.07532458679816e-08,1.3245590402277685e-08,5.652610752804321e-07,2.2315332159905665e-07,4.497899226407753e-06,0.9999900460243225,3.0910364046121686e-08,3.4953771432810754e-08
1,2019-02-27,2,3.239444221776879e-06,0.0002418806024685882,0.9997548799533094,0.006416613656282425,2.6346000936428027e-07,0.1895603984594345,1.6794524526630994e-07,3.782346595926356e-07,1.0742260059259934e-07,1.3105947971325804e-07,6.419220710540685e-08,3.002028847731708e-08,3.6251913115847856e-07,9.67247473226962e-08,4.967478730577568e-07,0.8104375004768372,7.67342456242659e-09,1.1433271218663776e-08
1,2019-02-28,2,4.360029785041733e-10,0.003246414119278701,0.9967535854446952,-0.0013191720571368933,1.1059642091026944e-08,0.5811882615089417,2.0630136532417964e-07,2.016628428691547e-07,2.4123039565893123e-07,1.1176960867942398e-07,4.826264898838417e-08,2.0899301489407662e-07,0.41881027817726135,2.0190732641367504e-07,5.202031871931467e-08,2.1292640539627428e-08,1.1117916187686205e-07,1.7107321781395513e-08
1,2019-03-04,2,4.339148098273006e-09,0.002039509576493206,0.9979604860843514,-0.018088380628824233,1.3768892692667123e-08,9.467629752180073e-06,2.5750802024049335e-07,2.452334797453659e-07,1.3724899190492579e-06,3.9000664031618726e-08,3.742407272966375e-08,2.003126127192445e-07,0.9999856352806091,6.035626256561955e-07,1.1662856991279114e-07,2.097077000939862e-08,1.916074552354985e-06,4.602161851607889e-08
1,2019-03-05,2,3.726198690414696e-07,0.00039784227875788074,0.9996017851013782,-0.006934921220348042,2.757624706362094e-08,9.278326160711003e-07,1.482338944924777e-07,2.0773809694674128e-07,8.339580404026492e-07,2.2088311624202106e-08,2.478824967511173e-08,6.095144300388711e-08,0.9999780654907227,3.6946610748600506e-07,1.9527782058048615e-07,1.8453529264661483e-05,6.511679089271638e-07,2.6598893754226083e-08
1,2019-03-06,2,1.537495178584701e-06,0.00015905074156554632,0.9998394117632786,0.003082167757395655,6.572105348823243e-08,1.3280861743680816e-08,1.1267506039303044e-07,1.9879995249993954e-07,8.33897274787887e-07,1.2852638064941857e-08,1.9133150175321134e-08,2.4113548491300207e-08,0.9908761978149414,3.118658185030654e-07,4.1967933839259786e-07,0.0091213034465909,4.6210098503252084e-07,2.4867489401003695e-08
1,2019-03-07,2,4.6997555637427845e-06,0.00014833960010310744,0.999846960644317,-0.017094947063922884,1.3424001963358023e-06,2.7131752631248673e-06,1.545483883091947e-07,4.920337346447923e-07,2.643141669977922e-07,4.789007945760204e-08,5.4869421006742414e-08,1.0466890465465895e-08,9.361057209389401e-07,1.5249393925387267e-07,2.6017075924755773e-06,0.9999911785125732,1.9285856467377016e-08,2.0353331464662006e-08
1,2019-03-08,2,1.0590258726196653e-07,0.0008991882048874951,0.9991007058925496,0.00503258937895298,1.3097784190563289e-08,3.2376436138292775e-05,1.1693143164848152e-07,1.5352173932114965e-07,4.933593231726263e-07,2.1161060459462533e-08,1.8617134500686916e-08,5.8123230672890713e-08,0.999963641166687,2.409188084584457e-07,9.838339565249044e-08,2.3804520878911717e-06,3.554228840130236e-07,1.4846009754876377e-08
1,2019-03-11,2,4.561749013425108e-08,0.002906186140069824,0.9970937682424315,-0.00024259160459041593,3.7356471693783533e-07,0.003433499252423644,3.7865351032451144e-07,7.889705671004776e-07,5.678765546690556e-07,1.473393780315746e-07,1.0494591151655186e-07,7.489196462984182e-08,0.0012546860380098224,4.000079911747889e-07,1.180377012133249e-06,0.9953076839447021,8.25984045604855e-08,3.327273034869904e-08
1,2019-03-12,2,1.7922532577357218e-12,0.004947426175625995,0.9950525738225872,0.005017617788910866,7.799847594469611e-07,0.012753220275044441,1.5194258367046132e-06,3.1391746233566664e-06,3.215561719116522e-06,4.491319884891709e-07,3.348264385749644e-07,3.570271189801133e-07,0.6035407185554504,2.052353011094965e-06,3.6555495626089396e-06,0.3836897909641266,6.812048809479165e-07,1.200939294676573e-07
1,2019-03-13,2,2.314271064028568e-06,0.00042434085346320803,0.99957334487549,-0.00031888631957117464,4.198060923954472e-05,7.118459325283766e-05,1.2757101330862497e-06,5.0966373237315565e-06,9.192579000227852e-07,9.86992517937324e-07,9.547745776217198e-07,6.748093994701776e-08,2.060842385631645e-09,6.197184916345577e-07,2.7657571990857832e-05,0.9998489618301392,2.870852888747777e-08,2.783608863410336e-07
1,2019-03-14,2,3.9600527829327434e-08,0.00019924139648202244,0.9998007190030146,-0.0034645228523761036,9.401932565822335e-09,9.356145191929954e-09,1.7956014630726713e-07,1.7590443235349085e-07,2.346109567952226e-06,1.2697469742306566e-08,1.9085870661683657e-08,1.1632723584398263e-07,0.9999902248382568,7.032668918327545e-07,1.1841197533613013e-07,1.729558718466251e-08,6.036268587195082e-06,4.765696814956755e-08
1,2019-03-15,2,5.262726732590989e-05,5.246560055659573e-05,0.9998949071321221,-0.01874753037393093,1.9769939285652072e-07,1.0339885193388909e-05,1.0019256535542809e-07,2.4514883989468217e-07,2.3407274341025186e-07,2.7207839536913525e-08,2.6894500848584357e-08,1.39940006249617e-08,0.0006481892196461558,1.3775914453617588e-07,6.329814254968369e-07,0.9993398189544678,3.5616803728544255e-08,1.1892920426248565e-08
1,2019-03-18,2,8.996320542218662e-05,5.996328394645592e-05,0.9998500735106247,-0.001356568861939013,1.8799973133809544e-08,0.00027117261197417974,8.113592002700898e-07,5.238628659753886e-07,3.1115778256207705e-06,1.7102421168146975e-07,1.3238577878382785e-07,1.2771524779964238e-06,0.9997146725654602,1.6198401908695814e-06,1.3916036323280423e-07,2.0605654960093034e-09,6.202284566825256e-06,1.689412272298796e-07
1,2019-03-19,2,7.710366585693946e-05,4.8797751507773404e-05,0.9998740985826113,-0.002108630655147135,2.4700861800397433e-08,0.8180974125862122,4.660157344460458e-07,4.1298184783045144e-07,4.436902258930786e-07,2.9637106990776374e-07,1.201074013579273e-07,5.065053301223088e-07,0.1818995624780655,4.006628273600654e-07,1.0079292422915387e-07,2.110861352377924e-08,1.9600797429575323e-07,4.0691372049650454e-08
1,2019-03-20,2,7.055073380510226e-05,6.403862261936154e-05,0.9998654106435834,-0.0014128477957099676,6.4997607296390925e-06,0.0012846096651628613,5.952977630840905e-07,1.9202198018319905e-06,4.026868509754422e-07,4.4812824739892676e-07,3.3222633533114276e-07,4.641399087290665e-08,2.0584705051618357e-09,3.006185806952999e-07,6.550742000399623e-06,0.9986981749534607,1.6696038329655494e-08,7.970424320546954e-08
1,2019-03-21,2,5.489275133233183e-05,5.548398367495889e-05,0.9998896232649994,0.009650308279693126,2.734133985882181e-08,8.209703850070582e-08,9.962802494101197e-08,1.5869072456098365e-07,7.201701350822987e-07,1.160501827968119e-08,1.5515086104755937e-08,2.9464285233871124e-08,0.9997906684875488,2.7963335469394224e-07,2.133043892627029e-07,0.00020714027050416917,5.252537107480748e-07,1.8772638554764853e-08
1,2019-03-22,2,0.0005017873744703268,0.0003026033353125083,0.9991956092902003,-0.00579086762201041,2.273374555272767e-08,0.003781686071306467,8.410736995756452e-07,5.757002554673818e-07,2.2244091724132886e-06,2.473337019637256e-07,1.6070201525053562e-07,1.31756007704098e-06,0.996208131313324,1.3792239315080224e-06,1.4110636925579456e-07,2.0533379441189936e-09,3.1040153771755286e-06,1.4669173253878398e-07
1,2019-03-25,2,1.5009575333005254e-14,0.017558422564483436,0.9824415774354853,-0.019801705315709114,5.177788352739299e-06,3.9365932025248185e-05,3.5725835800803907e-07,1.2562173878905014e-06,3.6013059911965684e-07,1.8123897405075695e-07,1.7416745379250642e-07,2.212274985424756e-08,5.67673374973765e-09,2.3386088798815763e-07,6.193344688654179e-06,0.9999465942382812,1.6494105636866152e-08,5.042901918272946e-08
1,2019-03-26,2,3.069185952204682e-07,0.001726302089636172,0.9982733909917714,-0.008075992766022682,2.5148274573894014e-08,0.9665305614471436,2.8340201652099495e-07,3.24229119996744e-07,2.591128236417717e-07,1.9137739570851409e-07,7.634768905973033e-08,2.3837377227664547e-07,0.033467113971710205,2.4697132516848797e-07,9.824744751085746e-08,4.987533088751661e-07,8.193200073947082e-08,2.0276866408153182e-08
1,2019-03-27,2,1.2739073087254308e-06,0.00026548922358992543,0.9997332368691281,-0.006035602613538504,1.2228118073664973e-08,1.8839652682345331e-07,1.410504069099261e-07,1.6398531954564532e-07,1.1595400337682804e-06,1.4702793649234991e-08,1.8135782653416754e-08,7.081457198410135e-08,0.9999956488609314,4.192104938738339e-07,1.2255226522484008e-07,4.275025276001543e-07,1.561470412525523e-06,2.7789786471998923e-08
1,2019-03-28,2,1.3476644168970158e-06,0.0002468615631694957,0.9997517907724391,-0.002625419038202381,2.8641219174119215e-08,1.5600062397425063e-07,1.0233448932694955e-07,1.6157270010808134e-07,6.688341045446577e-07,1.2775370983320045e-08,1.6020123894122662e-08,2.9484658270462205e-08,0.9997275471687317,2.665921670086391e-07,2.1113717707521573e-07,0.0002703491772990674,4.384667136037024e-07,1.8087829900537145e-08
1,2019-03-29,2,7.275370476656625e-08,0.00022031093806993657,0.9997796163082154,-0.01719730298947543,6.738449087606568e-08,3.260465675225532e-08,9.426173619431211e-08,1.8457161843343783e-07,5.980388664283964e-07,1.2128634985231201e-08,1.7028801480023503e-08,1.8132398693637697e-08,0.9691821932792664,2.3972069129740703e-07,4.0005934920372965e-07,0.030815865844488144,2.700833192648133e-07,1.830609619446477e-08
1,2019-04-01,2,5.941545586731002e-06,7.151214736234759e-05,0.9999225463070697,0.007244786498695612,1.5837402145280066e-07,0.0008343065856024623,1.6458558604881546e-07,3.671669048799231e-07,2.970875527807948e-07,5.315994400234558e-08,4.055879188058498e-08,2.8722320521978872e-08,0.0029163036961108446,1.9435134390732856e-07,5.943669521002448e-07,0.996247410774231,4.4244707453344745e-08,1.3296141077034918e-08
1,2019-04-02,2,0.00019703260025700725,4.759813026323855e-05,0.9997553692695058,-0.0035014401465654375,1.4439984319380983e-08,3.920176823157817e-05,6.712207323289476e-08,1.1247818321180603e-07,2.5203578957189166e-07,1.3290601508231248e-08,1.1565391311307849e-08,2.318882685869994e-08,0.9998434782028198,1.3208595817104651e-07,9.853174276486243e-08,0.00011650327360257506,1.1337657923604638e-07,7.041662364315471e-09
1,2019-04-03,2,0.0008545476588834647,4.7396284792721495e-05,0.9990980560563434,0.009302329501509667,3.027784245546172e-08,0.9991539120674133,3.161314054977993e-07,3.586146704037674e-07,1.6583763340349833e-07,3.2071341138362186e-07,9.457523475475682e-08,2.480161072071496e-07,0.0008428971632383764,1.868910999291984e-07,9.434705106059482e-08,1.3541642829295597e-06,3.2104484404271716e-08,1.6357132537336838e-08
1,2019-04-04,2,0.00044611523283507085,5.622826926563139e-05,0.9994976564979009,0.0012734031829400919,3.1076371698190997e-08,0.9998106956481934,1.884921374539772e-07,2.669289074219705e-07,9.856380955852728e-08,1.807834877354253e-07,5.550435844270396e-08,9.69232516467855e-08,0.0001463061780668795,1.053393106076328e-07,9.476452333956331e-08,4.187024023849517e-05,1.4031537709513486e-08,8.415764085611954e-09
1,2019-04-05,2,0.0004699994747056524,5.0796976634866945e-05,0.9994792035486553,-0.013664731606841087,4.5165830897531123e-07,0.00011207891657250002,1.1465679250477478e-07,3.4908154589174956e-07,1.570593610722426e-07,4.4242067787081396e-08,3.7673348884936786e-08,1.0743371525734347e-08,2.6778600386023754e-06,1.0237533132340104e-07,1.048542571879807e-06,0.9998828768730164,1.2455661391186368e-08,1.0858779653233341e-08
1,2019-04-08,2,0.0018268964403504405,0.00033406818545890114,0.9978390353741838,0.006093141519278288,1.1315700376712812e-08,8.669788257975597e-06,2.703604593534692e-07,2.440107493839605e-07,1.5794255432410864e-06,3.910624002401164e-08,3.7749408932086226e-08,2.50758233732995e-07,0.9999853372573853,6.85175393755344e-07,1.0083184065479145e-07,4.43098757685334e-09,2.7104892978968564e-06,5.085380294644892e-08
1,2019-04-09,2,0.012511462590001328,0.019757305515508253,0.9677312318945157,-0.005299292891472578,5.230346573625866e-07,0.9337539076805115,1.4516808732878417e-06,2.5307467694801744e-06,1.726262098600273e-06,6.917650807736209e-07,3.6575318063114537e-07,4.5604210185956617e-07,0.03162050247192383,1.376579007228429e-06,1.963770955626387e-06,0.03461411967873573,2.968959051941056e-07,9.227101571696039e-08
1,2019-04-10,1,6.1062408136335455e-140,1.0,1.2831958943660895e-98,0.004471974690258503,4.0380257360084215e-08,9.596329952898941e-09,1.1826426771222032e-06,7.535019790338993e-07,1.2013496416329872e-05,1.1356087270542048e-07,1.9884978996742575e-07,1.8396879113424802e-06,0.9999040365219116,5.023301127948798e-06,3.776256392029609e-07,2.0609558504247616e-09,7.381306204479188e-05,5.797301696475188e-07
1,2019-04-11,2,6.692602156703125e-28,0.006732474819801665,0.993267525180192,0.001582770674009953,1.30457387115257e-08,5.967983156551782e-07,1.0576444964272014e-07,1.409983525491043e-07,7.44431929433631e-07,1.3252455133283547e-08,1.4856263774731815e-08,4.796646280169625e-08,0.999994158744812,3.003828226155747e-07,1.1509563790923494e-07,2.977311623908463e-06,7.275787652361032e-07,1.804368388036437e-08
1,2019-04-12,0,0.8523417467892166,0.00015598526575591852,0.14750226794503637,-0.009718966860882939,1.7698823739920044e-07,0.00020788420806638896,3.7172645761529566e-07,7.020552175163175e-07,1.0821148634931887e-06,8.831538167441977e-08,7.631220455550647e-08,9.424557845250092e-08,0.97043377161026,6.128087193246756e-07,8.817816592454619e-07,0.029353899881243706,3.147099789657659e-07,3.895611300208657e-08
1,2019-04-15,0,0.9205613125257137,5.458024565130978e-06,0.0794332294497378,0.0022224900975823404,6.596616231036023e-08,0.9968430995941162,2.7651592517941026e-06,1.862089789028687e-06,9.094401320908219e-07,5.159706233826e-06,1.1160784652020084e-06,7.340736829064554e-06,0.003135599195957184,1.3507344647223363e-06,1.7109047689700674e-07,2.0546466750204218e-09,3.5301584944136266e-07,2.2573371438738832e-07
1,2019-04-16,0,0.9673672040618945,1.0007165983826974e-06,0.03263179522151861,-0.002978096464648843,1.0043700982009796e-08,0.0005322559154592454,1.574524333136651e-07,1.824553805818141e-07,5.258015676190553e-07,3.512347390710602e-08,2.5374699674785006e-08,1.0839297459597219e-07,0.9994657635688782,2.785187689369195e-07,7.481914821028113e-08,1.1387393783479638e-07,4.273318268133153e-07,1.8067476403871296e-08
1,2019-04-17,0,0.9875632840741718,8.775841506241862e-07,0.012435838341670585,-0.004813778884708881,2.98757605321498e-08,0.9558249115943909,9.339056532553514e-07,7.410340003843885e-07,5.458672376335016e-07,9.772336397873005e-07,2.80985801737188e-07,1.5898089031907148e-06,0.044168997555971146,6.201016731210984e-07,1.0419658025284662e-07,1.9701018594275865e-09,2.2135016308766353e-07,7.215359687506862e-08
1,2019-04-18,0,0.9899551272789051,1.355853011537327e-06,0.01004351686808919,-0.008999458433315158,2.98831501766017e-08,0.9998117089271545,1.8346877084240987e-07,2.648674808369833e-07,9.503318665338156e-08,1.772389026655219e-07,5.386453949540737e-08,9.406693379787612e-08,0.00014753943833056837,1.0188642107777923e-07,9.146219070998995e-08,3.963953713537194e-05,1.3529176889903738e-08,8.017109642821652e-09
1,2019-04-19,0,0.9879255398582403,3.0146344262085557e-06,0.01207144550735661,0.00828303368985653,4.76992340736615e-07,0.021419154480099678,1.1409548505980638e-06,2.3490210878662765e-06,2.373092456764425e-06,3.3852089131869434e-07,2.3752966171741718e-07,2.745925087310752e-07,0.8345264792442322,1.501303131590248e-06,2.4149546788976295e-06,0.14404267072677612,5.213688609728706e-07,8.181599753243063e-08
1,2019-04-22,0,0.9745315550027256,9.103959930139684e-06,0.02545934103736447,-0.005490731523185968,3.6401633707328074e-08,0.9998964071273804,2.9680157354050607e-07,3.588367007978377e-07,1.2414614047884243e-07,3.5607646964308515e-07,9.61461950055309e-08,2.0137142087151005e-07,9.577409218763933e-05,1.4982560969656333e-07,1.0016733398288125e-07,6.042466793587664e-06,1.8375118315816508e-08,1.3444093838188564e-08
1,2019-04-23,0,0.950660350950291,1.211738312245502e-05,0.049327531666589194,-0.0015603773089125752,1.6258988466688606e-07,7.21575488569215e-05,7.982937688666425e-08,2.1897773194723413e-07,1.4476437115718e-07,2.5317008933711804e-08,2.173601565402805e-08,9.978600168381035e-09,0.0001277877454413101,9.052995153524535e-08,5.119744628245826e-07,0.9997987747192383,1.7481385228279578e-08,7.31438909440385e-09
1,2019-04-24,0,0.8919967709506439,2.9372310522346866e-05,0.10797385673884517,-0.015487754376232624,1.650610670367314e-07,0.07995317876338959,1.7971055399357283e-07,4.0484843566446216e-07,1.8008877589181793e-07,9.267271394719501e-08,5.112444156907259e-08,3.404189996558671e-08,9.095126733882353e-05,1.4400247039247915e-07,4.946114131598733e-07,0.9199541211128235,1.860051135338381e-08,1.0569626951451028e-08
1,2019-04-25,0,0.7731490374567158,5.236106665511472e-05,0.22679860147660433,-0.017108328143507243,1.6600857861703844e-06,2.516503911920154e-07,1.3309079349710373e-07,4.75321456860911e-07,2.961873519780056e-07,3.427051709081752e-08,4.728314095814312e-08,8.120685457413401e-09,1.5780219655425753e-06,1.6020946702610672e-07,3.2780801575427176e-06,0.9999920129776001,2.3806677518223296e-08,2.0760682062359592e-08
1,2019-04-26,0,0.5612421315419692,9.426637473160779e-05,0.4386636020833053,0.0024192872013896706,8.34319209275236e-08,1.1848791814372817e-07,6.851984579725467e-08,1.599585459644004e-07,3.42793725849333e-07,1.0334078481832876e-08,1.3679754218287599e-08,1.0068164080223596e-08,0.27160584926605225,1.5115048768166162e-07,4.2764486352098174e-07,0.7283926606178284,9.909014409004158e-08,1.062494625614363e-08
1,2019-04-29,2,0.26068682549359756,0.00013225115859641815,0.7391809233478004,0.0024705326050519943,1.2915132963087217e-08,6.081584615458269e-06,2.392638123183133e-07,2.3586018471632997e-07,1.3916624084231444e-06,3.53139206765718e-08,3.5035277790029795e-08,1.9882331514509133e-07,0.999988853931427,6.202250233400264e-07,1.109719178771229e-07,1.6795583590578644e-08,2.1140212993486784e-06,4.483908000452175e-08
1,2019-04-30,2,0.08170456246842092,9.272480108286245e-05,0.9182027127304818,-0.007071736065298319,2.8178715183457825e-07,0.6383851170539856,2.5264043301831407e-07,4.689126456014492e-07,9.183271743040677e-08,3.2647085390635766e-07,1.1297146329525276e-07,5.939766012375003e-08,2.215393024584955e-08,1.0157773999708297e-07,4.199891634470987e-07,0.3616127073764801,5.506366917984451e-09,1.5364777894433246e-08
1,2019-05-02,2,0.006083865918777598,0.00011968118066012394,0.9937964529005637,-0.009481799905002117,1.1467081506566501e-08,3.4670529203140177e-07,2.3630747136849095e-07,2.247699200097486e-07,1.9978767795691965e-06,2.5198868769393812e-08,3.004858228905505e-08,1.8870319706820737e-07,0.9999918341636658,7.425812782457797e-07,1.1682387679456951e-07,8.649386984416196e-09,4.1894691094057634e-06,5.380459455750497e-08
1,2019-05-03,2,0.0008405815547258257,0.0012808724467892184,0.997878545998475,-0.0016989686781540513,2.3343426391875255e-07,0.0006702247774228454,5.704432624042965e-07,9.92039304037462e-07,1.4775140471101622e-06,1.457167542184834e-07,1.192970131569382e-07,1.5654489970984287e-07,0.9806053042411804,8.663120070195873e-07,1.1462527709227288e-06,0.018718276172876358,4.241325655129913e-07,5.810532854866324e-08
1,2019-05-07,2,5.181253508728832e-07,0.08807517475590657,0.9119243071187446,0.010804678883962334,3.351880550894748e-08,3.863955498673022e-05,1.8936050310003338e-06,9.666866844781907e-07,8.723604878468905e-06,3.499086176361743e-07,3.2026525786932325e-07,4.137782070756657e-06,0.9999099373817444,4.426388386491453e-06,2.4375952989430516e-07,2.0609680628780325e-09,2.972235597553663e-05,5.883135258955008e-07
1,2019-05-08,1,7.687706728736341e-14,0.8761714571593489,0.12382854284055726,-0.017826982939243317,3.6971991335121857e-07,6.372628558892757e-05,1.4099218503815791e-07,3.443689706728037e-07,2.2557092904662568e-07,4.896243765983854e-08,4.343966608644223e-08,1.7099058169378623e-08,2.643798870849423e-05,1.4351395805078937e-07,9.297696124122012e-07,0.9999075531959534,2.4144382493318517e-08,1.5122978425097244e-08
1,2019-05-09,1,5.313243350704605e-20,0.9999999511681507,4.883183096196739e-08,-0.002999212959781289,2.825892231328453e-08,2.9290175618257308e-08,7.925886791326775e-08,1.3843565227489307e-07,6.274337351896975e-07,8.512753169043208e-09,1.1936750254903927e-08,1.8911689991796266e-08,0.9988322854042053,2.3014253258679673e-07,2.2516563547014812e-07,0.0011659128358587623,3.957103160701081e-07,1.4880495946556493e-08
1,2019-05-10,1,2.1270037249632233e-55,1.0,4.228839538590608e-18,0.000970239383354783,1.10347514237219e-07,1.97306770921557e-09,1.33662112489219e-07,2.427521508252539e-07,1.3549699815484928e-06,1.1597458104972702e-08,2.1873397315630427e-08,2.2870445093303715e-08,0.9572638273239136,4.2265443767064426e-07,7.043948357932095e-07,0.04273226857185364,8.341550596924208e-07,3.994822606046e-08
1,2019-05-13,1,1.920794660143442e-37,0.9999999936603103,6.339687665802885e-09,-0.0007506444395519793,3.8123666001865786e-08,1.2725100759780616e-06,8.021673636449123e-08,1.47062124256081e-07,3.589167363315937e-07,1.3188259373464462e-08,1.4491903677082973e-08,1.8022424441710427e-08,0.993050217628479,1.658248010016905e-07,2.2994757387095888e-07,0.006947270594537258,1.3361801620703773e-07,1.092216450615524e-08
1,2019-05-14,1,6.607945048148111e-162,1.0,2.162489573058113e-29,-0.0026485870603471994,7.700598558812999e-08,0.8871967196464539,5.334466095519019e-07,7.19834702067601e-07,6.308393381004862e-07,2.6551805376584525e-07,1.2715995012513304e-07,2.7109376787848305e-07,0.11274965852499008,5.031067757954588e-07,3.299829245406727e-07,4.998520671506412e-05,1.6286425363887247e-07,3.642587387275853e-08
1,2019-05-15,1,1.2238139905003687e-39,0.999931309361865,6.869063813874388e-05,0.010313109071552754,6.080300067878852e-07,0.9929639101028442,1.0437717037348193e-06,1.5764824183861492e-06,1.909316011960982e-07,2.764232021945645e-06,6.074005796108395e-07,4.654087319977407e-07,3.5886396076989513e-09,2.949642521343776e-07,6.921692374817212e-07,0.007027744315564632,1.2185680908771701e-08,5.964001559277676e-08
1,2019-05-16,1,2.8963428566486987e-15,0.9999340021025788,6.599789743068184e-05,-0.005053225194662809,2.191505501514257e-07,0.8047435879707336,3.741915577393229e-07,7.817735649950919e-07,3.358552476129262e-07,2.149872244672224e-07,1.031327201417298e-07,8.409977425571924e-08,0.0002955358650069684,2.736440478656732e-07,6.982683089518105e-07,0.19495774805545807,3.7261987273495834e-08,2.0485231289057992e-08
1,2019-05-17,1,1.2233366748061702e-21,0.9999859134196891,1.4086580289991735e-05,-0.007269558821618557,3.8413066505427196e-08,1.023004415401374e-06,7.336333140983697e-08,1.4441221196648257e-07,3.356365425588592e-07,1.1968972479792228e-08,1.3452509328715223e-08,1.573387109488067e-08,0.989876389503479,1.5437034051046794e-07,2.3226536427500832e-07,0.010121408849954605,1.270790477292394e-07,1.0011844686630411e-08
1,2019-05-20,1,7.309042236713803e-14,0.9977302150146877,0.002269784985258834,0.0057319806888699535,2.85512300024493e-07,0.9773498177528381,4.6316068846863345e-07,7.472151537513128e-07,1.256648829439655e-07,8.018814696697518e-07,2.1390766846707265e-07,1.5593126079238573e-07,3.5377663465396836e-08,1.6218096732245613e-07,4.231449679537036e-07,0.022646762430667877,8.0526252332902e-09,2.3872615884101833e-08
1,2019-05-21,1,1.3612783980272977e-11,0.9958799126290558,0.004120087357339868,-0.0013811534833163023,1.6238542954738477e-08,0.00018578284652903676,1.3817044930419797e-07,1.8591580897009408e-07,4.5284281213753275e-07,3.130404380158325e-08,2.4422794453471397e-08,7.070330099168132e-08,0.9998098611831665,2.4417730060122267e-07,1.0775914205396475e-07,2.8043946258549113e-06,2.7850825290443026e-07,1.6201882502286935e-08
1,2019-05-22,1,1.4343665545941458e-11,0.9970041360648597,0.002995863920820712,-0.002169264907501929,1.264402982315005e-08,1.0587397980543756e-07,2.477300427017326e-07,2.2857965120692825e-07,2.3366292225546204e-06,2.3637538149046122e-08,3.053401442798531e-08,1.8655984490578703e-07,0.999990701675415,8.227368653024314e-07,1.329940033656385e-07,1.1564149637877108e-08,5.078306912764674e-06,6.12013124623445e-08
1,2019-05-23,1,2.523870645795896e-12,0.9991591498713736,0.0008408501261277002,0.0015669050930766388,5.027750304975598e-08,0.0001379246386932209,1.449523665542074e-07,2.5162364636344137e-07,4.2361753571640293e-07,3.377242663304969e-08,2.8065519686037987e-08,4.02265847299077e-08,0.9969213008880615,2.3613104360720172e-07,2.7478100150801765e-07,0.0029391220305114985,1.3138041765614616e-07,1.4427155470286834e-08
1,2019-05-24,1,7.301217836620112e-14,0.9998240205107003,0.0001759794892273997,0.006404160944512114,4.356923710702176e-08,8.816548984214023e-07,8.249817540217919e-08,1.5390024543648906e-07,3.7641737549165555e-07,1.3494815931380799e-08,1.5278327936130154e-08,1.814533234778537e-08,0.9899448156356812,1.7356994419515104e-07,2.5339619469377794e-07,0.010053020901978016,1.401864579975154e-07,1.1688149115229862e-08
1,2019-05-27,1,4.168108879800111e-19,0.9999863840904907,1.3615909493309145e-05,-0.014384547631442547,7.930833021418948e-07,7.021868077572435e-05,1.4838296635844017e-07,4.4773943841391883e-07,1.940091607366412e-07,5.992178131464243e-08,5.300676519937042e-08,1.2953058181608412e-08,7.938028829812538e-07,1.2701275409199297e-07,1.5632531358278356e-06,0.9999255537986755,1.3670852005986944e-08,1.5596604896472854e-08
1,2019-05-28,1,1.9764456406030886e-18,0.9999959993618736,4.000638120303728e-06,0.02649353193566203,3.4987874641956296e-07,2.543110833030937e-09,1.0488382429230114e-07,2.7364757215764257e-07,6.357525990097201e-07,1.3610467419766792e-08,2.4130203613026424e-08,1.0501077341018572e-08,0.03280963376164436,2.449966132189729e-07,1.3666917766386177e-06,0.9671871662139893,1.600199652784795e-07,2.478214256029787e-08
1,2019-05-29,1,5.068944577019772e-22,0.9999964896420233,3.51035798398377e-06,-0.000290295497552961,1.351510015012991e-08,2.3799552764103282e-06,4.0731097783464065e-07,3.1940933808982663e-07,2.775551593003911e-06,5.168241656861028e-08,5.506133859967122e-08,4.4362556650412444e-07,0.9999856352806091,1.1287390861980384e-06,1.2590768960762944e-07,2.0611241602352948e-09,6.545661108248169e-06,9.47347444935076e-08
1,2019-05-30,1,1.8118682352338525e-46,0.9999999999948841,5.091440252482698e-12,-0.004858216515976074,1.2643885050067638e-08,3.867579835059587e-06,1.7625320936076605e-07,1.9222515845740418e-07,1.0333342288504355e-06,2.5053880747805124e-08,2.5100563405544563e-08,1.1282620704378132e-07,0.9999926090240479,4.4273218691159855e-07,1.0938432382090468e-07,1.3095721840272745e-07,1.2352401199677843e-06,3.014912763887878e-08
1,2019-05-31,1,7.850824598166407e-40,0.999999906008104,9.399188538818737e-08,0.011834462357491884,1.6082289278074313e-08,1.7137418808488292e-06,1.0655051596586418e-07,1.4702231965202373e-07,6.052938488210202e-07,1.5167346489874944e-08,1.6077573050665706e-08,4.256768093569008e-08,0.9999845623970032,2.5924265401044977e-07,1.29175532492809e-07,1.1901247489731759e-05,4.5151298877499357e-07,1.625568479823869e-08
1,2019-06-03,1,3.969368790418331e-21,0.999998763834608,1.2361654089666334e-06,0.011371380843222142,9.926932875714556e-08,0.9999542236328125,2.626790092108422e-06,1.96358769244398e-06,4.930446948492317e-07,7.791644748067483e-06,1.305455725741922e-06,5.980621153867105e-06,2.4164919523173012e-05,9.140110250882572e-07,1.9049306843044178e-07,2.0610593232106567e-09,1.1094230245589642e-07,1.5897724381375156e-07
1,2019-06-04,1,1.2510221642373813e-19,0.9999978001478421,2.1998521818924157e-06,0.010703446727991103,1.4007795812176482e-08,1.4924235074431635e-05,1.0305083009143345e-07,1.4904205158927653e-07,4.5627533040715207e-07,1.766625601362648e-08,1.6230579547027446e-08,4.216540006041214e-08,0.9999749660491943,2.1087969059863099e-07,1.0766839864118083e-07,8.690335562278051e-06,2.993415648688824e-07,1.3107666951839292e-08
1,2019-06-05,1,2.6079320833153542e-70,1.0,1.9171107071921397e-16,-0.0054643456310033795,2.2413765066175984e-07,0.12484817206859589,1.5881474269008322e-07,3.507533961055742e-07,1.1048461345808391e-07,1.1362090646116485e-07,5.682215942215407e-08,2.736234172573404e-08,8.800740260994644e-07,9.578142368127374e-08,4.592471043451951e-07,0.8751493096351624,8.203901558090365e-09,1.0582581033702354e-08
1,2019-06-07,1,5.495733303769477e-32,0.9983820029668564,0.001617997033125089,-0.001168101593852043,1.3579089852555626e-08,0.29195407032966614,3.229678213756415e-07,2.952069166894944e-07,4.510295354975824e-07,1.5287167798305745e-07,7.119068357042124e-08,3.67575125892472e-07,0.7080435156822205,3.463799203018425e-07,6.921935380432842e-08,5.421942450567485e-09,2.786418633604626e-07,3.170912776795376e-08
1,2019-06-10,1,1.5597855181445268e-15,0.7139001418118601,0.2860998581881424,0.007496809406578541,1.339698627589314e-07,2.6206059544620075e-08,8.144985486069345e-08,1.919816696727139e-07,4.282283327938785e-07,1.1783283682120782e-08,1.7210455283134252e-08,1.0777522874150236e-08,0.12310521304607391,1.807198373171559e-07,6.151674369903049e-07,0.8768929243087769,1.232358073366413e-07,1.5252584972813565e-08
1,2019-06-11,2,2.3058168525164485e-07,0.05025720928486216,0.9497425601334724,0.01418363146558404,4.96033123909001e-07,1.6009302271413617e-05,1.1795845011874917e-07,3.3997667969742906e-07,2.057182797443602e-07,3.780468560421468e-08,3.749471488845302e-08,1.1418965328857666e-08,1.0590054444037378e-05,1.2590311371241114e-07,1.189901695397566e-06,0.9999707937240601,1.9399267969788525e-08,1.3240649465728893e-08
1,2019-06-12,2,1.004641107398345e-06,0.003986153646934923,0.9960128417119325,0.005933753746747971,1.4033978423810822e-08,1.6481457350892015e-05,1.1143387013134998e-07,1.500222595041123e-07,5.033044203628378e-07,1.938397176104445e-08,1.788765757737565e-08,5.36137108042567e-08,0.9999778866767883,2.4331052372872364e-07,1.0629079838508915e-07,4.056779744132655e-06,3.6136268022346485e-07,1.4852975738222085e-08
1,2019-06-13,2,7.492405393433102e-07,0.0005512924683023713,0.999447958291155,0.0015522979241748545,2.184187586351527e-08,1.166833044408122e-05,1.278735481946569e-07,1.7408316921319056e-07,5.307809374244243e-07,2.2780962893875767e-08,2.157590550666555e-08,5.138182146424697e-08,0.9999651312828064,2.57677641002374e-07,1.474094091236111e-07,2.1511357772396877e-05,3.204555412139598e-07,1.7392741469279827e-08
1,2019-06-14,2,2.298144892929993e-07,0.00021440084214943526,0.9997853693433634,0.002271704672276974,2.4968304757067017e-08,0.49999475479125977,1.2501327546488028e-06,7.51043614855007e-07,1.3143978776497534e-06,8.757925797908683e-07,3.470596254828706e-07,3.1020967981021386e-06,0.49999475479125977,1.202810267386667e-06,1.0194896304938084e-07,1.0305659658982336e-09,1.309159301854379e-06,1.9032138709462743e-07
1,2019-06-17,2,3.583800510053064e-06,0.00015125118270324924,0.9998451650167895,-0.0059063027173280715,2.4038749302235374e-07,2.877498673115042e-06,1.0063190103437591e-07,2.58971596167612e-07,2.5919581503330846e-07,2.4513115093327542e-08,2.6859520829702888e-08,1.220783651945112e-08,0.0006551043479703367,1.427986831004091e-07,7.796383556524233e-07,0.9993401169776917,4.006620457630561e-08,1.2862395593060683e-08
1,2019-06-18,2,2.459497110018372e-06,0.00013505225136172704,0.9998624882515402,-0.000689314553141594,9.368826425770749e-08,5.878036279938215e-09,6.267798369208322e-08,1.375688327698299e-07,3.9080546798686555e-07,7.759148878960787e-09,1.2431176976690494e-08,8.411912943984134e-09,0.34392133355140686,1.5208071602046402e-07,4.692537913797423e-07,0.6560771465301514,1.282790691448099e-07,1.294370388649213e-08
1,2019-06-19,2,4.607270428781308e-06,0.00010415807073846199,0.9998912346588578,-0.0022522810623049738,1.2073321009609117e-08,1.5043342216358724e-07,2.2384190856428177e-07,2.1574820152636676e-07,2.0330371626187116e-06,2.2007311528682294e-08,2.779142072029117e-08,1.6363455301871e-07,0.9999920129776001,7.285798346856609e-07,1.251860908269009e-07,1.6451329187816555e-08,4.2000710891443305e-06,5.2484590895574e-08
1,2019-06-20,2,1.3280741108244988e-06,8.69591048014386e-05,0.9999117128210907,0.004815643949061632,4.55170891200396e-07,0.42505714297294617,2.0640463560539501e-07,4.728663327568938e-07,9.86675914305124e-08,2.126110416611482e-07,9.497470188080115e-08,3.450574936891826e-08,1.3032273038504627e-08,9.645911092093229e-08,6.419227815968043e-07,0.5749405026435852,5.530988111956958e-09,1.543898520139919e-08
1,2019-06-21,2,0.00013734603378872501,5.1461804588404786e-05,0.9998111921616507,-0.004481167427450418,8.190441747046862e-08,2.6584071747493e-05,6.890144277349464e-08,1.6697620708328031e-07,1.6692676751972613e-07,1.7618962289134288e-08,1.6240941036471668e-08,1.074258904054659e-08,0.004073475021868944,9.699319747369373e-08,3.32442880335293e-07,0.995898962020874,2.973375856640814e-08,6.778601235879478e-09
1,2019-06-24,2,6.539763016706669e-05,6.034039550951392e-05,0.9998742619743176,0.0010484687982127072,4.022272648285252e-08,0.9993014335632324,1.4699952544106054e-07,2.330301924757805e-07,8.59142375020383e-08,1.2589127607043338e-07,4.415559473613939e-08,5.743680731029599e-08,6.357364327413961e-05,8.79544828080725e-08,1.1711282610349372e-07,0.000634031486697495,1.0390592386499975e-08,6.766306182015569e-09
1,2019-06-25,2,3.8533201262053605e-05,6.277094180817443e-05,0.9998986958569424,-0.00135609858375974,4.41899814518365e-08,0.9984857439994812,1.4006958792833757e-07,2.407291219697072e-07,1.1316778625314328e-07,9.170372550215689e-08,3.932203540557566e-08,4.8596582757909346e-08,0.0002907492744270712,1.0124728078153566e-07,1.442349173430557e-07,0.001222496386617422,1.6537994085297214e-08,7.85400722236318e-09
1,2019-06-26,2,3.263479706174339e-05,6.0665464499385694e-05,0.9999066997384156,0.004284045777842403,2.1185602605555687e-08,0.9757375717163086,2.676445092220092e-07,3.0515008120346465e-07,2.203918683107986e-07,1.834811484968668e-07,6.81882923458943e-08,2.0542290712910471e-07,0.024260329082608223,2.0401867573127674e-07,8.552176922194121e-08,4.786791123478906e-07,6.420354026204222e-08,1.6813467951237726e-08
1,2019-06-27,2,3.990815618761906e-05,5.6882968219907266e-05,0.9999032088755773,-0.01098255980014801,1.840647314566013e-06,0.49999645352363586,5.558874818234472e-07,1.2689911272900645e-06,1.7270646424094593e-07,9.060605066224525e-07,3.5747632409766084e-07,9.913249243709288e-08,1.0305695186119124e-09,1.9155653774305392e-07,1.6440025092379074e-06,0.49999645352363586,7.945076596627132e-09,5.42433262751274e-08
1,2019-06-28,2,6.892905391689706e-06,0.00011315000095638681,0.9998799570936671,-0.012166776652634144,2.01700601110133e-07,0.04935964569449425,1.8736565721155785e-07,4.160035587119637e-07,1.740704078656563e-07,1.0488061974456286e-07,5.8539988856409764e-08,3.601008913278747e-08,2.263827991555445e-05,1.4110068491390848e-07,5.279727588458627e-07,0.9506158232688904,1.7794457463082836e-08,1.2710734687004788e-08
1,2019-07-01,2,4.609879844209496e-06,7.944130258272286e-05,0.9999159488175663,0.02499857568331063,5.830169129694696e-07,0.00022056326270103455,1.4138811366137816e-07,4.039249006382306e-07,1.726485692188362e-07,6.043745059969297e-08,5.007344938690039e-08,1.4379212487369841e-08,1.262364094145596e-06,1.1943362210331543e-07,1.2061011602781946e-06,0.9997754096984863,1.2958438766474956e-08,1.361405566058238e-08
1,2019-07-02,2,2.291663533412747e-05,5.827226015069776e-05,0.9999188111045094,-0.004433438308537006,4.3399032279012317e-07,0.1695879101753235,2.0138962497640023e-07,4.713214707408042e-07,1.1676676336946912e-07,1.6623980059193855e-07,8.225128311778462e-08,3.07036955859985e-08,7.326811157781776e-08,1.0531823591009015e-07,7.2163157938121e-07,0.8304096460342407,6.978804645285663e-09,1.4199445175222536e-08
1,2019-07-03,2,0.0005139307250110742,4.83929117385862e-05,0.9994376763632429,-0.013252850976586341,9.029999148424395e-08,0.8913596272468567,5.054982921137707e-07,7.673149866604945e-07,6.25025279532565e-07,2.409457238172763e-07,1.1752700146416828e-07,2.3087550005129742e-07,0.10841473937034607,4.957832402396889e-07,3.949021163407451e-07,0.00022199511295184493,1.5209529635740182e-07,3.1968454550224124e-08
1,2019-07-04,2,0.0008067623419053315,4.8157676838669556e-05,0.9991450799812724,-0.030415946573019027,1.6498867125847028e-06,9.366764857077214e-07,1.4736006903603993e-07,5.279361516841163e-07,2.7652853873405547e-07,4.2791302945488496e-08,5.323574825411015e-08,8.964024189594966e-09,7.201505241027917e-07,1.5363195871032076e-07,3.167763452438521e-06,0.9999922513961792,2.0335201966759087e-08,2.1031745234267873e-08
1,2019-07-05,2,0.0016244877072641387,5.925595149311223e-05,0.9983162563412687,0.015087968085416015,1.2593136489158496e-06,9.103657248488162e-06,1.44709233040885e-07,4.815838678950968e-07,2.1889579215894628e-07,5.079190401602318e-08,5.3628376406322786e-08,1.0310349907172167e-08,4.5186502006799856e-07,1.3486994987488288e-07,2.321183956155437e-06,0.9999857544898987,1.4704891526662323e-08,1.7386085460202594e-08
1,2019-07-08,2,3.594927909509359e-08,0.0005581040007285702,0.9994418600499962,-0.006737925383448601,3.5794514019471535e-08,8.616479973966307e-09,8.18497198906698e-08,1.467016659262299e-07,7.201199423434446e-07,8.088430369923572e-09,1.2414145267314325e-08,1.7617491465671264e-08,0.997142493724823,2.508405714252149e-07,2.7842483518725203e-07,0.002855459460988641,4.622545191068639e-07,1.7084808234812954e-08
1,2019-07-09,2,6.115183068926203e-06,0.0001156405077035736,0.9998782443092188,-0.007721892673522234,2.751064300809958e-07,0.9249576926231384,5.084870053906343e-07,9.510135328127944e-07,4.4746005301021796e-07,3.09648868324075e-07,1.4966708761221525e-07,1.3802318221678433e-07,0.00038390731788240373,3.896320777130313e-07,8.10052711130993e-07,0.07465435564517975,5.5266745846438425e-08,3.0849296450696784e-08
1,2019-07-10,2,4.517659560754575e-06,0.00013250501589516463,0.9998629773245178,-0.0017867174984887242,2.029127088576388e-08,1.3218045751273166e-05,6.988175016431342e-08,1.2537684312974307e-07,2.7041707539865456e-07,1.3084910044369735e-08,1.2231911483695512e-08,1.9757557367938716e-08,0.9993799924850464,1.339755471008175e-07,1.3393926678872958e-07,0.0006058814469724894,1.1268834043676179e-07,7.801792989425849e-09
1,2019-07-11,2,3.992285937035244e-07,0.00012049724277912917,0.9998791035286375,0.010083972582221032,2.4313451376656303e-06,0.29682493209838867,5.501839268617914e-07,1.3620951904158574e-06,2.23958608103203e-07,6.881131753289083e-07,3.256248817251617e-07,7.623431486081245e-08,1.44933476331488e-09,2.1778859604637546e-07,2.3541208520327928e-06,0.7031667828559875,9.78932401807242e-09,5.598879937451784e-08
1,2019-07-12,2,1.3478917671336708e-05,0.00010985737919558844,0.9998766637031498,0.006482451145350933,8.795097272695784e-08,0.9869211316108704,1.8073494345571817e-07,3.1877740980235103e-07,7.983024374880188e-08,1.9537755235887744e-07,6.325603862933349e-08,5.47166862929771e-08,1.7097208910854533e-06,8.648207483474835e-08,1.9482838808926317e-07,0.013075864873826504,6.48057518759515e-09,8.197833523126974e-09
1,2019-07-15,2,0.010581895395397884,6.697981801183276e-05,0.9893511247865695,-0.01378707589507103,3.250582085456699e-05,1.8883434677263722e-05,8.965397455540369e-07,3.867115083266981e-06,7.638780061824946e-07,5.746389888372505e-07,6.09552955666004e-07,4.0567297077132025e-08,2.0609829398665624e-09,4.7589568907824287e-07,2.3956437871675007e-05,0.999917209148407,2.3980105012810782e-08,1.8672155022159131e-07
1,2019-07-16,2,0.01445440166812939,7.739763573432643e-05,0.9854682006961195,0.016127670382036014,1.0661168658998577e-07,0.0003776671946980059,5.717374307323553e-08,1.558802864565223e-07,8.851375810081663e-08,1.9868576117687553e-08,1.5251814033945266e-08,7.021329295753276e-09,6.895569822518155e-05,5.941311442825281e-08,3.415900664549554e-07,0.9995524883270264,8.884294189215325e-09,4.088679617098023e-09
1,2019-07-17,2,0.009414010217607007,9.113769762500489e-05,0.9904948520847825,-0.010003053566813469,2.7926083134843793e-07,0.000965415732935071,3.5535535403141694e-07,8.08715640232549e-07,7.990262815837923e-07,9.828406177803117e-08,7.958356462722804e-08,6.654010320517045e-08,0.05915367603302002,4.91551134018664e-07,1.2330393701631692e-06,0.9398764967918396,1.475652169347086e-07,2.9235055265530718e-08
1,2019-07-18,2,0.00022640669344338026,0.00010531951045324533,0.9996682737961007,-0.013607980270311236,1.1501619923137696e-07,0.0004700918507296592,7.613817132323675e-08,1.885929066247627e-07,1.1749941819516607e-07,2.7042267092269867e-08,2.056443371145633e-08,1.0870547129115948e-08,0.0001267245679628104,7.896621667669024e-08,3.663465975023428e-07,0.9994021654129028,1.3604573467773662e-08,5.944242875699501e-09
1,2019-07-19,2,6.111794765472678e-05,5.944639397019673e-05,0.999879435658396,0.015677176901698113,1.023475793004991e-08,3.581141783115527e-08,1.621613989755133e-07,1.7309105260210345e-07,1.788614213182882e-06,1.3910126384075738e-08,1.9104941628711458e-08,1.0107062564657099e-07,0.9999932646751404,5.929101121182612e-07,1.1603103899915368e-07,4.6953957166806504e-08,3.6518292745313374e-06,3.9016455843920994e-08
1,2019-07-22,2,0.00015579002899159555,7.371573882565458e-05,0.9997704942322007,0.007405500438064337,2.7297024644212797e-05,2.2817430362920277e-06,6.578078455277137e-07,2.9000186714256415e-06,7.144458891161776e-07,3.2943555083875253e-07,4.126022759010084e-07,2.76206133520418e-08,2.061034898304115e-09,4.1978262288466794e-07,2.2384665498975664e-05,0.999942421913147,2.5122053770587627e-08,1.4024590200278908e-07
1,2019-07-23,2,0.00017681783181590995,5.142545016362951e-05,0.9997717567180283,0.014159836094081403,1.8450079153353727e-07,0.9520999193191528,4.050748145800753e-07,7.788068501213274e-07,4.0303424952981004e-07,2.1917388437486807e-07,1.0760933122355709e-07,1.1138224209616965e-07,0.0016968632116913795,3.3789811482165533e-07,6.30886802355235e-07,0.04619996249675751,5.443934014692786e-08,2.2197081506192262e-08
1,2019-07-24,2,0.0001020782932620506,7.762402124698194e-05,0.9998202976854929,-0.012136037586629391,5.20510695878329e-07,4.4263899212637625e-07,1.0381304349493803e-07,3.248484290452325e-07,2.8316037514741765e-07,2.3891486122806782e-08,3.021751382448201e-08,9.0132674657184e-09,8.582402369938791e-05,1.473072330782088e-07,1.4574553688362357e-06,0.9999107718467712,3.5307593293509854e-08,1.525680737302082e-08
1,2019-07-25,2,4.0201136411750924e-05,7.131714046098836e-05,0.999888481723145,-0.012713807247857766,2.749166014837101e-06,1.0861572974363298e-07,1.5492094007640844e-07,5.910895879424061e-07,3.4780589430738473e-07,3.96917876344105e-08,5.913114264899377e-08,8.344208879407233e-09,5.43728788215958e-07,1.840481047565845e-07,4.822607934329426e-06,0.9999903440475464,2.5458353647422882e-08,2.6843325784398075e-08
1,2019-07-26,2,1.5042321049010498e-05,0.00010427259400666685,0.9998806850849503,-0.006162204752862453,1.0623145030308478e-08,7.971657396410592e-07,1.887228648911332e-07,1.9297870323953248e-07,1.4470198266280931e-06,2.2060717697058863e-08,2.482843974860316e-08,1.3686647548638575e-07,0.9999939799308777,5.621905643238279e-07,1.0415231344040876e-07,2.5498914979493748e-08,2.4528062567696907e-06,3.8067842211830794e-08
1,2019-07-29,2,7.293928263009035e-08,0.0008180590240697673,0.9991818680366741,-0.007726057676970959,1.8650657906960078e-08,0.8914006352424622,3.59844875674753e-07,3.482170995994238e-07,3.112027684437635e-07,2.4948545274128264e-07,9.071968065654801e-08,3.738493603577808e-07,0.10859709978103638,2.901701350310759e-07,7.689465064686374e-08,3.226843858783468e-08,1.1478157802002897e-07,2.56451322400153e-08
1,2019-07-30,2,4.439586381637406e-07,0.0025400440813499185,0.9974595119600296,-0.0017873279033228755,6.092286639614031e-07,1.739684485357884e-08,1.0504795255883437e-07,3.2950407558018924e-07,4.25386616598189e-07,1.8166408821684854e-08,2.9093069287000617e-08,8.522357042295425e-09,0.0005815157201141119,1.9293582909085671e-07,1.8554421785665909e-06,0.9994148015975952,6.814693875867306e-08,2.052845360367428e-08
1,2019-07-31,2,3.8196509012605963e-07,0.021835416771343638,0.9781642012635497,-0.007109635699540377,2.0721279270219384e-07,0.12315452098846436,2.742557683177438e-07,6.207645810718532e-07,3.1186166893348855e-07,1.2743579702600982e-07,7.148895520003862e-08,5.2645205528278893e-08,0.000729410327039659,2.398583376361785e-07,7.143872835513321e-07,0.8761134147644043,3.4686788552562575e-08,1.504258051454599e-08
1,2019-08-01,2,7.063277029434736e-07,0.1412695313794131,0.8587297622928645,0.0038995829604566096,2.3350447975190036e-07,4.295334292692132e-06,7.141666458210238e-08,2.1394802729446383e-07,1.6801855906578567e-07,1.8249341593445934e-08,1.9472155443622796e-08,7.016884850941096e-09,0.00014311372069641948,9.488441321536811e-08,7.260655365826096e-07,0.9998509883880615,1.9776750903588436e-08,7.790009526331687e-09
1,2019-08-02,1,3.962589397688658e-11,0.7943310216256857,0.20566897833466183,-0.04616880532373325,1.851909843253452e-07,0.0002565008180681616,7.606143270777466e-08,2.1104463598931034e-07,1.1161971258388803e-07,2.7623851650560027e-08,2.1982662801178776e-08,8.655676175806093e-09,2.109887827828061e-05,7.447799532656063e-08,5.173228032617772e-07,0.9997211694717407,1.0187874543987618e-08,6.005832275945977e-09
1,2019-08-05,1,1.6569122393452995e-24,0.9999999999200213,7.998997674361565e-11,0.018407357093691824,1.3106895124792572e-08,6.429595345025518e-08,7.904955623416754e-08,1.1870994143237112e-07,7.011706202320056e-07,8.04454014513567e-09,1.0500686542513904e-08,2.7061643592674045e-08,0.9999771118164062,2.5039210527211253e-07,1.2776007451975602e-07,2.0809002307942137e-05,6.45807006094401e-07,1.4501702949587525e-08
1,2019-08-06,1,2.6412821393246462e-99,1.0,2.4065583102737734e-35,0.0018531521314755083,6.516217609942032e-08,2.0567023639728177e-09,1.4483460120118252e-07,2.2540835686868377e-07,2.2482763597508892e-06,8.784260430161339e-09,1.914707858929887e-08,2.8510486416166714e-08,0.997840404510498,5.770924076387018e-07,5.703092824660416e-07,0.0021533803083002567,2.2451170025306055e-06,5.260914193172539e-08
1,2019-08-07,1,2.2464779557695843e-70,0.9999999999993179,6.949304110311685e-13,0.005266620073467493,4.425694896781351e-06,9.371957077064508e-08,2.1025066132551729e-07,8.267805355899327e-07,4.453541464499722e-07,5.75231453581182e-08,8.698567910414567e-08,1.0675876183086075e-08,1.9960586428169336e-07,2.3364570722606004e-07,6.909302101121284e-06,0.9999864101409912,3.03606668694556e-08,4.020217403422066e-08
1,2019-08-08,1,1.786089923292461e-22,0.9998461442778993,0.00015385572208563003,0.03060987761546935,1.7211167460118304e-06,3.8887492337380536e-08,1.2719026187824056e-07,4.616154853920307e-07,3.6312280826678034e-07,2.7656623657890123e-08,4.39254996820182e-08,7.620945652320188e-09,5.479420451592887e-06,1.8252144684538507e-07,3.6018229820911074e-06,0.9999879002571106,3.4086959033174935e-08,2.3274079552493276e-08
1,2019-08-09,1,1.6217039960450845e-19,0.9999581731646034,4.1826835398649145e-05,0.016656106477923642,1.0997357549058506e-06,1.817527663661167e-05,1.3087101535802503e-07,4.432932882991736e-07,1.8207411756065994e-07,4.78997392860947e-08,4.767588279719348e-08,8.796735784244447e-09,2.928331639395765e-07,1.1273827738023101e-07,2.0475254132179543e-06,0.9999774098396301,1.0914647852189319e-08,1.4079470034289443e-08
1,2019-08-12,1,2.2360848927151864e-15,0.9986985895300725,0.0013014104699318651,-0.006135686265677213,6.468469848641689e-08,0.9276838302612305,1.0304597708454821e-07,2.1062153621187463e-07,6.125859641770148e-08,8.289414665796357e-08,3.2053634413387044e-08,2.3795660553105336e-08,4.780712515639607e-06,5.7908941641926504e-08,1.6665015323269472e-07,0.07231060415506363,4.987586788018916e-09,4.645658080448811e-09
1,2019-08-13,1,2.237911972308341e-81,1.0,8.990252616503885e-16,0.017579913133382797,3.128278081021563e-08,5.904398108214082e-07,7.714914573853093e-08,1.4442748863530142e-07,4.075134256709134e-07,1.1568504376668898e-08,1.324528042800921e-08,1.872081867304587e-08,0.997624397277832,1.7763215964805568e-07,2.0831463132253702e-07,0.002373716328293085,1.893983352374562e-07,1.1401475319416932e-08
1,2019-08-14,1,2.3831930034032095e-76,1.0,3.838971879731035e-15,-0.01621895886734128,3.216329602651058e-08,0.025352859869599342,1.7091673498725868e-06,1.0069533118439722e-06,3.6323901895229938e-06,6.457417498495488e-07,3.641289083589072e-07,3.590943833842175e-06,0.9746274352073669,2.4370549454033608e-06,1.771669246863894e-07,2.0088568586373867e-09,5.772809799964307e-06,3.3467111393292726e-07
1,2019-08-16,1,3.7983826783256357e-44,0.9999998729503626,1.2704965198927717e-07,0.011042201280966401,1.6440671046780153e-08,0.0006462719175033271,7.733599716175377e-08,1.2313992669987783e-07,1.9508759407926846e-07,2.022279410596184e-08,1.4461541297805525e-08,2.649553643152558e-08,0.9991964101791382,1.1567588842353871e-07,9.590169725015585e-08,0.0001565840357216075,6.387830353560275e-08,6.497740123734275e-09
1,2019-08-19,1,4.447327359297766e-36,0.9999999940264388,5.973564172201084e-09,-0.004768391928821802,2.0945495293744898e-07,3.0156783395796083e-05,3.17270490768351e-07,6.565826993210067e-07,1.078109789887094e-06,6.445842615221409e-08,6.271660168977178e-08,6.232932747707309e-08,0.7857686877250671,5.508308049684274e-07,1.0780594266179833e-06,0.21419674158096313,2.8820446118515974e-07,3.6012057336165526e-08
1,2019-08-20,1,1.7087910022826654e-36,0.999937865244347,6.21347556292155e-05,0.02005328397154808,7.666372994208359e-07,6.948493683012202e-05,1.348058447092626e-07,4.2175648218290007e-07,1.7488615355887305e-07,5.394782220946581e-08,4.7994177521104575e-08,1.1125364629549495e-08,6.286329039539851e-07,1.1452569026459969e-07,1.5230007193167694e-06,0.9999266266822815,1.1698911173141369e-08,1.3648174146396741e-08
1,2019-08-21,1,3.386744161283668e-11,0.6047265458321494,0.395273454133961,0.007104030289500952,1.21697766530815e-07,1.0225977348454762e-05,1.5726895696843712e-07,3.5656688623930677e-07,5.950395234322059e-07,2.941059840111393e-08,3.085395050561601e-08,2.7770475696797803e-08,0.638288140296936,3.00846011214162e-07,6.656434266005817e-07,0.3616991639137268,1.5362802230356465e-07,1.7317223210966404e-08
1,2019-08-22,1,2.510809538350407e-07,0.5732899322494378,0.42670981666962415,0.0012515618328005076,5.4532065973944555e-08,0.9999083280563354,2.7925077006329957e-07,3.7609186165354913e-07,9.109655962902252e-08,4.05291388005935e-07,9.958336022464209e-08,1.4788024316203519e-07,4.63762080471497e-06,1.1608426575548947e-07,1.236200972698498e-07,8.534141670679674e-05,9.14465125845254e-09,1.1205468553043829e-08
1,2019-08-23,1,1.4826999898931586e-07,0.6744537032802321,0.32554614844976343,-0.0112942273914814,2.2086607032179018e-07,0.008670132607221603,2.6520805818108784e-07,6.318990699583082e-07,3.9852861277722695e-07,9.974328918360698e-08,6.572706467977696e-08,4.767975525510337e-08,0.002428594045341015,2.7121546963826404e-07,8.267034559139574e-07,0.9888983964920044,5.535671476764037e-08,1.8378765176407796e-08
1,2019-08-26,1,7.7125871799123e-83,1.0,1.2475720992150337e-14,0.03010649508535862,3.9341514934676525e-08,5.7990980906197365e-08,6.227439541817148e-08,1.2749423206059873e-07,4.0677889501239406e-07,7.786154831990189e-09,1.0572046349466291e-08,1.1613691341949561e-08,0.9749994874000549,1.6312600337187178e-07,2.622078625336144e-07,0.024999184533953667,1.7328716239717323e-07,1.0321907772947725e-08
1,2019-08-27,1,1.2370516550854253e-56,0.9999999999977263,2.2811421194275166e-12,-0.0002805948827415705,1.5371273320852197e-07,1.2475417365820363e-09,1.034735390703645e-07,2.0318876181590895e-07,1.3445803688227898e-06,7.560357673241924e-09,1.758021106468277e-08,1.3544753763028439e-08,0.6052638292312622,3.66684645314308e-07,8.842674787956639e-07,0.39473220705986023,8.070852572927834e-07,4.2055880555835756e-08
1,2019-08-28,1,2.753683556760231e-24,0.9999666913052017,3.330869477440044e-05,0.04972837398648262,1.463625494579901e-06,3.8564593296541716e-07,1.39701867851727e-07,4.85144880713051e-07,3.0729387390238116e-07,3.687779326355667e-08,4.88442637447406e-08,9.0452552115039e-09,2.402402515144786e-06,1.6609811837042798e-07,2.9589104997285176e-06,0.9999915361404419,2.5763393196598372e-08,2.1522867044154737e-08
1,2019-08-29,1,1.0452943423674048e-16,0.9999319316086053,6.806839140273202e-05,-0.0016437335452079425,2.681855733044358e-07,0.00018554378766566515,8.281087104933249e-08,2.4025010247896716e-07,1.1537466804156793e-07,3.0719711219262535e-08,2.501666251930601e-08,8.145947028026512e-09,6.094282525737071e-06,7.605670759858185e-08,6.830343295405328e-07,0.999806821346283,9.012115498308049e-09,6.7183139051962826e-09
1,2019-08-30,1,2.6452169703215755e-37,0.9999999862050118,1.3794976185961442e-08,0.008309539772570134,1.0208568212988212e-08,0.49999871850013733,3.521086568980536e-07,2.776980920771166e-07,4.0294432324117224e-07,2.0884409934751602e-07,8.430482978383225e-08,5.367732001104741e-07,0.49999871850013733,3.4377038105048996e-07,4.8480572445441794e-08,1.0305741815486158e-09,2.593695285213471e-07,3.517461522051235e-08
1,2019-09-02,1,4.664036233347948e-17,0.9986802674522286,0.0013197325477772002,-0.004230047604441642,1.560296070124423e-08,0.0039428300224244595,2.162545342798694e-07,2.458982919506525e-07,5.230149326962419e-07,6.547782760435439e-08,4.145016774259602e-08,1.6421398640886764e-07,0.9960549473762512,3.283011551502568e-07,9.437681569579581e-08,1.5337653280766972e-07,3.4071274512825767e-07,2.366734364045442e-08
1,2019-09-03,1,1.0769119280795098e-13,0.9996043795952206,0.0003956204046655447,-0.0018267210368067026,8.21072489998187e-08,0.9984889626502991,2.409976218586962e-07,3.794374663357303e-07,1.0467096700494949e-07,2.7116732326248894e-07,8.444960286624337e-08,9.354813101936088e-08,4.914217242912855e-06,1.1697883195438408e-07,1.8774848342673067e-07,0.0015045233303681016,1.0487109847190368e-08,1.1567272473200774e-08
1,2019-09-04,1,3.987532013556198e-19,0.9994122689463453,0.0005877310536734492,0.006963013552874327,1.1147847089887364e-08,2.941314392046479e-08,2.2754743156383483e-07,2.121768289953252e-07,2.5424133127671666e-06,1.8395938994331118e-08,2.5738007281006503e-08,1.611294777603689e-07,0.99998939037323,8.121465953081497e-07,1.2898566126295918e-07,9.97038096528513e-09,6.357417987601366e-06,5.9356974446700406e-08
1,2019-09-05,1,1.2357445588098256e-17,0.8986930175877467,0.10130698241223784,-0.0022161623299121855,2.2842978353310173e-07,0.8074833750724792,2.476297140674433e-07,4.5949329319228127e-07,1.0533263861134401e-07,2.755272134891129e-07,1.0031514108277406e-07,5.979146777690403e-08,1.4590395380764676e-07,1.11295776150655e-07,3.937675217002834e-07,0.19251447916030884,7.28068494382228e-09,1.441469876795054e-08
1,2019-09-06,2,5.5907893447194155e-09,0.0736019099712485,0.9263980844379552,-0.004409512048959732,1.150347088696435e-06,8.441194950137287e-05,1.8278885249856103e-07,5.777071692136815e-07,2.2106254959908256e-07,7.917520861155936e-08,7.043875882573047e-08,1.5635489347687326e-08,2.853854255135957e-07,1.467584098691077e-07,2.0613551896531135e-06,0.9999107718467712,1.4896079925108552e-08,2.035497459473845e-08
1,2019-09-09,2,4.135420102687713e-06,0.002239247486217375,0.9977566170936619,-0.005105968268215656,7.431621185105541e-08,1.5193543845271051e-07,7.186564943140183e-08,1.6781670808541094e-07,3.728081594545074e-07,1.0655975657414274e-08,1.3982338842311037e-08,1.1275301581292752e-08,0.6188287138938904,1.6390688983847213e-07,4.100033379472734e-07,0.38116970658302307,1.1573832381372995e-07,1.0995134580582544e-08
1,2019-09-10,2,4.904747084717771e-07,0.00016648416295342417,0.9998330253623655,0.02176257884800434,1.1832719337689923e-07,0.9991055727005005,3.671400747862208e-07,5.309539119480178e-07,9.813294354898972e-08,6.43731198124442e-07,1.5338208925186336e-07,1.6695523186172068e-07,2.7505967636898276e-07,1.33839350269227e-07,2.1130827576598676e-07,0.0008917335071600974,7.706973725873922e-09,1.564113816243662e-08
1,2019-09-11,2,0.00037585746724681026,5.179095125216859e-05,0.9995723515815,0.013742304147913819,5.716371731523395e-08,0.9999444484710693,1.018958187160024e-06,9.459982948101242e-07,2.5889170274240314e-07,2.1172761535126483e-06,4.188837010588031e-07,1.4228197642296436e-06,4.863868889515288e-05,4.048517325827561e-07,1.3088119033000112e-07,2.9082654506851213e-08,5.025765403843252e-08,5.2156028829131174e-08
1,2019-09-16,2,1.0911904275704753e-06,0.000206102834659276,0.9997928059749396,0.017001271817088128,2.1989490051055327e-06,0.4999960958957672,5.671714120580873e-07,1.3299296597324428e-06,1.8898475673267967e-07,8.637432529212674e-07,3.6219660159986233e-07,9.257101396542566e-08,1.0305687414557951e-09,2.0009903778372973e-07,1.9295398487884086e-06,0.4999960958957672,8.58338555786986e-09,5.871685004876781e-08
1,2019-09-17,2,4.525008515468294e-06,0.00013812878074792768,0.9998573462107418,0.02246893302202225,5.080352821096312e-06,5.1188867473683786e-06,2.8774761062777543e-07,1.0816172562044812e-06,3.617992661020253e-07,1.1696863566612592e-07,1.3147155186743475e-07,1.559314810606338e-08,1.291281304105496e-08,2.1577223208169016e-07,6.640220817644149e-06,0.9999808669090271,1.8023905923314487e-08,4.3214139822111974e-08
1,2019-09-18,2,2.5008362463809258e-06,0.00017128383716160812,0.9998262153265829,-0.0024707064231100956,1.6406004021973786e-07,0.0005800477811135352,8.129050144134453e-08,2.1254011528526462e-07,1.1084719631071493e-07,3.094850598017729e-08,2.3441993235451264e-08,9.980130499798179e-09,2.4458968255203217e-05,7.5990385539626e-08,4.667237476496666e-07,0.9993942975997925,1.0404568762112376e-08,6.1443943266681345e-09
1,2019-09-19,2,4.798989166248338e-07,0.00014340477951248846,0.9998561153215764,-0.003555063088983297,1.0080555057356833e-08,7.269699864309587e-08,1.5234886063808517e-07,1.640144517978115e-07,1.5118815781534067e-06,1.3779300367389169e-08,1.8131428802803384e-08,8.989329103314958e-08,0.9999945163726807,5.139543759469234e-07,1.1160344826066648e-07,7.899452469928292e-08,2.713912863328005e-06,3.345980559288364e-08
1,2019-09-20,2,1.5611074721892953e-05,7.125835992739946e-05,0.9999131305653344,0.015667466312646865,2.2077415451349225e-06,0.499995619058609,7.263757879627519e-07,1.5272728433046723e-06,1.965064768683078e-07,1.3738271036345395e-06,4.991125024389476e-07,1.4858558472496952e-07,1.030567742255073e-09,2.3320794184655824e-07,1.7907364053826313e-06,0.499995619058609,8.98705376783937e-09,7.26696924857606e-08
1,2019-09-23,2,1.1743104221066042e-06,0.00021568104954717142,0.9997831446400514,-0.007927107252180576,2.7865276308602915e-08,0.9577312469482422,8.619756499683717e-07,7.077194368321216e-07,5.020966682423023e-07,8.724826443540223e-07,2.552684463807964e-07,1.3380912378124776e-06,0.042263247072696686,5.520125228031247e-07,1.0036585962325262e-07,1.97403116075634e-09,2.0010384105262347e-07,6.395760721034094e-08
1,2019-09-24,2,2.4148183074490805e-06,0.00044514732492213554,0.9995524378567644,-0.009660314632952213,8.56239410040871e-07,0.014132416807115078,1.7897383486342733e-06,3.6547830859490205e-06,3.7395363960968098e-06,5.25333689438412e-07,3.821926100044948e-07,4.1237257164539187e-07,0.6657566428184509,2.3008610696706455e-06,4.089469712198479e-06,0.32009223103523254,8.09957157343888e-07,1.431443763522111e-07
1,2019-09-25,2,1.7745514245581064e-10,0.006326560336397573,0.9936734394861515,-0.013352938969433308,7.504003178837593e-07,0.0559532605111599,2.901283266965038e-07,6.900816060806392e-07,1.8440692883814336e-07,2.3002401405847195e-07,1.247674674687005e-07,4.407629106140121e-08,8.108505511472686e-08,1.6183531670321827e-07,1.1671697848214535e-06,0.944042980670929,1.1928277032779988e-08,2.445873903411666e-08
1,2019-09-26,2,6.046824725575263e-10,0.005369622794752232,0.9946303766005818,0.005908368102088571,2.89873537440144e-06,1.1454370678620762e-06,1.870633070666372e-07,6.824582783337974e-07,3.039447165065212e-07,5.96374292172186e-08,7.461741802217148e-08,1.0142598760864985e-08,1.1205691663462858e-07,1.721150653111181e-07,4.628449914889643e-06,0.9999896883964539,1.8116054434358375e-08,2.723190739573056e-08
1,2019-09-27,2,3.5993632637561035e-07,0.002203748597402314,0.9977958914662678,-0.004046406731009484,3.237260415289711e-08,0.0018513381946831942,1.5815365372873202e-07,2.437528223708796e-07,3.6017650018038694e-07,4.61546960650594e-08,3.237301982039753e-08,6.329009494265847e-08,0.9980366230010986,2.2697219037581817e-07,1.7383320027875016e-07,0.0001105876435758546,1.2872469312696921e-07,1.4415896920638716e-08
1,2019-09-30,2,6.392405234726572e-07,0.009664149726698164,0.9903352110328058,0.01135208378136158,4.668717323852434e-08,0.9999143481254578,3.0747855817025993e-07,3.885751596044429e-07,1.35230905584649e-07,3.551811857960274e-07,1.0122011673274756e-07,1.894203052188459e-07,6.670137372566387e-05,1.5858303470395185e-07,1.2378558267300832e-07,1.713692290650215e-05,1.936220428433444e-08,1.4965648276188404e-08
1,2019-10-01,2,7.510197781320817e-07,0.07869364635806525,0.9213056026221624,-0.01870668359398842,1.4337828702082334e-08,0.00022384681506082416,2.2027126078683068e-07,2.416471716060187e-07,7.701714253016689e-07,4.7693525573322404e-08,3.668956338742646e-08,1.6052791806941968e-07,0.9997733235359192,4.018647814518772e-07,1.0355321933275263e-07,8.315392108215747e-08,7.098383321135771e-07,2.9791317857075228e-08
1,2019-10-02,1,1.0558599890678863e-11,0.725400224878266,0.2745997751111961,-0.019547573837637902,2.620690793264657e-07,0.051924217492341995,1.7723343148645654e-07,3.9036245880197384e-07,1.3667289522345527e-07,1.1780664976868138e-07,6.375169192551766e-08,3.1104189446296004e-08,1.652421474318544e-06,1.1737887462004437e-07,5.477789386532095e-07,0.9480722546577454,1.1250047116106998e-08,1.291450235640923e-08
1,2019-10-04,1,1.0235589884321414e-10,0.9449824820971658,0.05501751780048721,0.020713957285881043,1.0662401628280804e-08,1.732588472691532e-08,2.148298960946704e-07,2.0082006813026965e-07,2.584038611530559e-06,1.6436876748571194e-08,2.397854537150579e-08,1.5349687032539805e-07,0.9999890327453613,8.138958946801722e-07,1.2658142622967716e-07,1.0053684995625645e-08,6.752161425538361e-06,5.773662437036364e-08
1,2019-10-07,1,4.766056631771194e-11,0.9849939082830269,0.015006091669326949,-0.0023475501000881195,1.0689988272361006e-07,0.9959753751754761,2.491352404376812e-07,3.942211606045021e-07,1.3787688146749133e-07,2.2781254926940164e-07,8.6015944589235e-08,8.751785429694792e-08,1.094559866032796e-05,1.4152253413612925e-07,2.4938984211075876e-07,0.004011958837509155,1.502906954442551e-08,1.4405701520558978e-08
1,2019-10-08,1,1.6736519580651e-18,0.9814086897989348,0.01859131020104168,0.008038833779096604,2.1369300156948157e-05,0.01048577856272459,1.6161667417691206e-06,4.904703473584959e-06,7.566146678072982e-07,1.8836246908904286e-06,1.2221055385452928e-06,1.5402521569285454e-07,2.0394430588766e-09,6.531815870403079e-07,1.451250136597082e-05,0.9894668459892273,2.8240636495979743e-08,2.7657159762384254e-07
1,2019-10-10,2,1.1871446406080678e-09,0.4460282749607274,0.5539717238521359,0.009215365616977216,5.196884700353621e-08,2.082152583682273e-08,8.149721963945922e-08,1.575602226466799e-07,5.817551596010162e-07,9.465809469588748e-09,1.3859303038543658e-08,1.57347290752341e-08,0.980171799659729,2.2172400804265635e-07,3.421854444241035e-07,0.01982640102505684,2.817897950535553e-07,1.5777576578557273e-08
1,2019-10-11,2,1.1544372377107067e-11,0.21742145136082955,0.7825785486276255,-0.00951241513490677,9.890933370115818e-07,9.345691296402947e-07,1.2795293002909602e-07,4.1906767478394613e-07,2.7261646096121694e-07,3.5043928647837674e-08,4.303028333652037e-08,9.395142441803728e-09,5.146990588400513e-06,1.5275584530627384e-07,2.1696980638807872e-06,0.9999896287918091,2.4512514684715825e-08,1.8182049643655773e-08
1,2019-10-14,2,1.8075498166341184e-07,0.010467561485860755,0.9895322577591332,-0.003701902534067631,1.1691328154483926e-06,0.005834581330418587,2.189821543652215e-06,4.329628154664533e-06,4.881974291492952e-06,6.416010478460521e-07,5.086045007374196e-07,5.622792969006696e-07,0.7376781105995178,3.091020516876597e-06,5.1206170610385016e-06,0.2564634382724762,1.1857158597194939e-06,2.1070306388537574e-07
1,2019-10-15,2,6.7066683769023494e-06,0.00027348415452504017,0.9997198091771218,0.0005407110876403749,2.870432425083891e-08,0.1324460655450821,3.35500033088465e-07,3.665388135232206e-07,4.884791451331694e-07,1.425361801921099e-07,7.363733089960078e-08,2.3625216272193938e-07,0.867550790309906,3.622897679633752e-07,1.3902680962019076e-07,7.619512416567886e-07,2.0377993337206135e-07,2.901243689734656e-08
1,2019-10-16,2,0.00010779131864436306,5.4422166044354984e-05,0.9998377865153154,0.007291205355525017,2.1158618892513914e-06,0.4999944269657135,1.0642677352734609e-06,1.9217454791942146e-06,2.1088814605718653e-07,2.7421824597695377e-06,7.896135230112122e-07,3.10078490883825e-07,1.0305652997644188e-09,2.9455347316797997e-07,1.5889048654571525e-06,0.4999944269657135,1.0462329669280734e-08,9.931268607488164e-08
1,2019-10-17,2,0.0007609132974552889,4.9610264167875855e-05,0.9991894764384013,-0.008050663249194623,8.310195880767424e-06,7.182048307186051e-07,3.232866845337412e-07,1.3186240721552167e-06,4.817563876713393e-07,1.1916866071715049e-07,1.5852616286338161e-07,1.601474330925612e-08,1.1154708268179547e-08,2.761740063306206e-07,1.0029231816588435e-05,0.9999781250953674,2.5041813955795078e-08,5.997344487695955e-08
1,2019-10-18,2,0.000105531621637004,7.193918677836341e-05,0.999822529191564,-0.015415407602304913,1.8894159438787028e-05,2.5754728127935778e-08,3.6002256820211187e-07,1.684328708506655e-06,6.907365559527534e-07,1.0805292305349212e-07,1.9189120337159693e-07,1.372624947038048e-08,5.768474586886896e-09,3.588758943351422e-07,2.0039968148921616e-05,0.9999575018882751,3.506852763734969e-08,8.887991498340853e-08
1,2019-10-21,2,8.817866037822677e-05,5.179675675557379e-05,0.9998600245828565,0.012080224950611592,4.340519765833051e-08,0.9985863566398621,1.7836916299529548e-07,2.630468713959999e-07,1.57291466962306e-07,1.1437010982717766e-07,5.1452268223783904e-08,8.111308602565259e-08,0.001251139910891652,1.462084497916294e-07,1.4359029876231943e-07,0.00016130658332258463,2.962402945172471e-08,1.1450429049375543e-08
1,2019-10-22,2,6.796038796368554e-05,6.165452533106695e-05,0.999870385086715,0.014392536115739495,3.9367446902360825e-07,0.9995197057723999,1.1198737865925068e-06,1.462974978494458e-06,1.88338461271087e-07,3.15843658427184e-06,6.298136554505618e-07,6.575517090823269e-07,1.1329960969419517e-08,3.1372266562357254e-07,4.916057605441893e-07,0.00047180126421153545,1.4315898688721518e-08,5.844912109864708e-08
1,2019-10-23,2,0.002024158367837995,5.3840420865904545e-05,0.9979220012113167,0.05165154394507408,8.422339305980131e-07,1.533826070954092e-05,1.3951287769486953e-07,4.4273087951296475e-07,2.1199898014856444e-07,4.76121471137958e-08,4.755388260946347e-08,1.0878881795406414e-08,1.3873931266061845e-06,1.2814348337997217e-07,1.792816419765586e-06,0.999979555606842,1.6376684897068117e-08,1.581137532014054e-08
1,2019-10-24,2,0.0021825878429339355,5.000040378624616e-05,0.9977674117532949,0.0009324220858514309,5.331013852583055e-08,1.3663314923917369e-08,8.700632747604686e-08,1.670076983373292e-07,6.641764684900409e-07,9.803762246463066e-09,1.4582063556645153e-08,1.7461426082832077e-08,0.9865967631340027,2.473915685641259e-07,3.567097621726134e-07,0.01340123638510704,3.5698474221135257e-07,1.7969082222180077e-08
1,2019-10-25,2,0.0011619002438034442,5.364880431658168e-05,0.9987844509518846,-0.008192044913768768,3.344417564221658e-06,0.5872548222541809,7.733575330348685e-06,1.2920670087623876e-05,1.0552459571044892e-05,3.258783635828877e-06,1.9919405076507246e-06,2.3322493234445574e-06,0.17578347027301788,7.940631803649012e-06,1.2086351489415392e-05,0.23689694702625275,2.0226009382895427e-06,6.062172133169952e-07
1,2019-10-28,2,0.0004017975786993543,5.2639942036289973e-05,0.9995455624792908,-0.0010448086187243462,6.58006271692102e-08,1.6693814330892565e-08,1.0145410556106071e-07,1.9063644174366345e-07,7.098711876096786e-07,1.1757595785866215e-08,1.750255940180523e-08,1.9610407520076478e-08,0.9822333455085754,2.669075058747694e-07,4.1350583046551037e-07,0.017764443531632423,3.615619448282814e-07,2.0961939739549962e-08
1,2019-10-29,2,0.0002804377029952255,4.567611393479574e-05,0.9996738861830676,-0.009329212150909007,1.864661847150728e-08,1.1086406630056445e-05,1.9591759325976454e-07,2.2316451975257223e-07,9.1435168769749e-07,3.354591271431673e-08,3.1891417506813013e-08,1.1760824492057509e-07,0.99998539686203,4.379762401640619e-07,1.3798288023281202e-07,5.067383312962193e-07,8.690876711625606e-07,3.184380759080341e-08
1,2019-10-30,2,0.00011519486528048873,6.202883918494279e-05,0.9998227762955286,-0.0062013633131980895,7.585403523080458e-07,1.9281860552666785e-09,1.7170073363104166e-07,4.2610659534148e-07,1.3705636092709028e-06,1.8457877004607326e-08,4.012344945181212e-08,1.6183047790718774e-08,0.06450477987527847,4.5836711137781094e-07,2.752821501417202e-06,0.9354887008666992,4.2322650983805943e-07,6.16120132690412e-08
1,2019-10-31,2,0.00011595350046566624,4.7567418130923285e-05,0.9998364790814193,0.005936923097074032,1.8067194673676568e-07,1.8099132192972434e-09,1.588772562399754e-07,2.967920806895563e-07,2.3209404389490373e-06,1.0498841795936187e-08,2.5706716755280468e-08,2.3521517178437534e-08,0.8781068921089172,6.077713123886497e-07,1.1580586942727678e-06,0.12188650667667389,1.7338470570393838e-06,6.881518288537336e-08
1,2019-11-01,2,0.000426293445003276,4.733466878445626e-05,0.9995263718862145,0.004941349470615387,5.640651465910196e-07,0.9999558925628662,2.3418997443513945e-06,2.546717951190658e-06,2.7210001007915707e-07,1.0192044101131614e-05,1.5949619864841225e-06,2.2763945253245765e-06,3.845709528604857e-09,5.664589366460859e-07,5.80278538109269e-07,2.2993281163508072e-05,2.3552356509526362e-08,1.301177263712816e-07
1,2019-11-04,2,0.0011363855055074737,5.039912181852509e-05,0.9988132153726568,0.013352215211844305,9.192724093054494e-08,0.9998685717582703,4.160531830166292e-07,5.487219141286914e-07,1.1421855106164003e-07,6.95843539233465e-07,1.6425462945335312e-07,2.2165538382523664e-07,1.0491631883269292e-06,1.5306842726658942e-07,1.8356391251472814e-07,0.00012777805386576802,1.0928436822155163e-08,1.797822690718931e-08
1,2019-11-05,2,0.0007886845203508917,4.9564263898420235e-05,0.9991617512157441,0.016005095037817954,5.011917892261408e-06,0.09187354147434235,8.171605259121861e-07,2.174350356654031e-06,3.5842265333485557e-07,9.379180028190603e-07,4.990389470549417e-07,9.57070724894038e-08,1.8717574157278705e-09,3.2773732527857646e-07,4.5701785893470515e-06,0.908111572265625,1.5137700870582194e-08,9.474882745053037e-08
1,2019-11-06,2,9.868253485990404e-05,6.984207138790271e-05,0.9998314753937556,-0.012914086450636388,1.4831508465817933e-08,3.2402903116235393e-07,1.419524124912641e-07,1.7452197198508657e-07,1.0609163609842653e-06,1.650115599716173e-08,1.9750455493294794e-08,7.168390681044912e-08,0.9999954104423523,4.1302178033220116e-07,1.347499534176677e-07,9.12362850158388e-07,1.2824509667552775e-06,2.7469999608342732e-08
1,2019-11-07,2,8.471715735628219e-05,5.012292958162256e-05,0.9998651599130775,-0.010965240940451622,1.278018544326187e-07,3.835395716578205e-07,8.48126688879347e-08,1.9245418059199437e-07,3.19758555633598e-07,1.5163621469582722e-08,1.8639312315826828e-08,1.1639781583028252e-08,0.025909414514899254,1.526736497226011e-07,5.47449985788262e-07,0.9740886688232422,7.236832999524268e-08,1.2237979518658904e-08
1,2019-11-08,2,0.0001100682704080569,5.053657724083941e-05,0.9998393951523775,-0.008417045230139046,1.2774057722708676e-07,6.457342465182592e-07,7.625087050655566e-08,1.885573936988294e-07,2.710112028125877e-07,1.4481565280277664e-08,1.7332974167061366e-08,1.0245783776952067e-08,0.014036713168025017,1.3428839906737267e-07,5.303472789819352e-07,0.9859611988067627,5.76250371864262e-08,1.0368881753208825e-08
1,2019-11-11,2,2.1687229559278712e-05,8.27001845928059e-05,0.9998956125858366,-0.005530165495723486,1.5512760853653162e-08,5.2408531701075844e-06,2.695694547583116e-07,2.5697096361909644e-07,1.5094828995643184e-06,3.952942861928932e-08,3.994032837795203e-08,2.0907407360937214e-07,0.9999893307685852,6.611116418753227e-07,1.3021804079471622e-07,2.5213795495915292e-08,2.1913908767601242e-06,5.154746318680736e-08
1,2019-11-12,2,9.011915159814474e-06,6.38490556726366e-05,0.9999271390291411,0.007525439048558473,1.3771790463579237e-07,0.9540693759918213,6.933680651854957e-07,9.733394108479843e-07,7.787613753862388e-07,3.4636164514267875e-07,1.711962624995067e-07,3.046873757739377e-07,0.04550490528345108,6.344083658404998e-07,5.534207616619824e-07,0.0004208965983707458,1.7046956202193542e-07,4.609876214090036e-08
1,2019-11-13,2,0.00011099150197479088,5.5121374405911943e-05,0.9998338871236436,0.008348625671863556,1.9912054227688714e-08,7.49182581785135e-05,1.087688161760525e-07,1.627266783543746e-07,3.594600173073559e-07,2.3224147938094575e-08,1.9380403060154094e-08,4.246898299697932e-08,0.9998853206634521,1.9068160383994837e-07,1.2652756709030655e-07,3.851921792374924e-05,1.7728221735069383e-07,1.2280993111346561e-08
1,2019-11-14,2,0.0001129872344987481,4.9023806109150095e-05,0.9998379889593747,0.0006716889985837043,2.1453453769026964e-07,0.7332531809806824,1.3253309134597657e-06,1.7753840211298666e-06,1.6805055338409147e-06,6.359671260725008e-07,3.2398136795563914e-07,7.003024506957445e-07,0.2666209936141968,1.3327138503882452e-06,8.814469083517906e-07,0.00011636708950391039,4.886370561507647e-07,1.0409925721432955e-07
1,2019-11-15,2,0.000905771827395875,4.860434091934635e-05,0.9990456238316827,0.011475380404293536,8.399582185347754e-08,0.9913631677627563,1.832677156698992e-07,3.175738072513923e-07,9.688303492794148e-08,1.674906116022612e-07,6.118841611169046e-08,5.6567937889440145e-08,6.657980065938318e-06,9.960957214616428e-08,2.0455405547181726e-07,0.008628880605101585,9.441039949820151e-09,9.21555987076772e-09
1,2019-11-18,2,0.0012095300179449534,5.514267370692706e-05,0.9987353273083682,-0.0017269366519525647,1.0162274293179507e-06,2.680296574908425e-06,1.4010680615683668e-07,4.4866425241707475e-07,2.580514717465121e-07,4.1627696845125683e-08,4.724232383068738e-08,1.02516102273853e-08,2.469365654178546e-06,1.4683395477277372e-07,2.1699772787542315e-06,0.9999905228614807,2.1499007019087912e-08,1.8430561965487868e-08
1,2019-11-19,2,0.0005759173124589787,5.185682282173582e-05,0.9993722258647015,0.0044573657281696795,1.5514801887661633e-08,1.0547936653892975e-05,5.851867399542243e-07,4.05530300895407e-07,3.3390915632480755e-06,8.584961364022092e-08,8.331589640420134e-08,7.878695100771438e-07,0.9999740123748779,1.4771906080568442e-06,1.342960018746453e-07,2.061100179417963e-09,8.365677786059678e-06,1.3709214385926316e-07
1,2019-11-20,2,2.5190920828405145e-05,9.307897303509967e-05,0.9998817301061199,0.001422790380773222,1.1928889875889581e-08,6.055885251043946e-07,2.8068782853551966e-07,2.4675006216057227e-07,2.199755044784979e-06,3.099900425240776e-08,3.578093910050484e-08,2.4335781745321583e-07,0.9999905824661255,8.370437853955082e-07,1.1872716498828595e-07,4.169887990457255e-09,4.7302787606895436e-06,6.325071666424265e-08
1,2019-11-21,2,5.7468821348065776e-06,0.00012083521589539374,0.9998734179019911,-0.03145611446499825,2.1259945697238436e-06,8.771430088927445e-07,1.8681627977912285e-07,6.326604307105299e-07,3.467949625246547e-07,5.647101275485511e-08,7.131276191785219e-08,1.21698109367685e-08,6.284432174652466e-07,1.9599839617967518e-07,3.7853740195714636e-06,0.9999909996986389,2.6053164958739217e-08,2.9339497942260095e-08
1,2019-11-22,2,9.908814298154528e-07,9.706572249663603e-05,0.9999019433960724,-0.003630523132532835,1.523021353477816e-08,3.1379855499835685e-05,1.303113066342121e-07,1.705476933011596e-07,5.467223331834248e-07,2.4589040137357188e-08,2.1881430001258195e-08,6.967106713773319e-08,0.9999647736549377,2.792526743178314e-07,1.089124026520949e-07,2.039260380115593e-06,4.0753792518444243e-07,1.757023859738638e-08
1,2019-11-25,2,6.814802054102507e-05,5.485054978440963e-05,0.99987700142969,0.024572589087486267,7.230060418805806e-06,0.010618405416607857,8.008311738194607e-07,2.316430482096621e-06,4.2633101315914246e-07,7.696165198467497e-07,4.873122065873758e-07,7.62527747610875e-08,2.0392281196990325e-09,3.55765962467558e-07,6.463802037615096e-06,0.9893625378608704,1.696699492015341e-08,1.0407852357730007e-07
1,2019-11-26,2,2.5260914938925308e-05,7.564651171553967e-05,0.9998990925733188,-0.0012591276365332305,1.2406854210667007e-08,3.414943057578057e-05,9.868051620287588e-08,1.3963962430807442e-07,4.1932440808523097e-07,1.8345367891470232e-08,1.606346522464719e-08,4.79265196418055e-08,0.9999603033065796,2.105383032358077e-07,9.246738841284241e-08,4.21915410697693e-06,2.8592793910320324e-07,1.2159437012826402e-08
1,2019-11-27,2,1.6088950449246578e-05,6.062677801673454e-05,0.9999232842715355,0.0007690347887575627,1.746299744809221e-07,0.9541447162628174,2.5209459408870316e-07,4.546697596197191e-07,1.2043919639381784e-07,2.6271663955412805e-07,9.657715338562411e-08,7.201601448514339e-08,9.067794053407852e-07,1.2822695794056926e-07,3.426368095915677e-07,0.04585243761539459,1.0146465889704359e-08,1.4522045788112337e-08
1,2019-11-28,2,9.275859593935671e-05,4.9649000200555845e-05,0.9998575924038864,-0.001736984901688993,1.1796279508757834e-08,0.0008744056685827672,1.2372491653422912e-07,1.6091988186417439e-07,3.5521961194717733e-07,3.0487150581848255e-08,2.1496454394309694e-08,6.954003595183167e-08,0.9991230964660645,2.024377039333558e-07,7.999742734909887e-08,1.2499965578172123e-06,2.0751643603489356e-07,1.2418037265149451e-08
1,2019-11-29,2,7.216186060022139e-05,5.8152937925775005e-05,0.999869685201461,-0.013712233728170395,1.1684947054391159e-07,8.286714319183375e-07,1.0664371785651383e-07,2.3640433255422977e-07,4.4399939724826254e-07,1.8391112632798468e-08,2.1612917677771293e-08,1.6395642177258196e-08,0.18875637650489807,2.1009098816193728e-07,5.71437908547523e-07,0.8112409114837646,1.1441653668953222e-07,1.4572520079525475e-08
1,2019-12-02,2,5.337843692625125e-05,5.622275762373e-05,0.9998903988054679,-0.00024339832630558645,1.0868695277110874e-08,2.0611305995288376e-09,1.7248963501970138e-07,1.757998830953511e-07,2.6974214506481076e-06,1.0313804033046381e-08,1.7640127580875742e-08,9.435940739876969e-08,0.9999887943267822,7.405677138194733e-07,1.448317874519489e-07,4.9844459226733306e-08,7.033796919131419e-06,5.13221891651483e-08
1,2019-12-03,2,2.0436696769401276e-05,8.026786410849846e-05,0.9998992954391361,-0.0014467461869120597,1.0231381111225346e-06,0.014995523728430271,2.116541963914642e-06,4.078290658071637e-06,4.416765023051994e-06,6.471459528256673e-07,4.7579638362549304e-07,5.39765039775375e-07,0.7400909662246704,2.8671640848187963e-06,4.573304977384396e-06,0.24489158391952515,9.852545872490737e-07,1.7890600645387167e-07
1,2019-12-04,2,1.2144325566990614e-05,8.798185025120065e-05,0.9998998738241726,0.013239054733514785,1.5514704188035466e-08,0.00027480124845169485,1.6805034874778357e-07,2.037135118371225e-07,5.476711066876305e-07,3.911515378263175e-08,2.9651136657093957e-08,1.0685277374022917e-07,0.9997226595878601,3.0633486858278047e-07,1.0319455867602301e-07,6.020677574269939e-07,3.8619893416580453e-07,2.068024684831471e-08
1,2019-12-05,2,6.2318515046107055e-06,0.00011452355936938092,0.9998792445891129,-0.013167095825076103,3.2197658583754674e-07,5.059313480160199e-06,1.083260059431268e-07,2.8878451985292486e-07,2.430740551062627e-07,2.9398949052961143e-08,3.098614698160418e-08,1.2133001270342447e-08,0.00013945737737230957,1.3968256951102376e-07,9.280405492972932e-07,0.9998533129692078,3.09796917008498e-08,1.3433838930154707e-08
1,2019-12-06,2,8.254369323668328e-07,0.00010131523244749486,0.9998978593306102,0.0024854449070990086,1.6202825747768657e-07,0.9758327603340149,6.096828428781009e-07,9.735487083162297e-07,6.862003942842421e-07,3.052896033750585e-07,1.516758203479185e-07,2.2449981429417676e-07,0.021669603884220123,5.572194936576125e-07,6.265545948735962e-07,0.0024931614752858877,1.2864767029441282e-07,3.742018606089914e-08
1,2019-12-09,2,8.035107427171844e-05,4.930796491450347e-05,0.9998703409607973,0.013556017844006419,3.8405630675697466e-08,0.9979645609855652,7.510781756536744e-07,6.993158194745774e-07,3.3354140782648756e-07,9.467273116570141e-07,2.493906947620417e-07,9.503474984740024e-07,0.0020307612139731646,4.1116695115306356e-07,1.1635849972435608e-07,2.2033097124563028e-08,9.209320239733643e-08,4.6983480217477336e-08
1,2019-12-10,2,0.0003756232767521603,4.579174328243596e-05,0.9995785849799635,1.3196675991639496e-05,5.9300841712683905e-06,0.4999908208847046,1.2307866654737154e-06,2.781125658657402e-06,3.1238440101333254e-07,2.566143848525826e-06,9.915713690133998e-07,2.2738177563041972e-07,1.0305578612701538e-09,3.6835146488556347e-07,3.7995653201505775e-06,0.4999908208847046,1.299068141946691e-08,1.55988630012871e-07
1,2019-12-11,2,0.0008897203477522247,4.83705894159371e-05,0.9990619090628302,0.00015738460072316235,3.533496695240501e-08,0.006659035570919514,1.799762969767471e-07,2.941071386430849e-07,3.786813067563344e-07,5.53154002602696e-08,3.590029606925782e-08,6.997247936624262e-08,0.9931676387786865,2.4427944822491554e-07,1.9543985274594888e-07,0.00017171601939480752,1.253789321253862e-07,1.4185997265769856e-08
1,2019-12-12,2,0.001134893029577035,4.6859621186339556e-05,0.9988182473492349,0.017364022982120513,5.286379689550813e-08,0.99996417760849,3.292264807441825e-07,4.134100208830205e-07,1.0199675415378806e-07,5.037126129536773e-07,1.1877006045324379e-07,1.9803270845386578e-07,6.1195237321953755e-06,1.346054148143594e-07,1.2054289300067467e-07,2.7731935915653594e-05,1.105218938590724e-08,1.3381122876410245e-08
1,2019-12-13,2,0.0020259459695710193,4.834283098052662e-05,0.9979257111994705,0.0012100902965292335,2.4562550606788136e-06,7.796995049602629e-08,1.598874064256961e-07,5.975895192023017e-07,3.8699229776284483e-07,3.883641497282042e-08,5.8834157101728124e-08,8.978669363557401e-09,1.2885459454992088e-06,1.9903889381112094e-07,4.594273832481122e-06,0.9999900460243225,3.226730882488482e-08,2.900965867524974e-08
1,2019-12-16,2,0.003764124086554605,5.310906075774903e-05,0.9961827668527017,0.0063539896458387375,1.1145067979612122e-08,6.397618079745371e-08,1.1770853092230027e-07,1.449653694862718e-07,1.1455757658040966e-06,1.1249009723712788e-08,1.4776549761563729e-08,5.7605198833243776e-08,0.9999956488609314,3.991434596173349e-07,1.173303871837561e-07,6.157328016342944e-07,1.6353125147361425e-06,2.4707814461066846e-08
1,2019-12-17,2,0.005778565345027757,5.0519320136567926e-05,0.9941709153348258,0.00047223362640070265,1.5970364586337382e-08,0.00016414659330621362,1.109020359990609e-07,1.5756316429360595e-07,3.622363067279366e-07,2.5196344566325024e-08,1.9730372002868535e-08,5.264554303607838e-08,0.9998252987861633,2.015167410718277e-07,1.0289661389606408e-07,9.274403055314906e-06,1.9436230047631398e-07,1.228105261930068e-08
1,2019-12-18,2,0.008302804203716908,5.567387995887841e-05,0.9916415219163034,-0.006789699669927359,6.9717193582619075e-06,2.5418381483177654e-05,3.900525484823447e-07,1.4416775684367167e-06,3.972174056343647e-07,2.0009665036013757e-07,2.0109928300371394e-07,2.2701289736914987e-08,2.989474223724642e-09,2.569704804500361e-07,7.702933544351254e-06,0.9999569058418274,1.7217287151538585e-08,5.9144845465652907e-08
1,2019-12-19,2,0.006444058204453,5.7869586023201866e-05,0.9934980722095321,-0.0012138913908042014,3.542453441696125e-08,1.360339041411862e-07,7.813073921170144e-08,1.4644548684827896e-07,4.932632577947516e-07,1.0410295736562603e-08,1.3281604260839686e-08,1.8701836523860038e-08,0.9968699216842651,2.0556252877668157e-07,2.3831508144667168e-07,0.0031284296419471502,2.5612283138798375e-07,1.3290993194914336e-08
1,2019-12-20,2,0.0038821871679293606,5.317953368301585e-05,0.9960646332984066,0.0019072568893432618,8.764503149905067e-07,0.49999818205833435,2.899082858220936e-07,6.687954510198324e-07,1.137088290192878e-07,3.547179687757307e-07,1.5207653802917775e-07,4.3692264029004946e-08,1.0756985302506905e-09,1.1238793717893714e-07,9.816442343435483e-07,0.49999818205833435,5.213526499403542e-09,2.4109192864329998e-08
1,2019-12-23,2,2.918206269164932e-05,0.0001340771537804381,0.999836740783554,0.001363450233824551,1.5152737731227717e-08,0.1160755455493927,4.5517580815612746e-07,3.822737539849186e-07,7.771178616167163e-07,1.849396227271427e-07,9.23049157108835e-08,5.708388925995678e-07,0.8839206695556641,5.44963768334128e-07,8.546771823603194e-08,1.8218963004912325e-09,6.176493911880243e-07,5.143204617752417e-08
1,2019-12-24,2,5.745251400037194e-05,5.2974156558328054e-05,0.99988957332942,0.007501684296876192,1.445625130713779e-08,1.3524822861654684e-06,3.4167518947469944e-07,2.9242855248412525e-07,2.4010071228985908e-06,4.282182075598939e-08,4.701480449398332e-08,3.2466817856402486e-07,0.9999889731407166,9.794663355933153e-07,1.3307928270478442e-07,3.0607985035402407e-09,5.025180598750012e-06,7.867058116062253e-08
1,2019-12-26,2,3.100885609235711e-05,7.422538723996846e-05,0.9998947657566607,0.009086757035553455,1.9187078237337118e-07,6.118995224824175e-05,3.285755951765168e-07,6.574574058504368e-07,1.0649063142409432e-06,7.119651002085448e-08,6.674093810943305e-08,7.175792404723325e-08,0.9055288434028625,5.711323751711461e-07,9.78924163064221e-07,0.0944056510925293,2.970033108340431e-07,3.63131782421533e-08
1,2019-12-27,2,2.4982021870437382e-05,9.752807569443147e-05,0.9998774899024122,0.00892315886169672,2.0657630273035466e-08,0.9558340907096863,2.8690854492197104e-07,3.103139931681653e-07,2.466183843807812e-07,1.9429057829256635e-07,7.36804466328067e-08,2.416387872017367e-07,0.04416390508413315,2.3084142242169037e-07,8.23444139541607e-08,2.2945351929593016e-07,7.672760204968654e-08,1.8846442628728255e-08
1,2019-12-30,2,4.082874991155282e-05,0.0017107549635236785,0.9982484162865845,-0.00635223504640162,9.431312975038963e-08,0.977658748626709,1.777066813701822e-07,3.2457711540700984e-07,9.69304920772629e-08,1.554927280267293e-07,5.841103956072402e-08,4.810873122096382e-08,4.590336629917147e-06,9.414468138402299e-08,2.2970289137447253e-07,0.022335387766361237,8.828282105355356e-09,9.141407630863796e-09
2,2020-01-02,1,2.1733253115859985e-50,1.0,8.589580070464662e-52,-0.00019911143369972704,1.030576846083875e-09,1.030576846083875e-09,1.030576846083875e-09,1.030576846083875e-09,1.030576846083875e-09,1.030576846083875e-09,1.030576846083875e-09,1.030576846083875e-09,0.5,1.030576846083875e-09,1.030576846083875e-09,0.5,1.030576846083875e-09,1.030576846083875e-09
2,2020-01-03,2,1.5117699565964426e-08,0.37831967671910277,0.6216803081632409,-0.01394320528805256,2.061149917409466e-09,2.061149917409466e-09,2.061149917409466e-09,2.061149917409466e-09,2.061149917409466e-09,2.061149917409466e-09,2.061149917409466e-09,2.061149917409466e-09,1.8234812841910752e-06,2.061149917409466e-09,2.061149917409466e-09,0.999998152256012,2.061149917409466e-09,2.061149917409466e-09
2,2020-01-06,2,7.828863004833937e-09,0.08656968046043374,0.9134303117108997,0.0217281440526247,2.061147474918812e-09,2.061147474918812e-09,2.061147474918812e-09,2.061147474918812e-09,2.061147474918812e-09,2.061147474918812e-09,2.061147474918812e-09,2.061147474918812e-09,0.9999969601631165,2.061147474918812e-09,2.061147474918812e-09,2.9998982427059673e-06,2.061147474918812e-09,2.061147474918812e-09
2,2020-01-07,2,3.283793413484519e-14,0.012902202486415286,0.9870977975139155,0.008900983937084675,8.054745421759435e-07,0.7808892130851746,8.054745421759435e-07,8.054745421759435e-07,8.054745421759435e-07,8.054745421759435e-07,8.054745421759435e-07,8.054745421759435e-07,0.0004324802430346608,8.054745421759435e-07,8.054745421759435e-07,0.21866942942142487,8.054745421759435e-07,8.054745421759435e-07
2,2020-01-08,2,1.6494062596464258e-13,0.002354517062192157,0.997645482937975,-0.02032154724448919,1.9732204759037586e-09,0.9573379158973694,1.9732204759037586e-09,1.9732204759037586e-09,1.9732204759037586e-09,1.9732204759037586e-09,1.9732204759037586e-09,1.9732204759037586e-09,0.042662058025598526,1.9732204759037586e-09,1.9732204759037586e-09,1.9732204759037586e-09,1.9732204759037586e-09,1.9732204759037586e-09
2,2020-01-09,2,1.2467781323103325e-35,0.0005001244860335759,0.9994998755139598,0.024714773082733156,2.06115324807854e-09,1.510137934701561e-07,2.06115324807854e-09,2.06115324807854e-09,2.06115324807854e-09,2.06115324807854e-09,2.06115324807854e-09,2.06115324807854e-09,1.9858093835978252e-08,2.06115324807854e-09,2.06115324807854e-09,0.9999998211860657,2.06115324807854e-09,2.06115324807854e-09
2,2020-01-10,1,9.14676926686827e-08,0.9896587487605961,0.01034115977151804,0.005885173311829567,0.5,1.030576846083875e-09,1.030576846083875e-09,1.030576846083875e-09,1.030576846083875e-09,1.030576846083875e-09,1.030576846083875e-09,1.030576846083875e-09,1.030576846083875e-09,1.030576846083875e-09,1.030576846083875e-09,0.5,1.030576846083875e-09,1.030576846083875e-09
2,2020-01-13,1,0.001245093528022926,0.998598085017018,0.00015682145539982735,0.003937075774965295,0.49999988079071045,2.354913419821969e-07,1.0305765130169675e-09,1.0305765130169675e-09,1.0305765130169675e-09,1.0305765130169675e-09,1.0305765130169675e-09,1.0305765130169675e-09,1.0305765130169675e-09,1.0305765130169675e-09,1.0305765130169675e-09,0.49999988079071045,1.0305765130169675e-09,1.0305765130169675e-09
2,2020-01-14,1,0.0010230894413289764,0.9989489020499233,2.8008508466752738e-05,-0.00017605231627821922,1.030576846083875e-09,0.5,1.030576846083875e-09,1.030576846083875e-09,1.030576846083875e-09,1.030576846083875e-09,1.030576846083875e-09,1.030576846083875e-09,1.030576846083875e-09,1.030576846083875e-09,1.030576846083875e-09,0.5,1.030576846083875e-09,1.030576846083875e-09
2,2020-01-15,1,0.0007852732617944062,0.9991900232262025,2.4703512113357235e-05,0.007412270240485668,2.0596939709349726e-09,0.0007081513176672161,2.0596939709349726e-09,2.0596939709349726e-09,2.0596939709349726e-09,2.0596939709349726e-09,2.0596939709349726e-09,2.0596939709349726e-09,0.9992918372154236,2.0596939709349726e-09,2.0596939709349726e-09,2.0596939709349726e-09,2.0596939709349726e-09,2.0596939709349726e-09
2,2020-01-16,1,0.00045702183303360455,0.9995138972573344,2.908090954044458e-05,-2.1236031947998723e-07,2.061153470123145e-09,2.061153470123145e-09,2.061153470123145e-09,2.061153470123145e-09,2.061153470123145e-09,2.061153470123145e-09,2.061153470123145e-09,2.061153470123145e-09,1.0,2.061153470123145e-09,2.061153470123145e-09,2.061153470123145e-09,2.061153470123145e-09,2.061153470123145e-09
2,2020-01-17,1,0.0003037785956573713,0.9996689614746332,2.7259929282410077e-05,0.0015581689801067115,0.5,1.030576846083875e-09,1.030576846083875e-09,1.030576846083875e-09,1.030576846083875e-09,1.030576846083875e-09,1.030576846083875e-09,1.030576846083875e-09,1.030576846083875e-09,1.030576846083875e-09,1.030576846083875e-09,0.5,1.030576846083875e-09,1.030576846083875e-09
2,2020-01-20,1,0.00023972560613253404,0.9997284531019243,3.182129180887716e-05,-0.010090117597579957,8.674851947887419e-09,1.5471751169116033e-07,8.674851947887419e-09,8.674851947887419e-09,8.674851947887419e-09,8.674851947887419e-09,8.674851947887419e-09,8.674851947887419e-09,0.0003143942740280181,8.674851947887419e-09,8.674851947887419e-09,0.9996853470802307,8.674851947887419e-09,8.674851947887419e-09
2,2020-01-21,1,3.264485932802698e-06,0.9995572382648128,0.000439497249450601,-0.011644780045794324,2.047502611901564e-09,0.006622995715588331,2.047502611901564e-09,2.047502611901564e-09,2.047502611901564e-09,2.047502611901564e-09,2.047502611901564e-09,2.047502611901564e-09,2.047502611901564e-09,2.047502611901564e-09,2.047502611901564e-09,0.9933769702911377,2.047502611901564e-09,2.047502611901564e-09
2,2020-01-22,1,2.1320729148221777e-05,0.9914786538578094,0.008500025412718897,0.019392735078930856,0.5,1.030576846083875e-09,1.030576846083875e-09,1.030576846083875e-09,1.030576846083875e-09,1.030576846083875e-09,1.030576846083875e-09,1.030576846083875e-09,1.030576846083875e-09,1.030576846083875e-09,1.030576846083875e-09,0.5,1.030576846083875e-09,1.030576846083875e-09
2,2020-01-23,1,5.553028491062934e-09,0.6351810210751404,0.36481897337155994,0.00241122669801116,2.061153470123145e-09,2.061153470123145e-09,2.061153470123145e-09,2.061153470123145e-09,2.061153470123145e-09,2.061153470123145e-09,2.061153470123145e-09,2.061153470123145e-09,1.0,2.061153470123145e-09,2.061153470123145e-09,2.061153470123145e-09,2.061153470123145e-09,2.061153470123145e-09
2,2020-01-28,2,1.7375755278249702e-20,6.261293866240516e-09,0.9999999937390385,-0.01440359051078558,3.966459189541638e-06,2.0611454765173676e-09,2.0611454765173676e-09,2.0611454765173676e-09,2.0611454765173676e-09,2.0611454765173676e-09,2.0611454765173676e-09,2.0611454765173676e-09,2.0611454765173676e-09,2.0611454765173676e-09,2.0611454765173676e-09,0.9999960064888,2.0611454765173676e-09,2.0611454765173676e-09
2,2020-01-29,2,2.4055202628129424e-21,1.2117469296351943e-06,0.9999987882527487,0.005117628014087677,3.713471699029469e-07,3.861033474095166e-05,3.713471699029469e-07,3.713471699029469e-07,3.713471699029469e-07,3.713471699029469e-07,3.713471699029469e-07,3.713471699029469e-07,0.0676703080534935,3.713471699029469e-07,3.713471699029469e-07,0.9322869777679443,3.713471699029469e-07,3.713471699029469e-07
2,2020-01-30,2,1.4553104356037965e-26,1.6424155219927402e-11,0.9999999999836291,0.005527750213444233,2.061153470123145e-09,2.061153470123145e-09,2.061153470123145e-09,2.061153470123145e-09,2.061153470123145e-09,2.061153470123145e-09,2.061153470123145e-09,2.061153470123145e-09,1.0,2.061153470123145e-09,2.061153470123145e-09,2.061153470123145e-09,2.061153470123145e-09,2.061153470123145e-09
2,2020-01-31,2,1.3370498342489508e-129,1.8246782454509443e-39,1.0,-0.005660279908776283,1.030576846083875e-09,0.5,1.030576846083875e-09,1.030576846083875e-09,1.030576846083875e-09,1.030576846083875e-09,1.030576846083875e-09,1.030576846083875e-09,0.5,1.030576846083875e-09,1.030576846083875e-09,1.030576846083875e-09,1.030576846083875e-09,1.030576846083875e-09
2,2020-02-03,2,6.230653728445058e-62,7.071675611261873e-16,1.0,0.0025225810021162033,2.061153470123145e-09,2.061153470123145e-09,2.061153470123145e-09,2.061153470123145e-09,2.061153470123145e-09,2.061153470123145e-09,2.061153470123145e-09,2.061153470123145e-09,1.0,2.061153470123145e-09,2.061153470123145e-09,2.061153470123145e-09,2.061153470123145e-09,2.061153470123145e-09
2,2020-02-04,2,1.063499784669759e-86,1.509284810556888e-16,1.0,0.00413783774971962,1.030576846083875e-09,0.5,1.030576846083875e-09,1.030576846083875e-09,1.030576846083875e-09,1.030576846083875e-09,1.030576846083875e-09,1.030576846083875e-09,1.030576846083875e-09,1.030576846083875e-09,1.030576846083875e-09,0.5,1.030576846083875e-09,1.030576846083875e-09
2,2020-02-05,2,3.887172310945512e-40,7.857061430550852e-10,0.9999999992141966,-0.0030680690091103315,2.0611488071864414e-09,4.5337857912386426e-09,2.0611488071864414e-09,2.0611488071864414e-09,2.0611488071864414e-09,2.0611488071864414e-09,2.0611488071864414e-09,2.0611488071864414e-09,2.3423151560564293e-06,2.0611488071864414e-09,2.0611488071864414e-09,0.999997615814209,2.0611488071864414e-09,2.0611488071864414e-09
2,2020-02-06,2,1.7729042533547926e-26,2.4985084053852285e-09,0.999999997501618,-0.0011228481904603542,3.5054134173151397e-07,0.00011991481733275577,3.5054134173151397e-07,3.5054134173151397e-07,3.5054134173151397e-07,3.5054134173151397e-07,3.5054134173151397e-07,3.5054134173151397e-07,0.9859598278999329,3.5054134173151397e-07,3.5054134173151397e-07,0.013916375115513802,3.5054134173151397e-07,3.5054134173151397e-07
2,2020-02-07,2,2.0771687547813533e-82,1.404692196128466e-22,1.0,0.004048669811803848,2.06104955324804e-09,2.06104955324804e-09,2.06104955324804e-09,2.06104955324804e-09,2.06104955324804e-09,2.06104955324804e-09,2.06104955324804e-09,2.06104955324804e-09,0.9999495148658752,2.06104955324804e-09,2.06104955324804e-09,5.044694626121782e-05,2.06104955324804e-09,2.06104955324804e-09
2,2020-02-10,2,1.491586555179542e-41,7.145294694706677e-11,0.9999999999281499,0.009539362688362599,2.0607568984587488e-09,2.0607568984587488e-09,2.0607568984587488e-09,2.0607568984587488e-09,2.0607568984587488e-09,2.0607568984587488e-09,2.0607568984587488e-09,2.0607568984587488e-09,0.0001924089010572061,2.0607568984587488e-09,2.0607568984587488e-09,0.9998075366020203,2.0607568984587488e-09,2.0607568984587488e-09
2,2020-02-11,2,3.36461178307286e-29,1.8935860514746883e-09,0.999999998106432,-0.0016425107089802623,2.061153470123145e-09,4.42032543901405e-08,2.061153470123145e-09,2.061153470123145e-09,2.061153470123145e-09,2.061153470123145e-09,2.061153470123145e-09,2.061153470123145e-09,0.9999999403953552,2.061153470123145e-09,2.061153470123145e-09,2.061153470123145e-09,2.061153470123145e-09,2.061153470123145e-09
2,2020-02-12,2,1.131736306622642e-21,1.5876795931910236e-06,0.9999984123200063,-0.003139700788229129,2.061149917409466e-09,1.7377659560224856e-06,2.061149917409466e-09,2.061149917409466e-09,2.061149917409466e-09,2.061149917409466e-09,2.061149917409466e-09,2.061149917409466e-09,0.9999982118606567,2.061149917409466e-09,2.061149917409466e-09,2.061149917409466e-09,2.061149917409466e-09,2.061149917409466e-09
2,2020-02-13,2,7.19003266400123e-23,2.518560466194012e-07,0.9999997481436684,-0.015225669342279435,2.061153470123145e-09,0.9999999403953552,2.061153470123145e-09,2.061153470123145e-09,2.061153470123145e-09,2.061153470123145e-09,2.061153470123145e-09,2.061153470123145e-09,2.061153470123145e-09,2.061153470123145e-09,2.061153470123145e-09,1.9841023046751616e-08,2.061153470123145e-09,2.061153470123145e-09
2,2020-02-14,2,2.544072083346247e-18,9.368098604114068e-06,0.9999906319010257,-0.00029999996443868913,2.061153470123145e-09,2.061153470123145e-09,2.061153470123145e-09,2.061153470123145e-09,2.061153470123145e-09,2.061153470123145e-09,2.061153470123145e-09,2.061153470123145e-09,1.0,2.061153470123145e-09,2.061153470123145e-09,2.061153470123145e-09,2.061153470123145e-09,2.061153470123145e-09
2,2020-02-17,2,7.748236590956286e-20,1.9289045407350847e-06,0.9999980710954746,-0.010037076237797737,2.041045776834949e-09,0.9902443885803223,2.041045776834949e-09,2.041045776834949e-09,2.041045776834949e-09,2.041045776834949e-09,2.041045776834949e-09,2.041045776834949e-09,2.041045776834949e-09,2.041045776834949e-09,2.041045776834949e-09,0.009755561128258705,2.041045776834949e-09,2.041045776834949e-09
2,2020-02-18,2,1.3662871349912261e-25,5.4462810219063307e-11,0.9999999999454303,0.0019188080474734307,2.061153470123145e-09,2.061153470123145e-09,2.061153470123145e-09,2.061153470123145e-09,2.061153470123145e-09,2.061153470123145e-09,2.061153470123145e-09,2.061153470123145e-09,1.0,2.061153470123145e-09,2.061153470123145e-09,2.061153470123145e-09,2.061153470123145e-09,2.061153470123145e-09
2,2020-02-19,2,5.026256846512609e-29,1.2954649862345627e-09,0.9999999987048795,0.011020612803833223,2.061153026033935e-09,3.051405883525149e-07,2.061153026033935e-09,2.061153026033935e-09,2.061153026033935e-09,2.061153026033935e-09,2.061153026033935e-09,2.061153026033935e-09,0.9999996423721313,2.061153026033935e-09,2.061153026033935e-09,2.061153026033935e-09,2.061153026033935e-09,2.061153026033935e-09
2,2020-02-20,2,1.6325000235378581e-34,6.215415237007534e-13,0.9999999999990905,0.0030641289368138077,2.061153470123145e-09,2.061153470123145e-09,2.061153470123145e-09,2.061153470123145e-09,2.061153470123145e-09,2.061153470123145e-09,2.061153470123145e-09,2.061153470123145e-09,1.0,2.061153470123145e-09,2.061153470123145e-09,2.061153470123145e-09,2.061153470123145e-09,2.061153470123145e-09
2,2020-02-21,2,1.0260141244066772e-270,2.3911001209941023e-73,1.0,0.013889112460780072,2.06115324807854e-09,2.06115324807854e-09,2.06115324807854e-09,2.06115324807854e-09,2.06115324807854e-09,2.06115324807854e-09,2.06115324807854e-09,2.06115324807854e-09,0.9999998211860657,2.06115324807854e-09,2.06115324807854e-09,1.4996061281635775e-07,2.06115324807854e-09,2.06115324807854e-09
2,2020-02-24,2,8.716032254262765e-196,7.684646635681445e-74,1.0,0.019633501719105172,2.061153470123145e-09,2.061153470123145e-09,2.061153470123145e-09,2.061153470123145e-09,2.061153470123145e-09,2.061153470123145e-09,2.061153470123145e-09,2.061153470123145e-09,1.0,2.061153470123145e-09,2.061153470123145e-09,2.061153470123145e-09,2.061153470123145e-09,2.061153470123145e-09
2,2020-02-25,2,4.170769505549709e-86,2.045673107920863e-34,1.0,-0.016191216195226017,2.061153470123145e-09,2.061153470123145e-09,2.061153470123145e-09,2.061153470123145e-09,2.061153470123145e-09,2.061153470123145e-09,2.061153470123145e-09,2.061153470123145e-09,0.9999999403953552,2.061153470123145e-09,2.061153470123145e-09,6.036797284281192e-09,2.061153470123145e-09,2.061153470123145e-09
2,2020-02-26,2,4.788220837992353e-135,1.5887368149029406e-65,1.0,-0.00745674739331007,0.4999999701976776,1.0305767350615724e-09,1.0305767350615724e-09,1.0305767350615724e-09,1.5886985949009613e-08,1.0305767350615724e-09,1.0305767350615724e-09,1.0305767350615724e-09,1.0305767350615724e-09,1.0305767350615724e-09,5.880009812386788e-09,0.4999999701976776,1.0305767350615724e-09,1.0305767350615724e-09
2,2020-02-27,2,1.1335837122317435e-146,3.0812208386763573e-79,1.0,0.003966204778105021,2.061153470123145e-09,2.061153470123145e-09,2.061153470123145e-09,2.061153470123145e-09,2.061153470123145e-09,2.061153470123145e-09,2.061153470123145e-09,2.061153470123145e-09,1.0,2.061153470123145e-09,2.061153470123145e-09,2.061153470123145e-09,2.061153470123145e-09,2.061153470123145e-09
2,2020-02-28,2,3.790416966257545e-296,2.9144142197353636e-190,1.0,-0.011130200698971748,2.061153470123145e-09,2.061153470123145e-09,2.061153470123145e-09,2.061153470123145e-09,2.061153470123145e-09,2.061153470123145e-09,2.061153470123145e-09,2.061153470123145e-09,1.0,2.061153470123145e-09,2.061153470123145e-09,2.061153470123145e-09,2.061153470123145e-09,2.061153470123145e-09
2,2020-03-02,2,6.741749953478227e-223,1.8912778123663973e-148,1.0,-0.018245503306388855,2.061153470123145e-09,2.061153470123145e-09,2.061153470123145e-09,2.061153470123145e-09,2.061153470123145e-09,2.061153470123145e-09,2.061153470123145e-09,2.061153470123145e-09,1.0,2.061153470123145e-09,2.061153470123145e-09,2.061153470123145e-09,2.061153470123145e-09,2.061153470123145e-09
2,2020-03-03,2,5.416806649933598e-166,2.6057165261077545e-100,1.0,-0.0035134220961481333,2.061153470123145e-09,2.061153470123145e-09,2.061153470123145e-09,2.061153470123145e-09,2.061153470123145e-09,2.061153470123145e-09,2.061153470123145e-09,2.061153470123145e-09,1.0,2.061153470123145e-09,2.061153470123145e-09,2.061153470123145e-09,2.061153470123145e-09,2.061153470123145e-09
2,2020-03-04,2,1.1584395655975612e-128,1.1447504077071115e-68,1.0,0.026911312714219093,2.061153470123145e-09,2.061153470123145e-09,2.061153470123145e-09,2.061153470123145e-09,2.061153470123145e-09,2.061153470123145e-09,2.061153470123145e-09,2.061153470123145e-09,1.0,2.061153470123145e-09,2.061153470123145e-09,2.061153470123145e-09,2.061153470123145e-09,2.061153470123145e-09
2,2020-03-05,2,2.4612550093582592e-95,4.116518169339197e-39,1.0,0.031276923716068265,2.4848070552252466e-06,2.0609713935471063e-09,2.0609713935471063e-09,2.0609713935471063e-09,2.0609713935471063e-09,2.0609713935471063e-09,2.0609713935471063e-09,2.0609713935471063e-09,8.587355114286765e-05,2.0609713935471063e-09,2.0609713935471063e-09,0.9999116063117981,2.0609713935471063e-09,2.0609713935471063e-09
2,2020-03-06,2,1.6147825645445092e-177,8.988308264716876e-95,1.0,0.02091424457728863,2.061153470123145e-09,2.061153470123145e-09,2.061153470123145e-09,2.061153470123145e-09,2.061153470123145e-09,2.061153470123145e-09,2.061153470123145e-09,2.061153470123145e-09,1.0,2.061153470123145e-09,2.061153470123145e-09,2.061153470123145e-09,2.061153470123145e-09,2.061153470123145e-09
2,2020-03-09,2,0.0,2.4033532426862342e-237,1.0,-0.002522046444937587,2.061153470123145e-09,2.061153470123145e-09,2.061153470123145e-09,2.061153470123145e-09,2.061153470123145e-09,2.061153470123145e-09,2.061153470123145e-09,2.061153470123145e-09,1.0,2.061153470123145e-09,2.061153470123145e-09,2.061153470123145e-09,2.061153470123145e-09,2.061153470123145e-09
2,2020-03-10,2,1.2634101509748797e-262,7.081152388920114e-183,1.0,-0.006333164870738983,2.061153470123145e-09,2.061153470123145e-09,2.061153470123145e-09,2.061153470123145e-09,2.061153470123145e-09,2.061153470123145e-09,2.061153470123145e-09,2.061153470123145e-09,1.0,2.061153470123145e-09,2.061153470123145e-09,2.061153470123145e-09,2.061153470123145e-09,2.061153470123145e-09
2,2020-03-11,2,0.0,1.6733786353795341e-242,1.0,0.0004234827065374702,2.061153470123145e-09,2.061153470123145e-09,2.061153470123145e-09,2.061153470123145e-09,2.061153470123145e-09,2.061153470123145e-09,2.061153470123145e-09,2.061153470123145e-09,1.0,2.061153470123145e-09,2.061153470123145e-09,2.061153470123145e-09,2.061153470123145e-09,2.061153470123145e-09
2,2020-03-12,2,0.0,0.0,1.0,-0.01751064322888851,2.061153470123145e-09,2.061153470123145e-09,2.061153470123145e-09,2.061153470123145e-09,2.061153470123145e-09,2.061153470123145e-09,2.061153470123145e-09,2.061153470123145e-09,1.0,2.061153470123145e-09,2.061153470123145e-09,2.061153470123145e-09,2.061153470123145e-09,2.061153470123145e-09
2,2020-03-13,2,0.0,0.0,1.0,-0.027518652408087714,2.061153470123145e-09,2.061153470123145e-09,2.061153470123145e-09,2.061153470123145e-09,2.061153470123145e-09,2.061153470123145e-09,2.061153470123145e-09,2.061153470123145e-09,0.9999998807907104,2.061153470123145e-09,2.061153470123145e-09,2.061153470123145e-09,7.33513942918762e-08,2.061153470123145e-09
2,2020-03-16,2,0.0,0.0,1.0,-0.02920894700166033,2.061153470123145e-09,2.061153470123145e-09,2.061153470123145e-09,2.061153470123145e-09,2.061153470123145e-09,2.061153470123145e-09,2.061153470123145e-09,2.061153470123145e-09,1.0,2.061153470123145e-09,2.061153470123145e-09,2.061153470123145e-09,2.061153470123145e-09,2.061153470123145e-09
2,2020-03-17,2,0.0,0.0,1.0,-0.036685834433768105,2.0610591011660517e-09,2.0610591011660517e-09,2.0610591011660517e-09,2.0610591011660517e-09,6.017363602950354e-07,2.0610591011660517e-09,2.0610591011660517e-09,2.0610591011660517e-09,0.999954104423523,2.0610591011660517e-09,2.0610591011660517e-09,4.511290171649307e-05,5.15984197591024e-08,1.1197654714578675e-07
2,2020-03-18,2,0.0,0.0,1.0,0.014557630039481592,2.061153470123145e-09,2.061153470123145e-09,2.061153470123145e-09,2.061153470123145e-09,2.061153470123145e-09,2.061153470123145e-09,2.061153470123145e-09,2.061153470123145e-09,0.9999999403953552,2.061153470123145e-09,2.061153470123145e-09,2.061153470123145e-09,1.4399199166348353e-08,2.061153470123145e-09
2,2020-03-19,2,0.0,0.0,1.0,-0.01787439921061614,2.061153470123145e-09,2.061153470123145e-09,2.061153470123145e-09,2.061153470123145e-09,2.061153470123145e-09,2.061153470123145e-09,2.061153470123145e-09,2.061153470123145e-09,1.0,2.061153470123145e-09,2.061153470123145e-09,2.061153470123145e-09,3.7750771397782046e-09,2.061153470123145e-09
2,2020-03-20,2,0.0,0.0,1.0,0.011326202191155361,2.061153470123145e-09,2.061153470123145e-09,2.061153470123145e-09,2.061153470123145e-09,2.061153470123145e-09,2.061153470123145e-09,2.061153470123145e-09,2.061153470123145e-09,1.0,2.061153470123145e-09,2.061153470123145e-09,2.061153470123145e-09,2.061153470123145e-09,2.061153470123145e-09
2,2020-03-23,2,0.0,0.0,1.0,-0.0042322734370827675,2.061153470123145e-09,2.061153470123145e-09,2.061153470123145e-09,2.061153470123145e-09,2.061153470123145e-09,2.061153470123145e-09,2.061153470123145e-09,2.061153470123145e-09,1.0,2.061153470123145e-09,2.061153470123145e-09,2.061153470123145e-09,2.061153470123145e-09,2.061153470123145e-09
2,2020-03-24,2,0.0,0.0,1.0,0.06034732609987259,2.061153470123145e-09,2.061153470123145e-09,2.061153470123145e-09,2.061153470123145e-09,2.061153470123145e-09,2.061153470123145e-09,2.061153470123145e-09,2.061153470123145e-09,1.0,2.061153470123145e-09,2.061153470123145e-09,2.061153470123145e-09,2.061153470123145e-09,2.061153470123145e-09
2,2020-03-25,2,0.0,0.0,1.0,0.04000534489750862,2.061153470123145e-09,2.061153470123145e-09,2.061153470123145e-09,2.061153470123145e-09,2.061153470123145e-09,2.061153470123145e-09,2.061153470123145e-09,2.061153470123145e-09,1.0,2.061153470123145e-09,2.061153470123145e-09,2.061153470123145e-09,2.061153470123145e-09,2.061153470123145e-09
2,2020-03-26,2,0.0,0.0,1.0,-0.022850750014185905,2.061153470123145e-09,2.061153470123145e-09,2.061153470123145e-09,2.061153470123145e-09,2.061153470123145e-09,2.061153470123145e-09,2.061153470123145e-09,2.061153470123145e-09,1.0,2.061153470123145e-09,2.061153470123145e-09,2.061153470123145e-09,2.061153470123145e-09,2.061153470123145e-09
2,2020-03-27,2,0.0,0.0,1.0,0.018150880932807922,2.061153470123145e-09,2.061153470123145e-09,2.061153470123145e-09,2.061153470123145e-09,2.061153470123145e-09,2.061153470123145e-09,2.061153470123145e-09,2.061153470123145e-09,1.0,2.061153470123145e-09,2.061153470123145e-09,2.061153470123145e-09,2.061153470123145e-09,2.061153470123145e-09
2,2020-03-30,2,0.0,0.0,1.0,-0.006444642785936594,2.061153470123145e-09,2.061153470123145e-09,2.061153470123145e-09,2.061153470123145e-09,2.061153470123145e-09,2.061153470123145e-09,2.061153470123145e-09,2.061153470123145e-09,1.0,2.061153470123145e-09,2.061153470123145e-09,2.061153470123145e-09,2.061153470123145e-09,2.061153470123145e-09
2,2020-03-31,2,0.0,0.0,1.0,-0.004752663905146979,2.061153470123145e-09,2.061153470123145e-09,2.061153470123145e-09,2.061153470123145e-09,2.061153470123145e-09,2.061153470123145e-09,2.061153470123145e-09,2.061153470123145e-09,0.9999999403953552,2.061153470123145e-09,2.061153470123145e-09,2.061153470123145e-09,6.851138323327177e-09,2.061153470123145e-09
2,2020-04-01,2,0.0,0.0,1.0,-0.02056517649444418,2.06115280398933e-09,2.06115280398933e-09,2.06115280398933e-09,2.06115280398933e-09,2.06115280398933e-09,2.06115280398933e-09,2.06115280398933e-09,2.06115280398933e-09,0.9999995827674866,2.06115280398933e-09,2.06115280398933e-09,2.06115280398933e-09,3.9444537947019853e-07,2.06115280398933e-09
2,2020-04-02,2,0.0,0.0,1.0,-0.0004422052261134752,2.061153026033935e-09,2.061153026033935e-09,2.061153026033935e-09,2.061153026033935e-09,2.921831665503305e-08,2.061153026033935e-09,2.061153026033935e-09,2.061153026033935e-09,0.9999997019767761,2.061153026033935e-09,2.061153026033935e-09,2.061153026033935e-09,2.072807063768778e-07,3.2176782127635306e-08
2,2020-04-03,2,0.0,0.0,1.0,0.01710193600887897,2.06115324807854e-09,2.06115324807854e-09,2.06115324807854e-09,2.06115324807854e-09,2.06115324807854e-09,2.06115324807854e-09,2.06115324807854e-09,2.06115324807854e-09,0.9999998211860657,2.06115324807854e-09,2.06115324807854e-09,2.06115324807854e-09,1.6089721555090364e-07,2.06115324807854e-09
2,2020-04-06,2,0.0,6.636794755516431e-239,1.0,0.0394546620965004,3.605099552217439e-09,3.605099552217439e-09,3.605099552217439e-09,3.605099552217439e-09,3.605099552217439e-09,3.605099552217439e-09,3.605099552217439e-09,3.605099552217439e-09,0.024833308532834053,3.605099552217439e-09,3.605099552217439e-09,0.9751666188240051,3.605099552217439e-09,3.605099552217439e-09
2,2020-04-07,2,4.577233822323548e-288,2.1764918236582284e-205,1.0,0.03929162102341652,2.061153470123145e-09,2.061153470123145e-09,2.061153470123145e-09,2.061153470123145e-09,2.061153470123145e-09,2.061153470123145e-09,2.061153470123145e-09,2.061153470123145e-09,1.0,2.061153470123145e-09,2.061153470123145e-09,2.061153470123145e-09,2.061153470123145e-09,2.061153470123145e-09
2,2020-04-08,2,0.0,9.770917042614713e-295,1.0,-0.01959623582661152,2.061153470123145e-09,2.061153470123145e-09,2.061153470123145e-09,2.061153470123145e-09,2.061153470123145e-09,2.061153470123145e-09,2.061153470123145e-09,2.061153470123145e-09,1.0,2.061153470123145e-09,2.061153470123145e-09,2.061153470123145e-09,2.061153470123145e-09,2.061153470123145e-09
2,2020-04-09,2,4.786645525413677e-271,2.846666748165065e-191,1.0,0.0021031178154178177,2.061147474918812e-09,2.061147474918812e-09,2.061147474918812e-09,2.061147474918812e-09,2.061147474918812e-09,2.061147474918812e-09,2.061147474918812e-09,2.061147474918812e-09,0.999997079372406,2.061147474918812e-09,2.061147474918812e-09,2.922604380728444e-06,2.061147474918812e-09,2.061147474918812e-09
2,2020-04-10,2,6.3137618959875095e-289,2.8489691985320468e-204,1.0,0.04919016646148043,2.061153470123145e-09,2.061153470123145e-09,2.061153470123145e-09,2.061153470123145e-09,2.061153470123145e-09,2.061153470123145e-09,2.061153470123145e-09,2.061153470123145e-09,1.0,2.061153470123145e-09,2.061153470123145e-09,2.061153470123145e-09,2.061153470123145e-09,2.061153470123145e-09
2,2020-04-13,2,0.0,5.140431590771768e-287,1.0,-0.02101934887468815,2.061153470123145e-09,2.061153470123145e-09,2.061153470123145e-09,2.061153470123145e-09,2.061153470123145e-09,2.061153470123145e-09,2.061153470123145e-09,2.061153470123145e-09,1.0,2.061153470123145e-09,2.061153470123145e-09,2.061153470123145e-09,2.061153470123145e-09,2.061153470123145e-09
2,2020-04-14,2,1.2592821490241985e-282,3.0950055192334207e-201,1.0,0.01701133883517042,2.061153470123145e-09,2.061153470123145e-09,2.061153470123145e-09,2.061153470123145e-09,2.061153470123145e-09,2.061153470123145e-09,2.061153470123145e-09,2.061153470123145e-09,0.9999999403953552,2.061153470123145e-09,2.061153470123145e-09,7.289466363857855e-09,2.061153470123145e-09,2.061153470123145e-09
2,2020-04-16,2,1.5232719339343855e-263,1.5066272436897523e-183,1.0,-0.006850707820097058,2.061153470123145e-09,2.061153470123145e-09,2.061153470123145e-09,2.061153470123145e-09,2.061153470123145e-09,2.061153470123145e-09,2.061153470123145e-09,2.061153470123145e-09,1.0,2.061153470123145e-09,2.061153470123145e-09,2.061153470123145e-09,2.061153470123145e-09,2.061153470123145e-09
2,2020-04-17,2,9.390501756619959e-197,1.0890868896526631e-126,1.0,6.462302487343551e-05,0.3313990533351898,6.830643828337202e-10,2.4524029473838027e-09,6.830643828337202e-10,0.00491741020232439,6.830643828337202e-10,6.830643828337202e-10,6.830643828337202e-10,0.3313990533351898,2.4680653964992416e-08,2.2638719201495405e-06,0.3313990533351898,2.5340202682855306e-06,0.0008805704419501126
2,2020-04-20,2,9.899981894577293e-246,1.400234802198023e-164,1.0,-0.0028368395522236824,0.4999999403953552,1.0305767350615724e-09,1.0305767350615724e-09,1.0305767350615724e-09,5.1177668325408376e-08,1.0305767350615724e-09,1.0305767350615724e-09,1.0305767350615724e-09,1.0305767350615724e-09,1.0305767350615724e-09,6.46490860845006e-08,0.4999999403953552,1.0305767350615724e-09,1.0305767350615724e-09
2,2020-04-21,2,5.0911789e-316,1.8464634851632216e-223,1.0,0.01052445029169321,2.061153470123145e-09,2.061153470123145e-09,2.061153470123145e-09,2.061153470123145e-09,2.061153470123145e-09,2.061153470123145e-09,2.061153470123145e-09,2.061153470123145e-09,1.0,2.061153470123145e-09,2.061153470123145e-09,2.061153470123145e-09,2.061153470123145e-09,2.061153470123145e-09
2,2020-04-22,2,7.239779687302567e-303,1.0738625928846505e-216,1.0,-0.003318151238531129,2.061153470123145e-09,2.061153470123145e-09,2.061153470123145e-09,2.061153470123145e-09,2.061153470123145e-09,2.061153470123145e-09,2.061153470123145e-09,2.061153470123145e-09,0.9999999403953552,2.061153470123145e-09,2.061153470123145e-09,2.061153470123145e-09,2.4215912830527486e-08,2.061153470123145e-09
2,2020-04-23,2,3.3030958506978735e-254,5.867540798622641e-176,1.0,0.022950602054595946,1.9383988103527372e-07,5.012604997745029e-09,0.09090907126665115,0.09090907126665115,0.09090907126665115,0.09090907126665115,0.09090907126665115,0.09090907126665115,0.09090907126665115,0.09090907126665115,0.09090907126665115,1.873775579142034e-10,0.09090907126665115,0.09090907126665115
2,2020-04-24,2,0.0,5.013591787522426e-242,1.0,0.002975368446484208,2.061153470123145e-09,2.061153470123145e-09,2.061153470123145e-09,2.061153470123145e-09,2.061153470123145e-09,2.061153470123145e-09,2.061153470123145e-09,2.061153470123145e-09,1.0,2.061153470123145e-09,2.061153470123145e-09,2.061153470123145e-09,2.8985154276739422e-09,2.061153470123145e-09
2,2020-04-27,2,3.827472181065513e-267,2.5837503511495044e-187,1.0,0.009352246865630149,0.33329910039901733,6.869806390419342e-10,6.869806390419342e-10,6.869806390419342e-10,9.25634303712286e-05,6.869806390419342e-10,6.869806390419342e-10,6.869806390419342e-10,0.33329910039901733,1.271983740558369e-09,3.775087265012189e-08,0.33329910039901733,1.9423758601533336e-07,9.910939297697041e-06
2,2020-04-28,2,3.3216556232461777e-219,6.805704447539673e-146,1.0,-0.003983690880984068,1.0047208620633796e-09,0.4874555766582489,7.950510189402848e-05,0.00022445112699642777,4.1718686816238915e-07,0.0031533935107290745,0.0007239840342663229,0.01764475740492344,0.4874555766582489,0.0012173698050901294,1.5223682225951052e-07,1.0047208620633796e-09,0.0019432478584349155,0.00010157870565308258
2,2020-04-29,2,9.687326136518468e-184,2.0085268400721022e-115,1.0,0.006444161659479141,2.061153470123145e-09,2.061153470123145e-09,2.061153470123145e-09,2.061153470123145e-09,2.061153470123145e-09,2.061153470123145e-09,2.061153470123145e-09,2.061153470123145e-09,1.0,2.061153470123145e-09,2.061153470123145e-09,2.061153470123145e-09,2.061153470123145e-09,2.061153470123145e-09
2,2020-05-04,2,0.0,4.5731839385609715e-228,1.0,-0.008755702370405197,0.0002138938580173999,1.0303555786350671e-09,1.0303555786350671e-09,1.0303555786350671e-09,7.106357884367753e-07,1.0303555786350671e-09,1.0303555786350671e-09,1.0303555786350671e-09,0.4998926818370819,1.0303555786350671e-09,1.0303555786350671e-09,0.4998926818370819,3.792500535837462e-09,1.525689441450595e-08
2,2020-05-06,2,2.2313599202455983e-201,1.4834365736897854e-130,1.0,-0.0013853672545403241,2.0606301109893366e-09,2.0606301109893366e-09,2.0606301109893366e-09,2.0606301109893366e-09,5.623762788786735e-09,2.0606301109893366e-09,2.0606301109893366e-09,2.0606301109893366e-09,0.9997459650039673,2.0606301109893366e-09,2.0606301109893366e-09,0.00025399340665899217,2.0606301109893366e-09,2.0606301109893366e-09
2,2020-05-07,2,2.575800550489045e-201,1.5970777783557836e-129,1.0,-0.012081058531953022,2.061153470123145e-09,2.061153470123145e-09,2.061153470123145e-09,2.061153470123145e-09,2.061153470123145e-09,2.061153470123145e-09,2.061153470123145e-09,2.061153470123145e-09,1.0,2.061153470123145e-09,2.061153470123145e-09,2.061153470123145e-09,2.061153470123145e-09,2.061153470123145e-09
2,2020-05-08,2,2.949525621952488e-156,4.1495376306204394e-92,1.0,0.024998180770874023,0.006596905179321766,1.0237781733479778e-09,1.0237781733479778e-09,1.0237781733479778e-09,1.0285764240336448e-08,1.0237781733479778e-09,1.0237781733479778e-09,1.0237781733479778e-09,0.49670153856277466,1.0237781733479778e-09,1.0237781733479778e-09,0.49670153856277466,1.0237781733479778e-09,1.0237781733479778e-09
2,2020-05-11,2,1.1338480623136446e-173,6.467701880135424e-105,1.0,-0.014171809686720372,2.061153470123145e-09,2.061153470123145e-09,2.061153470123145e-09,2.061153470123145e-09,2.061153470123145e-09,2.061153470123145e-09,2.061153470123145e-09,2.061153470123145e-09,1.0,2.061153470123145e-09,2.061153470123145e-09,2.061153470123145e-09,2.061153470123145e-09,2.061153470123145e-09
2,2020-05-12,2,3.218057361600584e-144,6.0699640798503e-82,1.0,0.002499648093059659,0.4999997019767761,1.1125972365633174e-09,1.0305761799500601e-09,1.519962933294039e-09,1.4059511954656045e-07,1.0305761799500601e-09,1.0305761799500601e-09,1.0305761799500601e-09,1.0305761799500601e-09,1.0305761799500601e-09,4.633486412330967e-07,0.4999997019767761,1.0305761799500601e-09,1.0305761799500601e-09
2,2020-05-13,2,5.37369320196174e-117,3.4616341533891506e-59,1.0,0.00525092160289787,0.49996110796928406,1.030496687981497e-09,1.030496687981497e-09,1.030496687981497e-09,7.461589848389849e-05,1.030496687981497e-09,1.030496687981497e-09,1.030496687981497e-09,1.066465983967646e-06,1.030496687981497e-09,2.0452707758522592e-06,0.49996110796928406,2.2135355770558363e-09,4.2437633851477585e-08
2,2020-05-14,2,5.944200643474484e-141,1.742654904047681e-76,1.0,0.0024640792403370143,1.4837504522802192e-06,2.061150583543281e-09,2.061150583543281e-09,2.061150583543281e-09,2.061150583543281e-09,2.061150583543281e-09,2.061150583543281e-09,2.061150583543281e-09,2.061150583543281e-09,2.061150583543281e-09,2.061150583543281e-09,0.9999985098838806,2.061150583543281e-09,2.061150583543281e-09
2,2020-05-15,2,1.8157311805931528e-138,5.1151558837494804e-76,1.0,0.014824065801501274,2.0610708695301128e-09,3.98079828300979e-05,2.0610708695301128e-09,2.0610708695301128e-09,2.0610708695301128e-09,2.0610708695301128e-09,2.0610708695301128e-09,2.0610708695301128e-09,0.9999598860740662,3.6936600444903434e-09,2.0610708695301128e-09,2.0610708695301128e-09,2.808424142131116e-07,2.0610708695301128e-09
2,2020-05-18,2,3.974913684552621e-139,1.1164055351295697e-76,1.0,-0.011471797659993172,1.5938847354846075e-05,2.056618653156761e-09,2.056618653156761e-09,2.056618653156761e-09,2.056618653156761e-09,2.056618653156761e-09,2.056618653156761e-09,2.056618653156761e-09,0.0021842336282134056,2.056618653156761e-09,2.056618653156761e-09,0.997799813747406,2.056618653156761e-09,2.056618653156761e-09
2,2020-05-19,2,2.3697683771970044e-108,5.869632750030966e-52,1.0,0.002895228884369135,0.4999999403953552,1.0305767350615724e-09,1.0305767350615724e-09,1.0305767350615724e-09,5.136031333563551e-08,1.0305767350615724e-09,1.0305767350615724e-09,1.0305767350615724e-09,1.0305767350615724e-09,1.0305767350615724e-09,6.378582639854358e-08,0.4999999403953552,1.0305767350615724e-09,1.0305767350615724e-09
2,2020-05-20,2,4.240950213129256e-111,4.7489448177964453e-54,1.0,0.008227967147529125,2.061153470123145e-09,2.061153470123145e-09,2.061153470123145e-09,2.061153470123145e-09,2.061153470123145e-09,2.061153470123145e-09,2.061153470123145e-09,2.061153470123145e-09,1.0,2.061153470123145e-09,2.061153470123145e-09,2.061153470123145e-09,2.061153470123145e-09,2.061153470123145e-09
2,2020-05-21,2,6.17639785647233e-94,1.548798670202509e-40,1.0,0.0027497336599975825,0.32770246267318726,6.754450887491714e-10,2.0821916635327398e-08,1.6285517379088787e-09,0.0162160973995924,9.349675478276254e-10,2.6226290028574795e-09,6.754450887491714e-10,0.32770246267318726,4.144276744000308e-08,3.284960985183716e-05,0.32770246267318726,1.4938059393898584e-06,0.0006421448779292405
2,2020-05-22,2,1.2280872927415553e-185,1.77135148363138e-99,1.0,-0.003459042603522539,2.061153470123145e-09,2.061153470123145e-09,2.061153470123145e-09,2.061153470123145e-09,2.061153470123145e-09,2.061153470123145e-09,2.061153470123145e-09,2.061153470123145e-09,1.0,2.061153470123145e-09,2.061153470123145e-09,2.061153470123145e-09,2.061153470123145e-09,2.061153470123145e-09
2,2020-05-25,2,4.349249180251433e-111,6.249136857141001e-54,1.0,0.012823378157615662,0.49999991059303284,1.03057662403927e-09,1.03057662403927e-09,1.03057662403927e-09,1.1890632833910786e-07,1.03057662403927e-09,1.03057662403927e-09,1.03057662403927e-09,1.03057662403927e-09,1.03057662403927e-09,7.079578523416785e-08,0.49999991059303284,1.03057662403927e-09,1.03057662403927e-09
2,2020-05-26,2,4.6807652628744475e-96,3.793534167501256e-42,1.0,0.01356661456823349,1.0303223829666308e-09,0.49987658858299255,1.8020421066466952e-07,2.918431221132778e-07,7.424596049077081e-08,2.4206913167290622e-06,1.3971133512313827e-06,8.497177077515516e-06,0.49987658858299255,1.374629937345162e-05,1.9349208901786596e-09,1.0303223829666308e-09,0.00021420419216156006,6.034223133610794e-06
2,2020-05-27,2,1.6676419101845328e-111,6.533397483437656e-53,1.0,0.014348322193324567,1.844611907664273e-09,0.894941508769989,1.0781557648442686e-05,7.041563367238268e-05,1.1539451172382087e-08,0.00023359274200629443,5.758149563916959e-05,0.0033171481918543577,0.1013088971376419,4.376409196993336e-05,2.2465094673407293e-08,1.844611907664273e-09,1.613932181498967e-05,1.293710027994166e-07
2,2020-05-28,2,1.2010236060444268e-120,3.371698947484637e-60,1.0,-0.015710555472970008,0.49999937415122986,1.4313789620246098e-07,3.2526605853178125e-09,6.632852489474317e-09,2.2923160258869757e-07,1.0305755138162453e-09,1.0305755138162453e-09,1.0305755138162453e-09,1.0305755138162453e-09,1.0305755138162453e-09,8.328159424308978e-07,0.49999937415122986,1.0305755138162453e-09,1.0305755138162453e-09
2,2020-05-29,2,4.880959514319484e-123,5.797085442611592e-63,1.0,0.004780920518189668,2.060141224280443e-10,0.0999508798122406,0.0999508798122406,0.0999508798122406,0.0003377892426215112,0.0999508798122406,0.0999508798122406,0.0999508798122406,0.0999508798122406,0.0999508798122406,0.00015340627578552812,2.060141224280443e-10,0.0999508798122406,0.0999508798122406
2,2020-06-01,2,3.897062938073495e-110,1.1456095886620646e-53,1.0,0.027095371723175048,0.12864112854003906,0.43567943572998047,8.980022281335209e-10,2.2241968267167067e-09,8.980022281335209e-10,8.980022281335209e-10,8.980022281335209e-10,8.980022281335209e-10,8.980022281335209e-10,8.980022281335209e-10,1.4145205007309869e-09,0.43567943572998047,8.980022281335209e-10,8.980022281335209e-10
2,2020-06-02,2,8.81662869210361e-114,5.835057453506459e-56,1.0,-0.005434733633697033,2.0354007368439397e-09,2.0354007368439397e-09,2.0354007368439397e-09,2.0354007368439397e-09,2.0354007368439397e-09,2.0354007368439397e-09,2.0354007368439397e-09,2.0354007368439397e-09,0.9875055551528931,2.0354007368439397e-09,2.0354007368439397e-09,0.012494399212300777,2.0354007368439397e-09,2.0354007368439397e-09
2,2020-06-03,2,3.1535985876235886e-126,6.73043743533307e-65,1.0,-0.011080757467634976,2.061153470123145e-09,2.061153470123145e-09,2.061153470123145e-09,2.061153470123145e-09,2.061153470123145e-09,2.061153470123145e-09,2.061153470123145e-09,2.061153470123145e-09,1.0,2.061153470123145e-09,2.061153470123145e-09,2.061153470123145e-09,2.061153470123145e-09,2.061153470123145e-09
2,2020-06-04,2,1.937746989863168e-121,2.580319324624041e-62,1.0,-0.014131684295641026,2.0595252170352296e-09,3.261947767896345e-06,3.7634226401905835e-08,3.266973891413727e-08,1.5094769878487568e-07,2.0248660348443082e-07,2.687908420284657e-07,7.482454975615838e-07,0.999210000038147,7.300375273189275e-06,2.276306254600513e-09,2.0595252170352296e-09,0.0007643476128578186,1.3638603377330583e-05
2,2020-06-05,2,9.392652401607625e-118,1.6084686381054831e-59,1.0,0.005840411435585702,2.061153470123145e-09,2.061153470123145e-09,2.061153470123145e-09,2.061153470123145e-09,2.061153470123145e-09,2.061153470123145e-09,2.061153470123145e-09,2.061153470123145e-09,1.0,2.061153470123145e-09,2.061153470123145e-09,4.771202544162634e-09,2.061153470123145e-09,2.061153470123145e-09
2,2020-06-08,2,3.0025913274462387e-155,6.1457092448263606e-86,1.0,-0.009193449816299654,2.0610924078567905e-09,2.0610924078567905e-09,2.0610924078567905e-09,2.0610924078567905e-09,2.453003489222283e-08,2.0610924078567905e-09,2.0610924078567905e-09,2.0610924078567905e-09,0.9999702572822571,9.676742962483331e-08,2.0610924078567905e-09,2.0610924078567905e-09,2.9083696063025855e-05,5.048001412433223e-07
2,2020-06-09,2,4.677550674059991e-129,3.5899146773998484e-69,1.0,0.0012586320990980312,2.061153470123145e-09,2.061153470123145e-09,2.061153470123145e-09,2.061153470123145e-09,2.061153470123145e-09,2.061153470123145e-09,2.061153470123145e-09,2.061153470123145e-09,1.0,2.061153470123145e-09,2.061153470123145e-09,2.061153470123145e-09,2.061153470123145e-09,2.061153470123145e-09
2,2020-06-10,2,2.3327025990886497e-124,4.336843582956927e-65,1.0,0.01405785744190216,0.49100369215011597,1.012034012148888e-09,0.00017512250633444637,7.31846084818244e-05,0.004839931149035692,1.9948251065216027e-05,3.3035423257388175e-05,4.071033799846191e-06,1.012034012148888e-09,1.394781156704994e-05,0.01271048840135336,0.49100369215011597,2.772427478703321e-06,0.00012010034697595984
2,2020-06-11,2,4.351969324784893e-139,1.305324018218777e-75,1.0,0.007110500234365463,2.061153470123145e-09,2.061153470123145e-09,2.061153470123145e-09,2.061153470123145e-09,2.061153470123145e-09,2.061153470123145e-09,2.061153470123145e-09,2.061153470123145e-09,1.0,2.061153470123145e-09,2.061153470123145e-09,2.061153470123145e-09,2.061153470123145e-09,2.061153470123145e-09
2,2020-06-12,2,1.1187807758867355e-271,2.393468305739675e-172,1.0,-0.0031265391010791063,0.19997355341911316,4.121762375852711e-10,5.665683744382477e-08,3.5615559390578255e-09,0.19997355341911316,8.036973753178245e-09,1.2904884272302297e-08,4.121762375852711e-10,0.19997355341911316,5.923437811361509e-07,6.413833034457639e-05,0.19997355341911316,6.738604861311615e-05,0.19997355341911316
2,2020-06-15,2,0.0,2.4501883947833587e-295,1.0,-0.008477261799573898,2.061153470123145e-09,2.061153470123145e-09,2.061153470123145e-09,2.061153470123145e-09,2.061153470123145e-09,2.061153470123145e-09,2.061153470123145e-09,2.061153470123145e-09,1.0,2.061153470123145e-09,2.061153470123145e-09,2.061153470123145e-09,2.061153470123145e-09,2.061153470123145e-09
2,2020-06-16,2,1.8371444677982334e-279,1.6605239899238674e-198,1.0,0.0028907724076274784,2.061153470123145e-09,2.061153470123145e-09,2.061153470123145e-09,2.061153470123145e-09,2.061153470123145e-09,2.061153470123145e-09,2.061153470123145e-09,2.061153470123145e-09,0.9999999403953552,2.061153470123145e-09,2.061153470123145e-09,2.061153470123145e-09,1.860889042859526e-08,2.061153470123145e-09
2,2020-06-17,2,1.2507667e-317,2.5673359916891568e-228,1.0,0.004115219216546789,2.061153470123145e-09,2.061153470123145e-09,2.061153470123145e-09,2.061153470123145e-09,2.061153470123145e-09,2.061153470123145e-09,2.061153470123145e-09,2.061153470123145e-09,1.0,2.061153470123145e-09,2.061153470123145e-09,2.061153470123145e-09,2.061153470123145e-09,2.061153470123145e-09
2,2020-06-18,2,8.4125e-320,2.9608246058702985e-231,1.0,-0.0004055372549686581,1.7918408978800926e-09,2.96722788561965e-07,4.541700945992488e-06,3.664761607069522e-06,6.034954822098371e-06,6.007659249007702e-05,5.512683492270298e-05,0.00022791195078752935,0.8693388104438782,0.001039429334923625,2.5021103056133143e-07,1.7918408978800926e-09,0.12047189474105835,0.008791929110884666
2,2020-06-22,2,2.2698806621980244e-243,5.773873437420289e-167,1.0,0.017076208344101906,2.061153470123145e-09,2.061153470123145e-09,2.061153470123145e-09,2.061153470123145e-09,2.061153470123145e-09,2.061153470123145e-09,2.061153470123145e-09,2.061153470123145e-09,1.0,2.061153470123145e-09,2.061153470123145e-09,2.061153470123145e-09,3.1289295598924127e-09,2.061153470123145e-09
2,2020-06-23,2,1.0904287645577122e-203,1.6537457630535818e-132,1.0,0.00040390205669963976,2.061153470123145e-09,2.061153470123145e-09,2.061153470123145e-09,2.061153470123145e-09,2.061153470123145e-09,2.061153470123145e-09,2.061153470123145e-09,2.061153470123145e-09,1.0,2.061153470123145e-09,2.061153470123145e-09,2.061153470123145e-09,2.061153470123145e-09,2.061153470123145e-09
2,2020-06-24,2,3.7820458617940175e-180,3.4794263914335333e-112,1.0,0.010069276632368564,0.25677499175071716,5.292526972233702e-10,4.229060124316675e-08,2.8113533723228556e-09,0.14919431507587433,5.14689313391159e-09,8.676334317669898e-09,5.292526972233702e-10,0.25677499175071716,3.5590869629231747e-07,5.149640855961479e-05,0.25677499175071716,3.630548235378228e-05,0.08039247244596481
2,2020-06-25,2,1.5951654689963343e-248,1.0336744510014673e-164,1.0,-0.005829709155857563,2.061153470123145e-09,2.061153470123145e-09,2.061153470123145e-09,2.061153470123145e-09,2.061153470123145e-09,2.061153470123145e-09,2.061153470123145e-09,2.061153470123145e-09,1.0,2.061153470123145e-09,2.061153470123145e-09,2.061153470123145e-09,2.061153470123145e-09,2.061153470123145e-09
2,2020-06-26,2,1.0927439881861688e-183,1.8893865234590885e-115,1.0,0.000677913710474968,0.33318018913269043,6.867355573092482e-10,6.867355573092482e-10,6.867355573092482e-10,0.0003673406026791781,6.867355573092482e-10,6.867355573092482e-10,6.867355573092482e-10,0.33318018913269043,4.74962291718839e-09,1.0605764089177683e-07,0.33318018913269043,8.82808706137439e-07,9.110319660976529e-05
2,2020-06-29,2,2.2612352065091984e-257,3.0183455123115935e-172,1.0,0.009023958437144756,2.061150361498676e-09,2.061150361498676e-09,2.061150361498676e-09,2.061150361498676e-09,2.061150361498676e-09,2.061150361498676e-09,2.061150361498676e-09,2.061150361498676e-09,0.9999984502792358,6.352351089589092e-09,2.061150361498676e-09,2.061150361498676e-09,1.5402227973027038e-06,7.781118860350489e-09
2,2020-06-30,2,4.010329833979852e-192,1.1858143808021572e-122,1.0,0.0003980953929305542,2.0609851603126117e-09,2.0609851603126117e-09,2.0609851603126117e-09,2.0609851603126117e-09,2.7690560955306864e-07,2.0609851603126117e-09,2.0609851603126117e-09,2.0609851603126117e-09,0.9999182224273682,2.0609851603126117e-09,2.0609851603126117e-09,8.14058439573273e-05,2.4404101850450388e-08,3.866463416102306e-08
2,2020-07-01,2,2.4071352012692165e-176,8.45753060232701e-109,1.0,0.014500371727347375,2.06115280398933e-09,0.9999995827674866,2.06115280398933e-09,2.06115280398933e-09,2.06115280398933e-09,2.06115280398933e-09,2.06115280398933e-09,2.06115280398933e-09,3.8349963915607077e-07,2.06115280398933e-09,2.06115280398933e-09,2.06115280398933e-09,2.06115280398933e-09,2.06115280398933e-09
2,2020-07-02,2,5.908942854959786e-138,1.2133554340378368e-76,1.0,-0.015050156444311142,2.061153470123145e-09,2.061153470123145e-09,2.061153470123145e-09,2.061153470123145e-09,2.061153470123145e-09,2.061153470123145e-09,2.061153470123145e-09,2.061153470123145e-09,1.0,2.061153470123145e-09,2.061153470123145e-09,2.061153470123145e-09,2.061153470123145e-09,2.061153470123145e-09
2,2020-07-06,2,6.188133208457073e-99,8.736083281772064e-42,1.0,0.014242035758495331,2.061153470123145e-09,0.9999999403953552,2.061153470123145e-09,8.558501463085122e-09,2.061153470123145e-09,2.061153470123145e-09,2.061153470123145e-09,3.762875877555416e-08,3.414940330515037e-09,2.061153470123145e-09,2.061153470123145e-09,2.061153470123145e-09,2.061153470123145e-09,2.061153470123145e-09
2,2020-07-07,2,9.307860937899622e-117,8.347161635109786e-57,1.0,0.004519300527125597,3.921610641555162e-06,2.0611454765173676e-09,2.0611454765173676e-09,2.0611454765173676e-09,2.0611454765173676e-09,2.0611454765173676e-09,2.0611454765173676e-09,2.0611454765173676e-09,3.565256534443506e-08,2.0611454765173676e-09,2.0611454765173676e-09,0.9999960064888,2.0611454765173676e-09,2.0611454765173676e-09
2,2020-07-08,2,6.8430749262720725e-115,1.1386132574973874e-56,1.0,0.004001545086503029,0.0017115621594712138,1.028812812720048e-09,1.028812812720048e-09,1.028812812720048e-09,8.545661955849937e-08,1.028812812720048e-09,1.028812812720048e-09,1.028812812720048e-09,0.49914416670799255,1.028812812720048e-09,1.028812812720048e-09,0.49914416670799255,1.028812812720048e-09,1.028812812720048e-09
2,2020-07-09,2,9.34324652606827e-92,2.080932999082511e-38,1.0,0.007711393807828426,2.061153470123145e-09,2.061153470123145e-09,2.061153470123145e-09,2.061153470123145e-09,2.061153470123145e-09,2.061153470123145e-09,2.061153470123145e-09,2.061153470123145e-09,1.0,2.061153470123145e-09,2.061153470123145e-09,2.061153470123145e-09,2.061153470123145e-09,2.061153470123145e-09
2,2020-07-10,2,5.121146602321345e-122,6.97584136228947e-59,1.0,0.0012385982202365994,2.06115280398933e-09,3.108184287725635e-08,2.06115280398933e-09,2.06115280398933e-09,2.06115280398933e-09,2.06115280398933e-09,2.06115280398933e-09,2.06115280398933e-09,3.912119552751392e-07,2.06115280398933e-09,2.06115280398933e-09,0.9999995827674866,2.06115280398933e-09,2.06115280398933e-09
2,2020-07-13,2,1.1711410105467222e-94,3.6231858950932036e-41,1.0,0.005224874790012836,2.061153470123145e-09,2.061153470123145e-09,2.061153470123145e-09,2.061153470123145e-09,2.061153470123145e-09,2.061153470123145e-09,2.061153470123145e-09,2.061153470123145e-09,1.0,2.061153470123145e-09,2.061153470123145e-09,2.061153470123145e-09,2.061153470123145e-09,2.061153470123145e-09
2,2020-07-14,2,1.980190749164557e-112,3.1015504661674293e-53,1.0,0.00069439499899745,0.5,1.030576846083875e-09,1.030576846083875e-09,1.030576846083875e-09,1.030576846083875e-09,1.030576846083875e-09,1.030576846083875e-09,1.030576846083875e-09,1.030576846083875e-09,1.030576846083875e-09,1.030576846083875e-09,0.5,1.030576846083875e-09,1.030576846083875e-09
2,2020-07-15,2,2.0845748313604936e-95,7.233710305638502e-42,1.0,0.0024640683110803367,2.061153470123145e-09,2.061153470123145e-09,2.061153470123145e-09,2.061153470123145e-09,2.061153470123145e-09,2.061153470123145e-09,2.061153470123145e-09,2.061153470123145e-09,1.0,2.061153470123145e-09,2.061153470123145e-09,2.061153470123145e-09,2.061153470123145e-09,2.061153470123145e-09
2,2020-07-16,2,3.508365239652603e-96,3.767208386438008e-42,1.0,-0.0069855027869343755,1.439020479665487e-06,1.0305752917716404e-09,1.0305752917716404e-09,1.0305752917716404e-09,3.513098922880431e-09,1.0305752917716404e-09,1.0305752917716404e-09,1.0305752917716404e-09,0.4999992847442627,1.0305752917716404e-09,1.0305752917716404e-09,0.4999992847442627,1.0305752917716404e-09,1.0305752917716404e-09
2,2020-07-17,2,2.262791094933239e-82,3.188277910802853e-31,1.0,0.01914667353630066,0.47347280383110046,9.759001384779253e-10,9.759001384779253e-10,9.759001384779253e-10,1.2361012124983972e-07,9.759001384779253e-10,9.759001384779253e-10,9.759001384779253e-10,0.05305428057909012,9.759001384779253e-10,1.4497724132311873e-09,0.47347280383110046,9.759001384779253e-10,9.759001384779253e-10
2,2020-07-20,2,7.018452067247444e-82,3.99690537226133e-34,1.0,0.004468432097136974,2.061153470123145e-09,2.061153470123145e-09,2.061153470123145e-09,2.061153470123145e-09,2.061153470123145e-09,2.061153470123145e-09,2.061153470123145e-09,2.061153470123145e-09,1.0,2.061153470123145e-09,2.061153470123145e-09,2.061153470123145e-09,2.061153470123145e-09,2.061153470123145e-09
2,2020-07-21,2,2.7926224197514516e-71,1.2722433630972398e-22,1.0,0.015090523275732994,2.992431580306487e-10,0.14518237113952637,0.0020695924758911133,0.0015197513857856393,4.1502633393974975e-05,0.09195102006196976,0.03331874683499336,0.14518237113952637,0.14518237113952637,0.14518237113952637,5.158711246622261e-06,2.992431580306487e-10,0.14518237113952637,0.14518237113952637
2,2020-07-22,2,5.0298379072321164e-58,7.415575731492272e-23,1.0,0.02300915066897869,1.6812883529837563e-07,4.0149934648070484e-05,1.6812883529837563e-07,1.6812883529837563e-07,1.6812883529837563e-07,1.6812883529837563e-07,1.6812883529837563e-07,1.6812883529837563e-07,0.989923357963562,1.6812883529837563e-07,1.6812883529837563e-07,0.0100346514955163,1.6812883529837563e-07,1.6812883529837563e-07
2,2020-07-23,2,6.457810248192235e-63,1.336638466232519e-25,1.0,0.008413264611177147,2.061153470123145e-09,2.061153470123145e-09,2.061153470123145e-09,2.061153470123145e-09,2.061153470123145e-09,2.061153470123145e-09,2.061153470123145e-09,2.061153470123145e-09,1.0,2.061153470123145e-09,2.061153470123145e-09,2.061153470123145e-09,2.061153470123145e-09,2.061153470123145e-09
2,2020-07-24,2,5.407371819290227e-96,4.9403347478722646e-42,1.0,0.006833747960627079,2.061153470123145e-09,2.061153470123145e-09,2.061153470123145e-09,2.061153470123145e-09,2.061153470123145e-09,2.061153470123145e-09,2.061153470123145e-09,2.061153470123145e-09,1.0,2.061153470123145e-09,2.061153470123145e-09,2.061153470123145e-09,2.061153470123145e-09,2.061153470123145e-09
2,2020-07-27,2,7.704910348049537e-95,6.420793672629469e-40,1.0,0.021707820108536908,2.0611303774842327e-09,2.718282843261477e-08,2.0611303774842327e-09,2.0611303774842327e-09,7.213445840648092e-09,2.0611303774842327e-09,2.0611303774842327e-09,2.732528647797494e-09,0.9999886751174927,6.115328687883448e-08,2.0611303774842327e-09,2.0611303774842327e-09,1.1117719623143785e-05,8.148636965188416e-08
2,2020-07-28,2,4.3453201183942697e-91,5.131406531398891e-38,1.0,0.0025882756994049486,2.061153470123145e-09,1.7520882522603642e-08,2.061153470123145e-09,2.061153470123145e-09,2.061153470123145e-09,2.061153470123145e-09,2.061153470123145e-09,2.061153470123145e-09,0.9999999403953552,2.061153470123145e-09,2.061153470123145e-09,2.061153470123145e-09,2.061153470123145e-09,2.061153470123145e-09
2,2020-07-29,2,5.5583002223504825e-98,1.357222208614547e-42,1.0,0.005156546819871325,2.061153470123145e-09,2.061153470123145e-09,2.061153470123145e-09,2.061153470123145e-09,2.061153470123145e-09,2.061153470123145e-09,2.061153470123145e-09,2.061153470123145e-09,1.0,2.061153470123145e-09,2.061153470123145e-09,2.061153470123145e-09,2.061153470123145e-09,2.061153470123145e-09
2,2020-07-30,2,2.727066082088632e-89,5.959904066912897e-37,1.0,0.0018352300394326448,2.061153470123145e-09,2.061153470123145e-09,2.061153470123145e-09,2.061153470123145e-09,2.061153470123145e-09,2.061153470123145e-09,2.061153470123145e-09,2.061153470123145e-09,1.0,2.061153470123145e-09,2.061153470123145e-09,2.061153470123145e-09,2.061153470123145e-09,2.061153470123145e-09
2,2020-07-31,2,2.8366459025205186e-102,2.3326095905856062e-45,1.0,0.008247974756546319,2.0737010686389112e-07,2.027998657894159e-09,2.027998657894159e-09,2.027998657894159e-09,6.24967299245327e-07,2.027998657894159e-09,2.027998657894159e-09,2.027998657894159e-09,0.9839143753051758,2.027998657894159e-09,2.027998657894159e-09,0.01608472317457199,1.9884616619947337e-08,4.7272081360461016e-08
2,2020-08-03,2,4.4469042572562154e-97,9.67572034562966e-43,1.0,0.0010854785518720747,2.061153470123145e-09,2.061153470123145e-09,2.061153470123145e-09,2.061153470123145e-09,2.061153470123145e-09,2.061153470123145e-09,2.061153470123145e-09,2.061153470123145e-09,0.9999999403953552,2.061153470123145e-09,2.061153470123145e-09,2.061153470123145e-09,7.2133277129182716e-09,2.061153470123145e-09
2,2020-08-04,2,4.084859131001123e-83,7.128280953778929e-32,1.0,0.006873175959289074,0.4999999403953552,1.0305767350615724e-09,1.0305767350615724e-09,1.0305767350615724e-09,4.3408519445620186e-08,1.0305767350615724e-09,1.0305767350615724e-09,1.0305767350615724e-09,1.0305767350615724e-09,1.0305767350615724e-09,4.356196114940758e-08,0.4999999403953552,1.0305767350615724e-09,1.0305767350615724e-09
2,2020-08-05,2,2.4406372933165045e-72,1.9824960853693234e-26,1.0,0.024835962292551993,2.061153470123145e-09,2.061153470123145e-09,2.061153470123145e-09,2.061153470123145e-09,2.061153470123145e-09,2.061153470123145e-09,2.061153470123145e-09,2.061153470123145e-09,1.0,2.061153470123145e-09,2.061153470123145e-09,2.061153470123145e-09,2.061153470123145e-09,2.061153470123145e-09
2,2020-08-06,2,5.325658706995316e-78,1.3427278903595689e-33,1.0,0.010231124690689989,2.061150361498676e-09,1.57128749833646e-06,2.061150361498676e-09,2.061150361498676e-09,2.061150361498676e-09,2.061150361498676e-09,2.061150361498676e-09,2.061150361498676e-09,0.9999983906745911,2.061150361498676e-09,2.061150361498676e-09,2.061150361498676e-09,8.925207239940391e-09,2.061150361498676e-09
2,2020-08-07,2,2.272492791038589e-81,6.259741339996477e-32,1.0,-0.0010202509624883532,0.3310208320617676,6.822847842258284e-10,2.277336541567365e-09,6.822847842258284e-10,0.005725333467125893,6.822847842258284e-10,6.822847842258284e-10,6.822847842258284e-10,0.3310208320617676,2.5831296213141286e-08,2.162717237297329e-06,0.3310208320617676,3.0603810046159197e-06,0.0012068862561136484
2,2020-08-10,2,5.1690883818598595e-95,2.1127461110754484e-41,1.0,-0.013538045428693295,2.05565919841888e-09,2.05565919841888e-09,2.05565919841888e-09,2.05565919841888e-09,2.931439446740569e-08,2.05565919841888e-09,2.05565919841888e-09,2.05565919841888e-09,0.9973343014717102,2.05565919841888e-09,2.05565919841888e-09,0.002665672218427062,2.05565919841888e-09,2.05565919841888e-09
2,2020-08-11,2,4.023737153437871e-92,1.0418694912564706e-38,1.0,-0.01968278068928048,2.061141701759084e-09,2.061141701759084e-09,2.061141701759084e-09,2.061141701759084e-09,3.3284801581601187e-09,2.061141701759084e-09,2.061141701759084e-09,2.061141701759084e-09,0.9999942779541016,2.061141701759084e-09,2.061141701759084e-09,5.719702585338382e-06,2.061141701759084e-09,2.061141701759084e-09
2,2020-08-12,2,4.380991670026055e-90,2.4753105229535965e-37,1.0,-0.04888055272651336,2.061153470123145e-09,2.061153470123145e-09,2.061153470123145e-09,2.061153470123145e-09,2.061153470123145e-09,2.061153470123145e-09,2.061153470123145e-09,2.061153470123145e-09,1.0,2.061153470123145e-09,2.061153470123145e-09,2.061153470123145e-09,2.061153470123145e-09,2.061153470123145e-09
2,2020-08-13,2,7.1936943938569095e-81,2.3087294164141697e-30,1.0,0.01693359576165676,2.061153470123145e-09,2.061153470123145e-09,2.061153470123145e-09,2.061153470123145e-09,2.061153470123145e-09,2.061153470123145e-09,2.061153470123145e-09,2.061153470123145e-09,1.0,2.061153470123145e-09,2.061153470123145e-09,2.061153470123145e-09,2.061153470123145e-09,2.061153470123145e-09
2,2020-08-14,2,3.563484873708202e-86,4.000781614865525e-37,1.0,0.005368240615725517,1.601031499376404e-06,1.899794987991754e-09,1.899794987991754e-09,1.899794987991754e-09,1.7202265780724701e-06,1.899794987991754e-09,1.899794987991754e-09,1.899794987991754e-09,0.9217144846916199,1.899794987991754e-09,1.899794987991754e-09,0.07828201353549957,3.517070723546567e-08,1.5497981564749352e-07
2,2020-08-18,2,4.8518017389509505e-141,8.13197985645866e-68,1.0,0.02614381376951933,2.0538986067464293e-09,2.0538986067464293e-09,2.0538986067464293e-09,2.0538986067464293e-09,1.3234505047421408e-08,2.0538986067464293e-09,2.0538986067464293e-09,2.0538986067464293e-09,0.9964801669120789,2.0538986067464293e-09,2.0538986067464293e-09,0.0035197988618165255,2.0538986067464293e-09,2.0538986067464293e-09
2,2020-08-19,2,1.9649099413423835e-103,2.661823204428836e-48,1.0,-0.004475443387776613,1.680233174816692e-09,0.18480931222438812,1.680233174816692e-09,1.680233174816692e-09,1.680233174816692e-09,1.680233174816692e-09,1.680233174816692e-09,1.680233174816692e-09,0.8151906728744507,1.680233174816692e-09,1.680233174816692e-09,1.680233174816692e-09,1.680233174816692e-09,1.680233174816692e-09
2,2020-08-20,2,4.128139126874373e-184,4.664189757653307e-102,1.0,-0.0241823216766119,5.024941573950059e-10,0.24379268288612366,0.0017196836415678263,0.0038265264593064785,4.544979219645029e-06,0.13350076973438263,0.023840654641389847,0.24379268288612366,0.24379268288612366,0.03498263657093048,1.9557742234610487e-06,5.024941573950059e-10,0.06069203093647957,0.010053149424493313
2,2020-08-21,2,1.211472308045521e-132,2.892627729729653e-72,1.0,-0.007365100983530283,1.609397060065021e-08,1.9861605693449746e-09,1.9861605693449746e-09,1.9861605693449746e-09,1.9861605693449746e-09,1.9861605693449746e-09,1.9861605693449746e-09,1.9861605693449746e-09,0.03638393431901932,1.9861605693449746e-09,1.9861605693449746e-09,0.9636160135269165,1.9861605693449746e-09,1.9861605693449746e-09
2,2020-08-24,2,3.098068297176851e-129,4.567358803789408e-69,1.0,-0.004386696913093328,2.061153470123145e-09,2.061153470123145e-09,2.061153470123145e-09,2.061153470123145e-09,2.061153470123145e-09,2.061153470123145e-09,2.061153470123145e-09,2.061153470123145e-09,1.0,2.061153470123145e-09,2.061153470123145e-09,2.061153470123145e-09,2.061153470123145e-09,2.061153470123145e-09
2,2020-08-25,2,1.756136844831424e-104,6.953465707517726e-49,1.0,-0.001480666322435718,2.059882042715344e-09,0.0006169298430904746,2.059882042715344e-09,2.059882042715344e-09,2.059882042715344e-09,2.059882042715344e-09,2.059882042715344e-09,2.059882042715344e-09,0.9993830323219299,2.059882042715344e-09,2.059882042715344e-09,2.059882042715344e-09,2.059882042715344e-09,2.059882042715344e-09
2,2020-08-26,2,3.3967623806614075e-123,3.278660188890289e-62,1.0,-0.006751905831863405,2.06115324807854e-09,1.299272156529696e-07,2.06115324807854e-09,2.06115324807854e-09,2.06115324807854e-09,2.06115324807854e-09,2.06115324807854e-09,2.06115324807854e-09,0.9999998211860657,2.06115324807854e-09,2.06115324807854e-09,2.06115324807854e-09,2.06115324807854e-09,2.06115324807854e-09
2,2020-08-27,2,1.2312926572199835e-151,2.0761657893044162e-83,1.0,0.011227627238822849,2.061153470123145e-09,2.061153470123145e-09,2.061153470123145e-09,2.061153470123145e-09,2.061153470123145e-09,2.061153470123145e-09,2.061153470123145e-09,2.061153470123145e-09,1.0,2.061153470123145e-09,2.061153470123145e-09,2.061153470123145e-09,2.061153470123145e-09,2.061153470123145e-09
2,2020-08-28,2,1.5555694904310244e-127,6.737841244603474e-68,1.0,0.010634044386446476,1.961463880206793e-09,0.9516340494155884,1.961463880206793e-09,1.961463880206793e-09,1.961463880206793e-09,1.961463880206793e-09,1.961463880206793e-09,1.961463880206793e-09,0.04836595430970192,1.961463880206793e-09,1.961463880206793e-09,1.961463880206793e-09,1.961463880206793e-09,1.961463880206793e-09
2,2020-08-31,2,8.712814183212229e-156,3.2594237913683645e-88,1.0,0.010805160939693451,2.061153470123145e-09,2.061153470123145e-09,2.061153470123145e-09,2.061153470123145e-09,2.061153470123145e-09,2.061153470123145e-09,2.061153470123145e-09,2.061153470123145e-09,1.0,2.061153470123145e-09,2.061153470123145e-09,2.061153470123145e-09,2.061153470123145e-09,2.061153470123145e-09
2,2020-09-01,2,1.7101219713887646e-145,3.057994546869854e-82,1.0,0.005386392433941364,0.49996334314346313,1.030501239895898e-09,1.030501239895898e-09,1.030501239895898e-09,7.021965575404465e-05,1.030501239895898e-09,1.030501239895898e-09,1.030501239895898e-09,1.150785351455852e-06,1.030501239895898e-09,1.9103811155218864e-06,0.49996334314346313,2.0328061456353907e-09,3.9888892189310354e-08
2,2020-09-02,2,1.8828457488255957e-124,1.6807364854706307e-65,1.0,0.013640673679113388,0.08114548772573471,1.8938994816863897e-09,1.8938994816863897e-09,1.8938994816863897e-09,1.8938994816863897e-09,1.8938994816863897e-09,1.8938994816863897e-09,1.8938994816863897e-09,3.916750870303076e-07,1.8938994816863897e-09,1.8938994816863897e-09,0.9188541173934937,1.8938994816863897e-09,1.8938994816863897e-09
2,2020-09-03,2,1.2821420481807258e-113,1.434007713773196e-56,1.0,-0.01587316711694002,2.061153470123145e-09,2.061153470123145e-09,2.061153470123145e-09,2.061153470123145e-09,2.061153470123145e-09,2.061153470123145e-09,2.061153470123145e-09,2.061153470123145e-09,1.0,2.061153470123145e-09,2.061153470123145e-09,2.061153470123145e-09,2.061153470123145e-09,2.061153470123145e-09
2,2020-09-04,2,1.1090749547022916e-165,9.411964007506697e-93,1.0,0.001493588788434863,2.061153470123145e-09,2.061153470123145e-09,2.061153470123145e-09,2.061153470123145e-09,2.061153470123145e-09,2.061153470123145e-09,2.061153470123145e-09,2.061153470123145e-09,1.0,2.061153470123145e-09,2.061153470123145e-09,2.061153470123145e-09,2.061153470123145e-09,2.061153470123145e-09
2,2020-09-07,2,2.8835300858486513e-118,2.837184188122501e-60,1.0,-0.003363827709108591,2.061153470123145e-09,2.061153470123145e-09,2.061153470123145e-09,2.061153470123145e-09,2.061153470123145e-09,2.061153470123145e-09,2.061153470123145e-09,2.061153470123145e-09,1.0,2.061153470123145e-09,2.061153470123145e-09,2.061153470123145e-09,2.061153470123145e-09,2.061153470123145e-09
2,2020-09-08,2,1.8334699571942752e-96,5.2071798233381387e-42,1.0,0.0030923598401248454,1.358261442874209e-06,2.000676069258134e-09,2.000676069258134e-09,2.000676069258134e-09,2.000676069258134e-09,2.000676069258134e-09,2.000676069258134e-09,2.000676069258134e-09,0.02934020571410656,2.000676069258134e-09,2.000676069258134e-09,0.9706584215164185,2.000676069258134e-09,2.000676069258134e-09
2,2020-09-09,2,1.0759060463130206e-115,7.888916889966728e-56,1.0,-0.0021627644408494236,2.061153470123145e-09,2.061153470123145e-09,2.061153470123145e-09,2.061153470123145e-09,2.061153470123145e-09,2.061153470123145e-09,2.061153470123145e-09,2.061153470123145e-09,0.9999999403953552,2.061153470123145e-09,2.061153470123145e-09,2.061153470123145e-09,7.618218056393289e-09,2.061153470123145e-09
2,2020-09-10,2,4.292998027979573e-83,2.6546005914642327e-28,1.0,0.011896010927855968,7.136718340916559e-05,2.0610064765946845e-09,2.0610064765946845e-09,2.0610064765946845e-09,2.0610064765946845e-09,2.0610064765946845e-09,2.0610064765946845e-09,2.0610064765946845e-09,2.0610064765946845e-09,2.0610064765946845e-09,2.0610064765946845e-09,0.9999285936355591,2.0610064765946845e-09,2.0610064765946845e-09
2,2020-09-11,2,2.3559277582310517e-70,6.482509442363085e-28,1.0,0.0009098204642534256,0.007968524470925331,1.0223645263707226e-09,1.0223645263707226e-09,1.0223645263707226e-09,4.264702013756505e-08,1.0223645263707226e-09,1.0223645263707226e-09,1.0223645263707226e-09,0.4960156977176666,1.0223645263707226e-09,1.0223645263707226e-09,0.4960156977176666,1.0223645263707226e-09,1.0223645263707226e-09
2,2020-09-14,2,1.105399837176511e-66,2.098891261426036e-25,1.0,-0.00356601071767509,1.8508120547267026e-06,1.4531880196955171e-06,2.061146808784997e-09,2.061146808784997e-09,2.061146808784997e-09,2.061146808784997e-09,2.061146808784997e-09,2.061146808784997e-09,4.825103872008185e-09,2.061146808784997e-09,2.061146808784997e-09,0.9999966621398926,2.061146808784997e-09,2.061146808784997e-09
2,2020-09-15,2,6.965676194633186e-62,1.1388634408308782e-23,1.0,0.011884043414890766,2.061153470123145e-09,2.061153470123145e-09,2.061153470123145e-09,2.061153470123145e-09,2.061153470123145e-09,2.061153470123145e-09,2.061153470123145e-09,2.061153470123145e-09,1.0,2.061153470123145e-09,2.061153470123145e-09,2.061153470123145e-09,2.061153470123145e-09,2.061153470123145e-09
2,2020-09-16,2,3.3980615413092434e-63,1.7425673040368866e-25,1.0,-0.005124136152747087,2.055386527644032e-09,2.055386527644032e-09,2.055386527644032e-09,2.055386527644032e-09,2.055386527644032e-09,2.055386527644032e-09,2.055386527644032e-09,2.055386527644032e-09,0.9972019791603088,2.055386527644032e-09,2.055386527644032e-09,0.0027979824226349592,2.055386527644032e-09,2.055386527644032e-09
2,2020-09-17,2,3.548180630854953e-90,2.5641978930395165e-39,1.0,-0.00852102534759324,2.061153470123145e-09,2.061153470123145e-09,2.061153470123145e-09,2.061153470123145e-09,2.061153470123145e-09,2.061153470123145e-09,2.061153470123145e-09,2.061153470123145e-09,1.0,2.061153470123145e-09,2.061153470123145e-09,2.061153470123145e-09,2.061153470123145e-09,2.061153470123145e-09
2,2020-09-18,2,2.966026307414519e-76,9.965251791322748e-27,1.0,0.004824629984796047,2.061153470123145e-09,2.061153470123145e-09,2.061153470123145e-09,2.061153470123145e-09,2.061153470123145e-09,2.061153470123145e-09,2.061153470123145e-09,2.061153470123145e-09,1.0,2.061153470123145e-09,2.061153470123145e-09,2.061153470123145e-09,2.061153470123145e-09,2.061153470123145e-09
2,2020-09-21,2,6.1452018159785926e-105,1.937286185264424e-48,1.0,-0.02601794576942921,0.5,1.030576846083875e-09,1.030576846083875e-09,1.030576846083875e-09,1.030576846083875e-09,1.030576846083875e-09,1.030576846083875e-09,1.030576846083875e-09,1.030576846083875e-09,1.030576846083875e-09,1.030576846083875e-09,0.5,1.030576846083875e-09,1.030576846083875e-09
2,2020-09-22,2,1.9078287925970065e-130,5.488148633491669e-64,1.0,-0.026178030806779863,2.061153470123145e-09,2.061153470123145e-09,2.061153470123145e-09,2.061153470123145e-09,2.061153470123145e-09,2.061153470123145e-09,2.061153470123145e-09,2.061153470123145e-09,1.0,2.061153470123145e-09,2.061153470123145e-09,2.061153470123145e-09,2.061153470123145e-09,2.061153470123145e-09
2,2020-09-23,2,3.792394403197218e-107,3.3997934101666513e-51,1.0,-0.01343611061424017,1.7346496461456695e-09,0.1514342725276947,2.966400870718644e-06,3.28494252244127e-06,9.082768883672543e-07,4.25470425398089e-05,2.6176894607488066e-05,0.00015419891860801727,0.8415915966033936,0.0002641867322381586,3.050476138355407e-08,1.7346496461456695e-09,0.00617595762014389,0.000303859036648646
2,2020-09-24,2,8.713528055423574e-159,3.1194596718639962e-86,1.0,-0.010917189441621303,2.061153470123145e-09,1.007650585194142e-08,2.061153470123145e-09,2.061153470123145e-09,2.061153470123145e-09,2.061153470123145e-09,2.061153470123145e-09,2.061153470123145e-09,0.9999999403953552,2.061153470123145e-09,2.061153470123145e-09,2.061153470123145e-09,2.061153470123145e-09,2.061153470123145e-09
2,2020-09-25,2,2.066093514065338e-123,1.3254838713524529e-64,1.0,0.007776063856770319,2.061153470123145e-09,2.061153470123145e-09,2.061153470123145e-09,2.061153470123145e-09,2.061153470123145e-09,2.061153470123145e-09,2.061153470123145e-09,2.061153470123145e-09,1.0,2.061153470123145e-09,2.061153470123145e-09,2.061153470123145e-09,2.061153470123145e-09,2.061153470123145e-09
2,2020-09-28,2,7.592591836332227e-110,1.6199473134082546e-53,1.0,-0.005047550890594721,2.061153470123145e-09,2.061153470123145e-09,2.061153470123145e-09,2.061153470123145e-09,2.061153470123145e-09,2.061153470123145e-09,2.061153470123145e-09,2.061153470123145e-09,1.0,2.061153470123145e-09,2.061153470123145e-09,2.061153470123145e-09,2.061153470123145e-09,2.061153470123145e-09
2,2020-09-29,2,7.777419983515021e-101,3.2358311346586614e-46,1.0,0.008102322673797607,1.0305767350615724e-09,0.4999999701976776,1.0305767350615724e-09,1.0305767350615724e-09,1.0305767350615724e-09,1.0305767350615724e-09,1.0305767350615724e-09,1.0305767350615724e-09,0.4999999701976776,1.3289969125196421e-09,1.0305767350615724e-09,1.0305767350615724e-09,2.1095837965390274e-08,1.0305767350615724e-09
2,2020-10-05,2,1.0416130020644674e-99,4.577073617287358e-45,1.0,0.005604879210144281,2.061153470123145e-09,2.061153470123145e-09,2.061153470123145e-09,2.061153470123145e-09,2.061153470123145e-09,2.061153470123145e-09,2.061153470123145e-09,2.061153470123145e-09,1.0,2.061153470123145e-09,2.061153470123145e-09,2.061153470123145e-09,2.061153470123145e-09,2.061153470123145e-09
2,2020-10-06,2,5.2246744129159594e-82,3.1128919855215955e-30,1.0,0.009139426020384405,2.061153470123145e-09,2.061153470123145e-09,2.061153470123145e-09,2.061153470123145e-09,2.061153470123145e-09,2.061153470123145e-09,2.061153470123145e-09,2.061153470123145e-09,0.9999998807907104,2.061153470123145e-09,2.061153470123145e-09,2.061153470123145e-09,9.742478823682177e-08,2.061153470123145e-09
2,2020-10-07,2,1.5007733978195546e-70,2.0278955676912094e-26,1.0,-0.011437350316214293,2.0611510276324907e-09,1.197255414808751e-06,2.0611510276324907e-09,2.0611510276324907e-09,2.0611510276324907e-09,2.0611510276324907e-09,2.0611510276324907e-09,2.0611510276324907e-09,0.9999987483024597,2.0611510276324907e-09,2.0611510276324907e-09,2.0611510276324907e-09,2.0611510276324907e-09,2.0611510276324907e-09
2,2020-10-08,2,1.7739281286183437e-62,3.0047583306728004e-23,1.0,-0.0007021080676466226,0.49999991059303284,1.03057662403927e-09,1.03057662403927e-09,1.03057662403927e-09,9.320892502273637e-08,1.03057662403927e-09,1.03057662403927e-09,1.03057662403927e-09,1.03057662403927e-09,1.03057662403927e-09,7.741009966366619e-08,0.49999991059303284,1.03057662403927e-09,1.03057662403927e-09
2,2020-10-12,2,1.9664990912360048e-54,3.4123058063905506e-19,1.0,0.02132863127887249,2.061153470123145e-09,2.061153470123145e-09,2.061153470123145e-09,2.061153470123145e-09,2.061153470123145e-09,2.061153470123145e-09,2.061153470123145e-09,2.061153470123145e-09,1.0,2.061153470123145e-09,2.061153470123145e-09,2.061153470123145e-09,2.061153470123145e-09,2.061153470123145e-09
2,2020-10-13,2,2.8028720440215048e-52,6.645332623332815e-21,1.0,-0.005646687610010849,2.061031123545831e-09,5.943988071521744e-05,2.061031123545831e-09,2.061031123545831e-09,2.061031123545831e-09,2.061031123545831e-09,2.061031123545831e-09,2.061031123545831e-09,0.9999405145645142,2.061031123545831e-09,2.061031123545831e-09,2.061031123545831e-09,2.061031123545831e-09,2.061031123545831e-09
2,2020-10-14,2,2.9288365827712813e-67,6.956529286234873e-28,1.0,-0.012616145114600658,1.7195741293107858e-06,0.004448656924068928,1.7195741293107858e-06,1.7195741293107858e-06,1.7195741293107858e-06,1.7195741293107858e-06,1.7195741293107858e-06,1.7195741293107858e-06,0.8475275039672852,1.7195741293107858e-06,1.7195741293107858e-06,0.14800488948822021,1.7195741293107858e-06,1.7195741293107858e-06
2,2020-10-15,2,3.5612726412003667e-75,6.2083983386624484e-30,1.0,0.001862797494418919,2.061132597930282e-09,2.061132597930282e-09,2.061132597930282e-09,2.061132597930282e-09,2.061132597930282e-09,2.061132597930282e-09,2.061132597930282e-09,2.061132597930282e-09,0.9999898076057434,2.061132597930282e-09,2.061132597930282e-09,1.0142550308955833e-05,2.061132597930282e-09,2.061132597930282e-09
2,2020-10-16,2,3.849162452115784e-82,9.461498463716309e-34,1.0,0.001905078976563982,2.061153470123145e-09,2.061153470123145e-09,2.061153470123145e-09,2.061153470123145e-09,2.061153470123145e-09,2.061153470123145e-09,2.061153470123145e-09,2.061153470123145e-09,1.0,2.061153470123145e-09,2.061153470123145e-09,2.061153470123145e-09,2.061153470123145e-09,2.061153470123145e-09
2,2020-10-19,2,4.033946307905963e-89,1.0597763656361363e-36,1.0,0.0041785528883337975,2.061153470123145e-09,2.061153470123145e-09,2.061153470123145e-09,2.061153470123145e-09,2.061153470123145e-09,2.061153470123145e-09,2.061153470123145e-09,2.061153470123145e-09,1.0,2.061153470123145e-09,2.061153470123145e-09,2.061153470123145e-09,2.061153470123145e-09,2.061153470123145e-09
2,2020-10-20,2,1.3427024587386733e-82,9.835808831983107e-32,1.0,-0.005322319412030629,2.060910775369962e-09,2.060910775369962e-09,2.060910775369962e-09,2.060910775369962e-09,2.060910775369962e-09,2.060910775369962e-09,2.060910775369962e-09,2.060910775369962e-09,0.999882161617279,2.060910775369962e-09,2.060910775369962e-09,0.00011780930799432099,2.060910775369962e-09,2.060910775369962e-09
2,2020-10-21,2,3.6750134784287324e-76,1.0688679082719276e-29,1.0,0.008349177471004077,2.061153470123145e-09,2.061153470123145e-09,2.061153470123145e-09,2.061153470123145e-09,2.061153470123145e-09,2.061153470123145e-09,2.061153470123145e-09,2.061153470123145e-09,1.0,2.061153470123145e-09,2.061153470123145e-09,2.061153470123145e-09,2.061153470123145e-09,2.061153470123145e-09
2,2020-10-22,2,3.9348189589306207e-87,1.1973532631956873e-37,1.0,-0.0018914922742866566,2.0611512496770956e-09,2.0611512496770956e-09,2.0611512496770956e-09,2.0611512496770956e-09,3.800289416489022e-09,2.0611512496770956e-09,2.0611512496770956e-09,2.0611512496770956e-09,0.9999988675117493,2.0611512496770956e-09,2.0611512496770956e-09,1.1320306612105924e-06,2.0611512496770956e-09,2.0611512496770956e-09
2,2020-10-23,2,4.2157545545632073e-79,5.095588978745641e-29,1.0,-0.00607670318770638,2.061153470123145e-09,2.061153470123145e-09,2.061153470123145e-09,2.061153470123145e-09,2.061153470123145e-09,2.061153470123145e-09,2.061153470123145e-09,2.061153470123145e-09,1.0,2.061153470123145e-09,2.061153470123145e-09,2.061153470123145e-09,2.061153470123145e-09,2.061153470123145e-09
2,2020-10-26,2,3.6061642589724706e-94,3.492216996503299e-42,1.0,-0.02823041817843914,0.0059673236683011055,1.7644216088186226e-09,1.7644216088186226e-09,1.7644216088186226e-09,3.797154146667481e-09,1.7644216088186226e-09,1.7644216088186226e-09,1.7644216088186226e-09,0.13799667358398438,1.7644216088186226e-09,1.7644216088186226e-09,0.8560359477996826,1.7644216088186226e-09,1.7644216088186226e-09
2,2020-10-27,2,3.201989807809918e-102,2.288808399807282e-45,1.0,0.003630097148194909,3.920167000615038e-05,1.0305364339657785e-09,1.0305364339657785e-09,1.0305364339657785e-09,1.0305364339657785e-09,1.0305364339657785e-09,1.0305364339657785e-09,1.0305364339657785e-09,0.4999803900718689,1.0305364339657785e-09,1.0305364339657785e-09,0.4999803900718689,1.0305364339657785e-09,1.0305364339657785e-09
2,2020-10-28,2,1.291376246452583e-93,2.925806957706766e-40,1.0,0.0050851574227213855,2.6120816620789356e-09,1.6266664681907628e-09,1.6266664681907628e-09,1.6266664681907628e-09,1.6266664681907628e-09,1.6266664681907628e-09,1.6266664681907628e-09,1.6266664681907628e-09,0.7892019748687744,1.6266664681907628e-09,1.6266664681907628e-09,0.21079802513122559,1.6266664681907628e-09,1.6266664681907628e-09
2,2020-10-29,2,4.375727954453749e-146,1.2626876335522108e-73,1.0,-0.01460058595687151,2.061153470123145e-09,2.061153470123145e-09,2.061153470123145e-09,2.061153470123145e-09,2.061153470123145e-09,2.061153470123145e-09,2.061153470123145e-09,2.061153470123145e-09,1.0,2.061153470123145e-09,2.061153470123145e-09,2.061153470123145e-09,2.061153470123145e-09,2.061153470123145e-09
2,2020-10-30,2,7.879339420135111e-259,2.0147181176408894e-159,1.0,-0.00812548028021422,2.061153470123145e-09,2.1634121161184794e-09,2.061153470123145e-09,2.061153470123145e-09,2.061153470123145e-09,2.061153470123145e-09,2.061153470123145e-09,2.061153470123145e-09,0.9999999403953552,2.061153470123145e-09,2.061153470123145e-09,2.061153470123145e-09,4.761386662721634e-08,2.061153470123145e-09
2,2020-11-02,2,1.7553518738028675e-153,1.4480339929664927e-89,1.0,0.008125480248692194,2.061153470123145e-09,2.061153470123145e-09,2.061153470123145e-09,2.061153470123145e-09,2.061153470123145e-09,2.061153470123145e-09,2.061153470123145e-09,2.061153470123145e-09,1.0,2.061153470123145e-09,2.061153470123145e-09,2.061153470123145e-09,2.433547585667384e-09,2.061153470123145e-09
2,2020-11-03,2,1.3570806305790668e-126,3.452765389086322e-67,1.0,0.0046070958742173386,2.056444348141895e-09,8.825674058243749e-08,5.529643232193848e-08,4.652304852470479e-08,2.944553614270262e-07,3.203143990049284e-07,4.586198656397755e-07,1.2548861150207813e-06,0.9977152347564697,1.4398610801436007e-05,5.3445101677596085e-09,2.056444348141895e-09,0.0022228097077459097,4.504562457441352e-05
2,2020-11-04,2,8.127748545100764e-106,5.252196085873566e-50,1.0,0.0049733197160996495,2.0611390372238247e-09,4.465272013476351e-06,2.0611390372238247e-09,2.0611390372238247e-09,3.0896867286855922e-09,2.0611390372238247e-09,2.0611390372238247e-09,2.610463400998242e-09,0.9999929666519165,2.8950459807219886e-08,2.0611390372238247e-09,2.0611390372238247e-09,2.5296596959378803e-06,1.786839654016603e-08
2,2020-11-05,2,3.270066730954609e-83,1.9536960122890217e-28,1.0,0.019265194863080978,0.5,1.030576846083875e-09,1.030576846083875e-09,1.030576846083875e-09,1.030576846083875e-09,1.030576846083875e-09,1.030576846083875e-09,1.030576846083875e-09,1.030576846083875e-09,1.030576846083875e-09,1.030576846083875e-09,0.5,1.030576846083875e-09,1.030576846083875e-09
2,2020-11-06,2,3.773534428608299e-71,2.0129255762097744e-28,1.0,0.01479454008191824,2.061144144249738e-09,4.610939413396409e-06,2.061144144249738e-09,2.061144144249738e-09,2.061144144249738e-09,2.061144144249738e-09,2.061144144249738e-09,2.061144144249738e-09,0.9999953508377075,2.061144144249738e-09,2.061144144249738e-09,2.061144144249738e-09,2.061144144249738e-09,2.061144144249738e-09
2,2020-11-09,2,7.884891537329575e-71,4.701111229795934e-28,1.0,0.010802876686068611,2.061153470123145e-09,2.061153470123145e-09,2.061153470123145e-09,2.061153470123145e-09,2.061153470123145e-09,2.061153470123145e-09,2.061153470123145e-09,2.061153470123145e-09,0.9999999403953552,2.061153470123145e-09,2.061153470123145e-09,9.150951107983474e-09,2.061153470123145e-09,2.061153470123145e-09
2,2020-11-10,2,2.948242452474592e-64,2.367848430165986e-23,1.0,-0.041609648625126006,2.061153470123145e-09,2.061153470123145e-09,2.061153470123145e-09,2.061153470123145e-09,2.061153470123145e-09,2.061153470123145e-09,2.061153470123145e-09,2.061153470123145e-09,1.0,2.061153470123145e-09,2.061153470123145e-09,2.061153470123145e-09,2.061153470123145e-09,2.061153470123145e-09
2,2020-11-11,2,2.3846971761016807e-57,8.444853321189317e-22,1.0,0.006639009496569634,6.699320920233731e-08,1.4038450046882645e-07,6.699320920233731e-08,6.699320920233731e-08,6.699320920233731e-08,6.699320920233731e-08,6.699320920233731e-08,6.699320920233731e-08,0.3389601707458496,6.699320920233731e-08,6.699320920233731e-08,0.6610389351844788,6.699320920233731e-08,6.699320920233731e-08
2,2020-11-12,2,8.418016336442551e-51,3.894390012205076e-16,1.0,-0.007569859115034341,2.061153470123145e-09,2.061153470123145e-09,2.061153470123145e-09,2.061153470123145e-09,2.061153470123145e-09,2.061153470123145e-09,2.061153470123145e-09,2.061153470123145e-09,1.0,2.061153470123145e-09,2.061153470123145e-09,2.061153470123145e-09,2.061153470123145e-09,2.061153470123145e-09
2,2020-11-13,2,2.0290779130818705e-44,1.586475737986183e-17,1.0,0.005410849124193192,0.010270141996443272,1.0199312505676517e-09,1.0199312505676517e-09,1.0199312505676517e-09,5.206481728237122e-05,1.0199312505676517e-09,1.0199312505676517e-09,1.0199312505676517e-09,0.49483513832092285,1.0876242129143066e-09,1.7594024015465948e-08,0.49483513832092285,2.1667320027063397e-07,7.260648089868482e-06
2,2020-11-16,2,3.7928576788764077e-65,1.2832249529559254e-26,1.0,0.0245479450404644,0.4999999403953552,1.0305767350615724e-09,1.0305767350615724e-09,1.0305767350615724e-09,5.226563004612217e-08,1.0305767350615724e-09,1.0305767350615724e-09,1.0305767350615724e-09,1.0305767350615724e-09,1.0305767350615724e-09,3.215530242073328e-08,0.4999999403953552,1.0305767350615724e-09,1.0305767350615724e-09
2,2020-11-17,2,7.327988105592549e-55,1.5680012717043671e-15,1.0,0.003317063433304429,1.030576401994665e-09,0.4999997913837433,3.6135412440074788e-09,2.563781364983697e-08,1.030576401994665e-09,3.090756450774279e-08,1.2305322982797406e-08,3.005901874075789e-07,0.4999997913837433,2.8456524248099413e-08,1.030576401994665e-09,1.030576401994665e-09,3.2239071856565715e-08,1.030576401994665e-09
2,2020-11-18,2,1.0616459672283841e-42,9.620473084804171e-17,1.0,-0.005720288909226656,8.968518372398648e-09,0.999806821346283,8.968518372398648e-09,8.968518372398648e-09,8.968518372398648e-09,8.968518372398648e-09,8.968518372398648e-09,8.968518372398648e-09,1.1576036058613681e-06,8.968518372398648e-09,8.968518372398648e-09,0.00019193250045645982,8.968518372398648e-09,8.968518372398648e-09
2,2020-11-19,2,1.333562078925138e-41,4.801792289717631e-15,1.0,-0.008860306286811828,2.0611488071864414e-09,2.277087787661003e-06,2.0611488071864414e-09,2.0611488071864414e-09,2.0611488071864414e-09,2.0611488071864414e-09,2.0611488071864414e-09,2.0611488071864414e-09,0.9999976754188538,2.0611488071864414e-09,2.0611488071864414e-09,2.0611488071864414e-09,2.0611488071864414e-09,2.0611488071864414e-09
2,2020-11-20,2,1.3559780976816058e-38,4.358147723012305e-14,1.0,0.006407367487251759,0.5,1.030576846083875e-09,1.030576846083875e-09,1.030576846083875e-09,1.030576846083875e-09,1.030576846083875e-09,1.030576846083875e-09,1.030576846083875e-09,1.030576846083875e-09,1.030576846083875e-09,1.5373059492063135e-09,0.5,1.030576846083875e-09,1.030576846083875e-09
2,2020-11-23,2,2.7320208881588797e-58,4.295347007359643e-23,1.0,0.0035880945648998023,2.061153470123145e-09,2.061153470123145e-09,2.061153470123145e-09,2.061153470123145e-09,2.061153470123145e-09,2.061153470123145e-09,2.061153470123145e-09,2.061153470123145e-09,1.0,2.061153470123145e-09,2.061153470123145e-09,2.061153470123145e-09,2.061153470123145e-09,2.061153470123145e-09
2,2020-11-24,2,1.1896519476091858e-52,3.137045786063632e-18,1.0,-0.014419193889200687,0.0023336184676736593,2.056343539891259e-09,2.056343539891259e-09,2.056343539891259e-09,2.056343539891259e-09,2.056343539891259e-09,2.056343539891259e-09,2.056343539891259e-09,2.056343539891259e-09,2.056343539891259e-09,2.056343539891259e-09,0.9976663589477539,2.056343539891259e-09,2.056343539891259e-09
2,2020-11-25,2,1.3862304467825648e-74,1.8026045781092515e-30,1.0,-0.011518061670660973,2.061153470123145e-09,2.061153470123145e-09,2.061153470123145e-09,2.061153470123145e-09,2.061153470123145e-09,2.061153470123145e-09,2.061153470123145e-09,2.061153470123145e-09,1.0,2.061153470123145e-09,2.061153470123145e-09,2.061153470123145e-09,2.061153470123145e-09,2.061153470123145e-09
2,2020-11-26,2,4.9510081270258094e-60,6.383267938029088e-17,1.0,0.0028163352981209755,2.061153470123145e-09,2.061153470123145e-09,2.061153470123145e-09,2.061153470123145e-09,2.061153470123145e-09,2.061153470123145e-09,2.061153470123145e-09,2.061153470123145e-09,1.0,2.061153470123145e-09,2.061153470123145e-09,2.061153470123145e-09,2.061153470123145e-09,2.061153470123145e-09
2,2020-11-27,2,2.6866694621329857e-43,5.534688319368631e-16,1.0,0.015322065554559231,2.334592297259519e-09,8.225997660815665e-09,2.334592297259519e-09,2.334592297259519e-09,2.334592297259519e-09,2.334592297259519e-09,2.334592297259519e-09,2.334592297259519e-09,0.00020538979151751846,2.334592297259519e-09,2.334592297259519e-09,0.999794602394104,2.334592297259519e-09,2.334592297259519e-09
2,2020-11-30,2,1.4713733101944752e-76,1.7057007241027095e-31,1.0,-0.005471736577153206,0.0003528701781760901,1.0302101394188412e-09,1.0302101394188412e-09,1.0302101394188412e-09,2.768388640106423e-06,1.0302101394188412e-09,1.0302101394188412e-09,1.0302101394188412e-09,0.49982210993766785,1.0302101394188412e-09,1.298829821472225e-09,0.49982210993766785,1.5948440790225504e-08,1.24205939755484e-07
2,2020-12-01,2,1.3328115349680773e-61,1.7127147442498566e-18,1.0,0.008393146188557148,0.5,1.030576846083875e-09,1.030576846083875e-09,1.030576846083875e-09,1.030576846083875e-09,1.030576846083875e-09,1.030576846083875e-09,1.030576846083875e-09,1.030576846083875e-09,1.030576846083875e-09,1.030576846083875e-09,0.5,1.030576846083875e-09,1.030576846083875e-09
2,2020-12-02,2,2.849031201801668e-50,5.740286394986661e-20,1.0,0.014263662254810332,2.0604800088364073e-09,2.0604800088364073e-09,2.0604800088364073e-09,2.0604800088364073e-09,2.0604800088364073e-09,2.0604800088364073e-09,2.0604800088364073e-09,2.0604800088364073e-09,0.9996731877326965,2.0604800088364073e-09,2.0604800088364073e-09,0.00032679393189027905,2.0604800088364073e-09,2.0604800088364073e-09
2,2020-12-03,2,1.400522079018993e-49,1.4997986661526465e-18,1.0,0.006039659257978201,1.0301066666329461e-09,0.4997718930244446,3.1281123824555834e-07,4.769819952343823e-07,1.1560183565961779e-07,4.400009856908582e-06,2.426335640848265e-06,1.6357671484001912e-05,0.4997718930244446,2.2863541744300164e-05,3.5626042116376766e-09,1.0301066666329461e-09,0.00039618139271624386,1.3068917724012863e-05
2,2020-12-04,2,7.66810822961426e-74,6.6090854459783115e-31,1.0,0.0026205640733242036,2.061153470123145e-09,2.061153470123145e-09,2.061153470123145e-09,2.061153470123145e-09,2.061153470123145e-09,2.061153470123145e-09,2.061153470123145e-09,2.061153470123145e-09,1.0,2.061153470123145e-09,2.061153470123145e-09,2.061153470123145e-09,2.061153470123145e-09,2.061153470123145e-09
2,2020-12-07,2,1.9618358020976488e-74,6.649205552473548e-28,1.0,0.05063078691363335,9.52885329752462e-07,2.0611514717217005e-09,2.0611514717217005e-09,2.0611514717217005e-09,2.0611514717217005e-09,2.0611514717217005e-09,2.0611514717217005e-09,2.0611514717217005e-09,4.633855610336468e-08,2.0611514717217005e-09,2.0611514717217005e-09,0.9999989867210388,2.0611514717217005e-09,2.0611514717217005e-09
2,2020-12-08,2,1.512601607407006e-61,2.758095487005028e-21,1.0,0.014224309931695461,2.0611519158109104e-09,8.244682589975127e-07,2.0611519158109104e-09,2.0611519158109104e-09,2.0611519158109104e-09,2.0611519158109104e-09,2.0611519158109104e-09,2.0611519158109104e-09,0.9999991655349731,2.0611519158109104e-09,2.0611519158109104e-09,2.0611519158109104e-09,2.0611519158109104e-09,2.0611519158109104e-09
2,2020-12-09,2,5.574999898556429e-51,3.5696212225675614e-18,1.0,-0.0023410618462208163,2.061153470123145e-09,2.061153470123145e-09,2.061153470123145e-09,2.061153470123145e-09,2.061153470123145e-09,2.061153470123145e-09,2.061153470123145e-09,2.061153470123145e-09,1.0,2.061153470123145e-09,2.061153470123145e-09,2.061153470123145e-09,2.061153470123145e-09,2.061153470123145e-09
2,2020-12-10,2,4.0940109597931937e-48,9.225795742851153e-19,1.0,0.016907136395573615,0.0007686021272093058,2.0595694039116097e-09,2.0595694039116097e-09,2.0595694039116097e-09,2.0595694039116097e-09,2.0595694039116097e-09,2.0595694039116097e-09,2.0595694039116097e-09,2.029804591074935e-08,2.0595694039116097e-09,2.0595694039116097e-09,0.9992313385009766,2.0595694039116097e-09,2.0595694039116097e-09
2,2020-12-11,2,5.61107294275153e-47,1.5330292004332452e-17,1.0,-0.0022821156568825244,2.061153470123145e-09,2.061153470123145e-09,2.061153470123145e-09,2.061153470123145e-09,2.061153470123145e-09,2.061153470123145e-09,2.061153470123145e-09,2.061153470123145e-09,1.0,2.061153470123145e-09,2.061153470123145e-09,2.061153470123145e-09,2.061153470123145e-09,2.061153470123145e-09
2,2020-12-14,2,1.4318052141939e-86,5.918070075554873e-36,1.0,-0.0007940076668230574,2.06115280398933e-09,2.06115280398933e-09,2.06115280398933e-09,2.06115280398933e-09,2.06115280398933e-09,2.06115280398933e-09,2.06115280398933e-09,2.06115280398933e-09,0.9999996423721313,2.06115280398933e-09,2.06115280398933e-09,3.612075545333937e-07,2.06115280398933e-09,2.06115280398933e-09
2,2020-12-15,2,2.7778721421313857e-76,1.2504176827916606e-26,1.0,0.003567935791383894,2.061153470123145e-09,2.061153470123145e-09,2.061153470123145e-09,2.061153470123145e-09,2.061153470123145e-09,2.061153470123145e-09,2.061153470123145e-09,2.061153470123145e-09,1.0,2.061153470123145e-09,2.061153470123145e-09,2.061153470123145e-09,2.061153470123145e-09,2.061153470123145e-09
2,2020-12-16,2,1.7262539302822263e-58,4.74534154742577e-19,1.0,0.009452596306800842,2.061153470123145e-09,2.061153470123145e-09,2.061153470123145e-09,2.061153470123145e-09,2.061153470123145e-09,2.061153470123145e-09,2.061153470123145e-09,2.061153470123145e-09,1.0,2.061153470123145e-09,2.061153470123145e-09,2.061153470123145e-09,2.061153470123145e-09,2.061153470123145e-09
2,2020-12-17,2,7.665107906074162e-47,1.6070744801750655e-16,1.0,0.01163409973680973,0.4857940971851349,0.028411654755473137,4.700490663367418e-09,1.603807575634164e-08,1.3635477635887128e-08,1.0012962681216209e-09,1.0012962681216209e-09,1.0012962681216209e-09,1.0012962681216209e-09,1.0012962681216209e-09,1.1743272665398763e-07,0.4857940971851349,1.0012962681216209e-09,1.0012962681216209e-09
2,2020-12-18,2,2.3770111754527817e-42,1.1063366414408378e-15,1.0,0.005517371438443661,2.061153470123145e-09,2.061153470123145e-09,2.061153470123145e-09,2.061153470123145e-09,2.061153470123145e-09,2.061153470123145e-09,2.061153470123145e-09,2.061153470123145e-09,0.9999999403953552,2.061153470123145e-09,2.061153470123145e-09,1.4133330950016898e-08,2.061153470123145e-09,2.061153470123145e-09
2,2020-12-21,2,5.560317057380321e-72,2.4095504954445172e-29,1.0,0.004535968855023384,2.060658532698767e-09,0.9997598528862,2.060658532698767e-09,2.060658532698767e-09,2.060658532698767e-09,2.060658532698767e-09,2.060658532698767e-09,2.060658532698767e-09,2.060658532698767e-09,2.060658532698767e-09,2.060658532698767e-09,0.00024013336224015802,2.060658532698767e-09,2.060658532698767e-09
2,2020-12-22,2,2.1680500003448983e-122,1.1328141463821085e-50,1.0,-0.015812631855905056,2.043515356930925e-09,2.043515356930925e-09,2.043515356930925e-09,2.043515356930925e-09,2.043515356930925e-09,2.043515356930925e-09,2.043515356930925e-09,2.043515356930925e-09,0.9914425611495972,2.043515356930925e-09,2.043515356930925e-09,0.0085573960095644,2.043515356930925e-09,2.043515356930925e-09
2,2020-12-23,2,8.962062367577884e-76,2.7689694976634905e-25,1.0,-0.007003771175444126,2.061153470123145e-09,2.061153470123145e-09,2.061153470123145e-09,2.061153470123145e-09,2.061153470123145e-09,2.061153470123145e-09,2.061153470123145e-09,2.061153470123145e-09,1.0,2.061153470123145e-09,2.061153470123145e-09,2.061153470123145e-09,2.061153470123145e-09,2.061153470123145e-09
2,2020-12-24,2,2.76605265607563e-68,2.8498208794754213e-28,1.0,0.00884076529443264,0.4999999701976776,1.0305767350615724e-09,1.0305767350615724e-09,1.0305767350615724e-09,5.503109967719411e-09,1.0305767350615724e-09,1.0305767350615724e-09,1.0305767350615724e-09,1.0305767350615724e-09,1.0305767350615724e-09,1.6534547953028778e-08,0.4999999701976776,1.0305767350615724e-09,1.0305767350615724e-09
2,2020-12-28,2,1.4054650319563645e-103,1.200012258777238e-46,1.0,0.004342204847186804,2.061153470123145e-09,2.061153470123145e-09,2.061153470123145e-09,2.061153470123145e-09,2.061153470123145e-09,2.061153470123145e-09,2.061153470123145e-09,2.061153470123145e-09,1.0,2.061153470123145e-09,2.061153470123145e-09,2.061153470123145e-09,2.061153470123145e-09,2.061153470123145e-09
2,2020-12-29,2,7.174643575471992e-77,8.5556920300797e-26,1.0,-0.0038669962005644268,2.0611372608669853e-09,7.91484308138024e-06,2.0611372608669853e-09,2.0611372608669853e-09,2.0611372608669853e-09,2.0611372608669853e-09,2.0611372608669853e-09,2.0611372608669853e-09,0.9999920725822449,2.0611372608669853e-09,2.0611372608669853e-09,2.0611372608669853e-09,1.790749593055807e-08,2.0611372608669853e-09
2,2020-12-30,2,2.63501726459862e-75,2.7019071457516425e-32,1.0,0.011099572804570199,0.3332647681236267,6.869099178352656e-10,6.869099178352656e-10,6.869099178352656e-10,0.00019916702876798809,6.869099178352656e-10,6.869099178352656e-10,6.869099178352656e-10,0.3332647681236267,1.5156450539066668e-09,2.1974715025407932e-07,0.3332647681236267,9.494828390188559e-08,6.167515039123828e-06
3,2021-01-04,0,1.0,8.171672563838485e-45,4.7163807118181705e-81,0.02266698911190033,2.061153470123145e-09,2.061153470123145e-09,2.061153470123145e-09,2.061153470123145e-09,2.061153470123145e-09,2.061153470123145e-09,2.061153470123145e-09,2.061153470123145e-09,1.0,2.061153470123145e-09,2.061153470123145e-09,2.061153470123145e-09,2.061153470123145e-09,2.061153470123145e-09
3,2021-01-05,2,1.538071486743031e-89,1.1454592543105056e-66,1.0,0.007533042225986719,2.061153470123145e-09,2.061153470123145e-09,2.061153470123145e-09,2.061153470123145e-09,2.061153470123145e-09,2.061153470123145e-09,2.061153470123145e-09,2.061153470123145e-09,1.0,2.061153470123145e-09,2.061153470123145e-09,2.061153470123145e-09,2.061153470123145e-09,2.061153470123145e-09
3,2021-01-06,2,4.548701528421636e-109,1.522142610769924e-82,1.0,0.0018743721302598715,2.061153470123145e-09,2.061153470123145e-09,2.061153470123145e-09,2.061153470123145e-09,2.061153470123145e-09,2.061153470123145e-09,2.061153470123145e-09,2.061153470123145e-09,1.0,2.061153470123145e-09,2.061153470123145e-09,2.061153470123145e-09,2.061153470123145e-09,2.061153470123145e-09
3,2021-01-07,2,1.931822988298317e-89,3.5033553148763093e-68,1.0,-0.013195285573601723,2.061153470123145e-09,2.061153470123145e-09,2.061153470123145e-09,2.061153470123145e-09,2.061153470123145e-09,2.061153470123145e-09,2.061153470123145e-09,2.061153470123145e-09,1.0,2.061153470123145e-09,2.061153470123145e-09,2.061153470123145e-09,2.061153470123145e-09,2.061153470123145e-09
3,2021-01-08,2,2.1904408748225348e-135,7.102568570685527e-104,1.0,-0.006472500506788492,2.061153470123145e-09,2.061153470123145e-09,2.061153470123145e-09,2.061153470123145e-09,2.061153470123145e-09,2.061153470123145e-09,2.061153470123145e-09,2.061153470123145e-09,1.0,2.061153470123145e-09,2.061153470123145e-09,2.061153470123145e-09,2.061153470123145e-09,2.061153470123145e-09
3,2021-01-11,2,1.6463799390163188e-261,3.823893203118111e-211,1.0,-0.03577365353703499,2.061153470123145e-09,2.061153470123145e-09,2.061153470123145e-09,2.061153470123145e-09,2.061153470123145e-09,2.061153470123145e-09,2.061153470123145e-09,2.061153470123145e-09,1.0,2.061153470123145e-09,2.061153470123145e-09,2.061153470123145e-09,2.061153470123145e-09,2.061153470123145e-09
3,2021-01-12,2,2.4308840535472275e-212,1.3803983119519121e-180,1.0,0.007493656128644943,2.061153470123145e-09,2.061153470123145e-09,2.061153470123145e-09,2.061153470123145e-09,2.061153470123145e-09,2.061153470123145e-09,2.061153470123145e-09,2.061153470123145e-09,1.0,2.061153470123145e-09,2.061153470123145e-09,2.061153470123145e-09,2.061153470123145e-09,2.061153470123145e-09
3,2021-01-13,2,1.98598915416807e-157,1.5590625266288286e-130,1.0,0.001570486114360392,2.061153470123145e-09,2.061153470123145e-09,2.061153470123145e-09,2.061153470123145e-09,2.061153470123145e-09,2.061153470123145e-09,2.061153470123145e-09,2.061153470123145e-09,1.0,2.061153470123145e-09,2.061153470123145e-09,2.061153470123145e-09,2.061153470123145e-09,2.061153470123145e-09
3,2021-01-14,2,4.0568711671549754e-124,9.113345740759925e-100,1.0,-0.011442241258919239,2.061153470123145e-09,2.061153470123145e-09,2.061153470123145e-09,2.061153470123145e-09,2.061153470123145e-09,2.061153470123145e-09,2.061153470123145e-09,2.061153470123145e-09,1.0,2.061153470123145e-09,2.061153470123145e-09,2.061153470123145e-09,2.061153470123145e-09,2.061153470123145e-09
3,2021-01-15,2,2.6138523202511784e-165,2.072419391869634e-133,1.0,0.00475055617157353,2.061152581944725e-09,2.061152581944725e-09,2.061152581944725e-09,2.061152581944725e-09,2.061152581944725e-09,2.061152581944725e-09,2.061152581944725e-09,2.061152581944725e-09,0.9999995231628418,2.061152581944725e-09,2.061152581944725e-09,2.061152581944725e-09,4.5132387072044367e-07,1.5480591031291624e-08
3,2021-01-18,2,1.0670044786393296e-189,1.1190905694778834e-156,1.0,-0.006339130591162641,2.061153470123145e-09,2.061153470123145e-09,2.061153470123145e-09,2.061153470123145e-09,2.061153470123145e-09,2.061153470123145e-09,2.061153470123145e-09,2.061153470123145e-09,0.9999999403953552,2.061153470123145e-09,2.061153470123145e-09,1.3292885014948297e-08,2.061153470123145e-09,2.061153470123145e-09
3,2021-01-19,2,4.855569368880761e-202,2.691412003710472e-169,1.0,-0.00039755661753844223,2.061153470123145e-09,2.061153470123145e-09,2.061153470123145e-09,2.061153470123145e-09,2.061153470123145e-09,2.061153470123145e-09,2.061153470123145e-09,2.061153470123145e-09,1.0,2.061153470123145e-09,2.061153470123145e-09,2.061153470123145e-09,2.061153470123145e-09,2.061153470123145e-09
3,2021-01-20,2,9.7102336196299e-184,5.6344287254523566e-154,1.0,0.008315229788422585,2.061153470123145e-09,2.061153470123145e-09,2.061153470123145e-09,2.061153470123145e-09,2.061153470123145e-09,2.061153470123145e-09,2.061153470123145e-09,2.061153470123145e-09,1.0,2.061153470123145e-09,2.061153470123145e-09,2.061153470123145e-09,2.061153470123145e-09,2.061153470123145e-09
3,2021-01-21,2,4.476798825030857e-137,1.0913880086876254e-111,1.0,0.011760269291698933,2.061153470123145e-09,2.061153470123145e-09,2.061153470123145e-09,2.061153470123145e-09,2.061153470123145e-09,2.061153470123145e-09,2.061153470123145e-09,2.061153470123145e-09,1.0,2.061153470123145e-09,2.061153470123145e-09,2.061153470123145e-09,2.061153470123145e-09,2.061153470123145e-09
3,2021-01-22,2,8.544387634863085e-122,2.1438288603111855e-97,1.0,-0.008217613212764263,2.061153470123145e-09,2.061153470123145e-09,2.061153470123145e-09,2.061153470123145e-09,2.061153470123145e-09,2.061153470123145e-09,2.061153470123145e-09,2.061153470123145e-09,1.0,2.061153470123145e-09,2.061153470123145e-09,2.061153470123145e-09,2.061153470123145e-09,2.061153470123145e-09
3,2021-01-25,2,7.161884581289399e-119,3.394546921064174e-94,1.0,-0.004331577103585005,2.061153470123145e-09,2.061153470123145e-09,2.061153470123145e-09,2.061153470123145e-09,2.061153470123145e-09,2.061153470123145e-09,2.061153470123145e-09,2.061153470123145e-09,1.0,2.061153470123145e-09,2.061153470123145e-09,2.061153470123145e-09,2.061153470123145e-09,2.061153470123145e-09
3,2021-01-26,2,2.560810783224277e-138,4.4277074737796395e-110,1.0,0.0015772978076711297,2.061153470123145e-09,2.061153470123145e-09,2.061153470123145e-09,2.061153470123145e-09,2.061153470123145e-09,2.061153470123145e-09,2.061153470123145e-09,2.061153470123145e-09,1.0,2.061153470123145e-09,2.061153470123145e-09,2.061153470123145e-09,2.061153470123145e-09,2.061153470123145e-09
3,2021-01-27,2,2.6104643634662934e-124,2.8822205098855374e-99,1.0,-0.0027618869207799435,2.061153470123145e-09,2.061153470123145e-09,2.061153470123145e-09,2.061153470123145e-09,2.061153470123145e-09,2.061153470123145e-09,2.061153470123145e-09,2.061153470123145e-09,1.0,2.061153470123145e-09,2.061153470123145e-09,2.061153470123145e-09,2.061153470123145e-09,2.061153470123145e-09
3,2021-01-28,2,3.1923848262396154e-199,8.318722615504927e-161,1.0,-0.007137231063097715,2.061153470123145e-09,2.061153470123145e-09,2.061153470123145e-09,2.061153470123145e-09,2.061153470123145e-09,2.061153470123145e-09,2.061153470123145e-09,2.061153470123145e-09,1.0,2.061153470123145e-09,2.061153470123145e-09,2.061153470123145e-09,2.061153470123145e-09,2.061153470123145e-09
3,2021-01-29,2,1.1956161347647948e-238,6.061146993812205e-201,1.0,0.004367695655673742,2.061153470123145e-09,2.061153470123145e-09,2.061153470123145e-09,2.061153470123145e-09,2.061153470123145e-09,2.061153470123145e-09,2.061153470123145e-09,2.061153470123145e-09,1.0,2.061153470123145e-09,2.061153470123145e-09,2.061153470123145e-09,2.061153470123145e-09,2.061153470123145e-09
3,2021-02-01,2,4.54600604503797e-196,5.552529350681512e-166,1.0,0.010640468448400497,2.061153470123145e-09,2.061153470123145e-09,2.061153470123145e-09,2.061153470123145e-09,2.061153470123145e-09,2.061153470123145e-09,2.061153470123145e-09,2.061153470123145e-09,1.0,2.061153470123145e-09,2.061153470123145e-09,2.061153470123145e-09,2.061153470123145e-09,2.061153470123145e-09
3,2021-02-02,2,4.3544607938968875e-185,3.1542816964311297e-155,1.0,-0.00510904951884832,2.061152581944725e-09,2.061152581944725e-09,2.061152581944725e-09,2.061152581944725e-09,2.061152581944725e-09,2.061152581944725e-09,2.061152581944725e-09,2.061152581944725e-09,0.9999995231628418,2.061152581944725e-09,2.061152581944725e-09,4.5204214416116884e-07,2.061152581944725e-09,2.061152581944725e-09
3,2021-02-03,2,5.645516728264357e-148,1.251671796835499e-121,1.0,-0.009899118122900388,2.061153470123145e-09,2.061153470123145e-09,2.061153470123145e-09,2.061153470123145e-09,2.061153470123145e-09,2.061153470123145e-09,2.061153470123145e-09,2.061153470123145e-09,1.0,2.061153470123145e-09,2.061153470123145e-09,2.061153470123145e-09,2.061153470123145e-09,2.061153470123145e-09
3,2021-02-04,2,3.665002923489455e-168,5.844265227660046e-138,1.0,-0.008793041110038757,2.061153470123145e-09,2.061153470123145e-09,2.061153470123145e-09,2.061153470123145e-09,2.061153470123145e-09,2.061153470123145e-09,2.061153470123145e-09,2.061153470123145e-09,1.0,2.061153470123145e-09,2.061153470123145e-09,2.061153470123145e-09,2.061153470123145e-09,2.061153470123145e-09
3,2021-02-05,2,6.810200430047403e-109,1.3118471059939337e-85,1.0,-0.013743114657700062,2.061153470123145e-09,2.061153470123145e-09,2.061153470123145e-09,2.061153470123145e-09,2.061153470123145e-09,2.061153470123145e-09,2.061153470123145e-09,2.061153470123145e-09,1.0,2.061153470123145e-09,2.061153470123145e-09,2.061153470123145e-09,2.061153470123145e-09,2.061153470123145e-09
3,2021-02-08,2,2.705560047580707e-95,1.5177000528827463e-73,1.0,0.008510686457157135,2.061153470123145e-09,2.061153470123145e-09,2.061153470123145e-09,2.061153470123145e-09,2.061153470123145e-09,2.061153470123145e-09,2.061153470123145e-09,2.061153470123145e-09,1.0,2.061153470123145e-09,2.061153470123145e-09,2.061153470123145e-09,2.061153470123145e-09,2.061153470123145e-09
3,2021-02-09,2,2.973600319605768e-70,5.274264644301932e-51,1.0,0.013627437874674797,2.061153470123145e-09,2.061153470123145e-09,2.061153470123145e-09,2.061153470123145e-09,2.061153470123145e-09,2.061153470123145e-09,2.061153470123145e-09,2.061153470123145e-09,1.0,2.061153470123145e-09,2.061153470123145e-09,2.061153470123145e-09,2.061153470123145e-09,2.061153470123145e-09
3,2021-02-10,2,1.0601648573859528e-94,7.399282375476038e-70,1.0,0.0019898443470126948,1.2149104122727294e-07,2.0599320027514523e-09,2.0599320027514523e-09,2.0599320027514523e-09,2.0599320027514523e-09,2.0599320027514523e-09,2.0599320027514523e-09,2.0599320027514523e-09,0.9994073510169983,2.0599320027514523e-09,2.0599320027514523e-09,0.0005925045697949827,2.0599320027514523e-09,2.723249625802282e-09
3,2021-02-15,2,3.01807486446687e-85,4.8340242559372004e-64,1.0,0.013944216933846473,0.3182719349861145,6.560073595451854e-10,6.560073595451854e-10,6.560073595451854e-10,0.005837225820869207,6.560073595451854e-10,6.560073595451854e-10,6.560073595451854e-10,0.3182719349861145,6.560073595451854e-10,6.560073595451854e-10,0.3182719349861145,3.402044645994806e-09,0.03934692218899727
3,2021-02-16,2,3.6705890537877826e-70,2.713137520622162e-51,1.0,0.000599708560295403,2.061153470123145e-09,2.061153470123145e-09,2.061153470123145e-09,2.061153470123145e-09,2.061153470123145e-09,2.061153470123145e-09,2.061153470123145e-09,2.061153470123145e-09,1.0,2.061153470123145e-09,2.061153470123145e-09,2.061153470123145e-09,2.061153470123145e-09,2.061153470123145e-09
3,2021-02-17,2,3.018705685364154e-81,1.5485301570205996e-59,1.0,-0.018252363428473473,2.061153470123145e-09,2.061153470123145e-09,2.061153470123145e-09,2.061153470123145e-09,2.061153470123145e-09,2.061153470123145e-09,2.061153470123145e-09,2.061153470123145e-09,1.0,2.061153470123145e-09,2.061153470123145e-09,2.061153470123145e-09,2.061153470123145e-09,2.061153470123145e-09
3,2021-02-18,2,5.1896583440108225e-87,1.349196836179096e-64,1.0,-0.0036908420734107494,2.061153470123145e-09,2.061153470123145e-09,2.061153470123145e-09,2.061153470123145e-09,2.061153470123145e-09,2.061153470123145e-09,2.061153470123145e-09,2.061153470123145e-09,1.0,2.061153470123145e-09,2.061153470123145e-09,2.061153470123145e-09,2.061153470123145e-09,2.061153470123145e-09
3,2021-02-19,2,7.196347819429541e-97,6.319186948708592e-73,1.0,-0.006181783974170685,2.061153470123145e-09,2.061153470123145e-09,2.061153470123145e-09,2.061153470123145e-09,2.061153470123145e-09,2.061153470123145e-09,2.061153470123145e-09,2.061153470123145e-09,1.0,2.061153470123145e-09,2.061153470123145e-09,2.061153470123145e-09,2.061153470123145e-09,2.061153470123145e-09
3,2021-02-22,2,2.8340403223530823e-106,2.402888021887775e-81,1.0,0.010956573376059531,6.868557389516639e-10,6.868557389516639e-10,1.550389015392284e-06,9.624938002161798e-08,1.8933887986349873e-05,7.134736392799823e-07,2.3097609300748445e-06,0.00013705129094887525,0.33323851227760315,0.000123834892292507,1.192689391693591e-09,6.868557389516639e-10,0.33323851227760315,0.33323851227760315
3,2021-02-23,2,2.0961209234215807e-95,3.016698862742693e-73,1.0,0.009556131513416766,2.061153470123145e-09,2.061153470123145e-09,2.061153470123145e-09,2.061153470123145e-09,2.061153470123145e-09,2.061153470123145e-09,2.061153470123145e-09,2.061153470123145e-09,1.0,2.061153470123145e-09,2.061153470123145e-09,2.061153470123145e-09,2.061153470123145e-09,2.061153470123145e-09
3,2021-02-24,2,6.824253984758226e-128,7.192965862210013e-99,1.0,-0.0016193654155358672,2.061153470123145e-09,2.061153470123145e-09,2.061153470123145e-09,2.061153470123145e-09,2.061153470123145e-09,2.061153470123145e-09,2.061153470123145e-09,2.061153470123145e-09,1.0,2.061153470123145e-09,2.061153470123145e-09,2.061153470123145e-09,2.061153470123145e-09,2.061153470123145e-09
3,2021-02-25,2,2.309763029854585e-103,1.1694835959990371e-80,1.0,-0.00650413054972887,2.061153470123145e-09,2.061153470123145e-09,2.061153470123145e-09,2.061153470123145e-09,2.061153470123145e-09,2.061153470123145e-09,2.061153470123145e-09,2.061153470123145e-09,1.0,2.061153470123145e-09,2.061153470123145e-09,2.061153470123145e-09,2.061153470123145e-09,2.061153470123145e-09
3,2021-02-26,2,2.3321151924433043e-171,8.242702248004317e-135,1.0,-0.019354142248630524,2.061153470123145e-09,2.061153470123145e-09,2.061153470123145e-09,2.061153470123145e-09,2.061153470123145e-09,2.061153470123145e-09,2.061153470123145e-09,2.061153470123145e-09,1.0,2.061153470123145e-09,2.061153470123145e-09,2.061153470123145e-09,2.061153470123145e-09,2.061153470123145e-09
3,2021-03-02,2,1.894050110276124e-147,3.529649323583732e-120,1.0,-0.025690799197189154,2.0611434781159232e-09,4.926942438032711e-06,2.0611434781159232e-09,2.0611434781159232e-09,2.0611434781159232e-09,2.0611434781159232e-09,2.0611434781159232e-09,2.0611434781159232e-09,0.9999950528144836,2.0611434781159232e-09,2.0611434781159232e-09,2.0611434781159232e-09,2.0611434781159232e-09,2.0611434781159232e-09
3,2021-03-03,2,2.4955288445662698e-105,1.4127605538904442e-82,1.0,0.006802707361050307,2.061153470123145e-09,2.061153470123145e-09,2.061153470123145e-09,2.061153470123145e-09,2.061153470123145e-09,2.061153470123145e-09,2.061153470123145e-09,2.061153470123145e-09,1.0,2.061153470123145e-09,2.061153470123145e-09,2.061153470123145e-09,2.061153470123145e-09,2.061153470123145e-09
3,2021-03-04,2,2.5146055384518244e-132,2.829131093013413e-104,1.0,-0.00851066317409277,2.061153470123145e-09,2.061153470123145e-09,2.061153470123145e-09,2.061153470123145e-09,2.061153470123145e-09,2.061153470123145e-09,2.061153470123145e-09,2.061153470123145e-09,1.0,2.061153470123145e-09,2.061153470123145e-09,2.061153470123145e-09,2.061153470123145e-09,2.061153470123145e-09
3,2021-03-05,2,1.9598351671029063e-120,1.2653101322815974e-95,1.0,-0.01160600894627387,2.0611010675963826e-09,2.0611010675963826e-09,2.0611010675963826e-09,2.0611010675963826e-09,2.0611010675963826e-09,2.0611010675963826e-09,2.0611010675963826e-09,2.0611010675963826e-09,0.9999744892120361,2.0611010675963826e-09,2.0611010675963826e-09,2.0611010675963826e-09,2.4440971174044535e-05,1.059861688190722e-06
3,2021-03-08,2,1.4341800980560354e-128,3.904859647675036e-102,1.0,0.0047443735270459005,2.061153470123145e-09,2.061153470123145e-09,2.061153470123145e-09,2.061153470123145e-09,2.061153470123145e-09,2.061153470123145e-09,2.061153470123145e-09,2.061153470123145e-09,1.0,2.061153470123145e-09,2.061153470123145e-09,2.061153470123145e-09,2.061153470123145e-09,2.061153470123145e-09
3,2021-03-09,2,2.097100513678628e-132,9.70290261748616e-106,1.0,-0.007294324538856744,1.873510652172783e-10,0.09089621901512146,0.09089621901512146,0.09089621901512146,0.09089621901512146,0.09089621901512146,0.09089621901512146,0.09089621901512146,0.09089621901512146,0.09089621901512146,0.00014158521662466228,1.873510652172783e-10,0.09089621901512146,0.09089621901512146
3,2021-03-10,2,1.0472777169198567e-115,1.0188311339938077e-91,1.0,0.010953670521080493,2.061153470123145e-09,2.061153470123145e-09,2.061153470123145e-09,2.061153470123145e-09,2.061153470123145e-09,2.061153470123145e-09,2.061153470123145e-09,2.061153470123145e-09,1.0,2.061153470123145e-09,2.061153470123145e-09,2.061153470123145e-09,2.061153470123145e-09,2.061153470123145e-09
3,2021-03-11,2,2.623280413908234e-83,1.2272230876951711e-62,1.0,0.014069906726584305,2.06107886313589e-09,2.06107886313589e-09,2.06107886313589e-09,2.06107886313589e-09,2.06107886313589e-09,2.06107886313589e-09,2.06107886313589e-09,2.06107886313589e-09,0.9999637007713318,2.06107886313589e-09,2.06107886313589e-09,3.627078694989905e-05,2.06107886313589e-09,2.06107886313589e-09
3,2021-03-12,2,6.531075151482873e-77,3.8961788533153124e-57,1.0,-0.011496890045332475,2.0611523599001202e-09,5.963443072687369e-07,2.0611523599001202e-09,2.0611523599001202e-09,2.0611523599001202e-09,2.0611523599001202e-09,2.0611523599001202e-09,2.0611523599001202e-09,0.9999994039535522,2.0611523599001202e-09,2.0611523599001202e-09,2.0611523599001202e-09,2.0611523599001202e-09,2.0611523599001202e-09
3,2021-03-15,2,1.4995470615840635e-83,5.621930884755472e-62,1.0,0.004699868902828541,2.061153470123145e-09,2.061153470123145e-09,2.061153470123145e-09,2.061153470123145e-09,2.061153470123145e-09,2.061153470123145e-09,2.061153470123145e-09,2.061153470123145e-09,1.0,2.061153470123145e-09,2.061153470123145e-09,2.061153470123145e-09,2.061153470123145e-09,2.061153470123145e-09
3,2021-03-16,2,1.8986581723316655e-61,1.7865616291111117e-43,1.0,0.00806630402803421,2.061153470123145e-09,2.061153470123145e-09,2.061153470123145e-09,2.061153470123145e-09,2.061153470123145e-09,2.061153470123145e-09,2.061153470123145e-09,2.061153470123145e-09,1.0,2.061153470123145e-09,2.061153470123145e-09,2.061153470123145e-09,2.061153470123145e-09,2.061153470123145e-09
3,2021-03-17,2,4.0844662823500955e-69,2.1675266611265087e-49,1.0,0.0012676829937845469,2.061153470123145e-09,2.061153470123145e-09,2.061153470123145e-09,2.061153470123145e-09,2.061153470123145e-09,2.061153470123145e-09,2.061153470123145e-09,2.061153470123145e-09,1.0,2.061153470123145e-09,2.061153470123145e-09,2.061153470123145e-09,2.061153470123145e-09,2.061153470123145e-09
3,2021-03-18,2,1.0540357813601767e-47,9.174219200159664e-31,1.0,0.00673399674142523,2.06115324807854e-09,2.06115324807854e-09,2.06115324807854e-09,2.06115324807854e-09,2.06115324807854e-09,2.06115324807854e-09,2.06115324807854e-09,2.06115324807854e-09,0.9999998211860657,2.06115324807854e-09,2.06115324807854e-09,2.06115324807854e-09,1.6671047831096075e-07,6.614631953283379e-09
3,2021-03-19,2,3.398069838924015e-65,4.579509724325936e-44,1.0,-0.002940560277599857,2.061153470123145e-09,2.061153470123145e-09,2.061153470123145e-09,2.061153470123145e-09,2.061153470123145e-09,2.061153470123145e-09,2.061153470123145e-09,2.061153470123145e-09,1.0,2.061153470123145e-09,2.061153470123145e-09,2.061153470123145e-09,2.061153470123145e-09,2.061153470123145e-09
3,2021-03-22,2,2.8090632673167684e-60,4.593156067957462e-42,1.0,0.004278473512083292,0.5,1.030576846083875e-09,1.030576846083875e-09,1.030576846083875e-09,1.030576846083875e-09,1.030576846083875e-09,1.030576846083875e-09,1.030576846083875e-09,1.030576846083875e-09,1.030576846083875e-09,1.030576846083875e-09,0.5,1.030576846083875e-09,1.030576846083875e-09
3,2021-03-23,2,3.733930118049329e-53,1.3352981531025168e-36,1.0,-0.0029765802159905435,0.19999977946281433,4.1223027769099474e-10,4.1223027769099474e-10,4.1223027769099474e-10,0.19999977946281433,4.1223027769099474e-10,4.1223027769099474e-10,4.1223027769099474e-10,0.19999977946281433,1.7504555671621347e-07,4.142256671002542e-07,0.19999977946281433,5.180496600587503e-07,0.19999977946281433
3,2021-03-24,2,5.888193103927185e-49,4.507967107909287e-33,1.0,-0.004047963162139058,2.061153470123145e-09,2.061153470123145e-09,2.061153470123145e-09,2.061153470123145e-09,2.061153470123145e-09,2.061153470123145e-09,2.061153470123145e-09,2.061153470123145e-09,1.0,2.061153470123145e-09,2.061153470123145e-09,2.061153470123145e-09,2.061153470123145e-09,2.061153470123145e-09
3,2021-03-25,2,8.28871733849715e-40,5.239765219088815e-25,1.0,0.002117333933711052,2.061153470123145e-09,2.061153470123145e-09,2.061153470123145e-09,2.061153470123145e-09,2.061153470123145e-09,2.061153470123145e-09,2.061153470123145e-09,2.061153470123145e-09,1.0,2.061153470123145e-09,2.061153470123145e-09,2.061153470123145e-09,2.061153470123145e-09,2.061153470123145e-09
3,2021-03-26,2,2.6075223715433907e-33,5.0153536861262434e-17,1.0,-0.0038143349811434746,2.061153470123145e-09,2.061153470123145e-09,2.061153470123145e-09,2.061153470123145e-09,2.061153470123145e-09,2.061153470123145e-09,2.061153470123145e-09,2.061153470123145e-09,1.0,2.061153470123145e-09,2.061153470123145e-09,2.061153470123145e-09,2.061153470123145e-09,2.061153470123145e-09
3,2021-03-29,2,6.5742991696608e-45,2.5109821762191427e-26,1.0,-0.0012747679138556123,2.061153470123145e-09,2.061153470123145e-09,2.061153470123145e-09,2.061153470123145e-09,2.061153470123145e-09,2.061153470123145e-09,2.061153470123145e-09,2.061153470123145e-09,1.0,2.061153470123145e-09,2.061153470123145e-09,2.061153470123145e-09,2.061153470123145e-09,2.061153470123145e-09
3,2021-03-30,2,8.379146699787253e-33,7.647981667834041e-20,1.0,-0.011545961768239278,2.06115324807854e-09,2.06115324807854e-09,2.06115324807854e-09,2.06115324807854e-09,2.06115324807854e-09,2.06115324807854e-09,2.06115324807854e-09,2.06115324807854e-09,0.9999998211860657,2.06115324807854e-09,2.06115324807854e-09,2.06115324807854e-09,1.2663181792049727e-07,2.06115324807854e-09
3,2021-03-31,2,5.856206253629599e-32,3.4067189681353053e-19,1.0,-0.012551579669922132,2.061153470123145e-09,2.061153470123145e-09,2.061153470123145e-09,2.061153470123145e-09,2.061153470123145e-09,2.061153470123145e-09,2.061153470123145e-09,2.061153470123145e-09,1.0,2.061153470123145e-09,2.061153470123145e-09,2.061153470123145e-09,2.061153470123145e-09,2.061153470123145e-09
3,2021-04-01,2,7.012454259430459e-28,2.7255960339060024e-15,1.0,0.015557808801531792,2.061153470123145e-09,2.061153470123145e-09,2.061153470123145e-09,2.061153470123145e-09,2.061153470123145e-09,2.061153470123145e-09,2.061153470123145e-09,2.061153470123145e-09,1.0,2.061153470123145e-09,2.061153470123145e-09,2.061153470123145e-09,2.061153470123145e-09,2.061153470123145e-09
3,2021-04-02,2,1.5313096074830702e-25,8.276655925052495e-14,1.0,0.003424684051424265,2.061153470123145e-09,2.061153470123145e-09,2.061153470123145e-09,2.061153470123145e-09,2.061153470123145e-09,2.061153470123145e-09,2.061153470123145e-09,2.061153470123145e-09,1.0,2.061153470123145e-09,2.061153470123145e-09,2.061153470123145e-09,2.061153470123145e-09,2.061153470123145e-09
3,2021-04-07,2,7.060409232142682e-16,3.389389899018507e-07,0.9999996610609406,0.01991665871143341,2.061153470123145e-09,1.0,2.061153470123145e-09,2.061153470123145e-09,2.061153470123145e-09,2.061153470123145e-09,2.061153470123145e-09,2.061153470123145e-09,2.061153470123145e-09,2.061153470123145e-09,2.061153470123145e-09,2.061153470123145e-09,2.061153470123145e-09,2.061153470123145e-09
3,2021-04-08,2,1.768791613428274e-89,3.3360733205854684e-22,1.0,0.0018092949900776149,2.061153470123145e-09,2.061153470123145e-09,2.061153470123145e-09,2.061153470123145e-09,2.061153470123145e-09,2.061153470123145e-09,2.061153470123145e-09,2.061153470123145e-09,1.0,2.061153470123145e-09,2.061153470123145e-09,2.061153470123145e-09,2.061153470123145e-09,2.061153470123145e-09
3,2021-04-09,2,4.800194563049415e-14,9.338513554513112e-05,0.9999066148644488,0.0029455090407282114,2.061153470123145e-09,2.061153470123145e-09,2.061153470123145e-09,2.061153470123145e-09,2.061153470123145e-09,2.061153470123145e-09,2.061153470123145e-09,2.061153470123145e-09,1.0,2.061153470123145e-09,2.061153470123145e-09,2.061153470123145e-09,2.061153470123145e-09,2.061153470123145e-09
3,2021-04-12,2,1.2385146112527513e-13,2.9118763316391832e-05,0.9999708812364573,0.0029469425529241563,4.280017174007611e-10,0.2076515406370163,0.2076515406370163,0.030230974778532982,4.280017174007611e-10,0.13840875029563904,0.2076515406370163,0.2076515406370163,4.280017174007611e-10,0.00019579303625505418,3.4931533718918217e-06,4.280017174007611e-10,0.0005548416520468891,4.280017174007611e-10
3,2021-04-13,2,3.623147860378147e-20,3.2695460854820346e-06,0.999996730453974,-0.008777908818423748,2.061040449419238e-09,5.491127012646757e-05,2.061040449419238e-09,2.061040449419238e-09,2.061040449419238e-09,2.061040449419238e-09,2.061040449419238e-09,2.061040449419238e-09,0.9999450445175171,2.061040449419238e-09,2.061040449419238e-09,2.061040449419238e-09,2.061040449419238e-09,2.061040449419238e-09
3,2021-04-14,2,2.171528982772936e-30,1.898885904621334e-09,0.9999999981012024,-0.004501661606878042,2.061153470123145e-09,1.0,2.061153470123145e-09,2.061153470123145e-09,2.061153470123145e-09,2.061153470123145e-09,2.061153470123145e-09,2.061153470123145e-09,4.715728696425003e-09,2.061153470123145e-09,2.061153470123145e-09,2.061153470123145e-09,2.061153470123145e-09,2.061153470123145e-09
3,2021-04-15,2,3.4767739111869617e-84,6.8686353316219995e-18,1.0,0.006611049608141184,2.0611246043245046e-09,1.4005550838191994e-05,2.0611246043245046e-09,2.0611246043245046e-09,2.0611246043245046e-09,2.0611246043245046e-09,2.0611246043245046e-09,2.0611246043245046e-09,2.0611246043245046e-09,2.0611246043245046e-09,2.0611246043245046e-09,0.9999859929084778,2.0611246043245046e-09,2.0611246043245046e-09
3,2021-04-16,2,2.4950738775299964e-16,1.4734798798472954e-07,0.9999998526520921,0.008989031171798705,1.030576846083875e-09,1.030576846083875e-09,1.030576846083875e-09,1.030576846083875e-09,1.030576846083875e-09,1.030576846083875e-09,1.030576846083875e-09,1.030576846083875e-09,0.5,1.030576846083875e-09,1.030576846083875e-09,0.5,1.030576846083875e-09,1.030576846083875e-09
3,2021-04-19,2,9.497469957238387e-19,3.798569585008695e-09,0.9999999962014954,0.009383710777759551,2.061153470123145e-09,3.9802969808988564e-08,2.061153470123145e-09,2.061153470123145e-09,2.061153470123145e-09,2.061153470123145e-09,2.061153470123145e-09,2.061153470123145e-09,0.9999999403953552,2.061153470123145e-09,2.061153470123145e-09,2.061153470123145e-09,2.061153470123145e-09,2.061153470123145e-09
3,2021-04-20,2,2.4129163619934505e-18,7.247463508201431e-09,0.9999999927524641,-0.006207366022913479,2.061153470123145e-09,2.061153470123145e-09,2.061153470123145e-09,2.061153470123145e-09,2.061153470123145e-09,2.061153470123145e-09,2.061153470123145e-09,2.061153470123145e-09,1.0,2.061153470123145e-09,2.061153470123145e-09,2.061153470123145e-09,2.061153470123145e-09,2.061153470123145e-09
3,2021-04-21,2,1.0622866685985205e-23,1.0771880099760991e-12,0.9999999999988631,-0.006936582512408495,0.33266928791999817,6.856825107703912e-10,6.856825107703912e-10,6.856825107703912e-10,0.00017774860316421837,6.856825107703912e-10,6.856825107703912e-10,6.856825107703912e-10,0.33266928791999817,6.856825107703912e-10,6.856825107703912e-10,0.33266928791999817,7.565185700109112e-10,0.0018143727211281657
3,2021-04-22,2,7.617840422608732e-18,1.598858783979417e-08,0.9999999840113106,0.0026618117071688175,2.058809789318161e-09,2.058809789318161e-09,2.058809789318161e-09,2.058809789318161e-09,2.058809789318161e-09,2.058809789318161e-09,2.058809789318161e-09,2.058809789318161e-09,0.9988628029823303,2.058809789318161e-09,2.058809789318161e-09,0.0011371502187103033,2.058809789318161e-09,2.058809789318161e-09
3,2021-04-23,2,2.941443853017032e-20,3.3122496309869223e-10,0.9999999996687166,-0.003697246783762239,2.06115324807854e-09,2.06115324807854e-09,2.06115324807854e-09,2.06115324807854e-09,2.06115324807854e-09,2.06115324807854e-09,2.06115324807854e-09,2.06115324807854e-09,0.9999998211860657,2.06115324807854e-09,2.06115324807854e-09,1.557236259941419e-07,2.06115324807854e-09,2.06115324807854e-09
3,2021-04-26,2,6.094470620022984e-22,5.967216746758861e-11,0.9999999999404281,-0.0037105430881949845,2.061153470123145e-09,2.061153470123145e-09,2.061153470123145e-09,2.061153470123145e-09,2.061153470123145e-09,2.061153470123145e-09,2.061153470123145e-09,2.061153470123145e-09,1.0,2.061153470123145e-09,2.061153470123145e-09,2.061153470123145e-09,2.061153470123145e-09,2.061153470123145e-09
3,2021-04-27,2,1.1254214976727747e-67,1.825728722170979e-15,1.0,-0.012507013554871082,0.5,1.030576846083875e-09,1.030576846083875e-09,1.030576846083875e-09,1.030576846083875e-09,1.030576846083875e-09,1.030576846083875e-09,1.030576846083875e-09,1.030576846083875e-09,1.030576846083875e-09,1.030576846083875e-09,0.5,1.030576846083875e-09,1.030576846083875e-09
3,2021-04-28,2,3.15826293817839e-260,2.70410061192703e-71,1.0,-0.007334964859485626,2.0611514717217005e-09,1.0125356766366167e-06,2.0611514717217005e-09,2.0611514717217005e-09,2.0611514717217005e-09,2.0611514717217005e-09,2.0611514717217005e-09,2.0611514717217005e-09,0.9999989867210388,2.0611514717217005e-09,2.0611514717217005e-09,2.0611514717217005e-09,2.0611514717217005e-09,2.0611514717217005e-09
3,2021-04-29,2,1.5833766405835316e-23,1.4442933015864088e-12,0.9999999999986358,-0.013443381103873253,0.5,1.030576846083875e-09,1.030576846083875e-09,1.030576846083875e-09,1.030576846083875e-09,1.030576846083875e-09,1.030576846083875e-09,1.030576846083875e-09,1.030576846083875e-09,1.030576846083875e-09,1.030576846083875e-09,0.5,1.030576846083875e-09,1.030576846083875e-09
3,2021-04-30,2,4.730817451416954e-22,1.2248494799928969e-11,0.9999999999877218,0.019579450929164886,2.0608343920258676e-09,0.9998450875282288,2.0608343920258676e-09,2.0608343920258676e-09,2.0608343920258676e-09,2.0608343920258676e-09,2.0608343920258676e-09,2.0608343920258676e-09,2.0608343920258676e-09,2.0608343920258676e-09,2.0608343920258676e-09,0.00015487094060517848,2.0608343920258676e-09,2.0608343920258676e-09
3,2021-05-03,2,3.0843455148237604e-194,7.603774454008251e-39,1.0,0.0038390657603740693,2.061153470123145e-09,2.061153470123145e-09,2.061153470123145e-09,2.061153470123145e-09,2.061153470123145e-09,2.061153470123145e-09,2.061153470123145e-09,2.061153470123145e-09,1.0,2.061153470123145e-09,2.061153470123145e-09,2.061153470123145e-09,2.061153470123145e-09,2.061153470123145e-09
3,2021-05-04,2,2.1269990401117015e-13,1.346624341950812e-05,0.9999865337562764,0.004326975860446692,0.3333333432674408,0.3333333432674408,6.870511937151491e-10,6.870511937151491e-10,6.870511937151491e-10,6.870511937151491e-10,6.870511937151491e-10,6.870511937151491e-10,6.870511937151491e-10,6.870511937151491e-10,6.870511937151491e-10,0.3333333432674408,6.870511937151491e-10,6.870511937151491e-10
3,2021-05-06,2,3.4257239748835593e-13,1.651087167827811e-05,0.9999834891278806,0.004216544286161661,2.061153470123145e-09,2.061153470123145e-09,2.061153470123145e-09,2.061153470123145e-09,2.061153470123145e-09,2.061153470123145e-09,2.061153470123145e-09,2.061153470123145e-09,1.0,2.061153470123145e-09,2.061153470123145e-09,2.061153470123145e-09,2.061153470123145e-09,2.061153470123145e-09
3,2021-05-07,2,1.1053015580358395e-25,3.3310965701265226e-08,0.999999966689075,0.014236556278359427,2.061153026033935e-09,2.8888175052088627e-07,2.061153026033935e-09,2.061153026033935e-09,2.061153026033935e-09,2.061153026033935e-09,2.061153026033935e-09,2.061153026033935e-09,0.9999997019767761,2.061153026033935e-09,2.061153026033935e-09,2.061153026033935e-09,2.061153026033935e-09,2.061153026033935e-09
3,2021-05-10,2,1.854060009445308e-40,8.444954836832828e-10,0.9999999991555342,0.010046306010135024,2.061153470123145e-09,9.396313771503628e-08,2.061153470123145e-09,2.061153470123145e-09,2.061153470123145e-09,2.061153470123145e-09,2.061153470123145e-09,2.061153470123145e-09,0.9999998807907104,2.061153470123145e-09,2.061153470123145e-09,2.061153470123145e-09,2.195350568001686e-09,2.061153470123145e-09
3,2021-05-11,2,3.34860458146775e-30,1.338962146147321e-17,1.0,-0.0016006512185777198,2.061153470123145e-09,2.061153470123145e-09,2.061153470123145e-09,2.061153470123145e-09,2.061153470123145e-09,2.061153470123145e-09,2.061153470123145e-09,2.061153470123145e-09,1.0,2.061153470123145e-09,2.061153470123145e-09,2.061153470123145e-09,2.061153470123145e-09,2.061153470123145e-09
3,2021-05-12,2,6.807070634658389e-88,6.81907684352786e-45,1.0,-0.02488086982369423,2.061153470123145e-09,0.9999999403953552,2.061153470123145e-09,2.061153470123145e-09,2.061153470123145e-09,2.061153470123145e-09,2.061153470123145e-09,2.061153470123145e-09,2.061153470123145e-09,2.061153470123145e-09,2.061153470123145e-09,1.3696377365590706e-08,2.061153470123145e-09,2.061153470123145e-09
3,2021-05-13,2,8.141254546274553e-43,6.428257199964338e-28,1.0,-0.007537344962358475,2.0594133065543474e-09,2.0594133065543474e-09,2.0594133065543474e-09,2.0594133065543474e-09,2.0594133065543474e-09,2.0594133065543474e-09,2.0594133065543474e-09,2.0594133065543474e-09,0.9991556406021118,2.0594133065543474e-09,2.0594133065543474e-09,0.0008443468250334263,2.0594133065543474e-09,2.0594133065543474e-09
3,2021-05-14,2,1.7548103852722812e-61,1.1019663499697265e-16,1.0,0.0076029601246118544,7.606996632603114e-07,1.8961594516753166e-09,1.8961594516753166e-09,1.8961594516753166e-09,1.8961594516753166e-09,1.8961594516753166e-09,1.8961594516753166e-09,1.8961594516753166e-09,0.9199506044387817,1.8961594516753166e-09,1.8961594516753166e-09,0.08004862815141678,1.8961594516753166e-09,1.8961594516753166e-09
3,2021-05-17,2,2.319102631688815e-25,5.2488580574655517e-14,1.0,-0.006707741794735193,1.3322116956260288e-06,0.021686917170882225,1.3322116956260288e-06,1.3322116956260288e-06,1.3322116956260288e-06,1.3322116956260288e-06,1.3322116956260288e-06,1.3322116956260288e-06,1.3322116956260288e-06,1.3322116956260288e-06,1.3322116956260288e-06,0.9782971143722534,1.3322116956260288e-06,1.3322116956260288e-06
3,2021-05-18,2,1.2621665332651523e-125,4.901719685974488e-26,1.0,0.00877121546715498,2.061153470123145e-09,2.061153470123145e-09,2.061153470123145e-09,2.061153470123145e-09,2.061153470123145e-09,2.061153470123145e-09,2.061153470123145e-09,2.061153470123145e-09,1.0,2.061153470123145e-09,2.061153470123145e-09,2.061153470123145e-09,2.061153470123145e-09,2.061153470123145e-09
3,2021-05-20,2,2.9289086891437204e-158,2.102237686285668e-48,1.0,0.0023529184982180595,2.061153470123145e-09,2.061153470123145e-09,2.061153470123145e-09,2.061153470123145e-09,2.061153470123145e-09,2.061153470123145e-09,2.061153470123145e-09,2.061153470123145e-09,1.0,2.061153470123145e-09,2.061153470123145e-09,2.061153470123145e-09,2.061153470123145e-09,2.061153470123145e-09
3,2021-05-21,2,9.156781666129747e-60,1.427731909030995e-27,1.0,-0.0003917185092614162,2.061153470123145e-09,2.061153470123145e-09,2.061153470123145e-09,2.061153470123145e-09,2.061153470123145e-09,2.061153470123145e-09,2.061153470123145e-09,2.061153470123145e-09,0.9999999403953552,2.061153470123145e-09,2.061153470123145e-09,3.794137626300653e-08,2.061153470123145e-09,2.061153470123145e-09
3,2021-05-24,2,1.757902922549015e-40,2.388672962990829e-23,1.0,0.004301091176104812,2.061153470123145e-09,2.061153470123145e-09,2.061153470123145e-09,2.061153470123145e-09,2.061153470123145e-09,2.061153470123145e-09,2.061153470123145e-09,2.061153470123145e-09,1.0,2.061153470123145e-09,2.061153470123145e-09,2.061153470123145e-09,2.061153470123145e-09,2.061153470123145e-09
3,2021-05-25,2,9.650061471621215e-51,2.652820961763162e-14,1.0,-0.0019527757540345192,2.061153470123145e-09,2.061153470123145e-09,2.061153470123145e-09,2.061153470123145e-09,2.061153470123145e-09,2.061153470123145e-09,2.061153470123145e-09,2.061153470123145e-09,1.0,2.061153470123145e-09,2.061153470123145e-09,2.061153470123145e-09,2.061153470123145e-09,2.061153470123145e-09
3,2021-05-26,2,7.149003511956938e-23,3.1999810584833913e-10,0.9999999996800852,0.012818225659430027,2.061153470123145e-09,2.061153470123145e-09,2.061153470123145e-09,2.061153470123145e-09,2.061153470123145e-09,2.061153470123145e-09,2.061153470123145e-09,2.061153470123145e-09,1.0,2.061153470123145e-09,2.061153470123145e-09,2.061153470123145e-09,2.061153470123145e-09,2.061153470123145e-09
3,2021-05-27,2,1.0181606760275523e-39,3.5984228736277973e-11,0.999999999964075,-0.0019316530087962747,2.061153470123145e-09,2.061153470123145e-09,2.061153470123145e-09,2.061153470123145e-09,2.061153470123145e-09,2.061153470123145e-09,2.061153470123145e-09,2.061153470123145e-09,1.0,2.061153470123145e-09,2.061153470123145e-09,2.061153470123145e-09,2.061153470123145e-09,2.061153470123145e-09
3,2021-05-28,2,3.097377719545379e-15,8.96625174348911e-07,0.9999991033748229,0.0006206636459566654,0.5,1.030576846083875e-09,1.030576846083875e-09,1.030576846083875e-09,1.030576846083875e-09,1.030576846083875e-09,1.030576846083875e-09,1.030576846083875e-09,1.030576846083875e-09,1.030576846083875e-09,1.030576846083875e-09,0.5,1.030576846083875e-09,1.030576846083875e-09
3,2021-05-31,2,4.582650507382266e-23,1.1176017966987342e-08,0.9999999888239018,0.012695822390913963,2.061153470123145e-09,0.9999998807907104,2.061153470123145e-09,2.061153470123145e-09,2.061153470123145e-09,2.061153470123145e-09,2.061153470123145e-09,2.061153470123145e-09,2.061153470123145e-09,2.061153470123145e-09,2.061153470123145e-09,7.783665267879769e-08,2.061153470123145e-09,2.061153470123145e-09
3,2021-06-01,2,2.1785168194506958e-26,1.8826116499311612e-08,0.9999999811739146,-0.004783825957030058,2.061153470123145e-09,2.061153470123145e-09,2.061153470123145e-09,2.061153470123145e-09,2.061153470123145e-09,2.061153470123145e-09,2.061153470123145e-09,2.061153470123145e-09,2.061153470123145e-09,2.061153470123145e-09,2.061153470123145e-09,1.0,2.061153470123145e-09,2.061153470123145e-09
3,2021-06-02,2,9.546843508119363e-12,0.0001274939489153251,0.999872506041475,-0.009168086151778698,2.0611039541762466e-09,2.404496626695618e-05,2.0611039541762466e-09,2.0611039541762466e-09,2.0611039541762466e-09,2.0611039541762466e-09,2.0611039541762466e-09,2.0611039541762466e-09,0.9999759197235107,2.0611039541762466e-09,2.0611039541762466e-09,2.0611039541762466e-09,2.0611039541762466e-09,2.0611039541762466e-09
3,2021-06-03,2,1.121189841106677e-48,2.2588755918098142e-11,0.99999999997749,-7.120543776828469e-09,2.061153470123145e-09,2.061153470123145e-09,2.061153470123145e-09,2.061153470123145e-09,2.061153470123145e-09,2.061153470123145e-09,2.061153470123145e-09,2.061153470123145e-09,1.0,2.061153470123145e-09,2.061153470123145e-09,2.061153470123145e-09,2.061153470123145e-09,2.061153470123145e-09
3,2021-06-04,2,2.3851954720313262e-17,1.0116884090763946e-07,0.9999998988312251,-0.014433551748971013,2.0611461426511823e-09,3.6437713788473047e-06,2.0611461426511823e-09,2.0611461426511823e-09,2.0611461426511823e-09,2.0611461426511823e-09,2.0611461426511823e-09,2.0611461426511823e-09,0.9999963045120239,2.0611461426511823e-09,2.0611461426511823e-09,2.0611461426511823e-09,2.0611461426511823e-09,2.0611461426511823e-09
3,2021-06-07,2,4.138015418817481e-33,3.0644057939224876e-11,0.9999999999693046,0.006657538766284915,2.061153470123145e-09,2.061153470123145e-09,2.061153470123145e-09,2.061153470123145e-09,2.061153470123145e-09,2.061153470123145e-09,2.061153470123145e-09,2.061153470123145e-09,1.0,2.061153470123145e-09,2.061153470123145e-09,2.061153470123145e-09,2.061153470123145e-09,2.061153470123145e-09
3,2021-06-08,2,5.616193043643508e-34,8.533435130299236e-10,0.9999999991466666,0.007219891405850649,1.3575277080235537e-07,1.3575277080235537e-07,1.3575277080235537e-07,1.3575277080235537e-07,1.3575277080235537e-07,1.3575277080235537e-07,1.3575277080235537e-07,1.3575277080235537e-07,0.8972669243812561,1.3575277080235537e-07,1.3575277080235537e-07,0.10273142158985138,1.3575277080235537e-07,1.3575277080235537e-07
3,2021-06-09,2,4.576783375601992e-12,0.0002101226621488855,0.9997898773333088,-0.0023599908526986835,2.061153470123145e-09,2.061153470123145e-09,2.061153470123145e-09,2.061153470123145e-09,2.061153470123145e-09,2.061153470123145e-09,2.061153470123145e-09,2.061153470123145e-09,1.0,2.061153470123145e-09,2.061153470123145e-09,2.061153470123145e-09,2.061153470123145e-09,2.061153470123145e-09
3,2021-06-10,2,2.598088856375997e-27,5.1071588827703426e-05,0.9999489284111686,-0.0027242659125477076,2.061153470123145e-09,2.061153470123145e-09,2.061153470123145e-09,2.061153470123145e-09,2.061153470123145e-09,2.061153470123145e-09,2.061153470123145e-09,2.061153470123145e-09,1.0,2.061153470123145e-09,2.061153470123145e-09,2.061153470123145e-09,2.061153470123145e-09,2.061153470123145e-09
3,2021-06-11,1,1.430995983083539e-10,0.7196878872590288,0.28031211259791994,0.008150634355843067,2.061153470123145e-09,2.061153470123145e-09,2.061153470123145e-09,2.061153470123145e-09,2.061153470123145e-09,2.061153470123145e-09,2.061153470123145e-09,2.061153470123145e-09,1.0,2.061153470123145e-09,2.061153470123145e-09,2.061153470123145e-09,2.061153470123145e-09,2.061153470123145e-09
3,2021-06-14,1,1.6589878643193542e-05,0.9934141150889944,0.006569295032393037,0.01998096280992031,2.321489445122893e-09,2.061153470123145e-09,2.061153470123145e-09,2.061153470123145e-09,2.061153470123145e-09,2.061153470123145e-09,2.061153470123145e-09,2.061153470123145e-09,2.061153470123145e-09,2.061153470123145e-09,2.061153470123145e-09,1.0,2.061153470123145e-09,2.061153470123145e-09
3,2021-06-15,1,1.8200529076532705e-05,0.9997710171099586,0.00021078236099483848,0.0024607970405369998,2.061153470123145e-09,2.061153470123145e-09,2.061153470123145e-09,2.061153470123145e-09,2.061153470123145e-09,2.061153470123145e-09,2.061153470123145e-09,2.061153470123145e-09,1.0,2.061153470123145e-09,2.061153470123145e-09,2.061153470123145e-09,2.061153470123145e-09,2.061153470123145e-09
3,2021-06-16,1,9.46173226541564e-06,0.999749058807748,0.00024147946003464477,-0.004341757856309414,2.061153470123145e-09,2.061153470123145e-09,2.061153470123145e-09,2.061153470123145e-09,2.061153470123145e-09,2.061153470123145e-09,2.061153470123145e-09,2.061153470123145e-09,1.0,2.061153470123145e-09,2.061153470123145e-09,2.061153470123145e-09,2.061153470123145e-09,2.061153470123145e-09
3,2021-06-17,1,4.510283139506752e-06,0.9967947555149992,0.0032007342018418893,0.001456254816427827,0.5,1.030576846083875e-09,1.030576846083875e-09,1.030576846083875e-09,1.030576846083875e-09,1.030576846083875e-09,1.030576846083875e-09,1.030576846083875e-09,1.030576846083875e-09,1.030576846083875e-09,1.030576846083875e-09,0.5,1.030576846083875e-09,1.030576846083875e-09
3,2021-06-18,1,4.886632324475549e-06,0.9481440223429057,0.05185109102478295,-0.016254526141285898,2.061153470123145e-09,2.061153470123145e-09,2.061153470123145e-09,2.061153470123145e-09,2.061153470123145e-09,2.061153470123145e-09,2.061153470123145e-09,2.061153470123145e-09,1.0,2.061153470123145e-09,2.061153470123145e-09,2.061153470123145e-09,2.061153470123145e-09,2.061153470123145e-09
3,2021-06-21,2,2.136011732541691e-23,0.0015875052448285488,0.9984124947552638,-0.004870816629845649,1.084442047272205e-08,2.0499204556045925e-09,2.0499204556045925e-09,2.0499204556045925e-09,2.0499204556045925e-09,2.0499204556045925e-09,2.0499204556045925e-09,2.0499204556045925e-09,0.9945501089096069,2.0499204556045925e-09,2.0499204556045925e-09,0.00544988177716732,2.0499204556045925e-09,2.0499204556045925e-09
3,2021-06-22,2,1.5424133095182985e-21,0.0034382819632178506,0.9965617180366949,-0.008744834004342556,4.248564167141922e-09,2.061153470123145e-09,2.061153470123145e-09,2.061153470123145e-09,2.061153470123145e-09,2.061153470123145e-09,2.061153470123145e-09,2.061153470123145e-09,2.061153470123145e-09,2.061153470123145e-09,2.061153470123145e-09,1.0,2.061153470123145e-09,2.061153470123145e-09
3,2021-06-23,1,6.184196667143184e-07,0.9285810480287765,0.0714183335515718,-0.0007137038777116685,2.0611461426511823e-09,3.6328244732430903e-06,2.0611461426511823e-09,2.0611461426511823e-09,2.0611461426511823e-09,2.0611461426511823e-09,2.0611461426511823e-09,2.0611461426511823e-09,0.9999963641166687,2.0611461426511823e-09,2.0611461426511823e-09,2.0611461426511823e-09,2.0611461426511823e-09,2.0611461426511823e-09
3,2021-06-24,1,5.688585418518318e-06,0.9966245295674602,0.0033697818470879693,-0.0016545406302742776,2.0609229878232327e-09,0.00011182291927980259,2.0609229878232327e-09,2.0609229878232327e-09,2.0609229878232327e-09,2.0609229878232327e-09,2.0609229878232327e-09,2.0609229878232327e-09,0.9998881816864014,2.0609229878232327e-09,2.0609229878232327e-09,2.0609229878232327e-09,2.0609229878232327e-09,2.0609229878232327e-09
3,2021-06-25,1,4.328488347786574e-06,0.9996674243930743,0.0003282471186713638,0.021027339154481888,2.043441860166695e-09,0.9914069175720215,2.043441860166695e-09,2.043441860166695e-09,2.043441860166695e-09,2.043441860166695e-09,2.043441860166695e-09,2.043441860166695e-09,0.008593082427978516,2.043441860166695e-09,2.043441860166695e-09,2.043441860166695e-09,2.043441860166695e-09,2.043441860166695e-09
3,2021-06-28,1,4.659014777388706e-06,0.9998189531234454,0.0001763878618546578,0.0030111218601465224,2.061153470123145e-09,2.061153470123145e-09,2.061153470123145e-09,2.061153470123145e-09,2.061153470123145e-09,2.061153470123145e-09,2.061153470123145e-09,2.061153470123145e-09,1.0,2.061153470123145e-09,2.061153470123145e-09,2.061153470123145e-09,2.061153470123145e-09,2.061153470123145e-09
3,2021-06-29,1,3.1789621815456937e-06,0.999868129068375,0.00012869196946064637,0.0022815456353127957,2.061153470123145e-09,2.061153470123145e-09,2.061153470123145e-09,2.061153470123145e-09,2.061153470123145e-09,2.061153470123145e-09,2.061153470123145e-09,2.061153470123145e-09,6.46521698399738e-08,2.061153470123145e-09,2.061153470123145e-09,0.9999999403953552,2.061153470123145e-09,2.061153470123145e-09
3,2021-06-30,1,9.372558028848545e-06,0.9999173530962433,7.327434567253349e-05,0.002907978502738115,2.0607719974918837e-09,2.0607719974918837e-09,2.0607719974918837e-09,2.0607719974918837e-09,2.0607719974918837e-09,2.0607719974918837e-09,2.0607719974918837e-09,2.0607719974918837e-09,0.00018508937500882894,2.0607719974918837e-09,2.0607719974918837e-09,0.9998148679733276,2.0607719974918837e-09,2.0607719974918837e-09
3,2021-07-01,1,3.994010618128439e-05,0.999893478477526,6.658141628543117e-05,0.004520677436888218,0.499835729598999,1.0302382280613642e-09,1.0302382280613642e-09,1.0302382280613642e-09,1.0302382280613642e-09,1.0302382280613642e-09,1.0302382280613642e-09,1.0302382280613642e-09,0.00032855020253919065,1.0302382280613642e-09,1.0302382280613642e-09,0.499835729598999,1.0302382280613642e-09,1.0302382280613642e-09
3,2021-07-02,1,1.3560446222389929e-05,0.9999284228871957,5.8016666470270236e-05,-0.0007142604717984796,2.061153470123145e-09,2.061153470123145e-09,2.061153470123145e-09,2.061153470123145e-09,2.061153470123145e-09,2.061153470123145e-09,2.061153470123145e-09,2.061153470123145e-09,1.0,2.061153470123145e-09,2.061153470123145e-09,2.061153470123145e-09,2.061153470123145e-09,2.061153470123145e-09
3,2021-07-05,1,0.0007690919349852792,0.9991842027458779,4.670531914125962e-05,0.015156456691026688,0.5,1.030576846083875e-09,1.030576846083875e-09,1.030576846083875e-09,1.030576846083875e-09,1.030576846083875e-09,1.030576846083875e-09,1.030576846083875e-09,1.030576846083875e-09,1.030576846083875e-09,1.030576846083875e-09,0.5,1.030576846083875e-09,1.030576846083875e-09
3,2021-07-06,1,0.007781219780866947,0.9921588151787728,5.996504045459616e-05,0.001687650990486145,2.061153470123145e-09,1.0,2.061153470123145e-09,2.061153470123145e-09,2.061153470123145e-09,2.061153470123145e-09,2.061153470123145e-09,2.061153470123145e-09,2.061153470123145e-09,2.061153470123145e-09,2.061153470123145e-09,2.061153470123145e-09,2.061153470123145e-09,2.061153470123145e-09
3,2021-07-07,1,0.004179859165463726,0.9957414692664673,7.867156800229954e-05,-0.019379213452339172,2.061153470123145e-09,1.0,2.061153470123145e-09,2.061153470123145e-09,2.061153470123145e-09,2.061153470123145e-09,2.061153470123145e-09,2.061153470123145e-09,2.061153470123145e-09,2.061153470123145e-09,2.061153470123145e-09,2.061153470123145e-09,2.061153470123145e-09,2.061153470123145e-09
3,2021-07-08,1,2.7344987743948862e-05,0.9998069879730267,0.00016566703917356,-0.010758401404321194,4.260155783697428e-09,2.061153470123145e-09,2.061153470123145e-09,2.061153470123145e-09,2.061153470123145e-09,2.061153470123145e-09,2.061153470123145e-09,2.061153470123145e-09,2.061153470123145e-09,2.061153470123145e-09,2.061153470123145e-09,1.0,2.061153470123145e-09,2.061153470123145e-09
3,2021-07-09,1,5.7838685211585894e-08,0.9990997330717072,0.0009002090895602584,-0.00030024297908644255,2.061096626704284e-09,2.061096626704284e-09,2.061096626704284e-09,2.061096626704284e-09,2.061096626704284e-09,2.061096626704284e-09,2.061096626704284e-09,2.061096626704284e-09,0.999972403049469,2.061096626704284e-09,2.061096626704284e-09,2.7582907932810485e-05,2.061096626704284e-09,2.061096626704284e-09
3,2021-07-12,1,5.778785316279148e-12,0.9986111183730847,0.0013888816212045188,0.004169637674093247,0.5,1.030576846083875e-09,1.030576846083875e-09,1.030576846083875e-09,1.030576846083875e-09,1.030576846083875e-09,1.030576846083875e-09,1.030576846083875e-09,1.030576846083875e-09,1.030576846083875e-09,1.030576846083875e-09,0.5,1.030576846083875e-09,1.030576846083875e-09
3,2021-07-13,1,0.002249570702497489,0.9976199271969365,0.00013050210053340013,0.005358933583647012,7.171730764810036e-09,7.171730764810036e-09,7.171730764810036e-09,7.171730764810036e-09,7.171730764810036e-09,7.171730764810036e-09,7.171730764810036e-09,7.171730764810036e-09,0.994513988494873,7.171730764810036e-09,7.171730764810036e-09,0.0054859379306435585,7.171730764810036e-09,7.171730764810036e-09
3,2021-07-14,1,0.058454528710773605,0.9414628307765033,8.264051280892432e-05,-0.0026570291996002196,0.5,1.030576846083875e-09,1.030576846083875e-09,1.030576846083875e-09,1.030576846083875e-09,1.030576846083875e-09,1.030576846083875e-09,1.030576846083875e-09,1.030576846083875e-09,1.030576846083875e-09,1.030576846083875e-09,0.5,1.030576846083875e-09,1.030576846083875e-09
3,2021-07-15,1,0.0735257677091558,0.9262882798287314,0.00018595246202309518,0.007871292383968831,3.056555613056844e-07,1.3883296560379677e-05,3.056555613056844e-07,3.056555613056844e-07,3.056555613056844e-07,3.056555613056844e-07,3.056555613056844e-07,3.056555613056844e-07,4.8413626245746855e-06,3.056555613056844e-07,3.056555613056844e-07,0.9999778866767883,3.056555613056844e-07,3.056555613056844e-07
3,2021-07-16,1,0.067523149797087,0.9226014765107815,0.009875373692044323,0.0031457306315183812,6.24269773652486e-08,7.512568117817864e-06,6.24269773652486e-08,6.24269773652486e-08,6.24269773652486e-08,6.24269773652486e-08,6.24269773652486e-08,6.24269773652486e-08,6.24269773652486e-08,6.24269773652486e-08,6.24269773652486e-08,0.9999917149543762,6.24269773652486e-08,6.24269773652486e-08
3,2021-07-19,2,2.3676398874140207e-14,0.2615442251169421,0.738455774883022,-0.012067166666686535,2.061153470123145e-09,2.061153470123145e-09,2.061153470123145e-09,2.061153470123145e-09,2.061153470123145e-09,2.061153470123145e-09,2.061153470123145e-09,2.061153470123145e-09,1.0,2.061153470123145e-09,2.061153470123145e-09,2.061153470123145e-09,2.061153470123145e-09,2.061153470123145e-09
3,2021-07-20,2,1.2260883745749658e-07,0.20988681803375597,0.7901130593572955,0.007148236058652401,0.00016616620996501297,2.060788206748043e-09,2.060788206748043e-09,2.060788206748043e-09,2.060788206748043e-09,2.060788206748043e-09,2.060788206748043e-09,2.060788206748043e-09,1.105025876313448e-05,2.060788206748043e-09,2.060788206748043e-09,0.999822735786438,2.060788206748043e-09,2.060788206748043e-09
3,2021-07-21,2,5.349078775789342e-09,0.07031716171413391,0.9296828329368882,-0.0073623473092913625,1.9300430142976666e-09,1.9300430142976666e-09,1.9300430142976666e-09,1.9300430142976666e-09,1.9300430142976666e-09,1.9300430142976666e-09,1.9300430142976666e-09,1.9300430142976666e-09,0.0636102482676506,1.9300430142976666e-09,1.9300430142976666e-09,0.9363897442817688,1.9300430142976666e-09,1.9300430142976666e-09
3,2021-07-22,2,1.6175459366922138e-23,0.008400150181127913,0.9915998498187603,-0.007621904118359089,2.061153470123145e-09,8.15039591373079e-09,2.061153470123145e-09,2.061153470123145e-09,2.061153470123145e-09,2.061153470123145e-09,2.061153470123145e-09,2.061153470123145e-09,0.9999999403953552,2.061153470123145e-09,2.061153470123145e-09,2.4958446420697555e-09,2.061153470123145e-09,2.061153470123145e-09
3,2021-07-23,2,8.972188863486246e-06,0.13364716625022058,0.8663438615609725,0.0036771959397477985,2.061144366294343e-09,2.061144366294343e-09,2.061144366294343e-09,2.061144366294343e-09,2.061144366294343e-09,2.061144366294343e-09,2.061144366294343e-09,2.061144366294343e-09,0.9999955296516418,2.061144366294343e-09,2.061144366294343e-09,4.429811269801576e-06,2.061144366294343e-09,2.061144366294343e-09
3,2021-07-26,2,2.622596434010899e-20,0.0013837978444593598,0.9986162021554281,-0.011637955090403556,7.39251117920503e-06,0.4999963045120239,1.030569185545005e-09,1.030569185545005e-09,1.030569185545005e-09,1.030569185545005e-09,1.030569185545005e-09,1.030569185545005e-09,1.030569185545005e-09,1.030569185545005e-09,1.030569185545005e-09,0.4999963045120239,1.030569185545005e-09,1.030569185545005e-09
3,2021-07-27,2,3.8509710371412256e-11,0.0020380849356248223,0.9979619150259548,0.007376546860486269,2.0611483630972316e-09,0.9999973773956299,2.0611483630972316e-09,2.0611483630972316e-09,2.0611483630972316e-09,2.0611483630972316e-09,2.0611483630972316e-09,2.0611483630972316e-09,2.0611483630972316e-09,2.0611483630972316e-09,2.0611483630972316e-09,2.570366405052482e-06,2.0611483630972316e-09,2.0611483630972316e-09
3,2021-07-28,2,4.912991631245666e-10,0.002571446140037998,0.9974285533687139,0.010173057358661185,2.061153470123145e-09,1.0,2.061153470123145e-09,2.061153470123145e-09,2.061153470123145e-09,2.061153470123145e-09,2.061153470123145e-09,2.061153470123145e-09,2.061153470123145e-09,2.061153470123145e-09,2.061153470123145e-09,2.061153470123145e-09,2.061153470123145e-09,2.061153470123145e-09
3,2021-07-29,2,3.257841602421215e-13,0.0007969495128929547,0.9992030504867876,0.0047123185264385,2.061153470123145e-09,0.9999999403953552,2.061153470123145e-09,2.061153470123145e-09,2.061153470123145e-09,2.061153470123145e-09,2.061153470123145e-09,2.061153470123145e-09,2.061153470123145e-09,2.061153470123145e-09,2.061153470123145e-09,5.494213528578484e-09,2.061153470123145e-09,2.061153470123145e-09
3,2021-07-30,2,8.326937202788584e-73,1.7268568791134369e-15,1.0,-0.020460626620054247,2.061153470123145e-09,2.061153470123145e-09,2.061153470123145e-09,2.061153470123145e-09,2.061153470123145e-09,2.061153470123145e-09,2.061153470123145e-09,2.061153470123145e-09,2.061153470123145e-09,2.061153470123145e-09,2.061153470123145e-09,1.0,2.061153470123145e-09,2.061153470123145e-09
3,2021-08-02,2,2.6436399856474963e-81,8.911436647432487e-18,1.0,0.025651406448382562,1.457849947428258e-07,2.06115324807854e-09,2.06115324807854e-09,2.06115324807854e-09,2.06115324807854e-09,2.06115324807854e-09,2.06115324807854e-09,2.06115324807854e-09,2.06115324807854e-09,2.06115324807854e-09,2.06115324807854e-09,0.9999998211860657,2.06115324807854e-09,2.06115324807854e-09
3,2021-08-03,2,3.261495653561362e-13,0.2788816792658731,0.7211183207338083,0.0031399010732769965,2.0611494733202562e-09,0.9999980330467224,2.0611494733202562e-09,2.0611494733202562e-09,2.0611494733202562e-09,2.0611494733202562e-09,2.0611494733202562e-09,2.0611494733202562e-09,2.0611494733202562e-09,2.0611494733202562e-09,2.0611494733202562e-09,1.9405486000323435e-06,2.0611494733202562e-09,2.0611494733202562e-09
3,2021-08-04,1,6.524402334863492e-06,0.9703523122094168,0.029641163388222615,0.010888201282918453,1.8492928299806977e-09,1.8492928299806977e-09,1.8492928299806977e-09,1.8492928299806977e-09,1.8492928299806977e-09,1.8492928299806977e-09,1.8492928299806977e-09,1.8492928299806977e-09,0.10278746485710144,1.8492928299806977e-09,1.8492928299806977e-09,0.8972125053405762,1.8492928299806977e-09,1.8492928299806977e-09
3,2021-08-05,1,4.141937678753816e-06,0.9989201698434574,0.0010756882188513756,0.006591319884359836,2.061153470123145e-09,2.061153470123145e-09,2.061153470123145e-09,2.061153470123145e-09,2.061153470123145e-09,2.061153470123145e-09,2.061153470123145e-09,2.061153470123145e-09,2.3798603088209802e-09,2.061153470123145e-09,2.061153470123145e-09,1.0,2.061153470123145e-09,2.061153470123145e-09
3,2021-08-06,1,8.96988245290542e-06,0.9998975886799378,9.344143766262815e-05,-0.0060213622361421585,3.698337991409062e-08,4.126410203753039e-06,3.698337991409062e-08,3.698337991409062e-08,3.698337991409062e-08,3.698337991409062e-08,3.698337991409062e-08,3.698337991409062e-08,0.9999952912330627,3.698337991409062e-08,3.698337991409062e-08,1.532002187332182e-07,3.698337991409062e-08,3.698337991409062e-08
3,2021-08-09,1,4.476914409183388e-05,0.9998887935264685,6.643732945008103e-05,-0.031219960664292966,2.061153470123145e-09,2.061153470123145e-09,2.061153470123145e-09,2.061153470123145e-09,2.061153470123145e-09,2.061153470123145e-09,2.061153470123145e-09,2.061153470123145e-09,1.0,2.061153470123145e-09,2.061153470123145e-09,2.061153470123145e-09,2.061153470123145e-09,2.061153470123145e-09
3,2021-08-10,1,2.150302556444005e-05,0.9996926745279759,0.0002858224465656431,-0.005021637797355652,2.0611281570381834e-09,0.9999876618385315,2.0611281570381834e-09,2.0611281570381834e-09,2.0611281570381834e-09,2.0611281570381834e-09,2.0611281570381834e-09,2.0611281570381834e-09,2.0611281570381834e-09,2.0611281570381834e-09,2.0611281570381834e-09,1.2326030628173612e-05,2.0611281570381834e-09,2.0611281570381834e-09
3,2021-08-11,1,9.327721783243749e-07,0.9917513891583094,0.008247678069441312,-0.003707096705213189,2.061153470123145e-09,2.061153470123145e-09,2.061153470123145e-09,2.061153470123145e-09,2.061153470123145e-09,2.061153470123145e-09,2.061153470123145e-09,2.061153470123145e-09,1.0,2.061153470123145e-09,2.061153470123145e-09,2.061153470123145e-09,2.061153470123145e-09,2.061153470123145e-09
3,2021-08-12,1,4.103134290445497e-09,0.9174552638708606,0.0825447320259489,0.005702113223075867,2.061153470123145e-09,1.0,2.061153470123145e-09,2.061153470123145e-09,2.061153470123145e-09,2.061153470123145e-09,2.061153470123145e-09,2.061153470123145e-09,2.061153470123145e-09,2.061153470123145e-09,2.061153470123145e-09,2.061153470123145e-09,2.061153470123145e-09,2.061153470123145e-09
3,2021-08-13,2,3.101605988800404e-11,0.33389815283576785,0.6661018471331763,-0.008927825416624546,2.061153470123145e-09,9.727786576263497e-09,2.061153470123145e-09,2.061153470123145e-09,2.061153470123145e-09,2.061153470123145e-09,2.061153470123145e-09,2.061153470123145e-09,2.061153470123145e-09,2.061153470123145e-09,2.061153470123145e-09,0.9999999403953552,2.061153470123145e-09,2.061153470123145e-09
3,2021-08-17,2,8.954430671075626e-14,0.015145365257170808,0.9848546347427982,-0.003114643184095621,1.9849732968424405e-09,1.9849732968424405e-09,1.9849732968424405e-09,1.9849732968424405e-09,1.9849732968424405e-09,1.9849732968424405e-09,1.9849732968424405e-09,1.9849732968424405e-09,0.036960016936063766,1.9849732968424405e-09,1.9849732968424405e-09,0.9630399346351624,1.9849732968424405e-09,1.9849732968424405e-09
3,2021-08-18,2,5.169292021014169e-19,0.0001251505317032639,0.9998748494682372,0.0011994569528847932,2.061153470123145e-09,7.779743071978373e-09,2.061153470123145e-09,2.061153470123145e-09,2.061153470123145e-09,2.061153470123145e-09,2.061153470123145e-09,2.061153470123145e-09,2.061153470123145e-09,2.061153470123145e-09,2.061153470123145e-09,0.9999999403953552,2.061153470123145e-09,2.061153470123145e-09
3,2021-08-19,2,3.4e-322,1.075141792720431e-63,1.0,-0.008567981000244617,2.061153470123145e-09,2.061153470123145e-09,2.061153470123145e-09,2.061153470123145e-09,2.061153470123145e-09,2.061153470123145e-09,2.061153470123145e-09,2.061153470123145e-09,1.0,2.061153470123145e-09,2.061153470123145e-09,2.061153470123145e-09,2.061153470123145e-09,2.061153470123145e-09
3,2021-08-20,2,1.583461862802636e-23,1.4447160687590567e-12,0.9999999999986358,0.005794716067612171,2.061153470123145e-09,2.061153470123145e-09,2.061153470123145e-09,2.061153470123145e-09,2.061153470123145e-09,2.061153470123145e-09,2.061153470123145e-09,2.061153470123145e-09,1.0,2.061153470123145e-09,2.061153470123145e-09,2.061153470123145e-09,2.061153470123145e-09,2.061153470123145e-09
3,2021-08-23,2,3.815101618348246e-15,1.027310592471954e-06,0.9999989726894275,0.012384949673712254,2.061153470123145e-09,0.9999999403953552,2.061153470123145e-09,2.061153470123145e-09,2.061153470123145e-09,2.061153470123145e-09,2.061153470123145e-09,2.061153470123145e-09,8.39311731226644e-09,2.061153470123145e-09,2.061153470123145e-09,2.061153470123145e-09,2.061153470123145e-09,2.061153470123145e-09
3,2021-08-24,2,1.9304980229010643e-87,7.984406731385292e-20,1.0,0.019142274498939515,1.030576846083875e-09,0.5,1.030576846083875e-09,1.030576846083875e-09,1.030576846083875e-09,1.030576846083875e-09,1.030576846083875e-09,1.030576846083875e-09,0.5,1.030576846083875e-09,1.030576846083875e-09,1.030576846083875e-09,1.030576846083875e-09,1.030576846083875e-09
3,2021-08-25,2,8.790832451711587e-09,0.011999332002722978,0.9880006592063473,-0.0005202948526246472,2.061153470123145e-09,2.061153470123145e-09,2.061153470123145e-09,2.061153470123145e-09,2.061153470123145e-09,2.061153470123145e-09,2.061153470123145e-09,2.061153470123145e-09,2.061153470123145e-09,2.061153470123145e-09,2.061153470123145e-09,1.0,2.061153470123145e-09,2.061153470123145e-09
3,2021-08-26,2,1.4632028720674498e-11,0.0063750336434024455,0.9936249663418749,-0.0007918372504413127,0.4999999403953552,8.38699207861282e-08,1.0305767350615724e-09,1.0305767350615724e-09,1.0305767350615724e-09,1.0305767350615724e-09,1.0305767350615724e-09,1.0305767350615724e-09,1.0305767350615724e-09,1.0305767350615724e-09,1.0305767350615724e-09,0.4999999403953552,1.0305767350615724e-09,1.0305767350615724e-09
3,2021-08-27,2,5.578422833042736e-10,0.007760791287360413,0.9922392081547335,0.010390921917557716,2.061153470123145e-09,2.061153470123145e-09,2.061153470123145e-09,2.061153470123145e-09,2.061153470123145e-09,2.061153470123145e-09,2.061153470123145e-09,2.061153470123145e-09,1.0,2.061153470123145e-09,2.061153470123145e-09,2.061153470123145e-09,2.061153470123145e-09,2.061153470123145e-09
3,2021-08-30,2,6.668594307132532e-11,0.024010559128375224,0.9759894408049514,-0.02644762894809246,2.3206069954539998e-07,0.9999338984489441,2.3206069954539998e-07,2.3206069954539998e-07,2.3206069954539998e-07,2.3206069954539998e-07,2.3206069954539998e-07,2.3206069954539998e-07,5.959863483440131e-05,2.3206069954539998e-07,2.3206069954539998e-07,3.921338702639332e-06,2.3206069954539998e-07,2.3206069954539998e-07
3,2021-08-31,2,1.8664601583550246e-15,0.13274201905131325,0.8672579809486121,0.014560757729411126,2.056227632607488e-09,0.0023898817598819733,2.056227632607488e-09,2.056227632607488e-09,2.056227632607488e-09,2.056227632607488e-09,2.056227632607488e-09,2.056227632607488e-09,2.056227632607488e-09,2.056227632607488e-09,2.056227632607488e-09,0.9976100921630859,2.056227632607488e-09,2.056227632607488e-09
3,2021-09-01,1,5.040126131469455e-06,0.9477686964369466,0.052226263436870424,0.0033335079544223843,2.061153470123145e-09,2.061153470123145e-09,2.061153470123145e-09,2.061153470123145e-09,2.061153470123145e-09,2.061153470123145e-09,2.061153470123145e-09,2.061153470123145e-09,2.061153470123145e-09,2.061153470123145e-09,2.061153470123145e-09,1.0,2.061153470123145e-09,2.061153470123145e-09
3,2021-09-02,1,1.3674181130056677e-06,0.9935066648611216,0.006491967720686937,-0.0015192530557513236,2.061153470123145e-09,2.061153470123145e-09,2.061153470123145e-09,2.061153470123145e-09,2.061153470123145e-09,2.061153470123145e-09,2.061153470123145e-09,2.061153470123145e-09,1.0,2.061153470123145e-09,2.061153470123145e-09,2.061153470123145e-09,2.061153470123145e-09,2.061153470123145e-09
3,2021-09-03,1,2.7141530185295328e-08,0.9988182574646608,0.001181715393846083,-0.0008136345855744934,2.061152581944725e-09,5.303336365614086e-07,2.061152581944725e-09,2.061152581944725e-09,2.061152581944725e-09,2.061152581944725e-09,2.061152581944725e-09,2.061152581944725e-09,0.999999463558197,2.061152581944725e-09,2.061152581944725e-09,2.061152581944725e-09,2.061152581944725e-09,2.061152581944725e-09
3,2021-09-06,1,5.305221411268053e-06,0.9998752817861813,0.00011941299241301769,0.007703212861452028,2.061153470123145e-09,2.061153470123145e-09,2.061153470123145e-09,2.061153470123145e-09,2.061153470123145e-09,2.061153470123145e-09,2.061153470123145e-09,2.061153470123145e-09,1.0,2.061153470123145e-09,2.061153470123145e-09,2.061153470123145e-09,2.061153470123145e-09,2.061153470123145e-09
3,2021-09-07,1,4.688796673849993e-05,0.9995979784437965,0.0003551335894399835,-0.005143910303711891,1.7434879096001055e-09,1.7434879096001055e-09,1.7434879096001055e-09,1.7434879096001055e-09,1.7434879096001055e-09,1.7434879096001055e-09,1.7434879096001055e-09,1.7434879096001055e-09,0.8458796739578247,1.7434879096001055e-09,1.7434879096001055e-09,0.1541203409433365,1.7434879096001055e-09,1.7434879096001055e-09
3,2021-09-08,1,1.4205836997124286e-05,0.981041335811361,0.0189444583517175,0.005153021103143692,2.7202924357538905e-08,0.9999971985816956,2.7202924357538905e-08,2.7202924357538905e-08,2.7202924357538905e-08,2.7202924357538905e-08,2.7202924357538905e-08,2.7202924357538905e-08,1.2084960587799287e-07,2.7202924357538905e-08,2.7202924357538905e-08,2.3856141524447594e-06,2.7202924357538905e-08,2.7202924357538905e-08
3,2021-09-09,1,1.61759302139093e-14,0.5488524281374296,0.45114757186254023,-0.005246457168459892,2.061153470123145e-09,2.061153470123145e-09,2.061153470123145e-09,2.061153470123145e-09,2.061153470123145e-09,2.061153470123145e-09,2.061153470123145e-09,2.061153470123145e-09,1.0,2.061153470123145e-09,2.061153470123145e-09,2.061153470123145e-09,2.061153470123145e-09,2.061153470123145e-09
3,2021-09-10,1,2.3618269504836387e-13,0.5688210622324661,0.431178937767289,-0.008564453150331974,2.061153026033935e-09,0.9999997019767761,2.061153026033935e-09,2.061153026033935e-09,2.061153026033935e-09,2.061153026033935e-09,2.061153026033935e-09,2.061153026033935e-09,2.061153026033935e-09,2.061153026033935e-09,2.061153026033935e-09,3.0212217438929656e-07,2.061153026033935e-09,2.061153026033935e-09
3,2021-09-13,1,1.234821038243195e-06,0.9365486076726783,0.06345015750624097,-0.015567806877195835,1.3272024546040484e-07,0.008077909238636494,1.3272024546040484e-07,1.3272024546040484e-07,1.3272024546040484e-07,1.3272024546040484e-07,1.3272024546040484e-07,1.3272024546040484e-07,1.3272024546040484e-07,1.3272024546040484e-07,1.3272024546040484e-07,0.9919204711914062,1.3272024546040484e-07,1.3272024546040484e-07
3,2021-09-14,1,2.686657161565711e-08,0.9873727331366366,0.012627239996835713,0.020208695486187936,2.061153470123145e-09,1.0,2.061153470123145e-09,2.061153470123145e-09,2.061153470123145e-09,2.061153470123145e-09,2.061153470123145e-09,2.061153470123145e-09,2.061153470123145e-09,2.061153470123145e-09,2.061153470123145e-09,2.061153470123145e-09,2.061153470123145e-09,2.061153470123145e-09
3,2021-09-15,1,1.0629251527546927e-05,0.9924634558141002,0.00752591493442036,0.01696258173584938,0.011384757235646248,2.0376877962746676e-09,2.0376877962746676e-09,2.0376877962746676e-09,2.0376877962746676e-09,2.0376877962746676e-09,2.0376877962746676e-09,2.0376877962746676e-09,2.0376877962746676e-09,2.0376877962746676e-09,2.0376877962746676e-09,0.9886152148246765,2.0376877962746676e-09,2.0376877962746676e-09
3,2021-09-16,1,5.863989000323844e-08,0.9231350166129116,0.07686492474729845,-0.011589028490521014,2.1521207145269727e-06,2.0611490292310464e-09,2.0611490292310464e-09,2.0611490292310464e-09,2.0611490292310464e-09,2.0611490292310464e-09,2.0611490292310464e-09,2.0611490292310464e-09,2.0611490292310464e-09,2.0611490292310464e-09,2.0611490292310464e-09,0.9999977946281433,2.0611490292310464e-09,2.0611490292310464e-09
3,2021-09-17,1,1.8151400870414235e-06,0.718263688846564,0.281734496013361,0.007682264536619186,1.030576846083875e-09,0.5,1.030576846083875e-09,1.030576846083875e-09,1.030576846083875e-09,1.030576846083875e-09,1.030576846083875e-09,1.030576846083875e-09,1.030576846083875e-09,1.030576846083875e-09,1.030576846083875e-09,0.5,1.030576846083875e-09,1.030576846083875e-09
3,2021-09-23,2,8.855981711988369e-25,0.00017412526780019328,0.9998258747321564,-0.007021429271996021,0.5,1.030576846083875e-09,1.030576846083875e-09,1.030576846083875e-09,1.030576846083875e-09,1.030576846083875e-09,1.030576846083875e-09,1.030576846083875e-09,1.030576846083875e-09,1.030576846083875e-09,1.030576846083875e-09,0.5,1.030576846083875e-09,1.030576846083875e-09
3,2021-09-24,2,4.4559576658184655e-17,7.0662435596343425e-06,0.9999929337563576,0.022035367277264593,2.047430669449568e-09,0.9933421015739441,2.047430669449568e-09,2.047430669449568e-09,2.047430669449568e-09,2.047430669449568e-09,2.047430669449568e-09,2.047430669449568e-09,0.006657903082668781,2.047430669449568e-09,2.047430669449568e-09,2.047430669449568e-09,2.047430669449568e-09,2.047430669449568e-09
3,2021-09-27,2,7.273965226221845e-14,0.00016283287453090276,0.9998371671255043,0.0005437124515883624,2.061153470123145e-09,2.061153470123145e-09,2.061153470123145e-09,2.061153470123145e-09,2.061153470123145e-09,2.061153470123145e-09,2.061153470123145e-09,2.061153470123145e-09,1.0,2.061153470123145e-09,2.061153470123145e-09,2.061153470123145e-09,2.061153470123145e-09,2.061153470123145e-09
3,2021-09-28,2,1.0607208809501576e-12,0.00031728111729251515,0.9996827188816921,0.0183893214404583,2.0590671390152693e-09,0.9989876747131348,2.0590671390152693e-09,2.0590671390152693e-09,2.0590671390152693e-09,2.0590671390152693e-09,2.0590671390152693e-09,2.0590671390152693e-09,0.001012273714877665,2.0590671390152693e-09,2.0590671390152693e-09,2.0590671390152693e-09,2.0590671390152693e-09,2.0590671390152693e-09
3,2021-09-29,2,6.614357654905772e-292,1.0276260529500936e-57,1.0,-0.001573840462975204,2.061153470123145e-09,2.061153470123145e-09,2.061153470123145e-09,2.061153470123145e-09,2.061153470123145e-09,2.061153470123145e-09,2.061153470123145e-09,2.061153470123145e-09,1.0,2.061153470123145e-09,2.061153470123145e-09,2.061153470123145e-09,2.061153470123145e-09,2.061153470123145e-09
3,2021-09-30,2,8.971684793018847e-170,8.560340278875245e-44,1.0,-0.005540153943002224,2.061153470123145e-09,2.061153470123145e-09,2.061153470123145e-09,2.061153470123145e-09,2.061153470123145e-09,2.061153470123145e-09,2.061153470123145e-09,2.061153470123145e-09,1.0,2.061153470123145e-09,2.061153470123145e-09,2.061153470123145e-09,2.061153470123145e-09,2.061153470123145e-09
3,2021-10-01,2,1.8080567278467363e-23,1.5920362800199318e-12,0.9999999999984084,-0.009191855724155902,0.1983199119567871,8.261928918784633e-10,8.261928918784633e-10,8.261928918784633e-10,8.261928918784633e-10,8.261928918784633e-10,8.261928918784633e-10,8.261928918784633e-10,0.40084004402160645,8.261928918784633e-10,8.261928918784633e-10,0.40084004402160645,8.261928918784633e-10,8.261928918784633e-10
3,2021-10-05,2,1.8661950516678746e-137,1.5168782666879234e-53,1.0,0.0019242217008024454,2.061153470123145e-09,2.061153470123145e-09,2.061153470123145e-09,2.061153470123145e-09,2.061153470123145e-09,2.061153470123145e-09,2.061153470123145e-09,2.061153470123145e-09,1.0,2.061153470123145e-09,2.061153470123145e-09,2.061153470123145e-09,2.061153470123145e-09,2.061153470123145e-09
3,2021-10-06,2,5.6259933673359105e-49,1.023233670768043e-30,1.0,-0.003368447534739971,2.061153470123145e-09,2.061153470123145e-09,2.061153470123145e-09,2.061153470123145e-09,2.061153470123145e-09,2.061153470123145e-09,2.061153470123145e-09,2.061153470123145e-09,1.0,2.061153470123145e-09,2.061153470123145e-09,2.061153470123145e-09,2.061153470123145e-09,2.061153470123145e-09
3,2021-10-07,2,1.053550796922645e-33,6.075476002303713e-18,1.0,0.005048424005508423,2.061153470123145e-09,2.061153470123145e-09,2.061153470123145e-09,2.061153470123145e-09,2.061153470123145e-09,2.061153470123145e-09,2.061153470123145e-09,2.061153470123145e-09,1.0,2.061153470123145e-09,2.061153470123145e-09,2.061153470123145e-09,2.061153470123145e-09,2.061153470123145e-09
3,2021-10-08,2,6.917267133222884e-33,8.302510225805397e-20,1.0,-0.002431776060536504,0.33322763442993164,6.868333679577177e-10,6.868333679577177e-10,6.868333679577177e-10,0.00029775442089885473,6.868333679577177e-10,6.868333679577177e-10,6.868333679577177e-10,0.33322763442993164,6.868333679577177e-10,4.5959489547442445e-09,0.33322763442993164,6.868333679577177e-10,1.930175130837597e-05
3,2021-10-12,2,4.3377238179158534e-77,9.778483456768274e-43,1.0,0.0018985570468008518,2.061153470123145e-09,2.061153470123145e-09,2.061153470123145e-09,2.061153470123145e-09,2.061153470123145e-09,2.061153470123145e-09,2.061153470123145e-09,2.061153470123145e-09,0.9999999403953552,2.061153470123145e-09,2.061153470123145e-09,5.462198249261974e-09,2.061153470123145e-09,2.061153470123145e-09
3,2021-10-13,2,4.5152125510121875e-37,7.867042482419273e-18,1.0,2.5344682295092014e-10,2.061153470123145e-09,2.061153470123145e-09,2.061153470123145e-09,2.061153470123145e-09,2.061153470123145e-09,2.061153470123145e-09,2.061153470123145e-09,2.061153470123145e-09,1.0,2.061153470123145e-09,2.061153470123145e-09,2.061153470123145e-09,2.061153470123145e-09,2.061153470123145e-09
3,2021-10-14,2,1.4935897428075934e-258,3.3552246869839217e-51,1.0,0.017044657841324806,2.061153470123145e-09,2.061153470123145e-09,2.061153470123145e-09,2.061153470123145e-09,2.061153470123145e-09,2.061153470123145e-09,2.061153470123145e-09,2.061153470123145e-09,1.0,2.061153470123145e-09,2.061153470123145e-09,2.061153470123145e-09,2.061153470123145e-09,2.061153470123145e-09
3,2021-10-15,2,5.373742013583974e-14,5.6384313401151235e-06,0.9999943615687042,-0.0008247067453339696,2.061153470123145e-09,2.061153470123145e-09,2.061153470123145e-09,2.061153470123145e-09,2.061153470123145e-09,2.061153470123145e-09,2.061153470123145e-09,2.061153470123145e-09,1.0,2.061153470123145e-09,2.061153470123145e-09,2.061153470123145e-09,2.061153470123145e-09,2.061153470123145e-09
3,2021-10-18,2,1.350754756231393e-18,4.856097174726458e-09,0.9999999951439804,-0.012330947022140026,2.061153470123145e-09,2.061153470123145e-09,2.061153470123145e-09,2.061153470123145e-09,2.061153470123145e-09,2.061153470123145e-09,2.061153470123145e-09,2.061153470123145e-09,2.061153470123145e-09,2.061153470123145e-09,2.061153470123145e-09,1.0,2.061153470123145e-09,2.061153470123145e-09
3,2021-10-19,2,6.403919879032684e-15,1.4389669030382552e-06,0.9999985610330789,0.008047267284989357,2.061153470123145e-09,2.061153470123145e-09,2.061153470123145e-09,2.061153470123145e-09,2.061153470123145e-09,2.061153470123145e-09,2.061153470123145e-09,2.061153470123145e-09,1.0,2.061153470123145e-09,2.061153470123145e-09,2.061153470123145e-09,2.061153470123145e-09,2.061153470123145e-09
3,2021-10-20,2,3.366726901824435e-56,5.395051213181204e-13,0.9999999999995453,-0.0014690779356285929,1.177854119305266e-05,2.061129267261208e-09,2.061129267261208e-09,2.061129267261208e-09,2.061129267261208e-09,2.061129267261208e-09,2.061129267261208e-09,2.061129267261208e-09,2.061129267261208e-09,2.061129267261208e-09,2.061129267261208e-09,0.9999881982803345,2.061129267261208e-09,2.061129267261208e-09
3,2021-10-21,2,1.0052520057018058e-20,3.001985775991567e-09,0.9999999969979854,0.0015065726216882467,1.5076383474976751e-09,1.5076383474976751e-09,1.5076383474976751e-09,1.5076383474976751e-09,1.5076383474976751e-09,1.5076383474976751e-09,1.5076383474976751e-09,1.5076383474976751e-09,0.7314536571502686,1.5076383474976751e-09,1.5076383474976751e-09,0.26854634284973145,1.5076383474976751e-09,1.5076383474976751e-09
3,2021-10-22,2,6.851169596638265e-67,9.516463894984977e-20,1.0,0.005959345293045044,0.5,1.030576846083875e-09,1.030576846083875e-09,1.030576846083875e-09,1.030576846083875e-09,1.030576846083875e-09,1.030576846083875e-09,1.030576846083875e-09,1.030576846083875e-09,1.030576846083875e-09,1.030576846083875e-09,0.5,1.030576846083875e-09,1.030576846083875e-09
3,2021-10-25,2,5.539117579243611e-18,2.892000906131281e-07,0.9999997107998261,0.005061917894333601,2.061153470123145e-09,2.061153470123145e-09,2.061153470123145e-09,2.061153470123145e-09,2.061153470123145e-09,2.061153470123145e-09,2.061153470123145e-09,2.061153470123145e-09,1.0,2.061153470123145e-09,2.061153470123145e-09,2.061153470123145e-09,2.061153470123145e-09,2.061153470123145e-09
3,2021-10-26,2,1.5831973525861909e-37,2.157230656652015e-10,0.9999999997842224,0.004160541065782309,3.8079241981847645e-09,0.9999611377716064,3.8079241981847645e-09,3.8079241981847645e-09,3.8079241981847645e-09,3.8079241981847645e-09,3.8079241981847645e-09,3.8079241981847645e-09,3.8079241981847645e-09,3.8079241981847645e-09,3.8079241981847645e-09,3.881034717778675e-05,3.8079241981847645e-09,3.8079241981847645e-09
3,2021-10-27,2,1.9300469738479042e-20,6.4479743427262065e-06,0.9999935520257686,-0.005841157425940036,0.5,1.030576846083875e-09,1.030576846083875e-09,1.030576846083875e-09,1.030576846083875e-09,1.030576846083875e-09,1.030576846083875e-09,1.030576846083875e-09,1.030576846083875e-09,1.030576846083875e-09,1.030576846083875e-09,0.5,1.030576846083875e-09,1.030576846083875e-09
3,2021-10-28,2,6.87621819017913e-14,1.4596993616746763e-05,0.9999854030062477,-0.009314732204377651,3.78907172304821e-09,0.9999989867210388,3.78907172304821e-09,3.78907172304821e-09,3.78907172304821e-09,3.78907172304821e-09,3.78907172304821e-09,3.78907172304821e-09,9.383146561958711e-07,3.78907172304821e-09,3.78907172304821e-09,3.78907172304821e-09,3.78907172304821e-09,3.78907172304821e-09
3,2021-10-29,2,1.9148866334010115e-21,4.719392189340682e-11,0.9999999999527063,-0.003998344754800201,2.061153470123145e-09,2.061153470123145e-09,2.061153470123145e-09,2.061153470123145e-09,2.061153470123145e-09,2.061153470123145e-09,2.061153470123145e-09,2.061153470123145e-09,1.0,2.061153470123145e-09,2.061153470123145e-09,2.061153470123145e-09,2.061153470123145e-09,2.061153470123145e-09
3,2021-11-01,2,1.881268502555792e-24,2.9224505774629098e-09,0.9999999970775661,0.0049322051487863065,2.061153470123145e-09,1.0,2.061153470123145e-09,2.061153470123145e-09,2.061153470123145e-09,2.061153470123145e-09,2.061153470123145e-09,2.061153470123145e-09,2.061153470123145e-09,2.061153470123145e-09,2.061153470123145e-09,2.940321763844622e-09,2.061153470123145e-09,2.061153470123145e-09
3,2021-11-02,2,4.23299153017184e-15,1.0993341525224516e-06,0.9999989006659366,0.0050753019310534,2.061153470123145e-09,2.061153470123145e-09,2.061153470123145e-09,2.061153470123145e-09,2.061153470123145e-09,2.061153470123145e-09,2.061153470123145e-09,2.061153470123145e-09,1.0,2.061153470123145e-09,2.061153470123145e-09,2.061153470123145e-09,2.061153470123145e-09,2.061153470123145e-09
3,2021-11-03,2,2.0364740436422683e-20,2.5519957863633243e-10,0.9999999997448867,0.00445180521607399,2.061153470123145e-09,9.424098834642791e-09,2.061153470123145e-09,2.061153470123145e-09,2.061153470123145e-09,2.061153470123145e-09,2.061153470123145e-09,2.061153470123145e-09,2.061153470123145e-09,2.061153470123145e-09,2.061153470123145e-09,0.9999999403953552,2.061153470123145e-09,2.061153470123145e-09
3,2021-11-04,2,1.3935893938721766e-16,1.1489017506704962e-07,0.9999998851099073,-0.0044677198328077795,2.058470061072626e-09,2.058470061072626e-09,2.058470061072626e-09,2.058470061072626e-09,2.058470061072626e-09,2.058470061072626e-09,2.058470061072626e-09,2.058470061072626e-09,0.9986980557441711,2.058470061072626e-09,2.058470061072626e-09,0.0013019248144701123,2.058470061072626e-09,2.058470061072626e-09
3,2021-11-05,2,1.2003313499778605e-18,4.469252931759916e-09,0.999999995530743,0.0010712525932118297,0.5,1.030576846083875e-09,1.030576846083875e-09,1.030576846083875e-09,1.030576846083875e-09,1.030576846083875e-09,1.030576846083875e-09,1.030576846083875e-09,1.030576846083875e-09,1.030576846083875e-09,1.030576846083875e-09,0.5,1.030576846083875e-09,1.030576846083875e-09
3,2021-11-08,2,1.2512252337307432e-233,6.055415517254772e-62,1.0,0.011970133942365646,2.061153470123145e-09,2.061153470123145e-09,2.061153470123145e-09,2.061153470123145e-09,2.061153470123145e-09,2.061153470123145e-09,2.061153470123145e-09,2.061153470123145e-09,1.0,2.061153470123145e-09,2.061153470123145e-09,2.061153470123145e-09,2.061153470123145e-09,2.061153470123145e-09
3,2021-11-09,2,0.0,1.192497151226733e-71,1.0,0.004056759801014414,8.024746733781285e-08,8.538445399608463e-05,8.024746733781285e-08,8.024746733781285e-08,8.024746733781285e-08,8.024746733781285e-08,8.024746733781285e-08,8.024746733781285e-08,0.9999135732650757,8.024746733781285e-08,8.024746733781285e-08,1.3499564488483884e-07,8.024746733781285e-08,8.024746733781285e-08
3,2021-11-10,2,0.0,1.1150948605455302e-95,1.0,-8.500175934750586e-05,7.296350190699741e-07,1.2278545682420372e-06,7.296350190699741e-07,7.296350190699741e-07,7.296350190699741e-07,7.296350190699741e-07,7.296350190699741e-07,7.296350190699741e-07,0.9450508952140808,7.296350190699741e-07,7.296350190699741e-07,0.054939839988946915,7.296350190699741e-07,7.296350190699741e-07
3,2021-11-11,2,8.815696068168938e-14,7.713322496768943e-06,0.999992286677487,-0.0005793779768049717,0.19999991357326508,4.122305552467509e-10,4.122305552467509e-10,4.122305552467509e-10,0.19999991357326508,4.122305552467509e-10,4.122305552467509e-10,4.122305552467509e-10,0.19999991357326508,5.971232042156771e-08,2.0961012126008427e-07,0.19999991357326508,1.3481562177730666e-07,0.19999991357326508
3,2021-11-12,2,7.27701927746487e-32,3.960743204715894e-09,0.9999999960391506,0.0017507974423468112,2.061153470123145e-09,2.061153470123145e-09,2.061153470123145e-09,2.061153470123145e-09,2.061153470123145e-09,2.061153470123145e-09,2.061153470123145e-09,2.061153470123145e-09,1.0,2.061153470123145e-09,2.061153470123145e-09,2.061153470123145e-09,2.061153470123145e-09,2.061153470123145e-09
3,2021-11-15,2,8.94367604150463e-12,0.0008432444567872299,0.9991567555343307,0.023609637704491614,1.030576846083875e-09,0.5,1.030576846083875e-09,1.030576846083875e-09,1.030576846083875e-09,1.030576846083875e-09,1.030576846083875e-09,1.030576846083875e-09,1.030576846083875e-09,1.030576846083875e-09,1.030576846083875e-09,0.5,1.030576846083875e-09,1.030576846083875e-09
3,2021-11-16,2,1.5032975230646383e-09,0.00247073264422618,0.9975292658525203,0.004065961998701096,2.061153470123145e-09,2.061153470123145e-09,2.061153470123145e-09,2.061153470123145e-09,2.061153470123145e-09,2.061153470123145e-09,2.061153470123145e-09,2.061153470123145e-09,1.0,2.061153470123145e-09,2.061153470123145e-09,2.061153470123145e-09,2.061153470123145e-09,2.061153470123145e-09
3,2021-11-17,2,5.246737501305196e-13,0.00037423330876171316,0.9996257666906144,-0.013334468352794648,0.3333333432674408,6.870511937151491e-10,6.870511937151491e-10,6.870511937151491e-10,3.3077929284530683e-09,6.870511937151491e-10,6.870511937151491e-10,6.870511937151491e-10,0.3333333432674408,6.870511937151491e-10,6.870511937151491e-10,0.3333333432674408,6.870511937151491e-10,9.84977877038773e-10
3,2021-11-18,2,2.9087813081414375e-12,9.942687968295015e-05,0.9999005731175057,0.005722038869559765,2.061153470123145e-09,1.0,2.061153470123145e-09,2.061153470123145e-09,2.061153470123145e-09,2.061153470123145e-09,2.061153470123145e-09,2.061153470123145e-09,2.061153470123145e-09,2.061153470123145e-09,2.061153470123145e-09,2.061153470123145e-09,2.061153470123145e-09,2.061153470123145e-09
3,2021-11-19,2,4.466024383499904e-19,3.128632882251749e-06,0.9999968713672217,-0.0013352726818993688,2.061153470123145e-09,1.0,2.061153470123145e-09,2.061153470123145e-09,2.061153470123145e-09,2.061153470123145e-09,2.061153470123145e-09,2.061153470123145e-09,2.061153470123145e-09,2.061153470123145e-09,2.061153470123145e-09,2.061153470123145e-09,2.061153470123145e-09,2.061153470123145e-09
3,2021-11-22,2,4.5033746288316455e-11,0.0004813233260982335,0.9995186766289093,0.02397028305828571,0.5,1.030576846083875e-09,1.030576846083875e-09,1.030576846083875e-09,1.030576846083875e-09,1.030576846083875e-09,1.030576846083875e-09,1.030576846083875e-09,1.030576846083875e-09,1.030576846083875e-09,1.030576846083875e-09,0.5,1.030576846083875e-09,1.030576846083875e-09
3,2021-11-23,2,1.326317345579854e-11,0.00034919782567925835,0.9996508021609827,-0.03118679232299328,2.06115324807854e-09,2.06115324807854e-09,2.06115324807854e-09,2.06115324807854e-09,2.06115324807854e-09,2.06115324807854e-09,2.06115324807854e-09,2.06115324807854e-09,1.0893347024421018e-07,2.06115324807854e-09,2.06115324807854e-09,0.9999998807907104,2.06115324807854e-09,2.06115324807854e-09
3,2021-11-24,2,3.139853871916382e-13,9.674726389812639e-05,0.9999032527358073,0.008240022565424443,8.004914064940749e-08,0.9924044609069824,8.004914064940749e-08,8.004914064940749e-08,8.004914064940749e-08,8.004914064940749e-08,8.004914064940749e-08,8.004914064940749e-08,8.004914064940749e-08,8.004914064940749e-08,8.004914064940749e-08,0.007594550959765911,8.004914064940749e-08,8.004914064940749e-08
3,2021-11-25,2,2.806762599744951e-11,0.00040025899714035397,0.9995997409747783,-0.0007124790721107273,2.061153470123145e-09,2.061153470123145e-09,2.061153470123145e-09,2.061153470123145e-09,2.061153470123145e-09,2.061153470123145e-09,2.061153470123145e-09,2.061153470123145e-09,1.0,2.061153470123145e-09,2.061153470123145e-09,2.061153470123145e-09,2.061153470123145e-09,2.061153470123145e-09
3,2021-11-26,2,1.0304782658124844e-18,4.231604677422707e-09,0.9999999957683485,-0.020273862916231157,2.061153470123145e-09,1.0,2.061153470123145e-09,2.061153470123145e-09,2.061153470123145e-09,2.061153470123145e-09,2.061153470123145e-09,2.061153470123145e-09,2.061153470123145e-09,2.061153470123145e-09,2.061153470123145e-09,2.061153470123145e-09,2.061153470123145e-09,2.061153470123145e-09
3,2021-11-29,2,0.0,1.9354207062583494e-219,1.0,-0.0035908522989600896,2.061153470123145e-09,2.061153470123145e-09,2.061153470123145e-09,2.061153470123145e-09,2.061153470123145e-09,2.061153470123145e-09,2.061153470123145e-09,2.061153470123145e-09,0.9999999403953552,2.061153470123145e-09,2.061153470123145e-09,3.667287984399081e-08,2.061153470123145e-09,2.061153470123145e-09
3,2021-11-30,2,6.581212439324795e-86,1.0969225558361058e-49,1.0,-0.0016494966253401799,2.061153470123145e-09,2.061153470123145e-09,2.061153470123145e-09,2.061153470123145e-09,2.061153470123145e-09,2.061153470123145e-09,2.061153470123145e-09,2.061153470123145e-09,1.0,2.061153470123145e-09,2.061153470123145e-09,2.061153470123145e-09,2.061153470123145e-09,2.061153470123145e-09
3,2021-12-01,2,2.0412857704800437e-43,2.7236240544752895e-18,1.0,0.017548480492830275,0.5,1.030576846083875e-09,1.030576846083875e-09,1.030576846083875e-09,1.1701365432159605e-09,1.030576846083875e-09,1.030576846083875e-09,1.030576846083875e-09,1.030576846083875e-09,1.030576846083875e-09,1.030576846083875e-09,0.5,1.030576846083875e-09,1.030576846083875e-09
3,2021-12-02,2,8.334657740247147e-42,3.4495439242182283e-25,1.0,-0.00611396697089076,2.061153470123145e-09,2.061153470123145e-09,2.061153470123145e-09,2.061153470123145e-09,2.061153470123145e-09,2.061153470123145e-09,2.061153470123145e-09,2.061153470123145e-09,1.0,2.061153470123145e-09,2.061153470123145e-09,2.061153470123145e-09,2.061153470123145e-09,2.061153470123145e-09
3,2021-12-03,2,2.9357064441932603e-30,6.505719813067118e-16,1.0,-0.0025021390809161063,2.06115280398933e-09,2.06115280398933e-09,2.06115280398933e-09,2.06115280398933e-09,2.06115280398933e-09,2.06115280398933e-09,2.06115280398933e-09,2.06115280398933e-09,0.9999995827674866,2.06115280398933e-09,2.06115280398933e-09,3.9597671275259927e-07,2.06115280398933e-09,2.06115280398933e-09
3,2021-12-06,2,3.5344288129973584e-48,4.079140105976259e-27,1.0,0.006243537989776076,2.061153470123145e-09,2.061153470123145e-09,2.061153470123145e-09,2.061153470123145e-09,2.061153470123145e-09,2.061153470123145e-09,2.061153470123145e-09,2.061153470123145e-09,1.0,2.061153470123145e-09,2.061153470123145e-09,2.061153470123145e-09,2.061153470123145e-09,2.061153470123145e-09
3,2021-12-07,2,8.009439743680596e-141,4.719188062733905e-29,1.0,-0.0007655427554622293,6.37397192804201e-07,6.37397192804201e-07,6.37397192804201e-07,6.37397192804201e-07,6.37397192804201e-07,6.37397192804201e-07,6.37397192804201e-07,6.37397192804201e-07,0.9633535146713257,6.37397192804201e-07,6.37397192804201e-07,0.036638811230659485,6.37397192804201e-07,6.37397192804201e-07
3,2021-12-08,2,5.164689984979168e-17,5.8864231173635866e-08,0.9999999411356857,0.0010225253023207188,2.061153470123145e-09,1.0,2.061153470123145e-09,2.061153470123145e-09,2.061153470123145e-09,2.061153470123145e-09,2.061153470123145e-09,2.061153470123145e-09,2.061153470123145e-09,2.061153470123145e-09,2.061153470123145e-09,2.061153470123145e-09,2.061153470123145e-09,2.061153470123145e-09
3,2021-12-09,2,5.02744251651822e-133,3.546694134859309e-33,1.0,0.017517232757806776,2.061153470123145e-09,2.061153470123145e-09,2.061153470123145e-09,2.061153470123145e-09,2.061153470123145e-09,2.061153470123145e-09,2.061153470123145e-09,2.061153470123145e-09,2.061153470123145e-09,2.061153470123145e-09,2.061153470123145e-09,1.0,2.061153470123145e-09,2.061153470123145e-09
3,2021-12-10,2,7.246533303164775e-36,4.367202257425949e-09,0.9999999956328338,-0.0061820449993014335,1.030576846083875e-09,0.5,1.030576846083875e-09,1.030576846083875e-09,1.030576846083875e-09,1.030576846083875e-09,1.030576846083875e-09,1.030576846083875e-09,1.030576846083875e-09,1.030576846083875e-09,1.030576846083875e-09,0.5,1.030576846083875e-09,1.030576846083875e-09
3,2021-12-13,2,1.5159374956934147e-18,5.254428158466369e-09,0.9999999947456217,0.007608419705927372,2.061153470123145e-09,2.061153470123145e-09,2.061153470123145e-09,2.061153470123145e-09,2.061153470123145e-09,2.061153470123145e-09,2.061153470123145e-09,2.061153470123145e-09,1.0,2.061153470123145e-09,2.061153470123145e-09,2.061153470123145e-09,2.061153470123145e-09,2.061153470123145e-09
3,2021-12-14,2,0.0,1.857792563776311e-143,1.0,0.0012430768692865968,2.061153470123145e-09,2.061153470123145e-09,2.061153470123145e-09,2.061153470123145e-09,2.061153470123145e-09,2.061153470123145e-09,2.061153470123145e-09,2.061153470123145e-09,1.0,2.061153470123145e-09,2.061153470123145e-09,2.061153470123145e-09,2.061153470123145e-09,2.061153470123145e-09
3,2021-12-15,2,4.910124233011353e-22,4.112097077245188e-11,0.9999999999588454,0.006768940903991461,2.061153470123145e-09,2.061153470123145e-09,2.061153470123145e-09,2.061153470123145e-09,2.061153470123145e-09,2.061153470123145e-09,2.061153470123145e-09,2.061153470123145e-09,2.061153470123145e-09,2.061153470123145e-09,2.061153470123145e-09,1.0,2.061153470123145e-09,2.061153470123145e-09
3,2021-12-16,2,8.819832948242445e-14,7.733007784893e-06,0.9999922669920809,0.008448229593038559,2.061153470123145e-09,2.061153470123145e-09,2.061153470123145e-09,2.061153470123145e-09,2.061153470123145e-09,2.061153470123145e-09,2.061153470123145e-09,2.061153470123145e-09,1.0,2.061153470123145e-09,2.061153470123145e-09,2.061153470123145e-09,2.061153470123145e-09,2.061153470123145e-09
3,2021-12-17,2,1.4343509098774118e-13,8.980445582258857e-06,0.9999910195543518,-0.00936938656270504,0.4999839663505554,1.030543761437741e-09,1.030543761437741e-09,1.030543761437741e-09,1.030543761437741e-09,1.030543761437741e-09,1.030543761437741e-09,1.030543761437741e-09,3.2035775802796707e-05,1.030543761437741e-09,1.030543761437741e-09,0.4999839663505554,1.030543761437741e-09,1.030543761437741e-09
3,2021-12-20,2,4.004489086132666e-27,3.0089514029618456e-15,1.0,-0.0023521487299352885,2.061153470123145e-09,2.061153470123145e-09,2.061153470123145e-09,2.061153470123145e-09,2.061153470123145e-09,2.061153470123145e-09,2.061153470123145e-09,2.061153470123145e-09,1.0,2.061153470123145e-09,2.061153470123145e-09,2.061153470123145e-09,2.061153470123145e-09,2.061153470123145e-09
3,2021-12-21,2,1.3993436828696214e-105,1.8275270568871682e-22,1.0,-0.007008878979831934,2.061153470123145e-09,2.061153470123145e-09,2.061153470123145e-09,2.061153470123145e-09,2.061153470123145e-09,2.061153470123145e-09,2.061153470123145e-09,2.061153470123145e-09,1.0,2.061153470123145e-09,2.061153470123145e-09,2.061153470123145e-09,2.061153470123145e-09,2.061153470123145e-09
3,2021-12-22,2,9.72076842748802e-16,4.1875264864310615e-07,0.9999995812473539,-0.002070871431718524,2.061150361498676e-09,2.061150361498676e-09,2.061150361498676e-09,2.061150361498676e-09,2.061150361498676e-09,2.061150361498676e-09,2.061150361498676e-09,2.061150361498676e-09,0.9999983906745911,2.061150361498676e-09,2.061150361498676e-09,1.6111563354570535e-06,2.061150361498676e-09,2.061150361498676e-09
3,2021-12-23,2,1.930256266666663e-38,2.661330939275282e-12,0.9999999999972715,-0.007582745541632175,2.061153470123145e-09,2.061153470123145e-09,2.061153470123145e-09,2.061153470123145e-09,2.061153470123145e-09,2.061153470123145e-09,2.061153470123145e-09,2.061153470123145e-09,4.170205514242298e-09,2.061153470123145e-09,2.061153470123145e-09,1.0,2.061153470123145e-09,2.061153470123145e-09
3,2021-12-24,2,1.1880393866535375e-20,4.365110060447802e-07,0.9999995634890226,0.00010986192803829909,2.061153470123145e-09,2.061153470123145e-09,2.061153470123145e-09,2.061153470123145e-09,2.061153470123145e-09,2.061153470123145e-09,2.061153470123145e-09,2.061153470123145e-09,0.9999999403953552,2.061153470123145e-09,2.061153470123145e-09,3.003448512117757e-08,2.061153470123145e-09,2.061153470123145e-09
3,2021-12-27,2,6.381938689064124e-53,4.150762920054729e-12,0.9999999999959073,0.004899890946596861,0.3333292603492737,6.870428115313132e-10,6.870428115313132e-10,6.870428115313132e-10,1.1541895219124854e-05,6.870428115313132e-10,6.870428115313132e-10,6.870428115313132e-10,0.3333292603492737,6.870428115313132e-10,6.870428115313132e-10,0.3333292603492737,6.870428115313132e-10,7.053788522171089e-07
3,2021-12-28,2,1.0442866842143973e-34,1.0564603846308536e-11,0.9999999999895408,0.013881394810974598,0.5,1.030576846083875e-09,1.030576846083875e-09,1.030576846083875e-09,1.030576846083875e-09,1.030576846083875e-09,1.030576846083875e-09,1.030576846083875e-09,1.030576846083875e-09,1.030576846083875e-09,1.030576846083875e-09,0.5,1.030576846083875e-09,1.030576846083875e-09
3,2021-12-29,2,6.847609975726343e-26,2.7661595844773156e-08,0.9999999723384011,-0.0027550489615648984,2.061153470123145e-09,2.061153470123145e-09,2.061153470123145e-09,2.061153470123145e-09,2.061153470123145e-09,2.061153470123145e-09,2.061153470123145e-09,2.061153470123145e-09,1.0,2.061153470123145e-09,2.061153470123145e-09,2.061153470123145e-09,2.061153470123145e-09,2.061153470123145e-09
3,2021-12-30,2,2.899136111843716e-10,0.002045925773694759,0.9979540739364419,-0.006324106150865555,1.030576846083875e-09,0.5,1.030576846083875e-09,1.030576846083875e-09,1.030576846083875e-09,1.030576846083875e-09,1.030576846083875e-09,1.030576846083875e-09,0.5,1.030576846083875e-09,1.030576846083875e-09,1.030576846083875e-09,1.030576846083875e-09,1.030576846083875e-09
4,2022-01-04,1,1.2089444420789628e-110,1.0,3.1179425864205598e-58,-0.011493045654892921,2.061153470123145e-09,2.061153470123145e-09,2.061153470123145e-09,2.061153470123145e-09,2.061153470123145e-09,2.061153470123145e-09,2.061153470123145e-09,2.061153470123145e-09,2.061153470123145e-09,2.061153470123145e-09,2.061153470123145e-09,1.0,2.061153470123145e-09,2.061153470123145e-09
4,2022-01-05,1,5.762216778265389e-06,0.9999878249532157,6.412830001049239e-06,-0.021829282946821446,3.409778459584345e-09,2.33809075211866e-07,3.409778459584345e-09,3.409778459584345e-09,3.409778459584345e-09,3.409778459584345e-09,3.409778459584345e-09,3.409778459584345e-09,3.409778459584345e-09,3.409778459584345e-09,3.409778459584345e-09,0.9999997019767761,3.409778459584345e-09,3.409778459584345e-09
4,2022-01-06,1,9.650082544646542e-27,0.9999999996465476,3.5350016710337847e-10,-0.005708477897942066,1.030576846083875e-09,0.5,1.030576846083875e-09,1.030576846083875e-09,1.030576846083875e-09,1.030576846083875e-09,1.030576846083875e-09,1.030576846083875e-09,0.5,1.030576846083875e-09,1.030576846083875e-09,1.030576846083875e-09,1.030576846083875e-09,1.030576846083875e-09
4,2022-01-07,1,1.1218873630401992e-18,0.9999999690992358,3.0900713700244385e-08,-0.007572721935808659,2.061153470123145e-09,2.061153470123145e-09,2.061153470123145e-09,2.061153470123145e-09,2.061153470123145e-09,2.061153470123145e-09,2.061153470123145e-09,2.061153470123145e-09,0.9999999403953552,2.061153470123145e-09,2.061153470123145e-09,1.0845488063182529e-08,2.061153470123145e-09,2.061153470123145e-09
4,2022-01-10,1,6.225941334701593e-10,0.9999983242811765,1.6750962023140549e-06,-0.006054671990871429,2.061153470123145e-09,2.061153470123145e-09,2.061153470123145e-09,2.061153470123145e-09,2.061153470123145e-09,2.061153470123145e-09,2.061153470123145e-09,2.061153470123145e-09,2.061153470123145e-09,2.061153470123145e-09,2.061153470123145e-09,1.0,2.061153470123145e-09,2.061153470123145e-09
4,2022-01-11,1,5.422388705246329e-07,0.9999910855590887,8.372202085669307e-06,0.01880877227783203,2.061153470123145e-09,1.0,2.061153470123145e-09,2.061153470123145e-09,2.061153470123145e-09,2.061153470123145e-09,2.061153470123145e-09,2.061153470123145e-09,2.061153470123145e-09,2.061153470123145e-09,2.061153470123145e-09,2.061153470123145e-09,2.061153470123145e-09,2.061153470123145e-09
4,2022-01-12,1,2.7108106971061246e-28,0.9999999997951363,2.0485654771955225e-10,0.007510993840545416,1.030576846083875e-09,0.5,1.030576846083875e-09,1.030576846083875e-09,1.030576846083875e-09,1.030576846083875e-09,1.030576846083875e-09,1.030576846083875e-09,0.5,1.030576846083875e-09,1.030576846083875e-09,1.030576846083875e-09,1.030576846083875e-09,1.030576846083875e-09
4,2022-01-13,1,0.0012440387651990042,0.9987394465148057,1.651472003408095e-05,-0.00821342251598835,1.030576846083875e-09,0.5,1.030576846083875e-09,1.030576846083875e-09,1.030576846083875e-09,1.030576846083875e-09,1.030576846083875e-09,1.030576846083875e-09,1.030576846083875e-09,1.030576846083875e-09,1.030576846083875e-09,0.5,1.030576846083875e-09,1.030576846083875e-09
4,2022-01-14,1,2.069086096149331e-12,0.9999995954823043,4.0451558827595037e-07,-0.00704613398835063,2.0610511075602744e-09,0.9999502897262573,2.0610511075602744e-09,2.0610511075602744e-09,2.0610511075602744e-09,2.0610511075602744e-09,2.0610511075602744e-09,2.0610511075602744e-09,2.0610511075602744e-09,2.0610511075602744e-09,2.0610511075602744e-09,4.966920823790133e-05,2.0610511075602744e-09,2.0610511075602744e-09
4,2022-01-17,1,3.9990848453676076e-16,0.9999999039849901,9.601498130333151e-08,-0.004363381813466549,2.061153470123145e-09,2.061153470123145e-09,2.061153470123145e-09,2.061153470123145e-09,2.061153470123145e-09,2.061153470123145e-09,2.061153470123145e-09,2.061153470123145e-09,1.0,2.061153470123145e-09,2.061153470123145e-09,2.061153470123145e-09,2.061153470123145e-09,2.061153470123145e-09
4,2022-01-18,1,8.514683911588104e-07,0.9999811096008046,1.8038930801137317e-05,-0.01830738647580147,2.061153470123145e-09,2.061153470123145e-09,2.061153470123145e-09,2.061153470123145e-09,2.061153470123145e-09,2.061153470123145e-09,2.061153470123145e-09,2.061153470123145e-09,2.061153470123145e-09,2.061153470123145e-09,2.061153470123145e-09,1.0,2.061153470123145e-09,2.061153470123145e-09
4,2022-01-19,1,1.9453348408090387e-58,1.0,4.604229369096026e-15,0.007345228882879019,2.0595634087072767e-09,0.9992285370826721,2.0595634087072767e-09,2.0595634087072767e-09,2.0595634087072767e-09,2.0595634087072767e-09,2.0595634087072767e-09,2.0595634087072767e-09,2.0595634087072767e-09,2.0595634087072767e-09,2.0595634087072767e-09,0.0007714595412835479,2.0595634087072767e-09,2.0595634087072767e-09
4,2022-01-20,1,0.0,1.0,7.888439829783883e-118,0.015116109952330588,2.061153470123145e-09,2.061153470123145e-09,2.061153470123145e-09,2.061153470123145e-09,2.061153470123145e-09,2.061153470123145e-09,2.061153470123145e-09,2.061153470123145e-09,1.0,2.061153470123145e-09,2.061153470123145e-09,2.061153470123145e-09,2.061153470123145e-09,2.061153470123145e-09
4,2022-01-21,1,0.0,1.0,5.840469610691909e-147,0.00542525851354003,2.0488251095684973e-09,0.9940186142921448,2.0488251095684973e-09,2.0488251095684973e-09,2.0488251095684973e-09,2.0488251095684973e-09,2.0488251095684973e-09,2.0488251095684973e-09,2.0488251095684973e-09,2.0488251095684973e-09,2.0488251095684973e-09,0.0059813871048390865,2.0488251095684973e-09,2.0488251095684973e-09
4,2022-01-24,1,6.371467165761198e-36,0.9997059774957836,0.0002940225041885249,-0.012030773617327213,2.061153470123145e-09,2.061153470123145e-09,2.061153470123145e-09,2.061153470123145e-09,2.061153470123145e-09,2.061153470123145e-09,2.061153470123145e-09,2.061153470123145e-09,2.061153470123145e-09,2.061153470123145e-09,2.061153470123145e-09,1.0,2.061153470123145e-09,2.061153470123145e-09
4,2022-01-25,2,1.5567691320157579e-50,0.358280704348879,0.6417192956511444,0.0017124316215515138,2.061153470123145e-09,2.061153470123145e-09,2.061153470123145e-09,2.061153470123145e-09,2.061153470123145e-09,2.061153470123145e-09,2.061153470123145e-09,2.061153470123145e-09,1.0,2.061153470123145e-09,2.061153470123145e-09,2.061153470123145e-09,2.061153470123145e-09,2.061153470123145e-09
4,2022-01-26,2,2.7166538300534195e-24,0.0014824401222092594,0.9985175598777762,0.00361232970252684,2.061153470123145e-09,4.378101081670138e-08,2.061153470123145e-09,2.061153470123145e-09,2.061153470123145e-09,2.061153470123145e-09,2.061153470123145e-09,2.061153470123145e-09,0.9999999403953552,2.061153470123145e-09,2.061153470123145e-09,2.061153470123145e-09,2.061153470123145e-09,2.061153470123145e-09
4,2022-01-27,2,1.179401141502547e-46,2.062157379202684e-06,0.9999979378426023,-0.02126868332400918,2.016319333719707e-09,2.016319333719707e-09,2.016319333719707e-09,2.016319333719707e-09,2.016319333719707e-09,2.016319333719707e-09,2.016319333719707e-09,2.016319333719707e-09,0.9782479405403137,2.016319333719707e-09,2.016319333719707e-09,0.02175206132233143,2.016319333719707e-09,2.016319333719707e-09
4,2022-01-28,2,1.5550923686718736e-23,0.0012297423330914032,0.9987702576669149,-0.008632441900111735,2.061147696963417e-09,2.061147696963417e-09,2.061147696963417e-09,2.061147696963417e-09,2.061147696963417e-09,2.061147696963417e-09,2.061147696963417e-09,2.061147696963417e-09,0.9999971389770508,2.061147696963417e-09,2.061147696963417e-09,2.8366121114231646e-06,2.061147696963417e-09,2.061147696963417e-09
4,2022-02-03,2,1.2121927645560636e-17,0.012365148142130059,0.9876348518578336,0.011180854272842407,0.20000000298023224,4.122307217802046e-10,4.122307217802046e-10,4.122307217802046e-10,0.20000000298023224,4.122307217802046e-10,4.122307217802046e-10,4.122307217802046e-10,0.20000000298023224,4.122307217802046e-10,4.122307217802046e-10,0.20000000298023224,4.122307217802046e-10,0.20000000298023224
4,2022-02-04,2,3.6058252414598116e-14,0.18589688796857046,0.8141031120314138,-0.010781556424498557,2.061153470123145e-09,2.061153470123145e-09,2.061153470123145e-09,2.061153470123145e-09,2.061153470123145e-09,2.061153470123145e-09,2.061153470123145e-09,2.061153470123145e-09,2.061153470123145e-09,2.061153470123145e-09,2.061153470123145e-09,1.0,2.061153470123145e-09,2.061153470123145e-09
4,2022-02-07,2,1.6787159698488934e-15,0.2530824430214164,0.7469175569785632,0.0010443719362840057,1.030576846083875e-09,0.5,1.030576846083875e-09,1.030576846083875e-09,1.030576846083875e-09,1.030576846083875e-09,1.030576846083875e-09,1.030576846083875e-09,0.5,1.030576846083875e-09,1.030576846083875e-09,1.030576846083875e-09,1.030576846083875e-09,1.030576846083875e-09
4,2022-02-08,2,9.177915256659933e-12,0.4549207042964052,0.5450792956944027,0.00556663212031126,2.061153470123145e-09,2.061153470123145e-09,2.061153470123145e-09,2.061153470123145e-09,2.061153470123145e-09,2.061153470123145e-09,2.061153470123145e-09,2.061153470123145e-09,1.0,2.061153470123145e-09,2.061153470123145e-09,2.061153470123145e-09,2.061153470123145e-09,2.061153470123145e-09
4,2022-02-09,1,4.459749633994733e-13,0.9475536431591389,0.05244635684046483,0.009925006540119649,2.8356422765440925e-10,0.13757549226284027,0.015972381457686424,0.0003295154310762882,0.045747872442007065,0.023119401186704636,0.13757549226284027,0.13757549226284027,0.13757549226284027,0.08937356621026993,4.323160283092875e-06,2.8356422765440925e-10,0.13757549226284027,0.13757549226284027
4,2022-02-10,1,2.8265113513262154e-09,0.9732448674419906,0.026755129731542086,0.0045993257611989975,2.0609947082306235e-09,7.70255719544366e-05,2.0609947082306235e-09,2.0609947082306235e-09,2.0609947082306235e-09,2.0609947082306235e-09,2.0609947082306235e-09,2.0609947082306235e-09,0.9999229311943054,2.0609947082306235e-09,2.0609947082306235e-09,2.0609947082306235e-09,2.0609947082306235e-09,2.0609947082306235e-09
4,2022-02-11,1,2.9703553895045053e-32,0.9827242772534608,0.017275722746499883,-0.011461427491903304,0.20000000298023224,4.122307217802046e-10,4.122307217802046e-10,4.122307217802046e-10,0.20000000298023224,4.122307217802046e-10,4.122307217802046e-10,4.122307217802046e-10,0.20000000298023224,4.122307217802046e-10,4.122307217802046e-10,0.20000000298023224,4.122307217802046e-10,0.20000000298023224
4,2022-02-15,1,5.4918559779541296e-42,0.908410745115732,0.09158925488430052,-0.04050066465139389,0.5,1.030576846083875e-09,1.030576846083875e-09,1.030576846083875e-09,1.030576846083875e-09,1.030576846083875e-09,1.030576846083875e-09,1.030576846083875e-09,1.030576846083875e-09,1.030576846083875e-09,1.030576846083875e-09,0.5,1.030576846083875e-09,1.030576846083875e-09
4,2022-02-16,1,2.4322830187254967e-16,0.5563807072403246,0.4436192927596861,-0.014591645959019661,2.061153470123145e-09,2.061153470123145e-09,2.061153470123145e-09,2.061153470123145e-09,2.061153470123145e-09,2.061153470123145e-09,2.061153470123145e-09,2.061153470123145e-09,1.0,2.061153470123145e-09,2.061153470123145e-09,2.061153470123145e-09,2.061153470123145e-09,2.061153470123145e-09
4,2022-02-17,2,1.015309732807941e-22,0.04616102689596378,0.9538389731040138,0.015712707048654555,1.030576846083875e-09,0.5,1.030576846083875e-09,1.030576846083875e-09,1.030576846083875e-09,1.030576846083875e-09,1.030576846083875e-09,1.030576846083875e-09,0.5,1.030576846083875e-09,1.030576846083875e-09,1.030576846083875e-09,1.030576846083875e-09,1.030576846083875e-09
4,2022-02-18,2,2.043202691312503e-22,0.0009477933924022788,0.9990522066075859,0.007717912761867046,2.061153470123145e-09,2.061153470123145e-09,2.061153470123145e-09,2.061153470123145e-09,2.061153470123145e-09,2.061153470123145e-09,2.061153470123145e-09,2.061153470123145e-09,1.0,2.061153470123145e-09,2.061153470123145e-09,2.061153470123145e-09,2.061153470123145e-09,2.061153470123145e-09
4,2022-02-21,2,7.379683850297376e-24,1.575760379750707e-05,0.9999842423961872,-0.001176228979602456,2.061153470123145e-09,2.061153470123145e-09,2.061153470123145e-09,2.061153470123145e-09,2.061153470123145e-09,2.061153470123145e-09,2.061153470123145e-09,2.061153470123145e-09,1.0,2.061153470123145e-09,2.061153470123145e-09,2.061153470123145e-09,2.061153470123145e-09,2.061153470123145e-09
4,2022-02-22,2,5.000620725067044e-33,1.3768119004712876e-07,0.9999998623187688,0.011312720365822315,2.061153470123145e-09,2.061153470123145e-09,2.061153470123145e-09,2.061153470123145e-09,2.061153470123145e-09,2.061153470123145e-09,2.061153470123145e-09,2.061153470123145e-09,1.0,2.061153470123145e-09,2.061153470123145e-09,2.061153470123145e-09,2.061153470123145e-09,2.061153470123145e-09
4,2022-02-23,2,2.339309438798525e-24,4.5373910697282763e-07,0.9999995462609269,-0.0073973010294139385,2.061153470123145e-09,2.061153470123145e-09,2.061153470123145e-09,2.061153470123145e-09,2.061153470123145e-09,2.061153470123145e-09,2.061153470123145e-09,2.061153470123145e-09,1.0,2.061153470123145e-09,2.061153470123145e-09,2.061153470123145e-09,2.061153470123145e-09,2.061153470123145e-09
4,2022-02-24,2,2.572722011067771e-44,1.0749053060109426e-08,0.9999999892509096,0.02355770952999592,2.061153470123145e-09,2.061153470123145e-09,2.061153470123145e-09,2.061153470123145e-09,2.061153470123145e-09,2.061153470123145e-09,2.061153470123145e-09,2.061153470123145e-09,1.0,2.061153470123145e-09,2.061153470123145e-09,2.061153470123145e-09,2.061153470123145e-09,2.061153470123145e-09
4,2022-02-25,2,3.1965412028976764e-24,2.520566370893786e-06,0.9999974794336529,0.0057072185046970845,1.1018433099252434e-07,1.0305767350615724e-09,1.0305767350615724e-09,1.0305767350615724e-09,1.0305767350615724e-09,1.0305767350615724e-09,1.0305767350615724e-09,1.0305767350615724e-09,0.4999999403953552,1.0305767350615724e-09,1.0305767350615724e-09,0.4999999403953552,1.0305767350615724e-09,1.0305767350615724e-09
4,2022-02-28,2,2.4619695333060576e-27,2.670967926426803e-07,0.9999997329031559,0.011940246210992336,0.5,1.030576846083875e-09,1.030576846083875e-09,1.030576846083875e-09,1.030576846083875e-09,1.030576846083875e-09,1.030576846083875e-09,1.030576846083875e-09,1.030576846083875e-09,1.030576846083875e-09,1.030576846083875e-09,0.5,1.030576846083875e-09,1.030576846083875e-09
4,2022-03-02,2,5.282910991786318e-29,1.3282595885598207e-07,0.9999998671739919,0.014732084658741951,2.061153470123145e-09,2.061153470123145e-09,2.061153470123145e-09,2.061153470123145e-09,2.061153470123145e-09,2.061153470123145e-09,2.061153470123145e-09,2.061153470123145e-09,0.9999999403953552,2.061153470123145e-09,2.061153470123145e-09,1.1609916583665836e-08,2.061153470123145e-09,2.061153470123145e-09
4,2022-03-03,2,2.577509008094323e-20,6.6928906068288835e-06,0.9999933071094359,-0.005370167560072556,2.061153470123145e-09,2.061153470123145e-09,2.061153470123145e-09,2.061153470123145e-09,2.061153470123145e-09,2.061153470123145e-09,2.061153470123145e-09,2.061153470123145e-09,1.0,2.061153470123145e-09,2.061153470123145e-09,2.061153470123145e-09,2.061153470123145e-09,2.061153470123145e-09
4,2022-03-04,2,2.3177217864330777e-31,6.921953551923123e-07,0.9999993078046268,-0.015581330977380275,5.898134531889809e-06,5.898134531889809e-06,5.898134531889809e-06,5.898134531889809e-06,5.898134531889809e-06,5.898134531889809e-06,5.898134531889809e-06,5.898134531889809e-06,0.00012039425200782716,5.898134531889809e-06,5.898134531889809e-06,0.9998088479042053,5.898134531889809e-06,5.898134531889809e-06
4,2022-03-07,2,3.8591494962837595e-48,1.969521743690278e-09,0.9999999980304892,0.02426204297244549,2.061153470123145e-09,2.061153470123145e-09,2.061153470123145e-09,2.061153470123145e-09,2.061153470123145e-09,2.061153470123145e-09,2.061153470123145e-09,2.061153470123145e-09,0.9999999403953552,2.061153470123145e-09,2.061153470123145e-09,1.4933894121327285e-08,2.061153470123145e-09,2.061153470123145e-09
4,2022-03-08,2,1.789448397397742e-48,2.8156141950406708e-11,0.9999999999718057,0.009288573626733106,2.061153470123145e-09,2.061153470123145e-09,2.061153470123145e-09,2.061153470123145e-09,2.061153470123145e-09,2.061153470123145e-09,2.061153470123145e-09,2.061153470123145e-09,1.0,2.061153470123145e-09,2.061153470123145e-09,2.061153470123145e-09,2.061153470123145e-09,2.061153470123145e-09
4,2022-03-10,2,1.2564507920853006e-30,6.579174545041353e-08,0.9999999342082923,-0.005562799517065287,2.061153470123145e-09,2.061153470123145e-09,2.061153470123145e-09,2.061153470123145e-09,2.061153470123145e-09,2.061153470123145e-09,2.061153470123145e-09,2.061153470123145e-09,1.0,2.061153470123145e-09,2.061153470123145e-09,2.061153470123145e-09,2.061153470123145e-09,2.061153470123145e-09
4,2022-03-11,2,1.3421954633146542e-25,2.6838787256774347e-07,0.9999997316121285,-0.003927459751442075,7.281114822177415e-09,2.061153470123145e-09,2.061153470123145e-09,2.061153470123145e-09,2.061153470123145e-09,2.061153470123145e-09,2.061153470123145e-09,2.061153470123145e-09,2.061153470123145e-09,2.061153470123145e-09,2.061153470123145e-09,0.9999999403953552,2.061153470123145e-09,2.061153470123145e-09
4,2022-03-14,2,5.530008374789968e-28,1.4408107393214462e-07,0.9999998559188829,-0.012964753679931164,0.5,1.030576846083875e-09,1.030576846083875e-09,1.030576846083875e-09,1.030576846083875e-09,1.030576846083875e-09,1.030576846083875e-09,1.030576846083875e-09,1.030576846083875e-09,1.030576846083875e-09,1.030576846083875e-09,0.5,1.030576846083875e-09,1.030576846083875e-09
4,2022-03-15,2,1.5252927591200015e-33,6.208300623681373e-08,0.999999937916984,-0.023411414164304735,2.061153470123145e-09,2.061153470123145e-09,2.061153470123145e-09,2.061153470123145e-09,2.061153470123145e-09,2.061153470123145e-09,2.061153470123145e-09,2.061153470123145e-09,1.0,2.061153470123145e-09,2.061153470123145e-09,2.061153470123145e-09,2.061153470123145e-09,2.061153470123145e-09
4,2022-03-16,2,1.4617510990155316e-22,3.721612377849658e-05,0.9999627838762559,-0.007309160195291042,2.061153470123145e-09,2.061153470123145e-09,2.061153470123145e-09,2.061153470123145e-09,2.061153470123145e-09,2.061153470123145e-09,2.061153470123145e-09,2.061153470123145e-09,1.0,2.061153470123145e-09,2.061153470123145e-09,2.061153470123145e-09,2.061153470123145e-09,2.061153470123145e-09
4,2022-03-17,2,9.185797825270074e-18,0.0010871509570416192,0.998912849042917,0.00692577613517642,2.061153470123145e-09,2.061153470123145e-09,2.061153470123145e-09,2.061153470123145e-09,2.061153470123145e-09,2.061153470123145e-09,2.061153470123145e-09,2.061153470123145e-09,1.0,2.061153470123145e-09,2.061153470123145e-09,2.061153470123145e-09,2.061153470123145e-09,2.061153470123145e-09
4,2022-03-18,2,3.49889478454457e-15,0.010257029247909161,0.989742970752094,0.0030628123084959526,2.061153026033935e-09,2.061153026033935e-09,2.061153026033935e-09,2.061153026033935e-09,2.061153026033935e-09,2.061153026033935e-09,2.061153026033935e-09,2.061153026033935e-09,0.9999997615814209,2.061153026033935e-09,2.061153026033935e-09,2.3120317393932055e-07,2.061153026033935e-09,2.061153026033935e-09
4,2022-03-21,2,3.912609892286014e-17,0.06272966658907479,0.9372703334109578,-0.007045257946290076,2.009336030894815e-09,2.009336030894815e-09,2.009336030894815e-09,2.009336030894815e-09,2.009336030894815e-09,2.009336030894815e-09,2.009336030894815e-09,2.009336030894815e-09,0.974859893321991,2.009336030894815e-09,2.009336030894815e-09,0.025140095502138138,2.009336030894815e-09,2.009336030894815e-09
4,2022-03-22,1,1.9246234767676465e-12,0.5182361554190861,0.48176384457893584,0.0076583189025521275,2.061153470123145e-09,2.061153470123145e-09,2.061153470123145e-09,2.061153470123145e-09,2.061153470123145e-09,2.061153470123145e-09,2.061153470123145e-09,2.061153470123145e-09,1.0,2.061153470123145e-09,2.061153470123145e-09,2.061153470123145e-09,2.061153470123145e-09,2.061153470123145e-09
4,2022-03-23,1,1.1503650463462444e-13,0.9426919286155742,0.05730807138433463,-0.009977087378501892,2.061153470123145e-09,2.061153470123145e-09,2.061153470123145e-09,2.061153470123145e-09,2.061153470123145e-09,2.061153470123145e-09,2.061153470123145e-09,2.061153470123145e-09,1.0,2.061153470123145e-09,2.061153470123145e-09,2.061153470123145e-09,2.061153470123145e-09,2.061153470123145e-09
4,2022-03-24,1,4.2786400775136403e-10,0.957494618280246,0.04250538129189864,-0.0019956330904737116,4.1087558201979846e-05,4.1087558201979846e-05,4.1087558201979846e-05,4.1087558201979846e-05,4.1087558201979846e-05,4.1087558201979846e-05,4.1087558201979846e-05,4.1087558201979846e-05,0.0017957924865186214,4.1087558201979846e-05,4.1087558201979846e-05,0.997711181640625,4.1087558201979846e-05,4.1087558201979846e-05
4,2022-03-25,1,3.2377953681944537e-09,0.9716303452181991,0.02836965154405462,-0.001523069129884243,0.5,1.030576846083875e-09,1.030576846083875e-09,1.030576846083875e-09,1.030576846083875e-09,1.030576846083875e-09,1.030576846083875e-09,1.030576846083875e-09,1.030576846083875e-09,1.030576846083875e-09,1.030576846083875e-09,0.5,1.030576846083875e-09,1.030576846083875e-09
4,2022-03-28,1,2.47361959989099e-09,0.9858198286401567,0.014180168886242695,-0.012453592891991138,2.061153470123145e-09,2.061153470123145e-09,2.061153470123145e-09,2.061153470123145e-09,2.061153470123145e-09,2.061153470123145e-09,2.061153470123145e-09,2.061153470123145e-09,1.0,2.061153470123145e-09,2.061153470123145e-09,2.061153470123145e-09,2.061153470123145e-09,2.061153470123145e-09
4,2022-03-29,1,5.89096191121818e-16,0.9998881074822482,0.00011189251775525823,-0.00029297331654743174,2.059933112974477e-09,0.9994078278541565,2.059933112974477e-09,2.059933112974477e-09,2.059933112974477e-09,2.059933112974477e-09,2.059933112974477e-09,2.059933112974477e-09,2.059933112974477e-09,2.059933112974477e-09,2.059933112974477e-09,0.0005921553238295019,2.059933112974477e-09,2.059933112974477e-09
4,2022-03-30,1,2.4633835891147154e-06,0.9999434473254933,5.408929090864149e-05,0.009021019352972507,4.231419126199398e-08,0.005900125950574875,4.231419126199398e-08,4.231419126199398e-08,4.231419126199398e-08,4.231419126199398e-08,4.231419126199398e-08,4.231419126199398e-08,4.231419126199398e-08,4.231419126199398e-08,4.231419126199398e-08,0.9940993785858154,4.231419126199398e-08,4.231419126199398e-08
4,2022-03-31,1,8.041154901176556e-98,1.0,6.560425301578427e-24,-0.004897869177162647,0.20000000298023224,4.122307217802046e-10,4.122307217802046e-10,4.122307217802046e-10,0.20000000298023224,4.122307217802046e-10,4.122307217802046e-10,4.122307217802046e-10,0.20000000298023224,4.122307217802046e-10,4.122307217802046e-10,0.20000000298023224,4.122307217802046e-10,0.20000000298023224
4,2022-04-01,1,1.8568899620144176e-05,0.9999677430853698,1.3688014958476772e-05,-0.012276392468810082,2.0610599893444714e-09,4.540719965007156e-05,2.0610599893444714e-09,2.0610599893444714e-09,2.0610599893444714e-09,2.0610599893444714e-09,2.0610599893444714e-09,2.0610599893444714e-09,2.0610599893444714e-09,2.0610599893444714e-09,2.0610599893444714e-09,0.9999545812606812,2.0610599893444714e-09,2.0610599893444714e-09
4,2022-04-04,1,2.4799952079780945e-10,0.999998480416952,1.5193350216011474e-06,-0.008745366285741329,2.061153470123145e-09,2.061153470123145e-09,2.061153470123145e-09,2.061153470123145e-09,2.061153470123145e-09,2.061153470123145e-09,2.061153470123145e-09,2.061153470123145e-09,1.0,2.061153470123145e-09,2.061153470123145e-09,2.061153470123145e-09,2.061153470123145e-09,2.061153470123145e-09
4,2022-04-05,1,1.99365087226536e-06,0.9999933602231176,4.646126025428836e-06,0.0007964861012995243,0.20000000298023224,4.122307217802046e-10,4.122307217802046e-10,4.122307217802046e-10,0.20000000298023224,4.122307217802046e-10,4.122307217802046e-10,4.122307217802046e-10,0.20000000298023224,4.122307217802046e-10,4.122307217802046e-10,0.20000000298023224,4.122307217802046e-10,0.20000000298023224
4,2022-04-06,1,2.348072952644471e-09,0.9999985584888849,1.4391630332948991e-06,-0.019367133766412734,0.5,1.030576846083875e-09,1.030576846083875e-09,1.030576846083875e-09,1.030576846083875e-09,1.030576846083875e-09,1.030576846083875e-09,1.030576846083875e-09,1.030576846083875e-09,1.030576846083875e-09,1.030576846083875e-09,0.5,1.030576846083875e-09,1.030576846083875e-09
4,2022-04-07,1,2.264691886108476e-62,1.0,7.18795478141272e-18,-0.012238674375414848,2.061153470123145e-09,1.0,2.061153470123145e-09,2.061153470123145e-09,2.061153470123145e-09,2.061153470123145e-09,2.061153470123145e-09,2.061153470123145e-09,2.061153470123145e-09,2.061153470123145e-09,2.061153470123145e-09,2.061153470123145e-09,2.061153470123145e-09,2.061153470123145e-09
4,2022-04-08,1,5.045181287916493e-52,1.0,4.8916343466957585e-15,0.0031595117904245854,2.061153470123145e-09,2.061153470123145e-09,2.061153470123145e-09,2.061153470123145e-09,2.061153470123145e-09,2.061153470123145e-09,2.061153470123145e-09,2.061153470123145e-09,0.9999998807907104,2.061153470123145e-09,2.061153470123145e-09,6.884238956672561e-08,2.061153470123145e-09,2.061153470123145e-09
4,2022-04-11,1,6.713124114152566e-15,0.9999997680597785,2.3194022262211387e-07,0.006120947161730499,2.061153470123145e-09,2.061153470123145e-09,2.061153470123145e-09,2.061153470123145e-09,2.061153470123145e-09,2.061153470123145e-09,2.061153470123145e-09,2.061153470123145e-09,1.0,2.061153470123145e-09,2.061153470123145e-09,2.061153470123145e-09,2.061153470123145e-09,2.061153470123145e-09
4,2022-04-12,1,2.55966597958483e-07,0.9999671451091158,3.2598924305646875e-05,-0.003925473706051707,0.5,1.030576846083875e-09,1.030576846083875e-09,1.030576846083875e-09,1.030576846083875e-09,1.030576846083875e-09,1.030576846083875e-09,1.030576846083875e-09,1.030576846083875e-09,1.030576846083875e-09,1.030576846083875e-09,0.5,1.030576846083875e-09,1.030576846083875e-09
4,2022-04-13,1,5.009515233342841e-05,0.9999156096791291,3.429516848722467e-05,0.004983028818666935,2.061153470123145e-09,2.061153470123145e-09,2.061153470123145e-09,2.061153470123145e-09,2.061153470123145e-09,2.061153470123145e-09,2.061153470123145e-09,2.061153470123145e-09,0.9999999403953552,2.061153470123145e-09,2.061153470123145e-09,5.48996048621575e-09,2.061153470123145e-09,2.061153470123145e-09
4,2022-04-14,1,3.982148473645319e-05,0.9999352564074379,2.4922107861010406e-05,0.0018800101148409318,2.061153470123145e-09,2.061153470123145e-09,2.061153470123145e-09,2.061153470123145e-09,2.061153470123145e-09,2.061153470123145e-09,2.061153470123145e-09,2.061153470123145e-09,1.0,2.061153470123145e-09,2.061153470123145e-09,2.061153470123145e-09,2.061153470123145e-09,2.061153470123145e-09
4,2022-04-15,1,1.3069408279776167e-39,0.9999999999980673,1.9133015230742573e-12,-0.008955479177832603,1.8273125235168663e-09,0.8865484595298767,1.8273125235168663e-09,1.8273125235168663e-09,1.8273125235168663e-09,1.8273125235168663e-09,1.8273125235168663e-09,1.8273125235168663e-09,1.8273125235168663e-09,1.8273125235168663e-09,1.8273125235168663e-09,0.1134515181183815,1.8273125235168663e-09,1.8273125235168663e-09
4,2022-04-18,1,4.587081788555948e-08,0.9999657206725647,3.4233456637464e-05,0.0020692979011684657,1.0295503338753065e-09,1.0295503338753065e-09,1.0295503338753065e-09,1.0295503338753065e-09,0.0009953908156603575,1.0295503338753065e-09,1.0295503338753065e-09,1.0295503338753065e-09,0.4995019733905792,1.0295503338753065e-09,1.0295503338753065e-09,1.0295503338753065e-09,6.575788802365423e-07,0.4995019733905792
4,2022-04-19,1,4.938324251303683e-06,0.9999677293102665,2.7332365505683518e-05,-0.007251684282720089,2.061153470123145e-09,2.061153470123145e-09,2.061153470123145e-09,2.061153470123145e-09,2.061153470123145e-09,2.061153470123145e-09,2.061153470123145e-09,2.061153470123145e-09,1.0,2.061153470123145e-09,2.061153470123145e-09,2.061153470123145e-09,2.061153470123145e-09,2.061153470123145e-09
4,2022-04-20,1,4.4206064375991406e-20,0.9999999601922135,3.980783806731097e-08,0.005284817845374346,2.061153470123145e-09,1.0,2.061153470123145e-09,2.061153470123145e-09,2.061153470123145e-09,2.061153470123145e-09,2.061153470123145e-09,2.061153470123145e-09,2.061153470123145e-09,2.061153470123145e-09,2.061153470123145e-09,2.061153470123145e-09,2.061153470123145e-09,2.061153470123145e-09
4,2022-04-21,1,2.2529019693489303e-14,0.9999998191551803,1.8084478596467568e-07,0.0057952967032790185,2.061153470123145e-09,2.061153470123145e-09,2.061153470123145e-09,2.061153470123145e-09,2.061153470123145e-09,2.061153470123145e-09,2.061153470123145e-09,2.061153470123145e-09,0.9999999403953552,2.061153470123145e-09,2.061153470123145e-09,3.369180134882299e-08,2.061153470123145e-09,2.061153470123145e-09
4,2022-04-22,1,1.298046743672317e-54,1.0,1.4127564286199091e-15,-0.005339246264100075,0.20000000298023224,4.122307217802046e-10,4.122307217802046e-10,4.122307217802046e-10,0.20000000298023224,4.122307217802046e-10,4.122307217802046e-10,4.122307217802046e-10,0.20000000298023224,4.122307217802046e-10,4.122307217802046e-10,0.20000000298023224,4.122307217802046e-10,0.20000000298023224
4,2022-04-25,1,1.2569174552562784e-12,0.9998844043644534,0.0001155956343053285,-0.022364945650100707,0.5,1.030576846083875e-09,1.030576846083875e-09,1.030576846083875e-09,1.030576846083875e-09,1.030576846083875e-09,1.030576846083875e-09,1.030576846083875e-09,1.030576846083875e-09,1.030576846083875e-09,1.030576846083875e-09,0.5,1.030576846083875e-09,1.030576846083875e-09
4,2022-04-26,1,4.985992740028825e-12,0.9999687530843413,3.12469106996213e-05,-0.0061264099061489104,2.061153470123145e-09,2.061153470123145e-09,2.061153470123145e-09,2.061153470123145e-09,2.061153470123145e-09,2.061153470123145e-09,2.061153470123145e-09,2.061153470123145e-09,1.0,2.061153470123145e-09,2.061153470123145e-09,2.061153470123145e-09,2.061153470123145e-09,2.061153470123145e-09
4,2022-04-27,1,1.184176670907939e-29,0.9999976747512596,2.3252486918904064e-06,-0.005425023424625397,0.5,1.030576846083875e-09,1.030576846083875e-09,1.030576846083875e-09,1.030576846083875e-09,1.030576846083875e-09,1.030576846083875e-09,1.030576846083875e-09,1.030576846083875e-09,1.030576846083875e-09,1.030576846083875e-09,0.5,1.030576846083875e-09,1.030576846083875e-09
4,2022-04-28,1,2.0480869382918388e-13,0.9999909269231526,9.073076608136306e-06,-0.0029207145012915135,0.3333292305469513,6.87042756020162e-10,6.87042756020162e-10,6.87042756020162e-10,1.9283564256511454e-07,6.87042756020162e-10,6.87042756020162e-10,6.87042756020162e-10,0.3333292305469513,6.87042756020162e-10,6.87042756020162e-10,0.3333292305469513,6.87042756020162e-10,1.2127350601076614e-05
4,2022-04-29,1,5.522401743092944e-23,0.9999999928227226,7.177303033768193e-09,0.020160902574658395,2.061153470123145e-09,2.061153470123145e-09,2.061153470123145e-09,2.061153470123145e-09,2.061153470123145e-09,2.061153470123145e-09,2.061153470123145e-09,2.061153470123145e-09,1.0,2.061153470123145e-09,2.061153470123145e-09,2.061153470123145e-09,2.061153470123145e-09,2.061153470123145e-09
4,2022-05-03,1,5.176849486230865e-31,0.999999977025823,2.2974199962563826e-08,-0.03029937483370304,2.061153470123145e-09,2.061153470123145e-09,2.061153470123145e-09,2.061153470123145e-09,2.061153470123145e-09,2.061153470123145e-09,2.061153470123145e-09,2.061153470123145e-09,1.0,2.061153470123145e-09,2.061153470123145e-09,2.061153470123145e-09,2.061153470123145e-09,2.061153470123145e-09
4,2022-05-04,1,3.7329848828017047e-10,0.9999742607448976,2.573888175890122e-05,-0.01241961917579174,0.5,1.030576846083875e-09,1.030576846083875e-09,1.030576846083875e-09,1.030576846083875e-09,1.030576846083875e-09,1.030576846083875e-09,1.030576846083875e-09,1.030576846083875e-09,1.030576846083875e-09,1.030576846083875e-09,0.5,1.030576846083875e-09,1.030576846083875e-09
4,2022-05-06,1,5.641860836903267e-22,0.9999637879641737,3.621203587354442e-05,0.006046672773361206,2.061153470123145e-09,2.061153470123145e-09,2.061153470123145e-09,2.061153470123145e-09,2.061153470123145e-09,2.061153470123145e-09,2.061153470123145e-09,2.061153470123145e-09,1.0,2.061153470123145e-09,2.061153470123145e-09,2.061153470123145e-09,2.061153470123145e-09,2.061153470123145e-09
4,2022-05-10,1,4.24399927443672e-20,0.9996071210868225,0.00039287891314382134,-0.01961149952709675,1.030576846083875e-09,1.030576846083875e-09,1.030576846083875e-09,1.030576846083875e-09,1.030576846083875e-09,1.030576846083875e-09,1.030576846083875e-09,1.030576846083875e-09,0.5,1.030576846083875e-09,1.030576846083875e-09,0.5,1.030576846083875e-09,1.030576846083875e-09
4,2022-05-11,1,9.804614836749843e-13,0.9994982964728916,0.0005017035261090655,0.018447470596432685,0.5,1.030576846083875e-09,1.030576846083875e-09,1.030576846083875e-09,1.030576846083875e-09,1.030576846083875e-09,1.030576846083875e-09,1.030576846083875e-09,1.030576846083875e-09,1.030576846083875e-09,1.030576846083875e-09,0.5,1.030576846083875e-09,1.030576846083875e-09
4,2022-05-12,1,2.976597300427638e-23,0.9995869962809277,0.0004130037190223366,0.004647399290651083,2.022607858975789e-09,2.022607858975789e-09,2.022607858975789e-09,2.022607858975789e-09,2.022607858975789e-09,2.022607858975789e-09,2.022607858975789e-09,2.022607858975789e-09,0.9812989234924316,2.022607858975789e-09,2.022607858975789e-09,0.01870104856789112,2.022607858975789e-09,2.022607858975789e-09
4,2022-05-13,1,8.787948447765219e-26,0.9999999367119037,6.328810253033599e-08,0.014401743645966053,0.5,1.030576846083875e-09,1.030576846083875e-09,1.030576846083875e-09,1.030576846083875e-09,1.030576846083875e-09,1.030576846083875e-09,1.030576846083875e-09,1.030576846083875e-09,1.030576846083875e-09,1.030576846083875e-09,0.5,1.030576846083875e-09,1.030576846083875e-09
4,2022-05-16,1,4.542603942929292e-14,0.9999822462475847,1.7753752360777747e-05,-0.005673306308686734,2.061153470123145e-09,2.061153470123145e-09,2.061153470123145e-09,2.061153470123145e-09,2.061153470123145e-09,2.061153470123145e-09,2.061153470123145e-09,2.061153470123145e-09,1.844702879338911e-08,2.061153470123145e-09,2.061153470123145e-09,0.9999999403953552,2.061153470123145e-09,2.061153470123145e-09
4,2022-05-17,1,1.2895921867664298e-16,0.9999997195381349,2.804618993502263e-07,0.007035367146879435,1.030576846083875e-09,0.5,1.030576846083875e-09,1.030576846083875e-09,1.030576846083875e-09,1.030576846083875e-09,1.030576846083875e-09,1.030576846083875e-09,0.5,1.030576846083875e-09,1.030576846083875e-09,1.030576846083875e-09,1.030576846083875e-09,1.030576846083875e-09
4,2022-05-18,1,8.165479979096411e-22,0.9999999935566848,6.443272936593511e-09,-0.00912600781172514,2.061153470123145e-09,2.061153470123145e-09,2.061153470123145e-09,2.061153470123145e-09,2.061153470123145e-09,2.061153470123145e-09,2.061153470123145e-09,2.061153470123145e-09,1.0,2.061153470123145e-09,2.061153470123145e-09,2.061153470123145e-09,2.061153470123145e-09,2.061153470123145e-09
4,2022-05-19,1,3.060025964077904e-83,1.0,9.976889645234753e-19,-3.4578048757616386e-10,2.061153470123145e-09,2.061153470123145e-09,2.061153470123145e-09,2.061153470123145e-09,2.061153470123145e-09,2.061153470123145e-09,2.061153470123145e-09,2.061153470123145e-09,1.0,2.061153470123145e-09,2.061153470123145e-09,2.061153470123145e-09,2.061153470123145e-09,2.061153470123145e-09
4,2022-05-20,1,2.180519578466867e-17,0.9999998207465685,1.7925343732464387e-07,0.01907915249466896,2.061153470123145e-09,2.061153470123145e-09,2.061153470123145e-09,2.061153470123145e-09,2.061153470123145e-09,2.061153470123145e-09,2.061153470123145e-09,2.061153470123145e-09,1.0,2.061153470123145e-09,2.061153470123145e-09,2.061153470123145e-09,2.061153470123145e-09,2.061153470123145e-09
4,2022-05-23,1,9.311182710872826e-12,0.999986439608135,1.3560382524908654e-05,0.0010466491363942624,2.061153470123145e-09,1.0,2.061153470123145e-09,2.061153470123145e-09,2.061153470123145e-09,2.061153470123145e-09,2.061153470123145e-09,2.061153470123145e-09,2.061153470123145e-09,2.061153470123145e-09,2.061153470123145e-09,2.061153470123145e-09,2.061153470123145e-09,2.061153470123145e-09
4,2022-05-24,1,9.723797376964796e-22,0.9999956915882693,4.308411747145785e-06,-0.0019045041847974061,2.061153470123145e-09,2.061153470123145e-09,2.061153470123145e-09,2.061153470123145e-09,2.061153470123145e-09,2.061153470123145e-09,2.061153470123145e-09,2.061153470123145e-09,1.0,2.061153470123145e-09,2.061153470123145e-09,2.061153470123145e-09,2.061153470123145e-09,2.061153470123145e-09
4,2022-05-25,1,1.438686005978922e-10,0.9999575703378608,4.242951831668714e-05,0.025178040799498556,3.84940346265239e-09,1.3839337498211535e-06,3.84940346265239e-09,3.84940346265239e-09,3.84940346265239e-09,3.84940346265239e-09,3.84940346265239e-09,3.84940346265239e-09,3.84940346265239e-09,3.84940346265239e-09,3.84940346265239e-09,0.9999985694885254,3.84940346265239e-09,3.84940346265239e-09
4,2022-05-26,1,3.8064752632459193e-10,0.9999377767263445,6.222289301759087e-05,-0.006320507775247097,2.061153470123145e-09,2.061153470123145e-09,2.061153470123145e-09,2.061153470123145e-09,2.061153470123145e-09,2.061153470123145e-09,2.061153470123145e-09,2.061153470123145e-09,1.0,2.061153470123145e-09,2.061153470123145e-09,2.061153470123145e-09,2.061153470123145e-09,2.061153470123145e-09
4,2022-05-27,1,2.93505415402382e-19,0.9999998537642902,1.4623572462605697e-07,0.004418575204908848,2.061153470123145e-09,2.061153470123145e-09,2.061153470123145e-09,2.061153470123145e-09,2.061153470123145e-09,2.061153470123145e-09,2.061153470123145e-09,2.061153470123145e-09,1.0,2.061153470123145e-09,2.061153470123145e-09,2.061153470123145e-09,2.061153470123145e-09,2.061153470123145e-09
4,2022-05-30,1,4.1181590539979245e-06,0.9999794900625257,1.639177845799099e-05,0.01067005419433117,0.5,1.030576846083875e-09,1.030576846083875e-09,1.030576846083875e-09,1.030576846083875e-09,1.030576846083875e-09,1.030576846083875e-09,1.030576846083875e-09,1.030576846083875e-09,1.030576846083875e-09,1.030576846083875e-09,0.5,1.030576846083875e-09,1.030576846083875e-09
4,2022-05-31,1,4.2756264279469724e-32,0.9999999998905196,1.0942570379000428e-10,-0.007106818768382072,2.061153470123145e-09,2.061153470123145e-09,2.061153470123145e-09,2.061153470123145e-09,2.061153470123145e-09,2.061153470123145e-09,2.061153470123145e-09,2.061153470123145e-09,1.0,2.061153470123145e-09,2.061153470123145e-09,2.061153470123145e-09,2.061153470123145e-09,2.061153470123145e-09
4,2022-06-02,1,7.193399977689468e-12,0.9999994326215547,5.673712512242969e-07,-0.0008039032691158354,2.061153470123145e-09,2.061153470123145e-09,2.061153470123145e-09,2.061153470123145e-09,2.061153470123145e-09,2.061153470123145e-09,2.061153470123145e-09,2.061153470123145e-09,1.0,2.061153470123145e-09,2.061153470123145e-09,2.061153470123145e-09,2.061153470123145e-09,2.061153470123145e-09
4,2022-06-03,1,2.6920073651692896e-30,0.9999999997884288,2.1151984377800442e-10,0.0004393596461042762,0.5,1.030576846083875e-09,1.030576846083875e-09,1.030576846083875e-09,1.030576846083875e-09,1.030576846083875e-09,1.030576846083875e-09,1.030576846083875e-09,1.030576846083875e-09,1.030576846083875e-09,1.030576846083875e-09,0.5,1.030576846083875e-09,1.030576846083875e-09
4,2022-06-07,1,1.091380334672339e-06,0.9999687073123822,3.020130733314953e-05,-0.015150803650915623,2.061153470123145e-09,2.061153470123145e-09,2.061153470123145e-09,2.061153470123145e-09,2.061153470123145e-09,2.061153470123145e-09,2.061153470123145e-09,2.061153470123145e-09,1.0,2.061153470123145e-09,2.061153470123145e-09,2.061153470123145e-09,2.061153470123145e-09,2.061153470123145e-09
4,2022-06-08,1,3.8170525330599756e-05,0.9999256668275235,3.6162647124537384e-05,0.007849472996592522,2.061153470123145e-09,2.061153470123145e-09,2.061153470123145e-09,2.061153470123145e-09,2.061153470123145e-09,2.061153470123145e-09,2.061153470123145e-09,2.061153470123145e-09,2.061153470123145e-09,2.061153470123145e-09,2.061153470123145e-09,1.0,2.061153470123145e-09,2.061153470123145e-09
4,2022-06-09,1,1.5859996582779477e-05,0.9999519334738275,3.220652959790312e-05,-0.00039580897297710176,0.5,1.030576846083875e-09,1.030576846083875e-09,1.030576846083875e-09,1.030576846083875e-09,1.030576846083875e-09,1.030576846083875e-09,1.030576846083875e-09,1.030576846083875e-09,1.030576846083875e-09,1.030576846083875e-09,0.5,1.030576846083875e-09,1.030576846083875e-09
4,2022-06-10,1,5.165674488326426e-07,0.9999692936909131,3.0189741651276222e-05,-0.01817155561745167,2.061153470123145e-09,2.061153470123145e-09,2.061153470123145e-09,2.061153470123145e-09,2.061153470123145e-09,2.061153470123145e-09,2.061153470123145e-09,2.061153470123145e-09,2.061153470123145e-09,2.061153470123145e-09,2.061153470123145e-09,1.0,2.061153470123145e-09,2.061153470123145e-09
4,2022-06-13,1,3.028715956103144e-202,1.0,3.8279097453575657e-34,0.011733799663186073,2.061153470123145e-09,2.061153470123145e-09,2.061153470123145e-09,2.061153470123145e-09,2.061153470123145e-09,2.061153470123145e-09,2.061153470123145e-09,2.061153470123145e-09,1.0,2.061153470123145e-09,2.061153470123145e-09,2.061153470123145e-09,2.061153470123145e-09,2.061153470123145e-09
4,2022-06-14,2,2.2840791722042786e-21,0.019024429107220277,0.9809755708927494,-0.0051869987949728965,0.5,1.030576846083875e-09,1.030576846083875e-09,1.030576846083875e-09,1.030576846083875e-09,1.030576846083875e-09,1.030576846083875e-09,1.030576846083875e-09,1.030576846083875e-09,1.030576846083875e-09,1.030576846083875e-09,0.5,1.030576846083875e-09,1.030576846083875e-09
4,2022-06-15,2,3.832134803401634e-25,0.00017336047165820049,0.9998266395282965,-0.006011968522518873,2.061153470123145e-09,2.061153470123145e-09,2.061153470123145e-09,2.061153470123145e-09,2.061153470123145e-09,2.061153470123145e-09,2.061153470123145e-09,2.061153470123145e-09,1.0,2.061153470123145e-09,2.061153470123145e-09,2.061153470123145e-09,2.061153470123145e-09,2.061153470123145e-09
4,2022-06-16,2,2.870631023357318e-23,3.693202992464539e-06,0.9999963067970143,0.006931796204298735,2.061153470123145e-09,2.061153470123145e-09,2.061153470123145e-09,2.061153470123145e-09,2.061153470123145e-09,2.061153470123145e-09,2.061153470123145e-09,2.061153470123145e-09,1.0,2.061153470123145e-09,2.061153470123145e-09,2.061153470123145e-09,2.061153470123145e-09,2.061153470123145e-09
4,2022-06-17,2,3.072022262525475e-36,6.988435991850024e-08,0.9999999301156801,0.013798852980136871,1.818930144281694e-07,1.818930144281694e-07,1.818930144281694e-07,1.818930144281694e-07,1.818930144281694e-07,1.818930144281694e-07,1.818930144281694e-07,1.818930144281694e-07,4.471357897273265e-07,1.818930144281694e-07,1.818930144281694e-07,0.9999973773956299,1.818930144281694e-07,1.818930144281694e-07
4,2022-06-20,2,2.631187446115605e-35,8.75985161027419e-09,0.9999999912402018,-0.017608648949909593,2.061153470123145e-09,2.061153470123145e-09,2.061153470123145e-09,2.061153470123145e-09,2.061153470123145e-09,2.061153470123145e-09,2.061153470123145e-09,2.061153470123145e-09,2.061153470123145e-09,2.061153470123145e-09,2.061153470123145e-09,1.0,2.061153470123145e-09,2.061153470123145e-09
4,2022-06-21,2,9.13686747488823e-23,4.433386791659451e-06,0.9999955666132159,-0.004348654809594154,2.061153470123145e-09,2.061153470123145e-09,2.061153470123145e-09,2.061153470123145e-09,2.061153470123145e-09,2.061153470123145e-09,2.061153470123145e-09,2.061153470123145e-09,1.0,2.061153470123145e-09,2.061153470123145e-09,2.061153470123145e-09,2.061153470123145e-09,2.061153470123145e-09
4,2022-06-22,2,2.7248833342467008e-36,1.2175727040014302e-07,0.9999998782427685,-0.012948016214370727,2.061153470123145e-09,2.061153470123145e-09,2.061153470123145e-09,2.061153470123145e-09,2.061153470123145e-09,2.061153470123145e-09,2.061153470123145e-09,2.061153470123145e-09,2.061153470123145e-09,2.061153470123145e-09,2.061153470123145e-09,1.0,2.061153470123145e-09,2.061153470123145e-09
4,2022-06-23,2,6.045855318103406e-33,1.7730320179824933e-08,0.9999999822696283,-0.0044305449366569515,0.04539744555950165,9.837889392017019e-10,9.837889392017019e-10,9.837889392017019e-10,6.800740415258133e-09,9.837889392017019e-10,9.837889392017019e-10,9.837889392017019e-10,0.47730016708374023,9.837889392017019e-10,9.837889392017019e-10,0.47730016708374023,9.837889392017019e-10,2.1813507373735774e-06
4,2022-06-24,2,6.754717231144974e-24,1.0386412850383696e-06,0.9999989613587268,-0.005453272165358066,2.061153470123145e-09,2.061153470123145e-09,2.061153470123145e-09,2.061153470123145e-09,2.061153470123145e-09,2.061153470123145e-09,2.061153470123145e-09,2.061153470123145e-09,1.0,2.061153470123145e-09,2.061153470123145e-09,2.061153470123145e-09,2.061153470123145e-09,2.061153470123145e-09
4,2022-06-27,2,3.430087609824894e-19,9.99227667834635e-06,0.9999900077233552,0.007326048798859119,2.061153470123145e-09,2.061153470123145e-09,2.061153470123145e-09,2.061153470123145e-09,2.061153470123145e-09,2.061153470123145e-09,2.061153470123145e-09,2.061153470123145e-09,1.0,2.061153470123145e-09,2.061153470123145e-09,2.061153470123145e-09,2.061153470123145e-09,2.061153470123145e-09
4,2022-06-28,2,7.089262384978428e-16,3.7912159737178094e-05,0.9999620878403007,-0.0044707341972876746,2.0610204654047948e-09,2.0610204654047948e-09,2.0610204654047948e-09,2.0610204654047948e-09,2.0610204654047948e-09,2.0610204654047948e-09,2.0610204654047948e-09,2.0610204654047948e-09,0.9999354481697083,2.0610204654047948e-09,2.0610204654047948e-09,6.454156391555443e-05,2.0610204654047948e-09,2.0610204654047948e-09
4,2022-06-29,2,2.0931908791035699e-23,2.0070352708458976e-05,0.9999799296472975,-0.004490749250738736,2.061153470123145e-09,2.061153470123145e-09,2.061153470123145e-09,2.061153470123145e-09,2.061153470123145e-09,2.061153470123145e-09,2.061153470123145e-09,2.061153470123145e-09,1.0,2.061153470123145e-09,2.061153470123145e-09,2.061153470123145e-09,2.061153470123145e-09,2.061153470123145e-09
4,2022-06-30,2,7.554226067310207e-28,1.8617873429547897e-06,0.9999981382126458,-0.002868265660161151,2.06115324807854e-09,2.06115324807854e-09,2.06115324807854e-09,2.06115324807854e-09,2.06115324807854e-09,2.06115324807854e-09,2.06115324807854e-09,2.06115324807854e-09,0.9999998211860657,2.06115324807854e-09,2.06115324807854e-09,2.06115324807854e-09,2.06115324807854e-09,1.4398229097878357e-07
4,2022-07-01,2,5.659898475076802e-25,4.42063992127486e-07,0.9999995579359915,-0.017056270062923432,2.061153470123145e-09,2.061153470123145e-09,2.061153470123145e-09,2.061153470123145e-09,2.061153470123145e-09,2.061153470123145e-09,2.061153470123145e-09,2.061153470123145e-09,2.061153470123145e-09,2.061153470123145e-09,2.061153470123145e-09,1.0,2.061153470123145e-09,2.061153470123145e-09
4,2022-07-04,2,2.5814980337676827e-25,4.052518833271351e-07,0.9999995947481151,0.0071349879287183286,2.061153470123145e-09,2.061153470123145e-09,2.061153470123145e-09,2.061153470123145e-09,2.061153470123145e-09,2.061153470123145e-09,2.061153470123145e-09,2.061153470123145e-09,1.0,2.061153470123145e-09,2.061153470123145e-09,2.061153470123145e-09,2.061153470123145e-09,2.061153470123145e-09
4,2022-07-05,2,6.872059833635696e-20,3.4198745922761503e-06,0.9999965801254618,0.036957533025741576,0.4999697804450989,1.0305145625721934e-09,1.0305145625721934e-09,1.0305145625721934e-09,1.0305145625721934e-09,1.0305145625721934e-09,1.0305145625721934e-09,1.0305145625721934e-09,6.040250082151033e-05,1.0305145625721934e-09,1.0305145625721934e-09,0.4999697804450989,1.0305145625721934e-09,1.0305145625721934e-09
4,2022-07-06,2,4.70703881120081e-32,6.200083362224187e-07,0.9999993799916286,0.0014637347280979157,6.528868198074633e-06,0.0029803100042045116,6.528868198074633e-06,6.528868198074633e-06,6.528868198074633e-06,6.528868198074633e-06,6.528868198074633e-06,6.528868198074633e-06,6.528868198074633e-06,6.528868198074633e-06,6.528868198074633e-06,0.996941328048706,6.528868198074633e-06,6.528868198074633e-06
4,2022-07-07,2,9.840439371791039e-23,9.014192597066386e-07,0.9999990985807669,-0.011772371320426463,2.061153470123145e-09,2.061153470123145e-09,2.061153470123145e-09,2.061153470123145e-09,2.061153470123145e-09,2.061153470123145e-09,2.061153470123145e-09,2.061153470123145e-09,1.0,2.061153470123145e-09,2.061153470123145e-09,2.061153470123145e-09,2.061153470123145e-09,2.061153470123145e-09
4,2022-07-08,2,7.21849224607819e-21,1.726679253054618e-06,0.9999982733207972,0.00044154906906187537,0.5,1.030576846083875e-09,1.030576846083875e-09,1.030576846083875e-09,1.030576846083875e-09,1.030576846083875e-09,1.030576846083875e-09,1.030576846083875e-09,1.030576846083875e-09,1.030576846083875e-09,1.030576846083875e-09,0.5,1.030576846083875e-09,1.030576846083875e-09
4,2022-07-11,2,4.6940193523732565e-23,1.226510170433271e-06,0.9999987734898487,-0.002442739947885275,2.061153470123145e-09,2.061153470123145e-09,2.061153470123145e-09,2.061153470123145e-09,2.061153470123145e-09,2.061153470123145e-09,2.061153470123145e-09,2.061153470123145e-09,1.0,2.061153470123145e-09,2.061153470123145e-09,2.061153470123145e-09,2.061153470123145e-09,2.061153470123145e-09
4,2022-07-12,2,1.7155908435341962e-22,2.257346334210069e-06,0.9999977426536374,-0.0064557380974292755,2.061153470123145e-09,2.061153470123145e-09,2.061153470123145e-09,2.061153470123145e-09,2.061153470123145e-09,2.061153470123145e-09,2.061153470123145e-09,2.061153470123145e-09,1.0,2.061153470123145e-09,2.061153470123145e-09,2.061153470123145e-09,2.061153470123145e-09,2.061153470123145e-09
4,2022-07-13,2,1.16222217844862e-21,4.0123340661723265e-05,0.999959876659378,0.010957162317633629,0.5,1.030576846083875e-09,1.030576846083875e-09,1.030576846083875e-09,1.030576846083875e-09,1.030576846083875e-09,1.030576846083875e-09,1.030576846083875e-09,1.030576846083875e-09,1.030576846083875e-09,1.030576846083875e-09,0.5,1.030576846083875e-09,1.030576846083875e-09
4,2022-07-14,2,2.3087463864263313e-20,0.0012530227055464979,0.9987469772945076,-0.00030000003289594636,2.061153470123145e-09,2.061153470123145e-09,2.061153470123145e-09,2.061153470123145e-09,2.061153470123145e-09,2.061153470123145e-09,2.061153470123145e-09,2.061153470123145e-09,1.0,2.061153470123145e-09,2.061153470123145e-09,2.061153470123145e-09,2.061153470123145e-09,2.061153470123145e-09
4,2022-07-15,2,3.819927062720559e-15,0.040945717991284075,0.9590542820086604,-0.01922705143094063,1.030576846083875e-09,0.5,1.030576846083875e-09,1.030576846083875e-09,1.030576846083875e-09,1.030576846083875e-09,1.030576846083875e-09,1.030576846083875e-09,0.5,1.030576846083875e-09,1.030576846083875e-09,1.030576846083875e-09,1.030576846083875e-09,1.030576846083875e-09
4,2022-07-18,1,4.79908292174753e-13,0.22115693436592723,0.7788430656336421,0.03937576306760311,2.05922812135384e-09,0.9990657567977905,2.05922812135384e-09,2.05922812135384e-09,2.05922812135384e-09,2.05922812135384e-09,2.05922812135384e-09,2.05922812135384e-09,0.000934191863052547,2.05922812135384e-09,2.05922812135384e-09,2.05922812135384e-09,2.05922812135384e-09,2.05922812135384e-09
4,2022-07-19,1,1.7700385476614275e-12,0.2729551480315134,0.727044851966746,0.008054483743011952,1.6107172484680632e-07,4.765407538798172e-06,1.6107172484680632e-07,1.6107172484680632e-07,1.6107172484680632e-07,1.6107172484680632e-07,1.6107172484680632e-07,1.6107172484680632e-07,1.6107172484680632e-07,1.6107172484680632e-07,1.6107172484680632e-07,0.9999933242797852,1.6107172484680632e-07,1.6107172484680632e-07
4,2022-07-20,1,1.9676004638019034e-10,0.37102422310612576,0.628975776697077,-0.001612609806843102,2.061153470123145e-09,2.061153470123145e-09,2.061153470123145e-09,2.061153470123145e-09,2.061153470123145e-09,2.061153470123145e-09,2.061153470123145e-09,2.061153470123145e-09,1.0,2.061153470123145e-09,2.061153470123145e-09,2.061153470123145e-09,2.061153470123145e-09,2.061153470123145e-09
4,2022-07-21,1,1.1181116999931633e-09,0.5008195187767897,0.49918048010505617,0.013594009403884411,2.061091075589161e-09,0.9999696612358093,2.061091075589161e-09,2.061091075589161e-09,2.061091075589161e-09,2.061091075589161e-09,2.061091075589161e-09,2.061091075589161e-09,2.061091075589161e-09,2.061091075589161e-09,2.061091075589161e-09,3.0295295800897293e-05,2.061091075589161e-09,2.061091075589161e-09
4,2022-07-22,1,5.054783039813809e-09,0.6537008346217089,0.3462991603234704,-0.01078550963997841,0.5,1.030576846083875e-09,1.030576846083875e-09,1.030576846083875e-09,1.030576846083875e-09,1.030576846083875e-09,1.030576846083875e-09,1.030576846083875e-09,1.030576846083875e-09,1.030576846083875e-09,1.030576846083875e-09,0.5,1.030576846083875e-09,1.030576846083875e-09
4,2022-07-25,1,7.080218752820575e-11,0.7926984920800929,0.20730150784914894,0.002652397335320711,1.934931104230486e-09,0.06123876944184303,1.934931104230486e-09,1.934931104230486e-09,1.934931104230486e-09,1.934931104230486e-09,1.934931104230486e-09,1.934931104230486e-09,0.9387612342834473,1.934931104230486e-09,1.934931104230486e-09,1.934931104230486e-09,1.934931104230486e-09,1.934931104230486e-09
4,2022-07-26,1,1.5855227009176963e-09,0.9190826655473946,0.08091733286703333,-0.0008852614669129252,2.061153470123145e-09,2.061153470123145e-09,2.061153470123145e-09,2.061153470123145e-09,2.061153470123145e-09,2.061153470123145e-09,2.061153470123145e-09,2.061153470123145e-09,1.0,2.061153470123145e-09,2.061153470123145e-09,2.061153470123145e-09,2.061153470123145e-09,2.061153470123145e-09
4,2022-07-27,1,6.952274714982974e-09,0.9623740257248403,0.037625967322939824,-0.00029034433564957,2.134753594873473e-05,0.9990900754928589,2.134753594873473e-05,2.134753594873473e-05,2.134753594873473e-05,2.134753594873473e-05,2.134753594873473e-05,2.134753594873473e-05,2.134753594873473e-05,2.134753594873473e-05,2.134753594873473e-05,0.0006537830922752619,2.134753594873473e-05,2.134753594873473e-05
4,2022-07-28,1,4.631937014776356e-37,0.9999999950799747,4.9200197974250265e-09,-0.0007754962775390595,0.5,1.030576846083875e-09,1.030576846083875e-09,1.030576846083875e-09,1.030576846083875e-09,1.030576846083875e-09,1.030576846083875e-09,1.030576846083875e-09,1.030576846083875e-09,1.030576846083875e-09,1.030576846083875e-09,0.5,1.030576846083875e-09,1.030576846083875e-09
4,2022-07-29,1,3.4321048099229298e-06,0.999971084827305,2.5483067941263384e-05,-0.001431467373855412,9.110728171890514e-09,0.002248191274702549,9.110728171890514e-09,9.110728171890514e-09,9.110728171890514e-09,9.110728171890514e-09,9.110728171890514e-09,9.110728171890514e-09,9.110728171890514e-09,9.110728171890514e-09,9.110728171890514e-09,0.9977517127990723,9.110728171890514e-09,9.110728171890514e-09
4,2022-08-01,1,6.757216832122904e-07,0.9999720349281387,2.7289350190734584e-05,-0.0033864220812916757,0.20000000298023224,4.122307217802046e-10,4.122307217802046e-10,4.122307217802046e-10,0.20000000298023224,4.122307217802046e-10,4.122307217802046e-10,4.122307217802046e-10,0.20000000298023224,4.122307217802046e-10,4.122307217802046e-10,0.20000000298023224,4.122307217802046e-10,0.20000000298023224
4,2022-08-02,1,1.6881281574038655e-72,1.0,1.951439062695771e-17,0.0061011961095035075,2.061153470123145e-09,2.061153470123145e-09,2.061153470123145e-09,2.061153470123145e-09,2.061153470123145e-09,2.061153470123145e-09,2.061153470123145e-09,2.061153470123145e-09,1.0,2.061153470123145e-09,2.061153470123145e-09,2.061153470123145e-09,2.061153470123145e-09,2.061153470123145e-09
4,2022-08-03,1,2.6121885474625423e-23,0.9999999954064833,4.5934972877999105e-09,-0.0029542939737439156,2.061153470123145e-09,2.061153470123145e-09,2.061153470123145e-09,2.061153470123145e-09,2.061153470123145e-09,2.061153470123145e-09,2.061153470123145e-09,2.061153470123145e-09,1.0,2.061153470123145e-09,2.061153470123145e-09,2.061153470123145e-09,2.061153470123145e-09,2.061153470123145e-09
4,2022-08-04,1,4.761466432302475e-06,0.9999790128003044,1.622573323014921e-05,0.0047318604208528995,0.20000000298023224,4.122307217802046e-10,4.122307217802046e-10,4.122307217802046e-10,0.20000000298023224,4.122307217802046e-10,4.122307217802046e-10,4.122307217802046e-10,0.20000000298023224,4.122307217802046e-10,4.122307217802046e-10,0.20000000298023224,4.122307217802046e-10,0.20000000298023224
4,2022-08-05,1,3.509455520649601e-39,0.9999999999961346,3.917193027501376e-12,0.017857995316386224,0.5,1.030576846083875e-09,1.030576846083875e-09,1.030576846083875e-09,1.030576846083875e-09,1.030576846083875e-09,1.030576846083875e-09,1.030576846083875e-09,1.030576846083875e-09,1.030576846083875e-09,1.030576846083875e-09,0.5,1.030576846083875e-09,1.030576846083875e-09
4,2022-08-08,1,2.7417691465091492e-05,0.9999590330721043,1.3549236468454445e-05,-0.008689098569750786,2.0611181650309618e-09,1.7199607100337744e-05,2.0611181650309618e-09,2.0611181650309618e-09,2.0611181650309618e-09,2.0611181650309618e-09,2.0611181650309618e-09,2.0611181650309618e-09,0.9999827742576599,2.0611181650309618e-09,2.0611181650309618e-09,2.0611181650309618e-09,2.0611181650309618e-09,2.0611181650309618e-09
4,2022-08-09,1,2.3083507278532403e-12,0.9999994680582909,5.319393908597275e-07,-0.002321415624767542,0.5,1.030576846083875e-09,1.030576846083875e-09,1.030576846083875e-09,1.030576846083875e-09,1.030576846083875e-09,1.030576846083875e-09,1.030576846083875e-09,1.030576846083875e-09,1.030576846083875e-09,1.030576846083875e-09,0.5,1.030576846083875e-09,1.030576846083875e-09
4,2022-08-10,1,5.5269300390013284e-11,0.9999993071761664,6.927685244157385e-07,-0.01773285916745663,2.061153470123145e-09,0.9999999403953552,2.061153470123145e-09,2.061153470123145e-09,2.061153470123145e-09,2.061153470123145e-09,2.061153470123145e-09,2.061153470123145e-09,2.061153470123145e-09,2.061153470123145e-09,2.061153470123145e-09,2.237947960281872e-08,2.061153470123145e-09,2.061153470123145e-09
4,2022-08-11,1,1.4741686511610207e-25,0.9999999994255404,5.744880648163049e-10,0.015971661967039107,0.5,1.030576846083875e-09,1.030576846083875e-09,1.030576846083875e-09,1.030576846083875e-09,1.030576846083875e-09,1.030576846083875e-09,1.030576846083875e-09,1.030576846083875e-09,1.030576846083875e-09,1.030576846083875e-09,0.5,1.030576846083875e-09,1.030576846083875e-09
4,2022-08-12,1,0.014211753202312574,0.985755138991135,3.310780655251048e-05,0.0007307645433582365,1.6149465098536098e-09,1.6149465098536098e-09,1.6149465098536098e-09,1.6149465098536098e-09,1.6149465098536098e-09,1.6149465098536098e-09,1.6149465098536098e-09,1.6149465098536098e-09,0.7835158109664917,1.6149465098536098e-09,1.6149465098536098e-09,0.21648414433002472,1.6149465098536098e-09,1.6149465098536098e-09
4,2022-08-16,1,0.034739817290728475,0.9652084209539928,5.176175529712594e-05,-0.0059276078119874,2.061144144249738e-09,4.5390888772089966e-06,2.061144144249738e-09,2.061144144249738e-09,2.061144144249738e-09,2.061144144249738e-09,2.061144144249738e-09,2.061144144249738e-09,0.9999954104423523,2.061144144249738e-09,2.061144144249738e-09,2.061144144249738e-09,2.061144144249738e-09,2.061144144249738e-09
4,2022-08-17,1,0.03747917207702499,0.9624644003090843,5.642761386792651e-05,-0.011903012681007385,0.5,1.030576846083875e-09,1.030576846083875e-09,1.030576846083875e-09,1.030576846083875e-09,1.030576846083875e-09,1.030576846083875e-09,1.030576846083875e-09,1.030576846083875e-09,1.030576846083875e-09,1.030576846083875e-09,0.5,1.030576846083875e-09,1.030576846083875e-09
4,2022-08-18,1,0.025367934307660805,0.9745815565401139,5.050915226366369e-05,-0.009170171383023262,2.061153470123145e-09,2.061153470123145e-09,2.061153470123145e-09,2.061153470123145e-09,2.061153470123145e-09,2.061153470123145e-09,2.061153470123145e-09,2.061153470123145e-09,1.0,2.061153470123145e-09,2.061153470123145e-09,2.061153470123145e-09,2.061153470123145e-09,2.061153470123145e-09
4,2022-08-19,1,0.01357125232945096,0.9863938883680766,3.485930252254005e-05,-0.010900819252431393,2.061153470123145e-09,2.061153470123145e-09,2.061153470123145e-09,2.061153470123145e-09,2.061153470123145e-09,2.061153470123145e-09,2.061153470123145e-09,2.061153470123145e-09,2.061153470123145e-09,2.061153470123145e-09,2.061153470123145e-09,1.0,2.061153470123145e-09,2.061153470123145e-09
4,2022-08-22,1,1.1132353984207242e-09,0.9999985368689767,1.4620178182033326e-06,-0.018245366883277894,2.0611214957000357e-09,0.9999843835830688,2.0611214957000357e-09,2.0611214957000357e-09,2.0611214957000357e-09,2.0611214957000357e-09,2.0611214957000357e-09,2.0611214957000357e-09,2.0611214957000357e-09,2.0611214957000357e-09,2.0611214957000357e-09,1.5564804925816134e-05,2.0611214957000357e-09,2.0611214957000357e-09
4,2022-08-23,1,6.997862390585898e-48,1.0,9.228961181031942e-15,-0.007435527030931371,2.0610648743257798e-09,0.9999569058418274,2.0610648743257798e-09,2.0610648743257798e-09,2.0610648743257798e-09,2.0610648743257798e-09,2.0610648743257798e-09,2.0610648743257798e-09,2.0610648743257798e-09,2.0610648743257798e-09,2.0610648743257798e-09,4.307603376219049e-05,2.0610648743257798e-09,2.0610648743257798e-09
4,2022-08-24,1,5.119156775558875e-16,0.9999998336934507,1.6630652403140507e-07,0.0032715840119868517,0.5,1.030576846083875e-09,1.030576846083875e-09,1.030576846083875e-09,1.030576846083875e-09,1.030576846083875e-09,1.030576846083875e-09,1.030576846083875e-09,1.030576846083875e-09,1.030576846083875e-09,1.030576846083875e-09,0.5,1.030576846083875e-09,1.030576846083875e-09
4,2022-08-25,1,7.874507258258156e-39,0.999999999998181,1.8166804348637572e-12,0.011083982375264168,3.435125794926108e-10,0.1666603535413742,0.1666603535413742,0.1666603535413742,3.435125794926108e-10,0.1666603535413742,0.1666603535413742,0.1666603535413742,3.435125794926108e-10,7.736043130535109e-07,7.032972916931612e-06,3.435125794926108e-10,3.0111446903902106e-05,3.435125794926108e-10
4,2022-08-26,1,0.0006069051979694647,0.9993605642298315,3.2530572159133814e-05,-0.004307097741216421,2.061153470123145e-09,1.0,2.061153470123145e-09,2.061153470123145e-09,2.061153470123145e-09,2.061153470123145e-09,2.061153470123145e-09,2.061153470123145e-09,2.061153470123145e-09,2.061153470123145e-09,2.061153470123145e-09,2.061153470123145e-09,2.061153470123145e-09,2.061153470123145e-09
4,2022-08-29,1,1.1498697541842737e-07,0.9999461977945864,5.368721842146463e-05,-0.02469336368309887,2.0607098250025047e-09,0.9997846484184265,2.0607098250025047e-09,2.0607098250025047e-09,2.0607098250025047e-09,2.0607098250025047e-09,2.0607098250025047e-09,2.0607098250025047e-09,2.0607098250025047e-09,2.0607098250025047e-09,2.0607098250025047e-09,0.00021530513186007738,2.0607098250025047e-09,2.0607098250025047e-09
4,2022-08-30,1,1.079432376140981e-05,0.999944117242432,4.508843375406423e-05,0.021840373802185058,0.5,1.030576846083875e-09,1.030576846083875e-09,1.030576846083875e-09,1.030576846083875e-09,1.030576846083875e-09,1.030576846083875e-09,1.030576846083875e-09,1.030576846083875e-09,1.030576846083875e-09,1.030576846083875e-09,0.5,1.030576846083875e-09,1.030576846083875e-09
4,2022-08-31,1,9.997081947652094e-08,0.9999690357461609,3.086428303408561e-05,-0.00723540321663022,2.061153470123145e-09,2.061153470123145e-09,2.061153470123145e-09,2.061153470123145e-09,2.061153470123145e-09,2.061153470123145e-09,2.061153470123145e-09,2.061153470123145e-09,1.0,2.061153470123145e-09,2.061153470123145e-09,2.061153470123145e-09,2.061153470123145e-09,2.061153470123145e-09
4,2022-09-01,1,1.1413979001515286e-08,0.9999238653689976,7.612321697682888e-05,-0.02336843921542168,0.5,1.030576846083875e-09,1.030576846083875e-09,1.030576846083875e-09,1.030576846083875e-09,1.030576846083875e-09,1.030576846083875e-09,1.030576846083875e-09,1.030576846083875e-09,1.030576846083875e-09,1.030576846083875e-09,0.5,1.030576846083875e-09,1.030576846083875e-09
4,2022-09-02,1,3.378202180210035e-08,0.9999217906547462,7.817556317737538e-05,-0.008279549889266491,0.5,1.030576846083875e-09,1.030576846083875e-09,1.030576846083875e-09,1.030576846083875e-09,1.030576846083875e-09,1.030576846083875e-09,1.030576846083875e-09,1.030576846083875e-09,1.030576846083875e-09,1.030576846083875e-09,0.5,1.030576846083875e-09,1.030576846083875e-09
4,2022-09-05,1,4.808654611637821e-08,0.9999529553308623,4.699658261971445e-05,0.005009970118105412,1.950878791845412e-09,0.053501520305871964,1.950878791845412e-09,1.950878791845412e-09,1.950878791845412e-09,1.950878791845412e-09,1.950878791845412e-09,1.950878791845412e-09,0.946498453617096,1.950878791845412e-09,1.950878791845412e-09,1.950878791845412e-09,1.950878791845412e-09,1.950878791845412e-09
4,2022-09-06,1,1.5609323268371924e-11,0.9999965388833159,3.4611010359638585e-06,0.004792712582647801,2.061153470123145e-09,2.061153470123145e-09,2.061153470123145e-09,2.061153470123145e-09,2.061153470123145e-09,2.061153470123145e-09,2.061153470123145e-09,2.061153470123145e-09,1.0,2.061153470123145e-09,2.061153470123145e-09,2.061153470123145e-09,2.061153470123145e-09,2.061153470123145e-09
4,2022-09-07,1,1.688802301379333e-50,0.9999999999987494,1.2843555594305079e-12,-0.012286241166293621,2.061153470123145e-09,2.061153470123145e-09,2.061153470123145e-09,2.061153470123145e-09,2.061153470123145e-09,2.061153470123145e-09,2.061153470123145e-09,2.061153470123145e-09,1.0,2.061153470123145e-09,2.061153470123145e-09,2.061153470123145e-09,2.061153470123145e-09,2.061153470123145e-09
4,2022-09-08,1,9.367061199941309e-11,0.9999910624164067,8.93748990633286e-06,0.006712022659182549,0.3333333432674408,0.3333333432674408,6.870511937151491e-10,6.870511937151491e-10,6.870511937151491e-10,6.870511937151491e-10,6.870511937151491e-10,6.870511937151491e-10,6.870511937151491e-10,6.870511937151491e-10,6.870511937151491e-10,0.3333333432674408,6.870511937151491e-10,6.870511937151491e-10
4,2022-09-13,1,0.00014408201023314224,0.9998271566884054,2.8761301360090373e-05,0.011574433128535748,0.20710207521915436,4.268692066489166e-10,4.268692066489166e-10,4.268692066489166e-10,0.17159166932106018,4.268692066489166e-10,4.268692066489166e-10,4.268692066489166e-10,0.20710207521915436,4.268692066489166e-10,4.268692066489166e-10,0.20710207521915436,4.268692066489166e-10,0.20710207521915436
4,2022-09-14,1,9.173506665797474e-08,0.9999661220681235,3.378619683317595e-05,-0.013367119528353214,2.061153470123145e-09,2.061153470123145e-09,2.061153470123145e-09,2.061153470123145e-09,2.061153470123145e-09,2.061153470123145e-09,2.061153470123145e-09,2.061153470123145e-09,1.0,2.061153470123145e-09,2.061153470123145e-09,2.061153470123145e-09,2.061153470123145e-09,2.061153470123145e-09
4,2022-09-15,1,2.3328500325576687e-12,0.9999982991417623,1.7008559407354962e-06,-0.009321577425301075,0.5,1.030576846083875e-09,1.030576846083875e-09,1.030576846083875e-09,1.030576846083875e-09,1.030576846083875e-09,1.030576846083875e-09,1.030576846083875e-09,1.030576846083875e-09,1.030576846083875e-09,1.030576846083875e-09,0.5,1.030576846083875e-09,1.030576846083875e-09
4,2022-09-16,1,1.0821531635095869e-34,0.9999999994697646,5.302190322111661e-10,-0.013194701212644577,5.029658911581691e-10,0.24402154982089996,0.24402154982089996,0.012777707539498806,5.029658911581691e-10,0.01106474082916975,0.24402154982089996,0.24402154982089996,5.029658911581691e-10,6.171430300128122e-08,1.838590719671629e-07,5.029658911581691e-10,7.1113565354608e-05,5.029658911581691e-10
4,2022-09-19,1,5.686917153135672e-14,0.9999808113574772,1.9188642447301555e-05,0.0024063348904252053,2.061153470123145e-09,2.061153470123145e-09,2.061153470123145e-09,2.061153470123145e-09,2.061153470123145e-09,2.061153470123145e-09,2.061153470123145e-09,2.061153470123145e-09,1.0,2.061153470123145e-09,2.061153470123145e-09,2.061153470123145e-09,2.061153470123145e-09,2.061153470123145e-09
4,2022-09-20,1,5.924313622439787e-09,0.9999265306746205,7.34634010869937e-05,0.0029925016712397338,1.030576846083875e-09,0.5,1.030576846083875e-09,1.030576846083875e-09,1.030576846083875e-09,1.030576846083875e-09,1.030576846083875e-09,1.030576846083875e-09,1.030576846083875e-09,1.030576846083875e-09,1.030576846083875e-09,0.5,1.030576846083875e-09,1.030576846083875e-09
4,2022-09-21,1,2.5549961294477676e-28,0.9998733488451863,0.0001266511548584959,-0.028257548132538796,2.061153470123145e-09,2.061153470123145e-09,2.061153470123145e-09,2.061153470123145e-09,2.061153470123145e-09,2.061153470123145e-09,2.061153470123145e-09,2.061153470123145e-09,2.061153470123145e-09,2.061153470123145e-09,2.061153470123145e-09,1.0,2.061153470123145e-09,2.061153470123145e-09
4,2022-09-22,1,6.215780627382375e-11,0.9793550198150279,0.020644980122846674,-0.004522265910357237,2.060797754666055e-09,0.9998273253440857,2.060797754666055e-09,2.060797754666055e-09,2.060797754666055e-09,2.060797754666055e-09,2.060797754666055e-09,2.060797754666055e-09,0.00017262293840758502,2.060797754666055e-09,2.060797754666055e-09,2.060797754666055e-09,2.060797754666055e-09,2.060797754666055e-09
4,2022-09-23,1,9.422415959180253e-11,0.9668744329993941,0.03312556690643411,-0.022942489522695543,2.061153470123145e-09,2.061153470123145e-09,2.061153470123145e-09,2.061153470123145e-09,2.061153470123145e-09,2.061153470123145e-09,2.061153470123145e-09,2.061153470123145e-09,2.061153470123145e-09,2.061153470123145e-09,2.061153470123145e-09,1.0,2.061153470123145e-09,2.061153470123145e-09
4,2022-09-26,1,5.323738243016099e-45,0.959104132470395,0.040895867529549663,-0.022498047488927843,2.061153470123145e-09,2.061153470123145e-09,2.061153470123145e-09,2.061153470123145e-09,2.061153470123145e-09,2.061153470123145e-09,2.061153470123145e-09,2.061153470123145e-09,1.0,2.061153470123145e-09,2.061153470123145e-09,2.061153470123145e-09,2.061153470123145e-09,2.061153470123145e-09
4,2022-09-27,2,7.269435034530675e-20,0.0191412535774021,0.9808587464225742,-0.0013751869555562735,2.061153470123145e-09,2.061153470123145e-09,2.061153470123145e-09,2.061153470123145e-09,2.061153470123145e-09,2.061153470123145e-09,2.061153470123145e-09,2.061153470123145e-09,1.0,2.061153470123145e-09,2.061153470123145e-09,2.061153470123145e-09,2.061153470123145e-09,2.061153470123145e-09
4,2022-09-28,2,1.0063853418677985e-40,1.864283854762058e-05,0.9999813571614122,-0.009216626174747944,2.061153470123145e-09,2.061153470123145e-09,2.061153470123145e-09,2.061153470123145e-09,2.061153470123145e-09,2.061153470123145e-09,2.061153470123145e-09,2.061153470123145e-09,1.0,2.061153470123145e-09,2.061153470123145e-09,2.061153470123145e-09,2.061153470123145e-09,2.061153470123145e-09
4,2022-09-29,2,3.4690713339929215e-32,2.4235349910208033e-08,0.999999975764695,0.013336616568267345,2.061153470123145e-09,2.061153470123145e-09,2.061153470123145e-09,2.061153470123145e-09,2.061153470123145e-09,2.061153470123145e-09,2.061153470123145e-09,2.061153470123145e-09,1.0,2.061153470123145e-09,2.061153470123145e-09,2.061153470123145e-09,2.061153470123145e-09,2.061153470123145e-09
4,2022-09-30,2,4.73744107040856e-40,1.7751249184972818e-09,0.9999999982248937,0.014062358997762203,2.061153470123145e-09,2.061153470123145e-09,2.061153470123145e-09,2.061153470123145e-09,2.061153470123145e-09,2.061153470123145e-09,2.061153470123145e-09,2.061153470123145e-09,1.0,2.061153470123145e-09,2.061153470123145e-09,2.061153470123145e-09,2.061153470123145e-09,2.061153470123145e-09
4,2022-10-04,2,1.0402527966003303e-27,1.4956389901483748e-07,0.9999998504361086,0.02227265201508999,2.061153470123145e-09,2.061153470123145e-09,2.061153470123145e-09,2.061153470123145e-09,2.061153470123145e-09,2.061153470123145e-09,2.061153470123145e-09,2.061153470123145e-09,1.0,2.061153470123145e-09,2.061153470123145e-09,2.061153470123145e-09,2.061153470123145e-09,2.061153470123145e-09
4,2022-10-05,2,1.0439134170609624e-25,2.481136242542019e-07,0.9999997518863518,0.011824063025414944,2.061153470123145e-09,2.061153470123145e-09,2.061153470123145e-09,2.061153470123145e-09,2.061153470123145e-09,2.061153470123145e-09,2.061153470123145e-09,2.061153470123145e-09,1.0,2.061153470123145e-09,2.061153470123145e-09,2.061153470123145e-09,2.061153470123145e-09,2.061153470123145e-09
4,2022-10-06,2,5.779626530665139e-22,1.1587573131604546e-06,0.9999988412426893,-0.0013068917905911803,2.061153470123145e-09,2.061153470123145e-09,2.061153470123145e-09,2.061153470123145e-09,2.061153470123145e-09,2.061153470123145e-09,2.061153470123145e-09,2.061153470123145e-09,1.0,2.061153470123145e-09,2.061153470123145e-09,2.061153470123145e-09,2.061153470123145e-09,2.061153470123145e-09
4,2022-10-07,2,1.4205240951604135e-25,5.342604313584285e-07,0.9999994657395354,-0.006560291163623333,2.061153470123145e-09,2.061153470123145e-09,2.061153470123145e-09,2.061153470123145e-09,2.061153470123145e-09,2.061153470123145e-09,2.061153470123145e-09,2.061153470123145e-09,1.0,2.061153470123145e-09,2.061153470123145e-09,2.061153470123145e-09,2.061153470123145e-09,2.061153470123145e-09
4,2022-10-11,2,1.5684100379000235e-35,5.200341582245961e-08,0.9999999479965722,-0.025329075753688812,2.061153470123145e-09,2.061153470123145e-09,2.061153470123145e-09,2.061153470123145e-09,2.061153470123145e-09,2.061153470123145e-09,2.061153470123145e-09,2.061153470123145e-09,1.0,2.061153470123145e-09,2.061153470123145e-09,2.061153470123145e-09,2.061153470123145e-09,2.061153470123145e-09
4,2022-10-12,2,9.909231191460099e-27,1.5771247075905723e-07,0.9999998422874921,0.0022477339953184128,2.061153470123145e-09,2.061153470123145e-09,2.061153470123145e-09,2.061153470123145e-09,2.061153470123145e-09,2.061153470123145e-09,2.061153470123145e-09,2.061153470123145e-09,1.0,2.061153470123145e-09,2.061153470123145e-09,2.061153470123145e-09,2.061153470123145e-09,2.061153470123145e-09
4,2022-10-13,2,3.286212438420495e-43,4.294042591041546e-09,0.9999999957059345,-0.0031481911428272724,2.061153470123145e-09,2.061153470123145e-09,2.061153470123145e-09,2.061153470123145e-09,2.061153470123145e-09,2.061153470123145e-09,2.061153470123145e-09,2.061153470123145e-09,1.0,2.061153470123145e-09,2.061153470123145e-09,2.061153470123145e-09,2.061153470123145e-09,2.061153470123145e-09
4,2022-10-14,2,1.5481251752088434e-24,2.139661981006831e-06,0.999997860338014,0.03664815561175346,2.0459274274742256e-09,0.9926127195358276,2.0459274274742256e-09,2.0459274274742256e-09,2.0459274274742256e-09,2.0459274274742256e-09,2.0459274274742256e-09,2.0459274274742256e-09,2.0459274274742256e-09,2.0459274274742256e-09,2.0459274274742256e-09,0.007387241814285517,2.0459274274742256e-09,2.0459274274742256e-09
4,2022-10-17,2,4.232558965862643e-27,2.8176981436245384e-07,0.9999997182301683,-0.012059554035961628,2.061153470123145e-09,2.061153470123145e-09,2.061153470123145e-09,2.061153470123145e-09,2.061153470123145e-09,2.061153470123145e-09,2.061153470123145e-09,2.061153470123145e-09,1.0,2.061153470123145e-09,2.061153470123145e-09,2.061153470123145e-09,2.061153470123145e-09,2.061153470123145e-09
4,2022-10-18,2,2.454689007412359e-20,3.3353329324125293e-06,0.9999966646670289,0.017899676647782324,0.3333333432674408,0.3333333432674408,6.870511937151491e-10,6.870511937151491e-10,6.870511937151491e-10,6.870511937151491e-10,6.870511937151491e-10,6.870511937151491e-10,6.870511937151491e-10,6.870511937151491e-10,6.870511937151491e-10,0.3333333432674408,6.870511937151491e-10,6.870511937151491e-10
4,2022-10-19,2,1.0936948063801942e-22,1.4445489451206155e-06,0.9999985554510633,-0.008046653971821069,2.06115280398933e-09,4.1351654544996563e-07,2.06115280398933e-09,2.06115280398933e-09,2.06115280398933e-09,2.06115280398933e-09,2.06115280398933e-09,2.06115280398933e-09,0.9999995827674866,2.06115280398933e-09,2.06115280398933e-09,2.06115280398933e-09,2.06115280398933e-09,2.06115280398933e-09
4,2022-10-20,2,1.549507025570865e-26,5.368211251336074e-07,0.9999994631788545,-0.007714069970697165,0.20000000298023224,4.122307217802046e-10,4.122307217802046e-10,4.122307217802046e-10,0.20000000298023224,4.122307217802046e-10,4.122307217802046e-10,4.122307217802046e-10,0.20000000298023224,4.122307217802046e-10,4.122307217802046e-10,0.20000000298023224,4.122307217802046e-10,0.20000000298023224
4,2022-10-21,2,1.3153990589899167e-24,4.4038329958620607e-07,0.9999995596167369,-0.006251550801843405,2.061153470123145e-09,2.061153470123145e-09,2.061153470123145e-09,2.061153470123145e-09,2.061153470123145e-09,2.061153470123145e-09,2.061153470123145e-09,2.061153470123145e-09,1.0,2.061153470123145e-09,2.061153470123145e-09,2.061153470123145e-09,2.061153470123145e-09,2.061153470123145e-09
4,2022-10-24,2,2.5082856600322355e-28,1.8928806360720797e-07,0.9999998107118878,0.02065712958574295,2.061153470123145e-09,2.061153470123145e-09,2.061153470123145e-09,2.061153470123145e-09,2.061153470123145e-09,2.061153470123145e-09,2.061153470123145e-09,2.061153470123145e-09,1.0,2.061153470123145e-09,2.061153470123145e-09,2.061153470123145e-09,2.061153470123145e-09,2.061153470123145e-09
4,2022-10-25,2,2.1310235203897756e-25,2.972423067704865e-07,0.9999997027577352,0.007943661826848985,0.20000000298023224,4.122307217802046e-10,4.122307217802046e-10,4.122307217802046e-10,0.20000000298023224,4.122307217802046e-10,4.122307217802046e-10,4.122307217802046e-10,0.20000000298023224,4.122307217802046e-10,4.122307217802046e-10,0.20000000298023224,4.122307217802046e-10,0.20000000298023224
4,2022-10-26,2,3.6308323814642843e-22,1.5750258619466987e-06,0.9999984249741272,-0.0010292440173216165,0.5,1.030576846083875e-09,1.030576846083875e-09,1.030576846083875e-09,1.030576846083875e-09,1.030576846083875e-09,1.030576846083875e-09,1.030576846083875e-09,1.030576846083875e-09,1.030576846083875e-09,1.030576846083875e-09,0.5,1.030576846083875e-09,1.030576846083875e-09
4,2022-10-27,2,4.924567862147456e-18,2.0073050864582578e-05,0.9999799269491083,0.029243392437696455,2.0594126404205326e-09,0.9991553425788879,2.0594126404205326e-09,2.0594126404205326e-09,2.0594126404205326e-09,2.0594126404205326e-09,2.0594126404205326e-09,2.0594126404205326e-09,2.0594126404205326e-09,2.0594126404205326e-09,2.0594126404205326e-09,0.0008446399006061256,2.0594126404205326e-09,2.0594126404205326e-09
4,2022-10-28,2,4.350231454876655e-21,6.757574981542823e-05,0.9999324242501763,0.009661890491796657,2.061153470123145e-09,1.0,2.061153470123145e-09,2.061153470123145e-09,2.061153470123145e-09,2.061153470123145e-09,2.061153470123145e-09,2.061153470123145e-09,2.061153470123145e-09,2.061153470123145e-09,2.061153470123145e-09,2.061153470123145e-09,2.061153470123145e-09,2.061153470123145e-09
4,2022-10-31,2,1.96552242963622e-16,0.0006756930931111434,0.9993243069068485,-0.004351358439028263,1.3369001461427388e-09,1.3369001461427388e-09,1.3369001461427388e-09,1.3369001461427388e-09,1.3369001461427388e-09,1.3369001461427388e-09,1.3369001461427388e-09,1.3369001461427388e-09,0.6486174464225769,1.3369001461427388e-09,1.3369001461427388e-09,0.3513825535774231,1.3369001461427388e-09,1.3369001461427388e-09
4,2022-11-01,2,7.262577167057713e-14,0.004080698349831328,0.9959193016501009,-0.0008558862127363682,0.5,1.030576846083875e-09,1.030576846083875e-09,1.030576846083875e-09,1.030576846083875e-09,1.030576846083875e-09,1.030576846083875e-09,1.030576846083875e-09,1.030576846083875e-09,1.030576846083875e-09,1.030576846083875e-09,0.5,1.030576846083875e-09,1.030576846083875e-09
4,2022-11-02,2,7.469481419126593e-14,0.01068571931229929,0.9893142806876697,0.0047262948498129845,2.061153470123145e-09,2.061153470123145e-09,2.061153470123145e-09,2.061153470123145e-09,2.061153470123145e-09,2.061153470123145e-09,2.061153470123145e-09,2.061153470123145e-09,1.0,2.061153470123145e-09,2.061153470123145e-09,2.061153470123145e-09,2.061153470123145e-09,2.061153470123145e-09
4,2022-11-03,2,1.058562728418248e-13,0.03009940218936987,0.9699005978105217,-0.010538429021835327,2.061153470123145e-09,2.061153470123145e-09,2.061153470123145e-09,2.061153470123145e-09,2.061153470123145e-09,2.061153470123145e-09,2.061153470123145e-09,2.061153470123145e-09,1.0,2.061153470123145e-09,2.061153470123145e-09,2.061153470123145e-09,2.061153470123145e-09,2.061153470123145e-09
4,2022-11-04,2,8.121626830067418e-12,0.09016433701851512,0.9098356629734162,0.0006433635965920985,1.5124625996065788e-09,1.5124625996065788e-09,1.5124625996065788e-09,1.5124625996065788e-09,1.5124625996065788e-09,1.5124625996065788e-09,1.5124625996065788e-09,1.5124625996065788e-09,0.2662057876586914,1.5124625996065788e-09,1.5124625996065788e-09,0.7337942123413086,1.5124625996065788e-09,1.5124625996065788e-09
4,2022-11-07,2,9.275066642308953e-12,0.2214798166086286,0.7785201833820676,0.006508436625450849,2.061153470123145e-09,3.710709739479512e-09,2.061153470123145e-09,2.061153470123145e-09,2.061153470123145e-09,2.061153470123145e-09,2.061153470123145e-09,2.061153470123145e-09,2.061153470123145e-09,2.061153470123145e-09,2.061153470123145e-09,1.0,2.061153470123145e-09,2.061153470123145e-09
4,2022-11-08,1,2.5499723954309635e-10,0.5212123668677608,0.4787876328772562,-0.0016516428880393504,2.061153470123145e-09,2.061153470123145e-09,2.061153470123145e-09,2.061153470123145e-09,2.061153470123145e-09,2.061153470123145e-09,2.061153470123145e-09,2.061153470123145e-09,1.0,2.061153470123145e-09,2.061153470123145e-09,2.061153470123145e-09,2.061153470123145e-09,2.061153470123145e-09
4,2022-11-09,1,2.182126094543654e-10,0.6724296016381595,0.32757039814362865,0.023173920810222626,2.061153470123145e-09,2.061153470123145e-09,2.061153470123145e-09,2.061153470123145e-09,2.061153470123145e-09,2.061153470123145e-09,2.061153470123145e-09,2.061153470123145e-09,1.0,2.061153470123145e-09,2.061153470123145e-09,2.061153470123145e-09,2.061153470123145e-09,2.061153470123145e-09
4,2022-11-10,1,1.7958659987349262e-18,0.8607621881595208,0.13923781184043307,-1.5331522162931321e-10,2.061153470123145e-09,2.061153470123145e-09,2.061153470123145e-09,2.061153470123145e-09,2.061153470123145e-09,2.061153470123145e-09,2.061153470123145e-09,2.061153470123145e-09,1.0,2.061153470123145e-09,2.061153470123145e-09,2.061153470123145e-09,2.061153470123145e-09,2.061153470123145e-09
4,2022-11-11,1,2.8021573052610403e-12,0.9394018932776825,0.06059810671949224,0.02169324570298195,1.0305670761212582e-09,1.0305670761212582e-09,1.0305670761212582e-09,1.0305670761212582e-09,9.425046300748363e-06,1.0305670761212582e-09,1.0305670761212582e-09,1.0305670761212582e-09,0.49999529123306274,1.0305670761212582e-09,1.0305670761212582e-09,1.0305670761212582e-09,1.0305670761212582e-09,0.49999529123306274
4,2022-11-14,1,2.8500147388441566e-12,0.9535351147175805,0.04646488527956502,0.0011339577237144112,2.061153470123145e-09,2.061153470123145e-09,2.061153470123145e-09,2.061153470123145e-09,2.061153470123145e-09,2.061153470123145e-09,2.061153470123145e-09,2.061153470123145e-09,1.0,2.061153470123145e-09,2.061153470123145e-09,2.061153470123145e-09,2.061153470123145e-09,2.061153470123145e-09
4,2022-11-15,1,2.7567606919685053e-10,0.9686503514410693,0.03134964828322738,0.005119498819112778,2.061153470123145e-09,2.061153470123145e-09,2.061153470123145e-09,2.061153470123145e-09,2.061153470123145e-09,2.061153470123145e-09,2.061153470123145e-09,2.061153470123145e-09,1.0,2.061153470123145e-09,2.061153470123145e-09,2.061153470123145e-09,2.061153470123145e-09,2.061153470123145e-09
4,2022-11-16,1,5.17373150023985e-11,0.9745621033768205,0.025437896571477724,0.00212543411180377,2.061153470123145e-09,2.061153470123145e-09,2.061153470123145e-09,2.061153470123145e-09,2.061153470123145e-09,2.061153470123145e-09,2.061153470123145e-09,2.061153470123145e-09,1.0,2.061153470123145e-09,2.061153470123145e-09,2.061153470123145e-09,2.061153470123145e-09,2.061153470123145e-09
4,2022-11-17,1,3.039833367596699e-11,0.9796984612870301,0.020301538682521766,-0.015518600630760193,2.061153470123145e-09,0.9999998807907104,2.061153470123145e-09,2.061153470123145e-09,2.061153470123145e-09,2.061153470123145e-09,2.061153470123145e-09,2.061153470123145e-09,2.061153470123145e-09,2.061153470123145e-09,2.061153470123145e-09,7.852673888919526e-08,2.061153470123145e-09,2.061153470123145e-09
4,2022-11-18,1,1.067723790558084e-09,0.9853450097085993,0.014654989223629233,-0.0032760002732276916,0.5,1.030576846083875e-09,1.030576846083875e-09,1.030576846083875e-09,1.030576846083875e-09,1.030576846083875e-09,1.030576846083875e-09,1.030576846083875e-09,1.030576846083875e-09,1.030576846083875e-09,1.030576846083875e-09,0.5,1.030576846083875e-09,1.030576846083875e-09
4,2022-11-21,1,1.0141453986291089e-09,0.9917049429781669,0.008295056007711493,-0.01638976230621338,2.061153470123145e-09,2.061153470123145e-09,2.061153470123145e-09,2.061153470123145e-09,2.061153470123145e-09,2.061153470123145e-09,2.061153470123145e-09,2.061153470123145e-09,2.061153470123145e-09,2.061153470123145e-09,2.061153470123145e-09,1.0,2.061153470123145e-09,2.061153470123145e-09
4,2022-11-22,1,2.4664522575945667e-11,0.9989328974252143,0.0010671025501653008,-0.01309742152094841,0.5,1.030576846083875e-09,1.030576846083875e-09,1.030576846083875e-09,1.030576846083875e-09,1.030576846083875e-09,1.030576846083875e-09,1.030576846083875e-09,1.030576846083875e-09,1.030576846083875e-09,1.030576846083875e-09,0.5,1.030576846083875e-09,1.030576846083875e-09
4,2022-11-23,1,2.1395511233216854e-06,0.9996233055454586,0.0003745549033629828,-0.0033362186953425407,2.061153470123145e-09,2.061153470123145e-09,2.061153470123145e-09,2.061153470123145e-09,2.061153470123145e-09,2.061153470123145e-09,2.061153470123145e-09,2.061153470123145e-09,0.9999999403953552,2.061153470123145e-09,2.061153470123145e-09,1.271908178779313e-08,2.061153470123145e-09,2.061153470123145e-09
4,2022-11-24,1,4.471984540551861e-175,1.0,2.285183326568157e-39,0.010442294159531594,0.20000000298023224,4.122307217802046e-10,4.122307217802046e-10,4.122307217802046e-10,0.20000000298023224,4.122307217802046e-10,4.122307217802046e-10,4.122307217802046e-10,0.20000000298023224,4.122307217802046e-10,4.122307217802046e-10,0.20000000298023224,4.122307217802046e-10,0.20000000298023224
4,2022-11-25,1,6.63290325242122e-05,0.9999056483843416,2.8022583183731535e-05,0.0010494780160486697,2.061153470123145e-09,2.061153470123145e-09,2.061153470123145e-09,2.061153470123145e-09,2.061153470123145e-09,2.061153470123145e-09,2.061153470123145e-09,2.061153470123145e-09,1.0,2.061153470123145e-09,2.061153470123145e-09,2.061153470123145e-09,2.061153470123145e-09,2.061153470123145e-09
4,2022-11-28,1,1.0253172636808597e-06,0.9999548641601637,4.411052256715011e-05,-0.020505903798341753,0.5,1.030576846083875e-09,1.030576846083875e-09,1.030576846083875e-09,1.030576846083875e-09,1.030576846083875e-09,1.030576846083875e-09,1.030576846083875e-09,1.030576846083875e-09,1.030576846083875e-09,1.030576846083875e-09,0.5,1.030576846083875e-09,1.030576846083875e-09
4,2022-11-29,1,3.840476163822877e-06,0.9999532341437347,4.292538013137454e-05,0.0001305943730287254,2.061153470123145e-09,2.061153470123145e-09,2.061153470123145e-09,2.061153470123145e-09,2.061153470123145e-09,2.061153470123145e-09,2.061153470123145e-09,2.061153470123145e-09,1.0,2.061153470123145e-09,2.061153470123145e-09,2.061153470123145e-09,2.061153470123145e-09,2.061153470123145e-09
4,2022-11-30,1,4.8883685848954375e-06,0.9999646857814817,3.0425849899338716e-05,-0.000651662398315966,0.5,1.030576846083875e-09,1.030576846083875e-09,1.030576846083875e-09,1.030576846083875e-09,1.030576846083875e-09,1.030576846083875e-09,1.030576846083875e-09,1.030576846083875e-09,1.030576846083875e-09,1.030576846083875e-09,0.5,1.030576846083875e-09,1.030576846083875e-09
4,2022-12-01,1,1.805963331993273e-22,0.9999999658888333,3.411118766253621e-08,0.01550212265253067,2.061153470123145e-09,6.327529167293733e-09,2.061153470123145e-09,2.061153470123145e-09,2.061153470123145e-09,2.061153470123145e-09,2.061153470123145e-09,2.061153470123145e-09,0.9999999403953552,2.061153470123145e-09,2.061153470123145e-09,2.061153470123145e-09,2.061153470123145e-09,2.061153470123145e-09
4,2022-12-02,1,2.3106246483185366e-07,0.9999641485458213,3.562039172139526e-05,-0.010995322416722774,2.061153470123145e-09,1.0,2.061153470123145e-09,2.061153470123145e-09,2.061153470123145e-09,2.061153470123145e-09,2.061153470123145e-09,2.061153470123145e-09,2.061153470123145e-09,2.061153470123145e-09,2.061153470123145e-09,2.061153470123145e-09,2.061153470123145e-09,2.061153470123145e-09
4,2022-12-05,1,1.6941558713959467e-06,0.9999561354581511,4.2170385950549675e-05,-0.005138117767125368,4.650490548208097e-10,0.22562561929225922,0.22562561929225922,0.053521063178777695,4.650490548208097e-10,0.043881241232156754,0.22562561929225922,0.22562561929225922,4.650490548208097e-10,1.1518640263830093e-07,6.239981757971691e-07,4.650490548208097e-10,9.449416393181309e-05,4.650490548208097e-10
4,2022-12-06,1,7.588841650149623e-07,0.9999662848620594,3.295625373410054e-05,-0.018879707372188567,1.5481737136724405e-05,1.5481737136724405e-05,1.5481737136724405e-05,1.5481737136724405e-05,1.5481737136724405e-05,1.5481737136724405e-05,1.5481737136724405e-05,1.5481737136724405e-05,0.8954241275787354,1.5481737136724405e-05,1.5481737136724405e-05,0.10439008474349976,1.5481737136724405e-05,1.5481737136724405e-05
4,2022-12-07,1,6.20996225380952e-24,0.9999999446653207,5.533468728752791e-08,-0.012147121301293373,0.3333333432674408,0.3333333432674408,6.870511937151491e-10,3.38886785300474e-09,6.870511937151491e-10,6.870511937151491e-10,6.870511937151491e-10,6.870511937151491e-10,6.870511937151491e-10,6.870511937151491e-10,6.870511937151491e-10,0.3333333432674408,6.870511937151491e-10,6.870511937151491e-10
4,2022-12-08,1,4.317369144085532e-07,0.9999698104006157,2.975786250457561e-05,0.007349855222553015,2.061153470123145e-09,2.061153470123145e-09,2.061153470123145e-09,2.061153470123145e-09,2.061153470123145e-09,2.061153470123145e-09,2.061153470123145e-09,2.061153470123145e-09,1.0,2.061153470123145e-09,2.061153470123145e-09,2.061153470123145e-09,2.061153470123145e-09,2.061153470123145e-09
4,2022-12-09,1,7.590989770720392e-06,0.9999541980209412,3.82109892555802e-05,0.017715066412091255,2.0611519158109104e-09,2.0611519158109104e-09,2.0611519158109104e-09,2.0611519158109104e-09,2.0611519158109104e-09,2.0611519158109104e-09,2.0611519158109104e-09,2.0611519158109104e-09,7.872666856201249e-07,2.0611519158109104e-09,2.0611519158109104e-09,0.9999991655349731,2.0611519158109104e-09,2.0611519158109104e-09
4,2022-12-12,1,2.0518602372930884e-07,0.9999652525881684,3.4542225812546466e-05,-0.004942347554862499,2.061153470123145e-09,2.061153470123145e-09,2.061153470123145e-09,2.061153470123145e-09,2.061153470123145e-09,2.061153470123145e-09,2.061153470123145e-09,2.061153470123145e-09,1.0,2.061153470123145e-09,2.061153470123145e-09,2.061153470123145e-09,2.061153470123145e-09,2.061153470123145e-09
4,2022-12-13,1,4.1260550207059005e-22,0.9999997425033248,2.5749665759002395e-07,-0.0012698288774117827,2.061153470123145e-09,2.061153470123145e-09,2.061153470123145e-09,2.061153470123145e-09,2.061153470123145e-09,2.061153470123145e-09,2.061153470123145e-09,2.061153470123145e-09,1.0,2.061153470123145e-09,2.061153470123145e-09,2.061153470123145e-09,2.061153470123145e-09,2.061153470123145e-09
4,2022-12-14,1,2.146464677235577e-05,0.9999629463919216,1.5588961336983302e-05,0.011188397893309594,1.867343085715234e-10,0.0905969887971878,0.0905969887971878,0.0905969887971878,0.0905969887971878,0.0905969887971878,0.0905969887971878,0.0905969887971878,0.0905969887971878,0.0905969887971878,0.003433132776990533,1.867343085715234e-10,0.0905969887971878,0.0905969887971878
4,2022-12-15,1,8.620406242986335e-13,0.9999993421991921,6.577999645942535e-07,-0.011183573155105113,2.061150139454071e-09,2.061150139454071e-09,2.061150139454071e-09,2.061150139454071e-09,2.061150139454071e-09,2.061150139454071e-09,2.061150139454071e-09,2.061150139454071e-09,0.9999983310699463,2.061150139454071e-09,2.061150139454071e-09,1.6244619018834783e-06,2.061150139454071e-09,2.061150139454071e-09
4,2022-12-16,1,6.572442880602856e-06,0.9999846934547839,8.734102318059251e-06,-0.012336793364584446,0.5,1.030576846083875e-09,1.030576846083875e-09,1.030576846083875e-09,1.030576846083875e-09,1.030576846083875e-09,1.030576846083875e-09,1.030576846083875e-09,1.030576846083875e-09,1.030576846083875e-09,1.030576846083875e-09,0.5,1.030576846083875e-09,1.030576846083875e-09
4,2022-12-19,1,1.7748118492099336e-19,0.9999999850911082,1.4908929193934875e-08,-0.0015879699494689703,0.5,1.030576846083875e-09,1.030576846083875e-09,1.030576846083875e-09,1.030576846083875e-09,1.030576846083875e-09,1.030576846083875e-09,1.030576846083875e-09,1.030576846083875e-09,1.030576846083875e-09,1.030576846083875e-09,0.5,1.030576846083875e-09,1.030576846083875e-09
4,2022-12-20,1,0.0,1.0,4.087999318517022e-78,-0.0011446421124972402,2.061153470123145e-09,2.061153470123145e-09,2.061153470123145e-09,2.061153470123145e-09,2.061153470123145e-09,2.061153470123145e-09,2.061153470123145e-09,2.061153470123145e-09,1.0,2.061153470123145e-09,2.061153470123145e-09,2.061153470123145e-09,2.061153470123145e-09,2.061153470123145e-09
4,2022-12-21,1,0.0,1.0,2.764900571592237e-79,0.01284957533031702,2.061153470123145e-09,2.061153470123145e-09,2.061153470123145e-09,2.061153470123145e-09,2.061153470123145e-09,2.061153470123145e-09,2.061153470123145e-09,2.061153470123145e-09,2.061153470123145e-09,2.061153470123145e-09,2.061153470123145e-09,1.0,2.061153470123145e-09,2.061153470123145e-09
4,2022-12-22,1,2.314292707529185e-43,0.9999999999998863,1.6622304619707908e-13,0.0005334863017313182,2.0610422257760774e-09,2.0610422257760774e-09,2.0610422257760774e-09,2.0610422257760774e-09,2.0610422257760774e-09,2.0610422257760774e-09,2.0610422257760774e-09,2.0610422257760774e-09,0.9999459385871887,2.0610422257760774e-09,2.0610422257760774e-09,5.405119736678898e-05,2.0610422257760774e-09,2.0610422257760774e-09
4,2022-12-23,1,1.5446387061528447e-19,0.9999999844616242,1.5538401934392387e-08,-0.01253766429424286,6.414556108502723e-10,0.3112119138240814,0.0716567412018776,0.001749607385136187,6.414556108502723e-10,0.0009124782518483698,0.3032553493976593,0.3112119138240814,6.414556108502723e-10,3.0243445525712787e-09,1.776197855463124e-08,6.414556108502723e-10,1.959896280823159e-06,6.414556108502723e-10
4,2022-12-26,1,1.4421846351002146e-05,0.9999691077668188,1.6470386811579806e-05,0.010549374364316463,2.061153470123145e-09,2.061153470123145e-09,2.061153470123145e-09,2.061153470123145e-09,2.061153470123145e-09,2.061153470123145e-09,2.061153470123145e-09,2.061153470123145e-09,2.061153470123145e-09,2.061153470123145e-09,2.061153470123145e-09,1.0,2.061153470123145e-09,2.061153470123145e-09
4,2022-12-27,1,2.4343523087329304e-12,0.9999982243106009,1.7756869749598505e-06,0.006734412119537592,2.061153470123145e-09,1.0,2.061153470123145e-09,2.061153470123145e-09,2.061153470123145e-09,2.061153470123145e-09,2.061153470123145e-09,2.061153470123145e-09,2.061153470123145e-09,2.061153470123145e-09,2.061153470123145e-09,2.061153470123145e-09,2.061153470123145e-09,2.061153470123145e-09
4,2022-12-28,1,8.661799130783826e-13,0.9999668075639194,3.319243517606162e-05,0.0017942757837474347,2.061153470123145e-09,2.061153470123145e-09,2.061153470123145e-09,2.061153470123145e-09,2.061153470123145e-09,2.061153470123145e-09,2.061153470123145e-09,2.061153470123145e-09,1.0,2.061153470123145e-09,2.061153470123145e-09,2.061153470123145e-09,2.061153470123145e-09,2.061153470123145e-09
4,2022-12-29,1,9.902341819018117e-06,0.9967480925028533,0.003242005155345337,-0.0012560063041746616,2.061153470123145e-09,2.061153470123145e-09,2.061153470123145e-09,2.061153470123145e-09,2.061153470123145e-09,2.061153470123145e-09,2.061153470123145e-09,2.061153470123145e-09,1.0,2.061153470123145e-09,2.061153470123145e-09,2.061153470123145e-09,2.061153470123145e-09,2.061153470123145e-09
5,2023-01-02,1,1.7891615444906488e-32,1.0,2.6840257554847862e-47,0.023320052990317346,2.061153470123145e-09,2.061153470123145e-09,2.061153470123145e-09,2.061153470123145e-09,2.061153470123145e-09,2.061153470123145e-09,2.061153470123145e-09,2.061153470123145e-09,0.9999999403953552,2.061153470123145e-09,2.061153470123145e-09,2.061153470123145e-09,2.061153470123145e-09,1.1025928614571967e-08
5,2023-01-03,2,0.00012574493492582684,4.9760155681984114e-05,0.9998244949093922,-0.004920537204442371,2.0609802753313033e-09,2.0609802753313033e-09,2.0609802753313033e-09,2.0609802753313033e-09,2.0609802753313033e-09,2.0609802753313033e-09,2.0609802753313033e-09,2.0609802753313033e-09,0.9999158382415771,2.0609802753313033e-09,2.0609802753313033e-09,2.0609802753313033e-09,2.0609802753313033e-09,8.412409079028293e-05
5,2023-01-04,2,1.1038598080677968e-15,5.130999438371825e-50,1.0,0.03124836222529411,2.061153470123145e-09,1.0,2.061153470123145e-09,2.061153470123145e-09,2.061153470123145e-09,2.061153470123145e-09,2.061153470123145e-09,2.061153470123145e-09,2.061153470123145e-09,2.061153470123145e-09,2.061153470123145e-09,2.061153470123145e-09,2.061153470123145e-09,2.061153470123145e-09
5,2023-01-05,2,6.312112353145357e-06,1.6958364933590907e-05,0.9999767295227168,0.0021560540914535523,2.061153470123145e-09,2.061153470123145e-09,2.061153470123145e-09,2.061153470123145e-09,2.061153470123145e-09,2.061153470123145e-09,2.061153470123145e-09,2.061153470123145e-09,0.9999999403953552,2.061153470123145e-09,2.061153470123145e-09,2.061153470123145e-09,2.061153470123145e-09,2.375029772849757e-08
5,2023-01-06,2,3.1796519223001133e-07,3.965953663876629e-13,0.9999996820343932,0.0056885201044380666,2.061153470123145e-09,2.061153470123145e-09,2.061153470123145e-09,2.061153470123145e-09,2.061153470123145e-09,2.061153470123145e-09,2.061153470123145e-09,2.061153470123145e-09,2.061153470123145e-09,2.061153470123145e-09,2.061153470123145e-09,1.0,2.061153470123145e-09,2.061153470123145e-09
5,2023-01-09,2,8.173936155725147e-06,2.5097521477323517e-06,0.9999893163117124,0.021320262414216994,2.061153470123145e-09,2.061153470123145e-09,2.061153470123145e-09,2.061153470123145e-09,2.061153470123145e-09,2.061153470123145e-09,2.061153470123145e-09,2.061153470123145e-09,1.0,2.061153470123145e-09,2.061153470123145e-09,2.061153470123145e-09,2.061153470123145e-09,2.061153470123145e-09
5,2023-01-10,2,1.9006998873837235e-07,1.2341400011531436e-13,0.9999998099298931,-0.012755921620130539,2.061153470123145e-09,2.061153470123145e-09,2.061153470123145e-09,2.061153470123145e-09,2.061153470123145e-09,2.061153470123145e-09,2.061153470123145e-09,2.061153470123145e-09,2.061153470123145e-09,2.061153470123145e-09,2.061153470123145e-09,1.0,2.061153470123145e-09,2.061153470123145e-09
5,2023-01-11,2,1.234361435663375e-05,1.158479018507757e-05,0.9999760715954521,0.014738563448190689,2.061153470123145e-09,2.061153470123145e-09,2.061153470123145e-09,2.061153470123145e-09,2.061153470123145e-09,2.061153470123145e-09,2.061153470123145e-09,2.061153470123145e-09,2.061153470123145e-09,2.061153470123145e-09,2.061153470123145e-09,1.0,2.061153470123145e-09,2.061153470123145e-09
5,2023-01-12,2,1.7070746335788226e-05,4.079146479856722e-06,0.9999788501071808,0.004454309076815844,1.7176279842878728e-10,0.0833333358168602,0.0833333358168602,0.0833333358168602,0.0833333358168602,0.0833333358168602,0.0833333358168602,0.0833333358168602,0.0833333358168602,0.0833333358168602,0.0833333358168602,1.7176279842878728e-10,0.0833333358168602,0.0833333358168602
5,2023-01-13,2,1.2088772150783988e-05,0.00010840828752903934,0.999879502940331,0.004944823191314935,2.061153470123145e-09,2.061153470123145e-09,2.061153470123145e-09,2.061153470123145e-09,2.061153470123145e-09,2.061153470123145e-09,2.061153470123145e-09,2.061153470123145e-09,1.0,2.061153470123145e-09,2.061153470123145e-09,2.061153470123145e-09,2.061153470123145e-09,2.061153470123145e-09
5,2023-01-16,2,4.270723085307832e-06,6.859294867454549e-07,0.9999950433474457,0.00019776409287005666,0.5,1.030576846083875e-09,1.030576846083875e-09,1.030576846083875e-09,1.030576846083875e-09,1.030576846083875e-09,1.030576846083875e-09,1.030576846083875e-09,1.030576846083875e-09,1.030576846083875e-09,1.030576846083875e-09,0.5,1.030576846083875e-09,1.030576846083875e-09
5,2023-01-17,2,1.0077346396655861e-05,0.00024962832521630436,0.9997402943283838,-0.004265099807828665,2.061153470123145e-09,2.061153470123145e-09,2.061153470123145e-09,2.061153470123145e-09,2.061153470123145e-09,2.061153470123145e-09,2.061153470123145e-09,2.061153470123145e-09,1.0,2.061153470123145e-09,2.061153470123145e-09,2.061153470123145e-09,2.061153470123145e-09,2.061153470123145e-09
5,2023-01-18,2,1.2170190306762726e-05,0.0002786858307886737,0.9997091439788836,0.001995951522886753,6.870511937151491e-10,6.870511937151491e-10,6.870511937151491e-10,6.870511937151491e-10,0.3333333432674408,6.870511937151491e-10,6.870511937151491e-10,6.870511937151491e-10,0.3333333432674408,6.870511937151491e-10,6.870511937151491e-10,6.870511937151491e-10,6.870511937151491e-10,0.3333333432674408
5,2023-01-19,2,1.306664667838925e-05,0.0003270751512351033,0.9996598582020795,0.0031304680302739144,0.5,1.030576846083875e-09,1.030576846083875e-09,1.030576846083875e-09,1.030576846083875e-09,1.030576846083875e-09,1.030576846083875e-09,1.030576846083875e-09,1.030576846083875e-09,1.030576846083875e-09,1.030576846083875e-09,0.5,1.030576846083875e-09,1.030576846083875e-09
5,2023-01-20,2,1.1927170164111844e-05,0.00021617584859673342,0.9997718969812588,0.009989001278579235,2.061153470123145e-09,2.061153470123145e-09,2.061153470123145e-09,2.061153470123145e-09,2.061153470123145e-09,2.061153470123145e-09,2.061153470123145e-09,2.061153470123145e-09,1.0,2.061153470123145e-09,2.061153470123145e-09,2.061153470123145e-09,2.061153470123145e-09,2.441860935675777e-09
5,2023-01-25,2,1.0726711494463674e-05,0.00032693695762109457,0.9996623363309021,0.0007871361448789786,2.061153470123145e-09,2.061153470123145e-09,2.061153470123145e-09,2.061153470123145e-09,2.061153470123145e-09,2.061153470123145e-09,2.061153470123145e-09,2.061153470123145e-09,1.0,2.061153470123145e-09,2.061153470123145e-09,2.061153470123145e-09,2.061153470123145e-09,2.061153470123145e-09
5,2023-01-26,2,5.320679055771667e-06,2.297067195065366e-05,0.999971708648987,0.0019961811628192664,2.061153470123145e-09,2.061153470123145e-09,2.061153470123145e-09,2.061153470123145e-09,2.061153470123145e-09,2.061153470123145e-09,2.061153470123145e-09,2.061153470123145e-09,2.061153470123145e-09,2.061153470123145e-09,2.061153470123145e-09,1.0,2.061153470123145e-09,2.061153470123145e-09
5,2023-01-27,2,4.623639267894748e-06,6.313169230309222e-05,0.9999322446684457,-0.012389469501376153,2.0541088829872933e-09,2.0541088829872933e-09,2.0541088829872933e-09,2.0541088829872933e-09,2.0541088829872933e-09,2.0541088829872933e-09,2.0541088829872933e-09,2.0541088829872933e-09,0.9965820908546448,2.0541088829872933e-09,2.0541088829872933e-09,0.003417873289436102,2.0541088829872933e-09,2.0541088829872933e-09
5,2023-01-30,2,3.077994799235685e-07,3.5984444505919007e-10,0.9999996918406757,-0.009641022944450378,0.5,1.030576846083875e-09,1.030576846083875e-09,1.030576846083875e-09,1.030576846083875e-09,1.030576846083875e-09,1.030576846083875e-09,1.030576846083875e-09,1.030576846083875e-09,1.030576846083875e-09,1.030576846083875e-09,0.5,1.030576846083875e-09,1.030576846083875e-09
5,2023-01-31,2,2.503156220834628e-09,1.4063785686932218e-18,0.9999999974968432,-0.001495545402728021,2.061153470123145e-09,2.061153470123145e-09,2.061153470123145e-09,2.061153470123145e-09,2.061153470123145e-09,2.061153470123145e-09,2.061153470123145e-09,2.061153470123145e-09,2.061153470123145e-09,2.061153470123145e-09,2.061153470123145e-09,1.0,2.061153470123145e-09,2.061153470123145e-09
5,2023-02-01,2,7.135861944216777e-08,7.165473997589811e-14,0.9999999286413325,0.012704631060361862,1.9847006260675926e-09,0.9629076719284058,1.9847006260675926e-09,1.9847006260675926e-09,1.9847006260675926e-09,1.9847006260675926e-09,1.9847006260675926e-09,1.9847006260675926e-09,1.9847006260675926e-09,1.9847006260675926e-09,1.9847006260675926e-09,0.03709232434630394,1.9847006260675926e-09,1.9847006260675926e-09
5,2023-02-02,2,3.348729659564644e-08,5.1474633293856206e-15,0.9999999665126899,0.01005540200471878,0.20000000298023224,4.122307217802046e-10,4.122307217802046e-10,4.122307217802046e-10,0.20000000298023224,4.122307217802046e-10,4.122307217802046e-10,4.122307217802046e-10,0.20000000298023224,4.122307217802046e-10,4.122307217802046e-10,0.20000000298023224,4.122307217802046e-10,0.20000000298023224
5,2023-02-03,2,4.722381515730858e-06,9.528300857003256e-05,0.9998999946099205,-0.019108453786373138,2.061153470123145e-09,2.061153470123145e-09,2.061153470123145e-09,2.061153470123145e-09,2.061153470123145e-09,2.061153470123145e-09,2.061153470123145e-09,2.061153470123145e-09,0.9999999403953552,2.061153470123145e-09,2.061153470123145e-09,2.061153470123145e-09,2.061153470123145e-09,1.5020939159171576e-08
5,2023-02-06,2,3.061919738222975e-08,1.5881713433652363e-14,0.9999999693807813,-0.020040204412990717,2.061002257747191e-09,2.061002257747191e-09,2.061002257747191e-09,2.061002257747191e-09,2.061002257747191e-09,2.061002257747191e-09,2.061002257747191e-09,2.061002257747191e-09,0.9999265670776367,2.061002257747191e-09,2.061002257747191e-09,7.330339576583356e-05,2.061002257747191e-09,1.1516080888895885e-07
5,2023-02-07,2,7.361512428079122e-07,2.8151663532035117e-09,0.9999992610336109,0.014356124278903008,0.5,1.030576846083875e-09,1.030576846083875e-09,1.030576846083875e-09,1.030576846083875e-09,1.030576846083875e-09,1.030576846083875e-09,1.030576846083875e-09,1.030576846083875e-09,1.030576846083875e-09,1.030576846083875e-09,0.5,1.030576846083875e-09,1.030576846083875e-09
5,2023-02-08,2,2.6998458276694507e-06,3.7009964769881268e-06,0.9999935991576981,0.001799090987816453,1.9134569811285473e-05,1.9134569811285473e-05,1.9134569811285473e-05,1.9134569811285473e-05,1.9134569811285473e-05,1.9134569811285473e-05,1.9134569811285473e-05,1.9134569811285473e-05,0.9818660020828247,1.9134569811285473e-05,1.9134569811285473e-05,0.017904359847307205,1.9134569811285473e-05,1.9134569811285473e-05
5,2023-02-09,2,2.5911305902140535e-33,2.13974842870892e-118,1.0,0.0008045697585679591,2.061153470123145e-09,2.061153470123145e-09,2.061153470123145e-09,2.061153470123145e-09,2.061153470123145e-09,2.061153470123145e-09,2.061153470123145e-09,2.061153470123145e-09,1.0,2.061153470123145e-09,2.061153470123145e-09,2.061153470123145e-09,2.061153470123145e-09,2.061153470123145e-09
5,2023-02-10,2,1.3328975327034725e-33,1.1363237689487638e-125,1.0,-0.020559455439448357,4.1571456677047536e-05,4.1571456677047536e-05,4.1571456677047536e-05,4.1571456677047536e-05,4.1571456677047536e-05,4.1571456677047536e-05,4.1571456677047536e-05,4.1571456677047536e-05,4.1571456677047536e-05,4.1571456677047536e-05,4.1571456677047536e-05,0.9994595646858215,4.1571456677047536e-05,4.1571456677047536e-05
5,2023-02-13,2,7.134539828238139e-06,5.446157905142766e-06,0.9999874193022836,-0.0010108096725307404,2.061153470123145e-09,1.0,2.061153470123145e-09,2.061153470123145e-09,2.061153470123145e-09,2.061153470123145e-09,2.061153470123145e-09,2.061153470123145e-09,2.061153470123145e-09,2.061153470123145e-09,2.061153470123145e-09,2.061153470123145e-09,2.061153470123145e-09,2.061153470123145e-09
5,2023-02-14,2,2.022218502720175e-08,1.3558088614674455e-19,0.9999999797778403,0.005580846140533686,0.20000000298023224,4.122307217802046e-10,4.122307217802046e-10,4.122307217802046e-10,0.20000000298023224,4.122307217802046e-10,4.122307217802046e-10,4.122307217802046e-10,0.20000000298023224,4.122307217802046e-10,4.122307217802046e-10,0.20000000298023224,4.122307217802046e-10,0.20000000298023224
5,2023-02-15,2,1.4278765872018516e-09,4.7013753577107845e-21,0.9999999985721502,-0.008047756329923867,2.061153470123145e-09,2.061153470123145e-09,2.061153470123145e-09,2.061153470123145e-09,2.061153470123145e-09,2.061153470123145e-09,2.061153470123145e-09,2.061153470123145e-09,1.0,2.061153470123145e-09,2.061153470123145e-09,2.061153470123145e-09,2.061153470123145e-09,2.061153470123145e-09
5,2023-02-16,2,9.680280483622694e-06,1.750238038726609e-05,0.9999728173391148,-0.0025854558192193507,2.061153470123145e-09,1.0,2.061153470123145e-09,2.061153470123145e-09,2.061153470123145e-09,2.061153470123145e-09,2.061153470123145e-09,2.061153470123145e-09,2.061153470123145e-09,2.061153470123145e-09,2.061153470123145e-09,2.061153470123145e-09,2.061153470123145e-09,2.061153470123145e-09
5,2023-02-17,2,1.0620500222488827e-05,5.486320656838005e-06,0.9999838931791483,-0.01575875333249569,0.5,1.030576846083875e-09,1.030576846083875e-09,1.030576846083875e-09,1.030576846083875e-09,1.030576846083875e-09,1.030576846083875e-09,1.030576846083875e-09,1.030576846083875e-09,1.030576846083875e-09,1.030576846083875e-09,0.5,1.030576846083875e-09,1.030576846083875e-09
5,2023-02-20,2,8.790661513481726e-10,9.075799676657628e-27,0.9999999991209165,0.008634204477071762,0.20000000298023224,4.122307217802046e-10,4.122307217802046e-10,4.122307217802046e-10,0.20000000298023224,4.122307217802046e-10,4.122307217802046e-10,4.122307217802046e-10,0.20000000298023224,4.122307217802046e-10,4.122307217802046e-10,0.20000000298023224,4.122307217802046e-10,0.20000000298023224
5,2023-02-21,2,3.068253769787422e-06,8.247077875530717e-10,0.9999969309215461,-0.007040535404533148,1.0111833592674202e-09,1.0111833592674202e-09,1.0111833592674202e-09,1.0111833592674202e-09,2.9082500532240374e-06,1.0111833592674202e-09,1.0111833592674202e-09,1.0111833592674202e-09,0.49059098958969116,1.0111833592674202e-09,1.0111833592674202e-09,0.49059098958969116,1.0111833592674202e-09,0.018815090879797935
5,2023-02-22,2,8.917846727592145e-07,2.4159094955620424e-15,0.9999991082153199,-0.009777269427478313,1.030576846083875e-09,0.5,1.030576846083875e-09,1.030576846083875e-09,1.030576846083875e-09,1.030576846083875e-09,1.030576846083875e-09,1.030576846083875e-09,0.5,1.030576846083875e-09,1.030576846083875e-09,1.030576846083875e-09,1.030576846083875e-09,1.030576846083875e-09
5,2023-02-23,2,3.5919657795544302e-06,4.208480490146107e-09,0.9999964038257619,0.00588768415749073,2.061153470123145e-09,1.0,2.061153470123145e-09,2.061153470123145e-09,2.061153470123145e-09,2.061153470123145e-09,2.061153470123145e-09,2.061153470123145e-09,2.061153470123145e-09,2.061153470123145e-09,2.061153470123145e-09,2.061153470123145e-09,2.061153470123145e-09,2.061153470123145e-09
5,2023-02-24,2,9.314644582459405e-06,7.826467198689599e-07,0.9999899027086948,-0.0032197088442742824,2.061153470123145e-09,2.061153470123145e-09,2.061153470123145e-09,2.061153470123145e-09,2.061153470123145e-09,2.061153470123145e-09,2.061153470123145e-09,2.061153470123145e-09,0.9999999403953552,2.061153470123145e-09,2.061153470123145e-09,2.061153470123145e-09,2.061153470123145e-09,2.1792377680185382e-08
5,2023-02-27,2,1.15843672892852e-06,2.3089289254140513e-14,0.999998841563229,-0.008810626354793027,2.061153470123145e-09,2.061153470123145e-09,2.061153470123145e-09,2.061153470123145e-09,2.061153470123145e-09,2.061153470123145e-09,2.061153470123145e-09,2.061153470123145e-09,1.0,2.061153470123145e-09,2.061153470123145e-09,2.061153470123145e-09,2.061153470123145e-09,2.061153470123145e-09
5,2023-02-28,2,3.990685384284988e-09,4.237094818095186e-19,0.9999999960093078,0.007942771960794926,2.061153470123145e-09,1.0,2.061153470123145e-09,2.061153470123145e-09,2.061153470123145e-09,2.061153470123145e-09,2.061153470123145e-09,2.061153470123145e-09,2.061153470123145e-09,2.061153470123145e-09,2.061153470123145e-09,2.061153470123145e-09,2.061153470123145e-09,2.061153470123145e-09
5,2023-03-02,2,1.2123846734689613e-06,2.7344115610481208e-09,0.9999987848809149,-0.0017334028013050555,0.20000000298023224,4.122307217802046e-10,4.122307217802046e-10,4.122307217802046e-10,0.20000000298023224,4.122307217802046e-10,4.122307217802046e-10,4.122307217802046e-10,0.20000000298023224,4.122307217802046e-10,4.122307217802046e-10,0.20000000298023224,4.122307217802046e-10,0.20000000298023224
5,2023-03-03,2,6.313860348981572e-06,2.6949244615228544e-05,0.9999667368950619,0.004327176082134247,2.061153470123145e-09,2.061153470123145e-09,2.061153470123145e-09,2.061153470123145e-09,2.061153470123145e-09,2.061153470123145e-09,2.061153470123145e-09,2.061153470123145e-09,1.0,2.061153470123145e-09,2.061153470123145e-09,2.061153470123145e-09,2.061153470123145e-09,2.061153470123145e-09
5,2023-03-06,2,2.922561265639287e-10,1.038993169535074e-24,0.999999999707768,0.0037799593552947045,1.6363726899726316e-05,2.061119941387801e-09,2.061119941387801e-09,2.061119941387801e-09,2.061119941387801e-09,2.061119941387801e-09,2.061119941387801e-09,2.061119941387801e-09,2.061119941387801e-09,2.061119941387801e-09,2.061119941387801e-09,0.9999836087226868,2.061119941387801e-09,2.061119941387801e-09
5,2023-03-07,2,2.906149536855459e-06,4.487779021063458e-06,0.9999926060714237,-0.0035975517500191926,2.061153470123145e-09,2.061153470123145e-09,2.061153470123145e-09,2.061153470123145e-09,2.061153470123145e-09,2.061153470123145e-09,2.061153470123145e-09,2.061153470123145e-09,0.9999998807907104,2.061153470123145e-09,2.061153470123145e-09,2.061153470123145e-09,2.061153470123145e-09,7.628101883483396e-08
5,2023-03-08,2,3.621659518965107e-06,1.6357103975268875e-05,0.9999800212365253,-0.011197821746766567,2.061153470123145e-09,2.061153470123145e-09,2.061153470123145e-09,2.061153470123145e-09,2.061153470123145e-09,2.061153470123145e-09,2.061153470123145e-09,2.061153470123145e-09,2.061153470123145e-09,2.061153470123145e-09,2.061153470123145e-09,1.0,2.061153470123145e-09,2.061153470123145e-09
5,2023-03-09,2,8.937154368573164e-08,3.647934064769069e-12,0.9999999106248123,-0.0003749614335596561,0.5,1.030576846083875e-09,1.030576846083875e-09,1.030576846083875e-09,1.030576846083875e-09,1.030576846083875e-09,1.030576846083875e-09,1.030576846083875e-09,1.030576846083875e-09,1.030576846083875e-09,1.030576846083875e-09,0.5,1.030576846083875e-09,1.030576846083875e-09
5,2023-03-10,2,1.1854280695677591e-11,1.1427367404538157e-28,0.9999999999881197,0.009754529644548893,2.061153470123145e-09,2.061153470123145e-09,2.061153470123145e-09,2.061153470123145e-09,2.061153470123145e-09,2.061153470123145e-09,2.061153470123145e-09,2.061153470123145e-09,0.9999999403953552,2.061153470123145e-09,2.061153470123145e-09,2.061153470123145e-09,2.061153470123145e-09,1.9340562928960026e-08
5,2023-03-13,2,7.039712447508503e-06,5.968008852256223e-06,0.9999869922787251,-0.0006895926347468048,2.061153470123145e-09,2.061153470123145e-09,2.061153470123145e-09,2.061153470123145e-09,2.061153470123145e-09,2.061153470123145e-09,2.061153470123145e-09,2.061153470123145e-09,2.061153470123145e-09,2.061153470123145e-09,2.061153470123145e-09,1.0,2.061153470123145e-09,2.061153470123145e-09
5,2023-03-14,2,2.87819348658731e-35,2.8653933645094508e-149,1.0,0.016242689874768255,2.061153470123145e-09,2.061153470123145e-09,2.061153470123145e-09,2.061153470123145e-09,2.061153470123145e-09,2.061153470123145e-09,2.061153470123145e-09,2.061153470123145e-09,0.9999999403953552,2.061153470123145e-09,2.061153470123145e-09,2.061153470123145e-09,2.061153470123145e-09,1.9725481692489666e-08
5,2023-03-15,2,1.387510961893582e-13,3.817145827224591e-37,0.9999999999998863,0.012887010002136231,2.061152581944725e-09,2.061152581944725e-09,2.061152581944725e-09,2.061152581944725e-09,2.061152581944725e-09,2.061152581944725e-09,2.061152581944725e-09,2.061152581944725e-09,4.876633852290979e-07,2.061152581944725e-09,2.061152581944725e-09,0.999999463558197,2.061152581944725e-09,2.061152581944725e-09
5,2023-03-16,2,1.936872715731018e-09,2.6537492400633916e-28,0.9999999980631173,-0.0051741871653233715,2.061153470123145e-09,2.061153470123145e-09,2.061153470123145e-09,2.061153470123145e-09,2.061153470123145e-09,2.061153470123145e-09,2.061153470123145e-09,2.061153470123145e-09,2.061153470123145e-09,2.061153470123145e-09,2.061153470123145e-09,1.0,2.061153470123145e-09,2.061153470123145e-09
5,2023-03-17,2,1.5186908912019842e-21,2.704027687243594e-69,1.0,0.007642905649542809,2.061153470123145e-09,2.061153470123145e-09,2.061153470123145e-09,2.061153470123145e-09,2.061153470123145e-09,2.061153470123145e-09,2.061153470123145e-09,2.061153470123145e-09,0.9999999403953552,2.061153470123145e-09,2.061153470123145e-09,2.061153470123145e-09,2.061153470123145e-09,2.0112661758275863e-08
5,2023-03-20,2,5.5188346876743294e-27,1.6464152457286248e-109,1.0,0.029236093163133015,2.061153470123145e-09,2.061153470123145e-09,2.061153470123145e-09,2.061153470123145e-09,2.061153470123145e-09,2.061153470123145e-09,2.061153470123145e-09,2.061153470123145e-09,0.9999999403953552,2.061153470123145e-09,2.061153470123145e-09,2.061153470123145e-09,2.061153470123145e-09,1.7730803492099767e-08
5,2023-03-21,2,1.2480632168460774e-06,4.232898218715276e-11,0.9999987518944353,-0.008535244080424309,0.5,1.030576846083875e-09,1.030576846083875e-09,1.030576846083875e-09,1.030576846083875e-09,1.030576846083875e-09,1.030576846083875e-09,1.030576846083875e-09,1.030576846083875e-09,1.030576846083875e-09,1.030576846083875e-09,0.5,1.030576846083875e-09,1.030576846083875e-09
5,2023-03-22,2,6.093157619071374e-16,4.134204370612426e-47,1.0,-0.01863484694361687,2.061153470123145e-09,2.061153470123145e-09,2.061153470123145e-09,2.061153470123145e-09,2.061153470123145e-09,2.061153470123145e-09,2.061153470123145e-09,2.061153470123145e-09,0.9999999403953552,2.061153470123145e-09,2.061153470123145e-09,2.061153470123145e-09,2.061153470123145e-09,1.9559037056637862e-08
5,2023-03-23,2,6.456396856519709e-06,1.1911565201970116e-05,0.9999816320379682,-0.017679418829083443,0.0035176463425159454,0.0035176463425159454,0.0035176463425159454,0.0035176463425159454,0.0035176463425159454,0.0035176463425159454,0.0035176463425159454,0.0035176463425159454,0.0035176463425159454,0.0035176463425159454,0.0035176463425159454,0.954270601272583,0.0035176463425159454,0.0035176463425159454
5,2023-03-24,2,4.2098373422572394e-50,1.986564636821762e-196,1.0,0.0023969935558736323,2.061152581944725e-09,2.061152581944725e-09,2.061152581944725e-09,2.061152581944725e-09,2.061152581944725e-09,2.061152581944725e-09,2.061152581944725e-09,2.061152581944725e-09,0.999999463558197,2.061152581944725e-09,2.061152581944725e-09,1.3218016015059675e-08,2.061152581944725e-09,5.214174052525777e-07
5,2023-03-27,2,4.2993364967792873e-48,8.971786108653066e-180,1.0,-0.010438884757235712,2.061153470123145e-09,2.061153470123145e-09,2.061153470123145e-09,2.061153470123145e-09,2.061153470123145e-09,2.061153470123145e-09,2.061153470123145e-09,2.061153470123145e-09,0.9999999403953552,2.061153470123145e-09,2.061153470123145e-09,2.061153470123145e-09,2.061153470123145e-09,1.7490432213662643e-08
5,2023-03-28,2,6.739791992564982e-85,0.0,1.0,0.009184438756108283,1.8599982665179482e-10,0.09024064242839813,0.09024064242839813,0.09024064242839813,0.09024064242839813,0.09024064242839813,0.09024064242839813,0.09024064242839813,0.09024064242839813,0.09024064242839813,0.007352899294346571,1.8599982665179482e-10,0.09024064242839813,0.09024064242839813
5,2023-03-29,2,8.779938722033321e-07,1.6619423228370903e-07,0.9999989558118949,0.0020726332649588586,2.061153470123145e-09,2.061153470123145e-09,2.061153470123145e-09,2.061153470123145e-09,2.061153470123145e-09,2.061153470123145e-09,2.061153470123145e-09,2.061153470123145e-09,1.0,2.061153470123145e-09,2.061153470123145e-09,2.061153470123145e-09,2.061153470123145e-09,2.061153470123145e-09
5,2023-03-30,2,7.1215400216933944e-06,0.00267495240528526,0.9973179260547028,0.00311893174800734,2.06115324807854e-09,2.06115324807854e-09,2.06115324807854e-09,2.06115324807854e-09,2.06115324807854e-09,2.06115324807854e-09,2.06115324807854e-09,2.06115324807854e-09,0.9999998807907104,2.06115324807854e-09,2.06115324807854e-09,2.06115324807854e-09,2.06115324807854e-09,1.0614012779797122e-07
5,2023-03-31,2,1.4014781544250627e-05,0.023475040740089884,0.9765109444783423,0.009100799870491028,2.061153470123145e-09,2.061153470123145e-09,2.061153470123145e-09,2.061153470123145e-09,2.061153470123145e-09,2.061153470123145e-09,2.061153470123145e-09,2.061153470123145e-09,2.061153470123145e-09,2.061153470123145e-09,2.061153470123145e-09,1.0,2.061153470123145e-09,2.061153470123145e-09
5,2023-04-03,2,1.6476658584978415e-05,0.029598573603758272,0.9703849497376817,0.028633959081768988,9.145971202606518e-10,0.4437307119369507,1.626156154088676e-05,9.145971202606518e-10,9.145971202606518e-10,1.113546204578597e-06,0.1125212162733078,0.4437307119369507,9.145971202606518e-10,9.145971202606518e-10,9.145971202606518e-10,9.145971202606518e-10,1.0465787125824022e-09,9.145971202606518e-10
5,2023-04-04,2,1.7092297156208265e-05,0.033504511655126336,0.9664783960477168,0.005475849024951458,2.061153470123145e-09,1.0,2.061153470123145e-09,2.061153470123145e-09,2.061153470123145e-09,2.061153470123145e-09,2.061153470123145e-09,2.061153470123145e-09,2.061153470123145e-09,2.061153470123145e-09,2.061153470123145e-09,2.061153470123145e-09,2.061153470123145e-09,2.061153470123145e-09
5,2023-04-05,2,2.2629825458450765e-05,0.12179294903077587,0.8781844211437541,0.017894297328591345,1.030576846083875e-09,1.030576846083875e-09,1.030576846083875e-09,1.030576846083875e-09,1.030576846083875e-09,1.030576846083875e-09,1.030576846083875e-09,1.030576846083875e-09,0.5,1.030576846083875e-09,1.030576846083875e-09,0.5,1.030576846083875e-09,1.030576846083875e-09
5,2023-04-06,2,2.8448921344497995e-05,0.13401152140731873,0.8659600296713093,-0.006000308264046908,0.007706407457590103,0.007706407457590103,0.007706407457590103,0.007706407457590103,0.007706407457590103,0.007706407457590103,0.007706407457590103,0.007706407457590103,0.8996198177337646,0.007706407457590103,0.007706407457590103,0.00790330208837986,0.007706407457590103,0.007706407457590103
5,2023-04-07,2,3.699806055196256e-05,0.18651255563215488,0.8134504463072767,0.014360882210731507,2.061153470123145e-09,1.0,2.061153470123145e-09,2.061153470123145e-09,2.061153470123145e-09,2.061153470123145e-09,2.061153470123145e-09,2.061153470123145e-09,2.061153470123145e-09,2.061153470123145e-09,2.061153470123145e-09,2.061153470123145e-09,2.061153470123145e-09,2.061153470123145e-09
5,2023-04-10,1,4.115900761544024e-05,0.40240982732661895,0.5975490136657676,-0.011759292843937874,2.061153470123145e-09,2.061153470123145e-09,2.061153470123145e-09,2.061153470123145e-09,2.061153470123145e-09,2.061153470123145e-09,2.061153470123145e-09,2.061153470123145e-09,1.0,2.061153470123145e-09,2.061153470123145e-09,2.061153470123145e-09,2.061153470123145e-09,2.061153470123145e-09
5,2023-04-11,1,3.303695080078888e-05,0.6009228097282444,0.39904415332096677,0.0030686843674629927,2.061153470123145e-09,2.061153470123145e-09,2.061153470123145e-09,2.061153470123145e-09,2.061153470123145e-09,2.061153470123145e-09,2.061153470123145e-09,2.061153470123145e-09,1.0,2.061153470123145e-09,2.061153470123145e-09,2.061153470123145e-09,2.061153470123145e-09,2.061153470123145e-09
5,2023-04-12,1,2.8308674486563038e-05,0.7211155711581135,0.2788561201674095,0.0322002558529377,2.061153470123145e-09,2.061153470123145e-09,2.061153470123145e-09,2.061153470123145e-09,2.061153470123145e-09,2.061153470123145e-09,2.061153470123145e-09,2.061153470123145e-09,2.061153470123145e-09,2.061153470123145e-09,2.061153470123145e-09,1.0,2.061153470123145e-09,2.061153470123145e-09
5,2023-04-13,1,2.342727896415164e-05,0.8131165697612461,0.18686000295981617,0.001978747968375683,2.061153470123145e-09,2.061153470123145e-09,2.061153470123145e-09,2.061153470123145e-09,2.061153470123145e-09,2.061153470123145e-09,2.061153470123145e-09,2.061153470123145e-09,1.0,2.061153470123145e-09,2.061153470123145e-09,2.061153470123145e-09,2.061153470123145e-09,2.061153470123145e-09
5,2023-04-14,1,1.138217106572294e-05,0.927840345660774,0.07214827216814958,0.028542845931649206,2.0593327043627596e-09,0.9991165995597839,2.0593327043627596e-09,2.0593327043627596e-09,2.0593327043627596e-09,2.0593327043627596e-09,2.0593327043627596e-09,2.0593327043627596e-09,2.0593327043627596e-09,2.0593327043627596e-09,2.0593327043627596e-09,0.0008833761094138026,2.0593327043627596e-09,2.0593327043627596e-09
5,2023-04-17,1,5.741750742168422e-06,0.9725590751970167,0.027435183052254637,-0.01579829429835081,2.0611523599001202e-09,2.0611523599001202e-09,2.0611523599001202e-09,2.0611523599001202e-09,2.0611523599001202e-09,2.0611523599001202e-09,2.0611523599001202e-09,2.0611523599001202e-09,0.9999993443489075,2.0611523599001202e-09,2.0611523599001202e-09,6.062057309463853e-07,2.0611523599001202e-09,2.0611523599001202e-09
5,2023-04-18,1,3.632319013475587e-06,0.9882583806813667,0.011737986999597159,-0.009698319561779498,1.030576846083875e-09,0.5,1.030576846083875e-09,1.030576846083875e-09,1.030576846083875e-09,1.030576846083875e-09,1.030576846083875e-09,1.030576846083875e-09,1.030576846083875e-09,1.030576846083875e-09,1.030576846083875e-09,0.5,1.030576846083875e-09,1.030576846083875e-09
5,2023-04-19,1,1.4850075236968543e-06,0.9972066542435362,0.002791860748936317,0.006972846785932779,2.061153470123145e-09,1.0,2.061153470123145e-09,2.061153470123145e-09,2.061153470123145e-09,2.061153470123145e-09,2.061153470123145e-09,2.061153470123145e-09,2.061153470123145e-09,2.061153470123145e-09,2.061153470123145e-09,2.061153470123145e-09,2.061153470123145e-09,2.061153470123145e-09
5,2023-04-20,1,6.25992969151688e-07,0.9994736337070566,0.000525740299955713,0.003163505767285824,2.061153470123145e-09,2.061153470123145e-09,2.061153470123145e-09,2.061153470123145e-09,2.061153470123145e-09,2.061153470123145e-09,2.061153470123145e-09,2.061153470123145e-09,1.0,2.061153470123145e-09,2.061153470123145e-09,2.061153470123145e-09,2.061153470123145e-09,2.061153470123145e-09
5,2023-04-21,1,4.3868646269643144e-07,0.9997737219383342,0.0002258393751810665,0.004559026521444321,0.5,1.030576846083875e-09,1.030576846083875e-09,1.030576846083875e-09,1.030576846083875e-09,1.030576846083875e-09,1.030576846083875e-09,1.030576846083875e-09,1.030576846083875e-09,1.030576846083875e-09,1.030576846083875e-09,0.5,1.030576846083875e-09,1.030576846083875e-09
5,2023-04-24,1,6.267900333191849e-07,0.9996579792514091,0.00034139395855235696,-0.011367332699894905,3.1375411158052202e-09,0.9999989867210388,3.1375411158052202e-09,3.1375411158052202e-09,3.1375411158052202e-09,3.1375411158052202e-09,3.1375411158052202e-09,3.1375411158052202e-09,9.708620609671925e-07,3.1375411158052202e-09,3.1375411158052202e-09,3.1375411158052202e-09,3.1375411158052202e-09,3.1375411158052202e-09
5,2023-04-25,1,7.603374981008393e-07,0.9995449655395244,0.00045427412296266604,0.007037310655415058,2.061153470123145e-09,2.061153470123145e-09,2.061153470123145e-09,2.061153470123145e-09,2.061153470123145e-09,2.061153470123145e-09,2.061153470123145e-09,2.061153470123145e-09,0.9999999403953552,2.061153470123145e-09,2.061153470123145e-09,2.061153470123145e-09,2.061153470123145e-09,1.224821044587543e-08
5,2023-04-26,1,8.341284649625238e-07,0.9994742663145965,0.0005248995569222063,0.0030320928923785687,2.061153470123145e-09,2.061153470123145e-09,2.061153470123145e-09,2.061153470123145e-09,2.061153470123145e-09,2.061153470123145e-09,2.061153470123145e-09,2.061153470123145e-09,2.061153470123145e-09,2.061153470123145e-09,2.061153470123145e-09,1.0,2.061153470123145e-09,2.061153470123145e-09
5,2023-04-27,1,8.051296558259708e-07,0.9994825609220933,0.0005166339482347092,0.0016204478012397886,2.061153470123145e-09,2.061153470123145e-09,2.061153470123145e-09,2.061153470123145e-09,2.061153470123145e-09,2.061153470123145e-09,2.061153470123145e-09,2.061153470123145e-09,0.9999999403953552,2.061153470123145e-09,2.061153470123145e-09,2.061153470123145e-09,2.061153470123145e-09,2.2325014725765868e-08
5,2023-04-28,1,6.080558809670914e-07,0.9996429929872875,0.000356398956820652,-0.002894995079562068,2.061153470123145e-09,2.061153470123145e-09,2.061153470123145e-09,2.061153470123145e-09,2.061153470123145e-09,2.061153470123145e-09,2.061153470123145e-09,2.061153470123145e-09,2.061153470123145e-09,2.061153470123145e-09,2.061153470123145e-09,1.0,2.061153470123145e-09,2.061153470123145e-09
5,2023-05-02,1,5.826554648106811e-07,0.9996015161997864,0.0003979011447514412,0.007580699864774942,2.061153470123145e-09,2.061153470123145e-09,2.061153470123145e-09,2.061153470123145e-09,2.061153470123145e-09,2.061153470123145e-09,2.061153470123145e-09,2.061153470123145e-09,2.061153470123145e-09,2.061153470123145e-09,2.061153470123145e-09,1.0,2.061153470123145e-09,2.061153470123145e-09
5,2023-05-03,1,4.806238709594097e-06,0.9951651474479786,0.004830046313293879,0.009001135316491127,1.0305725162140789e-09,1.0305725162140789e-09,1.0305725162140789e-09,1.0305725162140789e-09,4.1824955587799195e-06,1.0305725162140789e-09,1.0305725162140789e-09,1.0305725162140789e-09,0.49999791383743286,1.0305725162140789e-09,1.0305725162140789e-09,1.0305725162140789e-09,1.0305725162140789e-09,0.49999791383743286
5,2023-05-04,1,1.8496384119579531e-06,0.9980543462637937,0.0019438040977760693,0.011218101786077022,2.061153470123145e-09,2.061153470123145e-09,2.061153470123145e-09,2.061153470123145e-09,2.061153470123145e-09,2.061153470123145e-09,2.061153470123145e-09,2.061153470123145e-09,0.9999999403953552,2.061153470123145e-09,2.061153470123145e-09,2.061153470123145e-09,2.061153470123145e-09,1.0216152368514031e-08
5,2023-05-08,1,1.5232297531270676e-06,0.9985812945973268,0.0014171821729104953,-0.004294378097355366,6.870511937151491e-10,6.870511937151491e-10,6.870511937151491e-10,6.870511937151491e-10,0.3333333432674408,6.870511937151491e-10,6.870511937151491e-10,6.870511937151491e-10,0.3333333432674408,6.870511937151491e-10,6.870511937151491e-10,6.870511937151491e-10,6.870511937151491e-10,0.3333333432674408
5,2023-05-09,1,7.959257121499604e-07,0.9994469354004052,0.0005522686738854195,0.002458038568869233,2.061134818376331e-09,2.061134818376331e-09,2.061134818376331e-09,2.061134818376331e-09,2.061134818376331e-09,2.061134818376331e-09,2.061134818376331e-09,2.061134818376331e-09,0.9999908804893494,2.061134818376331e-09,2.061134818376331e-09,2.061134818376331e-09,2.061134818376331e-09,9.107342521019746e-06
5,2023-05-10,1,6.783242026569689e-07,0.9996247364764288,0.0003745851993448299,-0.008964388209581375,2.061153470123145e-09,2.061153470123145e-09,2.061153470123145e-09,2.061153470123145e-09,2.061153470123145e-09,2.061153470123145e-09,2.061153470123145e-09,2.061153470123145e-09,2.061153470123145e-09,2.061153470123145e-09,2.061153470123145e-09,1.0,2.061153470123145e-09,2.061153470123145e-09
5,2023-05-11,1,5.587278115587216e-07,0.9997089850978,0.0002904561743899669,0.0015936119740828873,2.061153470123145e-09,2.061153470123145e-09,2.061153470123145e-09,2.061153470123145e-09,2.061153470123145e-09,2.061153470123145e-09,2.061153470123145e-09,2.061153470123145e-09,0.9999999403953552,2.061153470123145e-09,2.061153470123145e-09,2.061153470123145e-09,2.061153470123145e-09,2.3850269315062178e-08
5,2023-05-12,1,2.783238540493715e-07,0.9999022925466954,9.742912942405927e-05,-0.01218134823763912,2.061153026033935e-09,2.061153026033935e-09,2.061153026033935e-09,2.061153026033935e-09,2.061153026033935e-09,2.061153026033935e-09,2.061153026033935e-09,2.061153026033935e-09,0.9999997019767761,2.061153026033935e-09,2.061153026033935e-09,2.061153026033935e-09,2.061153026033935e-09,2.539603087825526e-07
5,2023-05-15,1,1.8269381093306024e-07,0.9999513900677462,4.8427238419119546e-05,0.0007964086715131998,1.7176279842878728e-10,0.0833333358168602,0.0833333358168602,0.0833333358168602,0.0833333358168602,0.0833333358168602,0.0833333358168602,0.0833333358168602,0.0833333358168602,0.0833333358168602,0.0833333358168602,1.7176279842878728e-10,0.0833333358168602,0.0833333358168602
5,2023-05-16,1,1.6250177663114811e-07,0.9999627827680778,3.705473016029693e-05,-0.0048674610696733,2.061153470123145e-09,2.061153470123145e-09,2.061153470123145e-09,2.061153470123145e-09,2.061153470123145e-09,2.061153470123145e-09,2.061153470123145e-09,2.061153470123145e-09,1.0,2.061153470123145e-09,2.061153470123145e-09,2.061153470123145e-09,2.061153470123145e-09,2.061153470123145e-09
5,2023-05-17,1,1.530514204141453e-07,0.9999685857447761,3.126120380450278e-05,-0.009635848934844829,2.061153470123145e-09,2.061153470123145e-09,2.061153470123145e-09,2.061153470123145e-09,2.061153470123145e-09,2.061153470123145e-09,2.061153470123145e-09,2.061153470123145e-09,0.9999999403953552,2.061153470123145e-09,2.061153470123145e-09,2.061153470123145e-09,2.061153470123145e-09,1.1304496894126714e-08
5,2023-05-19,1,4.658942410554193e-07,0.9998269641681484,0.00017256993763660873,-0.010120706633130538,2.061153470123145e-09,2.061153470123145e-09,2.061153470123145e-09,2.061153470123145e-09,2.061153470123145e-09,2.061153470123145e-09,2.061153470123145e-09,2.061153470123145e-09,0.9999999403953552,2.061153470123145e-09,2.061153470123145e-09,2.061153470123145e-09,2.061153470123145e-09,1.3952442756703931e-08
5,2023-05-22,1,9.798930936740383e-07,0.9994478510387235,0.0005511690681785305,0.0030057229593396188,2.061153470123145e-09,1.0,2.061153470123145e-09,2.061153470123145e-09,2.061153470123145e-09,2.061153470123145e-09,2.061153470123145e-09,2.061153470123145e-09,2.061153470123145e-09,2.061153470123145e-09,2.061153470123145e-09,2.061153470123145e-09,2.061153470123145e-09,2.061153470123145e-09
5,2023-05-23,1,5.39811738167477e-07,0.9996971083488717,0.0003023518393833326,0.009019057853519917,2.0342203477241583e-09,0.013067033141851425,2.0342203477241583e-09,2.0342203477241583e-09,2.0342203477241583e-09,2.0342203477241583e-09,2.0342203477241583e-09,2.0342203477241583e-09,2.0342203477241583e-09,2.0342203477241583e-09,2.0342203477241583e-09,0.9869329333305359,2.0342203477241583e-09,2.0342203477241583e-09
5,2023-05-25,1,1.3590256114046089e-06,0.9990722626099366,0.0009263783644468317,-0.006445925845205784,0.3333333432674408,0.3333333432674408,6.870511937151491e-10,6.870511937151491e-10,6.870511937151491e-10,6.870511937151491e-10,6.870511937151491e-10,6.870511937151491e-10,6.870511937151491e-10,6.870511937151491e-10,6.870511937151491e-10,0.3333333432674408,6.870511937151491e-10,6.870511937151491e-10
5,2023-05-26,1,8.235820451731671e-07,0.9994592119960461,0.0005399644219154507,-0.0075694805577397346,2.576336921578104e-10,0.1249949038028717,0.1249949038028717,0.1249949038028717,2.576336921578104e-10,0.1249949038028717,0.1249949038028717,0.1249949038028717,2.576336921578104e-10,4.0780687413644046e-05,0.1249949038028717,2.576336921578104e-10,0.1249949038028717,2.576336921578104e-10
5,2023-05-30,1,6.434934959736937e-07,0.9996195098163384,0.00037984669013894836,0.010584719590842723,2.061153470123145e-09,1.0,2.061153470123145e-09,2.061153470123145e-09,2.061153470123145e-09,2.061153470123145e-09,2.061153470123145e-09,2.061153470123145e-09,2.061153470123145e-09,2.061153470123145e-09,2.061153470123145e-09,2.061153470123145e-09,2.061153470123145e-09,2.061153470123145e-09
5,2023-05-31,1,5.411411283375145e-07,0.9997100620913466,0.00028939676754599544,-0.002144056532718241,0.5,1.030576846083875e-09,1.030576846083875e-09,1.030576846083875e-09,1.030576846083875e-09,1.030576846083875e-09,1.030576846083875e-09,1.030576846083875e-09,1.030576846083875e-09,1.030576846083875e-09,1.030576846083875e-09,0.5,1.030576846083875e-09,1.030576846083875e-09
5,2023-06-01,1,5.688802981271095e-07,0.9997002799580321,0.00029915116164310336,0.023058272495865822,0.0003440758737269789,2.0604444816996192e-09,2.0604444816996192e-09,2.0604444816996192e-09,2.0604444816996192e-09,2.0604444816996192e-09,2.0604444816996192e-09,2.0604444816996192e-09,2.0604444816996192e-09,2.0604444816996192e-09,2.0604444816996192e-09,0.9996559023857117,2.0604444816996192e-09,2.0604444816996192e-09
5,2023-06-02,1,2.949350539371095e-07,0.9998926255998253,0.00010707946513916697,0.019481870767474173,1.0301561825798444e-09,0.49979591369628906,2.068344784333931e-08,1.0301561825798444e-09,1.0301561825798444e-09,1.3378360641524978e-09,0.0004081222868990153,0.49979591369628906,1.0301561825798444e-09,1.0301561825798444e-09,1.0301561825798444e-09,1.0301561825798444e-09,1.3208608651282816e-09,1.0301561825798444e-09
5,2023-06-05,1,2.2673108136253153e-07,0.9999297230431594,7.005022577592956e-05,0.01388215551674366,2.061153470123145e-09,1.0,2.061153470123145e-09,2.061153470123145e-09,2.061153470123145e-09,2.061153470123145e-09,2.061153470123145e-09,2.061153470123145e-09,2.061153470123145e-09,2.061153470123145e-09,2.061153470123145e-09,2.061153470123145e-09,2.061153470123145e-09,2.061153470123145e-09
5,2023-06-07,1,2.0943369941868692e-07,0.9999417484119977,5.804215429326154e-05,-0.000752446587383747,0.3333333432674408,0.3333333432674408,6.870511937151491e-10,6.870511937151491e-10,6.870511937151491e-10,6.870511937151491e-10,6.870511937151491e-10,6.870511937151491e-10,6.870511937151491e-10,6.870511937151491e-10,6.870511937151491e-10,0.3333333432674408,6.870511937151491e-10,6.870511937151491e-10
5,2023-06-08,1,1.5317872737084483e-07,0.9999686586031336,3.118821815242655e-05,-0.012520144721865654,3.559786065920889e-08,4.753012035507709e-05,3.559786065920889e-08,3.559786065920889e-08,3.559786065920889e-08,3.559786065920889e-08,3.559786065920889e-08,3.559786065920889e-08,3.559786065920889e-08,3.559786065920889e-08,3.559786065920889e-08,0.9999520182609558,3.559786065920889e-08,3.559786065920889e-08
5,2023-06-09,1,1.3306301317497046e-07,0.9999791876525201,2.0679284446441634e-05,0.021716941824555396,0.5,1.030576846083875e-09,1.030576846083875e-09,1.030576846083875e-09,1.030576846083875e-09,1.030576846083875e-09,1.030576846083875e-09,1.030576846083875e-09,1.030576846083875e-09,1.030576846083875e-09,1.030576846083875e-09,0.5,1.030576846083875e-09,1.030576846083875e-09
5,2023-06-12,1,1.642956361209307e-07,0.9999699999856745,2.983571868804456e-05,-0.014418148690462113,2.061153470123145e-09,2.061153470123145e-09,2.061153470123145e-09,2.061153470123145e-09,2.061153470123145e-09,2.061153470123145e-09,2.061153470123145e-09,2.061153470123145e-09,2.061153470123145e-09,2.061153470123145e-09,2.061153470123145e-09,1.0,2.061153470123145e-09,2.061153470123145e-09
5,2023-06-13,1,1.9864234698136358e-07,0.9999525264756639,4.727488199242399e-05,-0.00014608431986998764,6.870511937151491e-10,6.870511937151491e-10,6.870511937151491e-10,6.870511937151491e-10,0.3333333134651184,6.870511937151491e-10,6.870511937151491e-10,6.870511937151491e-10,0.3333333134651184,6.870511937151491e-10,6.870511937151491e-10,6.870511937151491e-10,8.038753662731324e-09,0.3333333134651184
5,2023-06-14,1,1.57267222588636e-07,0.9999655176466196,3.4325086142765624e-05,-0.0145511333912611,2.753244032760449e-08,2.061153470123145e-09,2.061153470123145e-09,2.061153470123145e-09,2.061153470123145e-09,2.061153470123145e-09,2.061153470123145e-09,2.061153470123145e-09,2.061153470123145e-09,2.061153470123145e-09,2.061153470123145e-09,0.9999999403953552,2.061153470123145e-09,2.061153470123145e-09
5,2023-06-15,1,1.398046004324846e-07,0.9999758213562778,2.4038839103756516e-05,-0.006126250184327364,2.061153470123145e-09,1.0,2.061153470123145e-09,2.061153470123145e-09,2.061153470123145e-09,2.061153470123145e-09,2.061153470123145e-09,2.061153470123145e-09,2.061153470123145e-09,2.061153470123145e-09,2.061153470123145e-09,2.061153470123145e-09,2.061153470123145e-09,2.061153470123145e-09
5,2023-06-16,1,1.2354814319420036e-07,0.9999823878250982,1.7488626775293283e-05,0.01319223779439926,2.06115324807854e-09,2.06115324807854e-09,2.06115324807854e-09,2.06115324807854e-09,2.06115324807854e-09,2.06115324807854e-09,2.06115324807854e-09,2.06115324807854e-09,0.9999998211860657,2.06115324807854e-09,2.06115324807854e-09,2.06115324807854e-09,2.06115324807854e-09,1.3622288008718897e-07
5,2023-06-19,1,1.4702642815482028e-07,0.9999755616182947,2.4291355278132836e-05,-0.003158333745783585,2.061153470123145e-09,2.061153470123145e-09,2.061153470123145e-09,2.061153470123145e-09,2.061153470123145e-09,2.061153470123145e-09,2.061153470123145e-09,2.061153470123145e-09,0.9999999403953552,2.061153470123145e-09,2.061153470123145e-09,2.061153470123145e-09,2.061153470123145e-09,2.5715754858879336e-08
5,2023-06-20,1,1.3004493155531839e-07,0.9999819889301008,1.7881024979332493e-05,-0.0010556291351094841,0.24858716130256653,5.123763080483457e-10,0.0014105612644925714,0.24858716130256653,5.123763080483457e-10,0.004220385104417801,5.123763080483457e-10,5.123763080483457e-10,5.123763080483457e-10,2.0429039068403654e-05,0.24858716130256653,0.24858716130256653,5.123763080483457e-10,5.123763080483457e-10
5,2023-06-21,1,1.6400175641914925e-07,0.99997238560119,2.7450397048328206e-05,-0.0049120174050331115,1.201605925871263e-09,1.201605925871263e-09,1.201605925871263e-09,1.201605925871263e-09,1.0872079201362794e-06,1.201605925871263e-09,1.201605925871263e-09,1.201605925871263e-09,0.5829773545265198,1.201605925871263e-09,1.201605925871263e-09,1.201605925871263e-09,1.201605925871263e-09,0.4170215129852295
5,2023-06-22,1,1.2848781667678737e-07,0.9999796417655294,2.0229746670409386e-05,0.00985225985944271,2.0611519158109104e-09,0.9999991059303284,2.0611519158109104e-09,2.0611519158109104e-09,2.0611519158109104e-09,2.0611519158109104e-09,2.0611519158109104e-09,2.0611519158109104e-09,2.0611519158109104e-09,2.0611519158109104e-09,2.0611519158109104e-09,8.515855256518989e-07,2.0611519158109104e-09,2.0611519158109104e-09
5,2023-06-23,1,1.2280593347060017e-07,0.9999835869925606,1.6290201522760496e-05,-0.013146764624118805,1.7176279842878728e-10,0.0833333358168602,0.0833333358168602,0.0833333358168602,0.0833333358168602,0.0833333358168602,0.0833333358168602,0.0833333358168602,0.0833333358168602,0.0833333358168602,0.0833333358168602,1.7176279842878728e-10,0.0833333358168602,0.0833333358168602
5,2023-06-26,1,1.8736835643168003e-07,0.9999650985831094,3.471404854968125e-05,0.0031322782892733813,2.061153470123145e-09,1.0,2.061153470123145e-09,2.061153470123145e-09,2.061153470123145e-09,2.061153470123145e-09,2.061153470123145e-09,2.061153470123145e-09,2.061153470123145e-09,2.061153470123145e-09,2.061153470123145e-09,2.061153470123145e-09,2.061153470123145e-09,2.061153470123145e-09
5,2023-06-27,1,1.3402554897717698e-07,0.9999786708352583,2.1195139199506203e-05,0.0016980886499324698,4.722006451629568e-06,0.999919056892395,4.722006451629568e-06,4.722006451629568e-06,4.722006451629568e-06,4.722006451629568e-06,4.722006451629568e-06,4.722006451629568e-06,4.722006451629568e-06,4.722006451629568e-06,4.722006451629568e-06,2.4287888663820922e-05,4.722006451629568e-06,4.722006451629568e-06
5,2023-06-28,1,1.2233031497181491e-07,0.999983347734324,1.6529935386668658e-05,0.004252590020000935,0.5,1.030576846083875e-09,1.030576846083875e-09,1.030576846083875e-09,1.030576846083875e-09,1.030576846083875e-09,1.030576846083875e-09,1.030576846083875e-09,1.030576846083875e-09,1.030576846083875e-09,1.030576846083875e-09,0.5,1.030576846083875e-09,1.030576846083875e-09
5,2023-06-29,1,1.680469004888538e-07,0.999979377788737,2.0454164343875745e-05,-0.005977366151660681,2.0599308925284276e-09,2.0599308925284276e-09,2.0599308925284276e-09,2.0599308925284276e-09,5.933814328784592e-09,2.0599308925284276e-09,2.0599308925284276e-09,2.0599308925284276e-09,0.9994067549705505,2.0599308925284276e-09,2.0599308925284276e-09,4.9682112148730084e-05,2.0599308925284276e-09,0.000543532776646316
5,2023-06-30,1,3.020738334485104e-06,0.998796045477309,0.0012009337843584841,0.003489340874180198,2.061153470123145e-09,2.061153470123145e-09,2.061153470123145e-09,2.061153470123145e-09,2.061153470123145e-09,2.061153470123145e-09,2.061153470123145e-09,2.061153470123145e-09,2.061153470123145e-09,2.061153470123145e-09,2.061153470123145e-09,1.0,2.061153470123145e-09,2.061153470123145e-09
5,2023-07-07,1,0.00012410516985674453,0.7159700510032062,0.2839058438269161,-0.033705714482069014,0.00032978737726807594,0.934515655040741,0.00032978737726807594,0.00032978737726807594,0.00032978737726807594,0.00032978737726807594,0.00032978737726807594,0.00032978737726807594,0.00032978737726807594,0.00032978737726807594,0.00032978737726807594,0.06152687221765518,0.00032978737726807594,0.00032978737726807594
5,2023-07-10,1,1.5237062073729794e-05,0.959415089401651,0.04056967353630246,0.00337131922096014,2.059067222281996e-10,0.09989877045154572,0.09989877045154572,0.0010121770901605487,0.09989877045154572,0.09989877045154572,0.09989877045154572,0.09989877045154572,0.09989877045154572,0.09989877045154572,1.0341557299398119e-07,2.059067222281996e-10,0.09989877045154572,0.09989877045154572
5,2023-07-14,1,1.2552698951155693e-05,0.97300788613468,0.02697956116634855,0.06765142181515693,0.3333333432674408,0.3333333432674408,6.870511937151491e-10,6.870511937151491e-10,6.870511937151491e-10,6.870511937151491e-10,6.870511937151491e-10,6.870511937151491e-10,6.870511937151491e-10,6.870511937151491e-10,6.870511937151491e-10,0.3333333432674408,6.870511937151491e-10,6.870511937151491e-10
5,2023-07-17,1,4.346600275521496e-07,0.9997728293239149,0.00022673601604721987,-0.011047930784523487,2.061153470123145e-09,2.061153470123145e-09,2.061153470123145e-09,2.061153470123145e-09,2.061153470123145e-09,2.061153470123145e-09,2.061153470123145e-09,2.061153470123145e-09,2.061153470123145e-09,2.061153470123145e-09,2.061153470123145e-09,1.0,2.061153470123145e-09,2.061153470123145e-09
5,2023-07-19,1,1.287726825188209e-07,0.9999837847567402,1.608647059569192e-05,-0.010392588141560554,2.061153470123145e-09,1.0,2.061153470123145e-09,2.061153470123145e-09,2.061153470123145e-09,2.061153470123145e-09,2.061153470123145e-09,2.061153470123145e-09,2.061153470123145e-09,2.061153470123145e-09,2.061153470123145e-09,2.061153470123145e-09,2.061153470123145e-09,2.061153470123145e-09
5,2023-07-20,1,1.519546368920955e-07,0.9999776537698852,2.2194275459294153e-05,0.002532782033085823,2.061153470123145e-09,1.0,2.061153470123145e-09,2.061153470123145e-09,2.061153470123145e-09,2.061153470123145e-09,2.061153470123145e-09,2.061153470123145e-09,2.061153470123145e-09,2.061153470123145e-09,2.061153470123145e-09,2.061153470123145e-09,2.061153470123145e-09,2.061153470123145e-09
5,2023-07-21,1,1.5393824978054945e-07,0.9999712261697891,2.861989195325547e-05,-0.002623734574019909,0.5,1.030576846083875e-09,1.030576846083875e-09,1.030576846083875e-09,1.030576846083875e-09,1.030576846083875e-09,1.030576846083875e-09,1.030576846083875e-09,1.030576846083875e-09,1.030576846083875e-09,1.030576846083875e-09,0.5,1.030576846083875e-09,1.030576846083875e-09
5,2023-07-24,1,7.604751726606081e-07,0.9994065103429651,0.0005927291818605306,-0.005037427923828363,2.061153470123145e-09,2.061153470123145e-09,2.061153470123145e-09,2.061153470123145e-09,2.061153470123145e-09,2.061153470123145e-09,2.061153470123145e-09,2.061153470123145e-09,1.0,2.061153470123145e-09,2.061153470123145e-09,2.061153470123145e-09,2.061153470123145e-09,2.061153470123145e-09
5,2023-07-26,1,1.7268442354612124e-06,0.9952983359893167,0.004699937166460504,0.009878377851843834,2.061153470123145e-09,1.0,2.061153470123145e-09,2.061153470123145e-09,2.061153470123145e-09,2.061153470123145e-09,2.061153470123145e-09,2.061153470123145e-09,2.061153470123145e-09,2.061153470123145e-09,2.061153470123145e-09,2.061153470123145e-09,2.061153470123145e-09,2.061153470123145e-09
5,2023-07-28,1,9.558734647484121e-06,0.9432513603279876,0.05673908093737347,0.06261688978672028,0.5,1.030576846083875e-09,1.030576846083875e-09,1.030576846083875e-09,1.030576846083875e-09,1.030576846083875e-09,1.030576846083875e-09,1.030576846083875e-09,1.030576846083875e-09,1.030576846083875e-09,1.030576846083875e-09,0.5,1.030576846083875e-09,1.030576846083875e-09
5,2023-08-03,2,1.235641713713475e-05,7.64513121428837e-05,0.9999111922707156,-0.009505629117786884,2.061153470123145e-09,2.061153470123145e-09,2.061153470123145e-09,2.061153470123145e-09,2.061153470123145e-09,2.061153470123145e-09,2.061153470123145e-09,2.061153470123145e-09,0.9999999403953552,2.061153470123145e-09,2.061153470123145e-09,2.061153470123145e-09,2.061153470123145e-09,2.6688283583098382e-08
5,2023-08-04,2,1.9339615669144036e-05,0.03959813756573001,0.9603825228186055,-0.0037539690241217612,0.5,1.030576846083875e-09,1.030576846083875e-09,1.030576846083875e-09,1.030576846083875e-09,1.030576846083875e-09,1.030576846083875e-09,1.030576846083875e-09,1.030576846083875e-09,1.030576846083875e-09,1.030576846083875e-09,0.5,1.030576846083875e-09,1.030576846083875e-09
5,2023-08-07,2,2.4776460114126878e-05,0.09974054776575945,0.9002346757741043,0.0005081308915279806,2.061153470123145e-09,1.0,2.061153470123145e-09,2.061153470123145e-09,2.061153470123145e-09,2.061153470123145e-09,2.061153470123145e-09,2.061153470123145e-09,2.061153470123145e-09,2.061153470123145e-09,2.061153470123145e-09,2.061153470123145e-09,2.061153470123145e-09,2.061153470123145e-09
5,2023-08-08,2,3.052427658010148e-05,0.12722659626866825,0.8727428794547332,-0.002310005060583353,2.061153470123145e-09,2.061153470123145e-09,2.061153470123145e-09,2.061153470123145e-09,2.061153470123145e-09,2.061153470123145e-09,2.061153470123145e-09,2.061153470123145e-09,0.9999999403953552,2.061153470123145e-09,2.061153470123145e-09,2.061153470123145e-09,2.061153470123145e-09,2.3404549409633546e-08
5,2023-08-09,2,4.87365590597366e-05,0.14636502868246196,0.8535862347584748,-0.0016109658293776163,2.061153470123145e-09,2.061153470123145e-09,2.061153470123145e-09,2.061153470123145e-09,2.061153470123145e-09,2.061153470123145e-09,2.061153470123145e-09,2.061153470123145e-09,1.0,2.061153470123145e-09,2.061153470123145e-09,2.061153470123145e-09,2.061153470123145e-09,2.061153470123145e-09
5,2023-08-10,1,6.763821929631656e-06,0.9710219898264864,0.028971246351559028,-0.003114449369907379,0.5,1.030576846083875e-09,1.030576846083875e-09,1.030576846083875e-09,1.030576846083875e-09,1.030576846083875e-09,1.030576846083875e-09,1.030576846083875e-09,1.030576846083875e-09,1.030576846083875e-09,1.030576846083875e-09,0.5,1.030576846083875e-09,1.030576846083875e-09
5,2023-08-11,1,1.6115093598745047e-06,0.9924960586179874,0.007502329872680007,-0.0011120630518533289,2.061153470123145e-09,2.061153470123145e-09,2.061153470123145e-09,2.061153470123145e-09,2.061153470123145e-09,2.061153470123145e-09,2.061153470123145e-09,2.061153470123145e-09,1.0,2.061153470123145e-09,2.061153470123145e-09,2.061153470123145e-09,2.061153470123145e-09,2.061153470123145e-09
5,2023-08-14,1,9.621556060629045e-06,0.9632148112118899,0.036775567232045475,-0.0016260271659120917,2.061153470123145e-09,2.061153470123145e-09,2.061153470123145e-09,2.061153470123145e-09,2.061153470123145e-09,2.061153470123145e-09,2.061153470123145e-09,2.061153470123145e-09,1.0,2.061153470123145e-09,2.061153470123145e-09,2.061153470123145e-09,2.061153470123145e-09,2.061153470123145e-09
5,2023-08-16,1,5.095329878591241e-05,0.5668055043607231,0.43314354234050634,-0.02860387465655804,2.061153470123145e-09,2.061153470123145e-09,2.061153470123145e-09,2.061153470123145e-09,2.061153470123145e-09,2.061153470123145e-09,2.061153470123145e-09,2.061153470123145e-09,2.061153470123145e-09,2.061153470123145e-09,2.061153470123145e-09,1.0,2.061153470123145e-09,2.061153470123145e-09
5,2023-08-17,1,4.416540168932135e-05,0.46142317282466216,0.5385326617736381,-0.009651795925199986,6.844174671449821e-10,6.844174671449821e-10,6.844174671449821e-10,6.844174671449821e-10,0.0038333593402057886,6.844174671449821e-10,6.844174671449821e-10,6.844174671449821e-10,0.33205553889274597,6.844174671449821e-10,6.844174671449821e-10,0.33205553889274597,6.844174671449821e-10,0.33205553889274597
5,2023-08-18,1,4.881875381904741e-05,0.31761424292901624,0.6823369383171666,-0.0006119322139769793,2.061153470123145e-09,2.061153470123145e-09,2.061153470123145e-09,2.061153470123145e-09,2.061153470123145e-09,2.061153470123145e-09,2.061153470123145e-09,2.061153470123145e-09,1.0,2.061153470123145e-09,2.061153470123145e-09,2.061153470123145e-09,2.061153470123145e-09,2.061153470123145e-09
5,2023-08-21,1,4.6094680525602304e-05,0.2841267419660202,0.7158271633534526,-0.002060615934784461,2.061153470123145e-09,2.061153470123145e-09,2.061153470123145e-09,2.061153470123145e-09,2.061153470123145e-09,2.061153470123145e-09,2.061153470123145e-09,2.061153470123145e-09,0.9999999403953552,2.061153470123145e-09,2.061153470123145e-09,2.061153470123145e-09,2.061153470123145e-09,1.9315034904821005e-08
5,2023-08-22,1,5.286672708381633e-05,0.2594634202332582,0.7404837130396785,-0.003843821606040001,0.20000000298023224,4.122307217802046e-10,4.122307217802046e-10,4.122307217802046e-10,0.20000000298023224,4.122307217802046e-10,4.122307217802046e-10,4.122307217802046e-10,0.20000000298023224,4.122307217802046e-10,4.122307217802046e-10,0.20000000298023224,4.122307217802046e-10,0.20000000298023224
5,2023-08-23,1,3.1822500607133195e-05,0.6159591013065822,0.38400907619281377,-0.006250563134253025,2.061153470123145e-09,2.061153470123145e-09,2.061153470123145e-09,2.061153470123145e-09,2.061153470123145e-09,2.061153470123145e-09,2.061153470123145e-09,2.061153470123145e-09,2.061153470123145e-09,2.061153470123145e-09,2.061153470123145e-09,1.0,2.061153470123145e-09,2.061153470123145e-09
5,2023-08-24,1,2.8208586784767472e-05,0.7367967181361685,0.26317507327706385,0.002956523283198476,1.030576846083875e-09,0.5,1.030576846083875e-09,1.030576846083875e-09,1.030576846083875e-09,1.030576846083875e-09,1.030576846083875e-09,1.030576846083875e-09,0.5,1.030576846083875e-09,1.030576846083875e-09,1.030576846083875e-09,1.030576846083875e-09,1.030576846083875e-09
5,2023-08-25,1,2.1525779879695845e-05,0.8621296358114131,0.13784883840872864,-0.0067504651598632335,2.061153470123145e-09,1.0,2.061153470123145e-09,2.061153470123145e-09,2.061153470123145e-09,2.061153470123145e-09,2.061153470123145e-09,2.061153470123145e-09,2.061153470123145e-09,2.061153470123145e-09,2.061153470123145e-09,2.061153470123145e-09,2.061153470123145e-09,2.061153470123145e-09
5,2023-08-28,1,5.823912473513919e-06,0.9752022615365522,0.02479191455096849,0.00824029523194913,2.0607224815449854e-09,0.9997908473014832,2.0607224815449854e-09,2.0607224815449854e-09,2.0607224815449854e-09,2.0607224815449854e-09,2.0607224815449854e-09,2.0607224815449854e-09,2.0607224815449854e-09,2.0607224815449854e-09,2.0607224815449854e-09,0.00020912091713398695,2.0607224815449854e-09,2.0607224815449854e-09
5,2023-08-29,1,7.484121871340567e-07,0.9989911892734418,0.0010080623143779068,0.002542640056461096,2.061153470123145e-09,2.061153470123145e-09,2.061153470123145e-09,2.061153470123145e-09,2.061153470123145e-09,2.061153470123145e-09,2.061153470123145e-09,2.061153470123145e-09,0.9999999403953552,2.061153470123145e-09,2.061153470123145e-09,2.061153470123145e-09,2.061153470123145e-09,5.152734061653064e-08
5,2023-08-30,1,1.5935692161962776e-07,0.9999693670970486,3.047354604687841e-05,0.005998884772509336,0.20000000298023224,4.122307217802046e-10,4.122307217802046e-10,4.122307217802046e-10,0.20000000298023224,4.122307217802046e-10,4.122307217802046e-10,4.122307217802046e-10,0.20000000298023224,4.122307217802046e-10,4.122307217802046e-10,0.20000000298023224,4.122307217802046e-10,0.20000000298023224
5,2023-08-31,1,1.1785516126943785e-07,0.9999877092634374,1.21728813798399e-05,0.0033766049325466155,2.061153470123145e-09,2.061153470123145e-09,2.061153470123145e-09,2.061153470123145e-09,2.061153470123145e-09,2.061153470123145e-09,2.061153470123145e-09,2.061153470123145e-09,1.0,2.061153470123145e-09,2.061153470123145e-09,2.061153470123145e-09,2.061153470123145e-09,2.061153470123145e-09
5,2023-09-01,1,1.1438328118321844e-07,0.9999910847777829,8.800838962885355e-06,-0.0025613151043653486,1.0305518660658208e-09,0.4999879002571106,1.0305518660658208e-09,1.0305518660658208e-09,3.0400906325667165e-07,1.0305518660658208e-09,1.0305518660658208e-09,3.847721252725478e-09,0.4999879002571106,1.0305518660658208e-09,1.0305518660658208e-09,1.0305518660658208e-09,7.609070706848797e-09,2.3901289750938304e-05
5,2023-09-04,1,1.1511121527697389e-07,0.9999919442247364,7.940664043954422e-06,0.003866052579134703,2.061153470123145e-09,2.061153470123145e-09,2.061153470123145e-09,2.061153470123145e-09,2.061153470123145e-09,2.061153470123145e-09,2.061153470123145e-09,2.061153470123145e-09,0.9999998807907104,2.061153470123145e-09,2.061153470123145e-09,2.061153470123145e-09,2.061153470123145e-09,8.789705674416837e-08
5,2023-09-05,1,1.1539979221477746e-07,0.9999925110331178,7.373567109240582e-06,-0.0016616452924907207,0.09090909361839294,0.09090909361839294,0.09090909361839294,0.09090909361839294,1.8737759954756683e-10,0.09090909361839294,0.09090909361839294,0.09090909361839294,1.8737759954756683e-10,0.09090909361839294,0.09090909361839294,0.09090909361839294,0.09090909361839294,1.8737759954756683e-10
5,2023-09-06,1,1.189231618220539e-07,0.9999920903560058,7.790720822837783e-06,-0.00046009449958801265,1.070733168795357e-09,1.070733168795357e-09,1.070733168795357e-09,1.070733168795357e-09,2.816673486449872e-06,1.070733168795357e-09,1.070733168795357e-09,1.070733168795357e-09,0.519482433795929,1.070733168795357e-09,1.070733168795357e-09,0.4731367230415344,1.070733168795357e-09,0.007378009147942066
5,2023-09-07,1,1.302663709560179e-07,0.9999889733576024,1.0896376018530715e-05,-0.003393570224568248,2.061153470123145e-09,3.892610322964174e-08,2.061153470123145e-09,2.061153470123145e-09,2.061153470123145e-09,2.061153470123145e-09,2.061153470123145e-09,2.061153470123145e-09,0.9999999403953552,2.061153470123145e-09,2.061153470123145e-09,2.061153470123145e-09,2.061153470123145e-09,2.061153470123145e-09
5,2023-09-08,1,1.1649087551872055e-07,0.9999921109670392,7.772542073667415e-06,-0.004985809835791588,0.5,1.030576846083875e-09,1.030576846083875e-09,1.030576846083875e-09,1.030576846083875e-09,1.030576846083875e-09,1.030576846083875e-09,1.030576846083875e-09,1.030576846083875e-09,1.030576846083875e-09,1.030576846083875e-09,0.5,1.030576846083875e-09,1.030576846083875e-09
5,2023-09-11,1,1.1849245907196865e-07,0.999992449816854,7.431690660174138e-06,0.0009693912722170354,3.432399364733385e-10,0.16652807593345642,3.432399364733385e-10,3.432399364733385e-10,0.16652807593345642,3.432399364733385e-10,0.0008315587183460593,0.16652807593345642,0.16652807593345642,3.86634863014379e-10,3.432399364733385e-10,3.432399364733385e-10,0.16652807593345642,0.16652807593345642
5,2023-09-12,1,1.1752942954076189e-07,0.9999926392928031,7.243177750080843e-06,-0.009984564137458801,1.2018700479288214e-09,0.5831055045127869,1.2018700479288214e-09,1.2018700479288214e-09,1.2018700479288214e-09,1.2018700479288214e-09,1.2018700479288214e-09,1.2018700479288214e-09,1.2018700479288214e-09,1.2018700479288214e-09,1.2018700479288214e-09,0.41689446568489075,1.2018700479288214e-09,1.2018700479288214e-09
5,2023-09-13,1,1.319933333810603e-07,0.9999894798170605,1.03881896109247e-05,-0.005162145502865314,1.8996344497423934e-09,1.8996344497423934e-09,1.8996344497423934e-09,1.8996344497423934e-09,6.548918918269919e-07,1.8996344497423934e-09,1.8996344497423934e-09,1.8996344497423934e-09,0.9216365218162537,1.8996344497423934e-09,1.8996344497423934e-09,1.8996344497423934e-09,1.8996344497423934e-09,0.07836282253265381
5,2023-09-14,1,1.4716897376800186e-07,0.9999927952750676,7.057555974530173e-06,0.005254183851927519,2.576349134031375e-10,0.12499548494815826,0.12499548494815826,0.12499548494815826,2.576349134031375e-10,0.12499548494815826,0.12499548494815826,0.12499548494815826,2.576349134031375e-10,3.610431303968653e-05,0.12499548494815826,2.576349134031375e-10,0.12499548494815826,2.576349134031375e-10
5,2023-09-15,1,1.5113872586900625e-07,0.9999957768209743,4.072040325825111e-06,0.028299856308102608,2.061153470123145e-09,1.0,2.061153470123145e-09,2.061153470123145e-09,2.061153470123145e-09,2.061153470123145e-09,2.061153470123145e-09,2.061153470123145e-09,2.061153470123145e-09,2.061153470123145e-09,2.061153470123145e-09,2.061153470123145e-09,2.061153470123145e-09,2.061153470123145e-09
5,2023-09-18,1,5.081457809119555e-07,0.9999379803015285,6.15115527185214e-05,-0.0010241430575959384,2.061153470123145e-09,2.061153470123145e-09,2.061153470123145e-09,2.061153470123145e-09,2.061153470123145e-09,2.061153470123145e-09,2.061153470123145e-09,2.061153470123145e-09,2.061153470123145e-09,2.061153470123145e-09,2.061153470123145e-09,1.0,2.061153470123145e-09,2.061153470123145e-09
5,2023-09-19,1,1.295190541980491e-07,0.9999858315023744,1.4038978550414452e-05,-0.00719386622980237,2.061153470123145e-09,1.0,2.061153470123145e-09,2.061153470123145e-09,2.061153470123145e-09,2.061153470123145e-09,2.061153470123145e-09,2.061153470123145e-09,2.061153470123145e-09,2.061153470123145e-09,2.061153470123145e-09,2.061153470123145e-09,2.061153470123145e-09,2.061153470123145e-09
5,2023-09-20,1,1.345977533471119e-07,0.9999832681597544,1.6597242517245598e-05,0.0038356520235538483,2.061153470123145e-09,1.0,2.061153470123145e-09,2.061153470123145e-09,2.061153470123145e-09,2.061153470123145e-09,2.061153470123145e-09,2.061153470123145e-09,2.061153470123145e-09,2.061153470123145e-09,2.061153470123145e-09,2.061153470123145e-09,2.061153470123145e-09,2.061153470123145e-09
5,2023-09-21,1,7.304969007065186e-07,0.9997377514650266,0.00026151803806513186,-0.019877452912926676,2.061153470123145e-09,2.061153470123145e-09,2.061153470123145e-09,2.061153470123145e-09,2.061153470123145e-09,2.061153470123145e-09,2.061153470123145e-09,2.061153470123145e-09,2.061153470123145e-09,2.061153470123145e-09,2.061153470123145e-09,1.0,2.061153470123145e-09,2.061153470123145e-09
5,2023-09-22,1,3.0483825038502875e-07,0.9998682907814228,0.00013140438031226338,0.0012346800209954382,2.061153470123145e-09,1.0,2.061153470123145e-09,2.061153470123145e-09,2.061153470123145e-09,2.061153470123145e-09,2.061153470123145e-09,2.061153470123145e-09,2.061153470123145e-09,2.061153470123145e-09,2.061153470123145e-09,2.061153470123145e-09,2.061153470123145e-09,2.061153470123145e-09
5,2023-09-25,1,7.348112031889671e-07,0.9988385504093183,0.0011607147794879201,-0.0019266891034319996,2.061153470123145e-09,2.061153470123145e-09,2.061153470123145e-09,2.061153470123145e-09,2.061153470123145e-09,2.061153470123145e-09,2.061153470123145e-09,2.061153470123145e-09,1.0,2.061153470123145e-09,2.061153470123145e-09,2.061153470123145e-09,2.061153470123145e-09,2.061153470123145e-09
5,2023-09-26,1,9.701191637235371e-06,0.9635509558479065,0.03643934296047734,-0.022158625113964082,2.061153470123145e-09,1.0,2.061153470123145e-09,2.061153470123145e-09,2.061153470123145e-09,2.061153470123145e-09,2.061153470123145e-09,2.061153470123145e-09,2.061153470123145e-09,2.061153470123145e-09,2.061153470123145e-09,2.061153470123145e-09,2.061153470123145e-09,2.061153470123145e-09
5,2023-09-27,1,3.937187353560827e-05,0.8027636185947101,0.19719700953177632,0.004971432419866324,0.20000000298023224,4.122307217802046e-10,4.122307217802046e-10,4.122307217802046e-10,0.20000000298023224,4.122307217802046e-10,4.122307217802046e-10,4.122307217802046e-10,0.20000000298023224,4.122307217802046e-10,4.122307217802046e-10,0.20000000298023224,4.122307217802046e-10,0.20000000298023224
5,2023-10-04,2,0.00015635530361482136,0.002874717964061239,0.9969689267323435,-0.043230181616544724,2.061153470123145e-09,2.061153470123145e-09,2.061153470123145e-09,2.061153470123145e-09,2.061153470123145e-09,2.061153470123145e-09,2.061153470123145e-09,2.061153470123145e-09,1.0,2.061153470123145e-09,2.061153470123145e-09,2.061153470123145e-09,2.061153470123145e-09,2.061153470123145e-09
5,2023-10-05,2,7.10520303073258e-05,0.00016073631967562934,0.9997682116500367,0.0021510357037186623,2.061153470123145e-09,2.061153470123145e-09,2.061153470123145e-09,2.061153470123145e-09,2.061153470123145e-09,2.061153470123145e-09,2.061153470123145e-09,2.061153470123145e-09,1.0,2.061153470123145e-09,2.061153470123145e-09,2.061153470123145e-09,2.061153470123145e-09,2.061153470123145e-09
5,2023-10-06,2,3.11538458564485e-05,8.07947650640492e-05,0.9998880513890748,-0.0018545123210176825,1.890424039530103e-09,1.890424039530103e-09,1.890424039530103e-09,1.890424039530103e-09,1.6797255852907256e-07,1.890424039530103e-09,1.890424039530103e-09,1.890424039530103e-09,0.9171679615974426,1.890424039530103e-09,1.890424039530103e-09,1.890424039530103e-09,1.890424039530103e-09,0.08283188194036484
5,2023-10-10,2,7.711994723880749e-06,2.931362153847465e-06,0.9999893566431091,0.021288840118050576,2.061153026033935e-09,2.061153026033935e-09,2.061153026033935e-09,2.061153026033935e-09,2.061153026033935e-09,2.061153026033935e-09,2.061153026033935e-09,2.061153026033935e-09,0.9999997019767761,2.061153026033935e-09,2.061153026033935e-09,2.061153026033935e-09,2.061153026033935e-09,2.4858934466465143e-07
5,2023-10-11,2,5.581209239319371e-11,9.98133636359121e-27,0.9999999999441798,0.001264477196226099,2.061153470123145e-09,2.061153470123145e-09,2.061153470123145e-09,2.061153470123145e-09,2.061153470123145e-09,2.061153470123145e-09,2.061153470123145e-09,2.061153470123145e-09,0.9999999403953552,2.061153470123145e-09,2.061153470123145e-09,2.061153470123145e-09,2.061153470123145e-09,2.8065938906252086e-08
5,2023-10-12,2,1.5166442859259586e-07,3.059476856584536e-10,0.9999998480296428,0.015573663127422333,0.5,1.030576846083875e-09,1.030576846083875e-09,1.030576846083875e-09,1.030576846083875e-09,1.030576846083875e-09,1.030576846083875e-09,1.030576846083875e-09,1.030576846083875e-09,1.030576846083875e-09,1.030576846083875e-09,0.5,1.030576846083875e-09,1.030576846083875e-09
5,2023-10-13,2,5.537144208175039e-06,0.002081298936639645,0.9979131639191672,-0.007871190086007118,0.5,1.030576846083875e-09,1.030576846083875e-09,1.030576846083875e-09,1.030576846083875e-09,1.030576846083875e-09,1.030576846083875e-09,1.030576846083875e-09,1.030576846083875e-09,1.030576846083875e-09,1.030576846083875e-09,0.5,1.030576846083875e-09,1.030576846083875e-09
5,2023-10-16,2,3.254390684296333e-08,9.882454514165581e-14,0.9999999674560064,0.01873235353529453,2.061153470123145e-09,2.061153470123145e-09,2.061153470123145e-09,2.061153470123145e-09,2.061153470123145e-09,2.061153470123145e-09,2.061153470123145e-09,2.061153470123145e-09,0.9999999403953552,2.061153470123145e-09,2.061153470123145e-09,2.061153470123145e-09,2.061153470123145e-09,2.4507507134785556e-08
5,2023-10-17,2,5.8830964737671644e-08,9.365770272084453e-13,0.9999999411680864,0.014549296770989895,0.49999889731407166,1.0305745146155232e-09,1.0305745146155232e-09,1.0305745146155232e-09,2.0412951471371343e-06,1.0305745146155232e-09,1.0305745146155232e-09,1.0305745146155232e-09,9.484726781749941e-09,1.0305745146155232e-09,1.0305745146155232e-09,0.49999889731407166,1.0305745146155232e-09,1.1801125765487086e-07
5,2023-10-18,2,7.416708856379408e-06,0.0010073123862950886,0.998985270904823,0.016649439421296118,2.061153470123145e-09,1.0,2.061153470123145e-09,2.061153470123145e-09,2.061153470123145e-09,2.061153470123145e-09,2.061153470123145e-09,2.061153470123145e-09,2.061153470123145e-09,2.061153470123145e-09,2.061153470123145e-09,2.061153470123145e-09,2.061153470123145e-09,2.061153470123145e-09
5,2023-10-19,2,9.90307317054017e-06,7.731470495394595e-06,0.9999823654563565,0.0023133526250720023,1.847214159411692e-09,0.10379594564437866,1.847214159411692e-09,1.847214159411692e-09,1.847214159411692e-09,1.847214159411692e-09,1.847214159411692e-09,1.847214159411692e-09,0.8962040543556213,1.847214159411692e-09,1.847214159411692e-09,1.847214159411692e-09,1.847214159411692e-09,1.847214159411692e-09
5,2023-10-20,2,1.211079660320763e-19,1.504344930304369e-74,1.0,0.006778095968812704,6.870511937151491e-10,6.870511937151491e-10,6.870511937151491e-10,6.870511937151491e-10,0.3333333432674408,6.870511937151491e-10,6.870511937151491e-10,6.870511937151491e-10,0.3333333432674408,6.870511937151491e-10,6.870511937151491e-10,6.870511937151491e-10,6.870511937151491e-10,0.3333333432674408
5,2023-10-23,2,1.556203950244539e-05,2.0995705356229133e-08,0.9999844169648205,-0.0015277611173689365,3.160859307627106e-08,3.160859307627106e-08,3.160859307627106e-08,3.160859307627106e-08,3.160859307627106e-08,3.160859307627106e-08,3.160859307627106e-08,3.160859307627106e-08,3.160859307627106e-08,3.160859307627106e-08,3.160859307627106e-08,0.9999995827674866,3.160859307627106e-08,3.160859307627106e-08
5,2023-10-24,2,4.371242108375656e-07,5.756114254602964e-13,0.9999995628752277,-0.003450158955901861,4.4161474477277807e-10,0.21425609290599823,0.00036067672772333026,6.598392943146791e-09,4.4161474477277807e-10,7.348397048190236e-05,0.21425609290599823,0.21425609290599823,0.14254142343997955,1.7978178945554646e-08,4.4161474477277807e-10,4.4161474477277807e-10,0.21425609290599823,4.4161474477277807e-10
5,2023-10-25,2,2.9356611954945415e-06,9.738371669735327e-08,0.9999969669551045,-0.009052761390805245,2.061153470123145e-09,2.061153470123145e-09,2.061153470123145e-09,2.061153470123145e-09,2.061153470123145e-09,2.061153470123145e-09,2.061153470123145e-09,2.061153470123145e-09,2.061153470123145e-09,2.061153470123145e-09,2.061153470123145e-09,1.0,2.061153470123145e-09,2.061153470123145e-09
5,2023-10-26,2,9.368050501523799e-17,1.9508056377666645e-69,1.0,0.00484959916472435,2.061153470123145e-09,2.061153470123145e-09,2.061153470123145e-09,2.061153470123145e-09,2.061153470123145e-09,2.061153470123145e-09,2.061153470123145e-09,2.061153470123145e-09,0.9999999403953552,2.061153470123145e-09,2.061153470123145e-09,2.061153470123145e-09,2.061153470123145e-09,1.691569728734521e-08
5,2023-10-27,2,2.904310092849739e-05,2.8133470292240263e-10,0.9999709566177334,0.0015791663840986814,2.061153470123145e-09,2.061153470123145e-09,2.061153470123145e-09,2.061153470123145e-09,2.061153470123145e-09,2.061153470123145e-09,2.061153470123145e-09,2.061153470123145e-09,0.9999999403953552,2.061153470123145e-09,2.061153470123145e-09,2.061153470123145e-09,2.061153470123145e-09,5.6269648496254376e-08
5,2023-10-30,2,8.629075253533417e-05,1.209892460693449e-08,0.9999136971485242,0.0010168638285249472,0.4999999701976776,1.0305767350615724e-09,1.0305767350615724e-09,1.0305767350615724e-09,1.0305767350615724e-09,1.0305767350615724e-09,1.0305767350615724e-09,1.0305767350615724e-09,5.542469594388422e-08,1.0305767350615724e-09,1.0305767350615724e-09,0.4999999701976776,1.0305767350615724e-09,1.0305767350615724e-09
5,2023-10-31,2,7.447477796994933e-05,3.233539863651681e-08,0.9999254928866471,-0.010740640151500702,1.870891358501936e-10,0.09076914191246033,0.09076914191246033,0.09076914191246033,0.09076914191246033,0.09076914191246033,0.09076914191246033,0.09076914191246033,0.09076914191246033,0.09076914191246033,0.0015394695801660419,1.870891358501936e-10,0.09076914191246033,0.09076914191246033
5,2023-11-01,2,1.392736185996323e-07,4.5975987449567745e-17,0.9999998607263575,0.004114117895066738,2.061153470123145e-09,2.061153470123145e-09,2.061153470123145e-09,2.061153470123145e-09,2.061153470123145e-09,2.061153470123145e-09,2.061153470123145e-09,2.061153470123145e-09,2.061153470123145e-09,2.061153470123145e-09,2.061153470123145e-09,1.0,2.061153470123145e-09,2.061153470123145e-09
5,2023-11-02,2,5.692845025777295e-06,4.748266885532608e-05,0.9999468244861319,0.02418983785333112,0.007783923298120499,2.0451096371942867e-09,2.0451096371942867e-09,2.0451096371942867e-09,2.0451096371942867e-09,2.0451096371942867e-09,2.0451096371942867e-09,2.0451096371942867e-09,2.0451096371942867e-09,2.0451096371942867e-09,2.0451096371942867e-09,0.9922160506248474,2.0451096371942867e-09,2.0451096371942867e-09
5,2023-11-03,2,9.634958831031475e-10,4.290724930721493e-22,0.999999999036504,0.0003885730345733464,2.061153470123145e-09,2.061153470123145e-09,2.061153470123145e-09,2.061153470123145e-09,2.061153470123145e-09,2.061153470123145e-09,2.061153470123145e-09,2.061153470123145e-09,2.061153470123145e-09,2.061153470123145e-09,2.061153470123145e-09,1.0,2.061153470123145e-09,2.061153470123145e-09
5,2023-11-06,2,8.698797648401926e-06,1.4636233060724792e-06,0.9999898375790179,0.04596025259494781,2.061153470123145e-09,1.0,2.061153470123145e-09,2.061153470123145e-09,2.061153470123145e-09,2.061153470123145e-09,2.061153470123145e-09,2.061153470123145e-09,2.061153470123145e-09,2.061153470123145e-09,2.061153470123145e-09,2.061153470123145e-09,2.061153470123145e-09,2.061153470123145e-09
5,2023-11-07,2,2.4877244621058254e-09,1.0142485367643194e-20,0.9999999975122478,-0.008242904718220234,2.061153470123145e-09,2.061153470123145e-09,2.061153470123145e-09,2.061153470123145e-09,2.061153470123145e-09,2.061153470123145e-09,2.061153470123145e-09,2.061153470123145e-09,0.9999999403953552,2.061153470123145e-09,2.061153470123145e-09,2.061153470123145e-09,2.061153470123145e-09,7.702229076755884e-09
5,2023-11-08,2,5.738728939267735e-06,3.9005547262839636e-05,0.9999552557238045,-0.004809523510932922,0.5,1.030576846083875e-09,1.030576846083875e-09,1.030576846083875e-09,1.030576846083875e-09,1.030576846083875e-09,1.030576846083875e-09,1.030576846083875e-09,1.030576846083875e-09,1.030576846083875e-09,1.030576846083875e-09,0.5,1.030576846083875e-09,1.030576846083875e-09
5,2023-11-09,2,3.476817859211479e-10,1.1480803989299826e-23,0.9999999996523457,-0.009527709844708443,2.061153470123145e-09,2.061153470123145e-09,2.061153470123145e-09,2.061153470123145e-09,2.061153470123145e-09,2.061153470123145e-09,2.061153470123145e-09,2.061153470123145e-09,0.9999999403953552,2.061153470123145e-09,2.061153470123145e-09,2.061153470123145e-09,2.061153470123145e-09,1.931807425137322e-08
5,2023-11-10,2,2.972982057084104e-06,1.8661058416857353e-05,0.9999783659595158,0.003620968524635069,2.061152581944725e-09,2.061152581944725e-09,2.061152581944725e-09,2.061152581944725e-09,2.061152581944725e-09,2.061152581944725e-09,2.061152581944725e-09,2.061152581944725e-09,0.999999463558197,2.061152581944725e-09,2.061152581944725e-09,2.061152581944725e-09,2.061152581944725e-09,4.84431438962929e-07
5,2023-11-13,2,6.270156556615328e-10,2.810219277106031e-21,0.9999999993729602,-0.016347216951847078,0.5,1.030576846083875e-09,1.030576846083875e-09,1.030576846083875e-09,1.030576846083875e-09,1.030576846083875e-09,1.030576846083875e-09,1.030576846083875e-09,1.030576846083875e-09,1.030576846083875e-09,1.030576846083875e-09,0.5,1.030576846083875e-09,1.030576846083875e-09
5,2023-11-14,2,2.4344429761844826e-08,4.282062873162899e-16,0.9999999756555557,0.01160967857837677,2.061153470123145e-09,1.0,2.061153470123145e-09,2.061153470123145e-09,2.061153470123145e-09,2.061153470123145e-09,2.061153470123145e-09,2.061153470123145e-09,2.061153470123145e-09,2.061153470123145e-09,2.061153470123145e-09,2.061153470123145e-09,2.061153470123145e-09,2.061153470123145e-09
5,2023-11-15,2,4.326677124238853e-06,1.4163819097383178e-05,0.999981509503778,0.012551659208536148,2.061143700160528e-09,2.061143700160528e-09,2.061143700160528e-09,2.061143700160528e-09,2.061143700160528e-09,2.061143700160528e-09,2.061143700160528e-09,2.061143700160528e-09,0.9999951720237732,2.061143700160528e-09,2.061143700160528e-09,4.7270104914787225e-06,2.061143700160528e-09,1.0042175802027486e-07
5,2023-11-16,2,2.5884887437434906e-06,1.101641929120814e-06,0.999996309869333,-0.00048376059487927704,2.061153470123145e-09,2.061153470123145e-09,2.061153470123145e-09,2.061153470123145e-09,2.061153470123145e-09,2.061153470123145e-09,2.061153470123145e-09,2.061153470123145e-09,2.061153470123145e-09,2.061153470123145e-09,2.061153470123145e-09,1.0,2.061153470123145e-09,2.061153470123145e-09
5,2023-11-17,2,2.0917098424896356e-06,7.828366695094475e-07,0.9999971254534717,-0.0038446649197489023,0.5,1.030576846083875e-09,1.030576846083875e-09,1.030576846083875e-09,1.030576846083875e-09,1.030576846083875e-09,1.030576846083875e-09,1.030576846083875e-09,1.030576846083875e-09,1.030576846083875e-09,1.030576846083875e-09,0.5,1.030576846083875e-09,1.030576846083875e-09
5,2023-11-20,2,7.390945656862752e-06,0.0004474281461129172,0.9995451809082442,0.00922245599925518,2.061153470123145e-09,2.061153470123145e-09,2.061153470123145e-09,2.061153470123145e-09,2.061153470123145e-09,2.061153470123145e-09,2.061153470123145e-09,2.061153470123145e-09,2.061153470123145e-09,2.061153470123145e-09,2.061153470123145e-09,1.0,2.061153470123145e-09,2.061153470123145e-09
5,2023-11-21,2,5.370790925636078e-06,3.579735211431358e-05,0.999958831856939,0.004851561927050352,2.061153470123145e-09,2.061153470123145e-09,2.061153470123145e-09,2.061153470123145e-09,2.061153470123145e-09,2.061153470123145e-09,2.061153470123145e-09,2.061153470123145e-09,1.0,2.061153470123145e-09,2.061153470123145e-09,2.061153470123145e-09,2.061153470123145e-09,2.061153470123145e-09
5,2023-11-22,2,1.9024146754048275e-05,0.011534459036482734,0.9884465168167802,0.003550963853026818,2.061153026033935e-09,2.061153026033935e-09,2.061153026033935e-09,2.061153026033935e-09,2.061153026033935e-09,2.061153026033935e-09,2.061153026033935e-09,2.061153026033935e-09,0.9999997019767761,2.061153026033935e-09,2.061153026033935e-09,2.061153026033935e-09,2.061153026033935e-09,2.9693597980440245e-07
5,2023-11-23,2,4.2380034987530814e-05,0.054707041469539856,0.9452505784954948,-0.004334894052892923,0.5,1.030576846083875e-09,1.030576846083875e-09,1.030576846083875e-09,1.030576846083875e-09,1.030576846083875e-09,1.030576846083875e-09,1.030576846083875e-09,1.030576846083875e-09,1.030576846083875e-09,1.030576846083875e-09,0.5,1.030576846083875e-09,1.030576846083875e-09
5,2023-11-24,1,2.179502781102376e-05,0.8249019603967565,0.17507624457543736,-0.010736782358586789,1.030576846083875e-09,0.5,1.030576846083875e-09,1.030576846083875e-09,1.030576846083875e-09,1.030576846083875e-09,1.030576846083875e-09,1.030576846083875e-09,1.030576846083875e-09,1.030576846083875e-09,1.030576846083875e-09,0.5,1.030576846083875e-09,1.030576846083875e-09
5,2023-11-27,1,7.394517160789248e-06,0.9552998098644532,0.0446927956183973,-0.004797689871490002,2.061153470123145e-09,1.0,2.061153470123145e-09,2.061153470123145e-09,2.061153470123145e-09,2.061153470123145e-09,2.061153470123145e-09,2.061153470123145e-09,2.061153470123145e-09,2.061153470123145e-09,2.061153470123145e-09,2.061153470123145e-09,2.061153470123145e-09,2.061153470123145e-09
5,2023-11-28,1,4.099998664360934e-06,0.9805769619841008,0.019418938017210702,0.015017728742957115,0.5,1.030576846083875e-09,1.030576846083875e-09,1.030576846083875e-09,1.030576846083875e-09,1.030576846083875e-09,1.030576846083875e-09,1.030576846083875e-09,1.030576846083875e-09,1.030576846083875e-09,1.030576846083875e-09,0.5,1.030576846083875e-09,1.030576846083875e-09
5,2023-11-29,1,5.3299832571382006e-06,0.9849478803064166,0.015046789710330926,-0.008760417044162751,0.3333333432674408,0.3333333432674408,6.870511937151491e-10,6.870511937151491e-10,6.870511937151491e-10,6.870511937151491e-10,6.870511937151491e-10,6.870511937151491e-10,6.870511937151491e-10,6.870511937151491e-10,6.870511937151491e-10,0.3333333432674408,6.870511937151491e-10,6.870511937151491e-10
5,2023-11-30,1,7.304965910241027e-07,0.9989419602351314,0.0010573092682933175,-0.0018408429317176341,2.061153470123145e-09,2.061153470123145e-09,2.061153470123145e-09,2.061153470123145e-09,2.061153470123145e-09,2.061153470123145e-09,2.061153470123145e-09,2.061153470123145e-09,1.0,2.061153470123145e-09,2.061153470123145e-09,2.061153470123145e-09,2.061153470123145e-09,2.061153470123145e-09
5,2023-12-01,1,3.9097209121077407e-07,0.9997526601710122,0.0002469488568964525,-0.0003856011433117434,2.061153470123145e-09,2.061153470123145e-09,2.061153470123145e-09,2.061153470123145e-09,2.061153470123145e-09,2.061153470123145e-09,2.061153470123145e-09,2.061153470123145e-09,0.9999999403953552,2.061153470123145e-09,2.061153470123145e-09,2.061153470123145e-09,2.061153470123145e-09,1.979376484939621e-08
5,2023-12-04,1,6.151929353624868e-07,0.9991353710585889,0.0008640137484806852,0.01947744935654087,2.061153470123145e-09,2.061153470123145e-09,2.061153470123145e-09,2.061153470123145e-09,2.061153470123145e-09,2.061153470123145e-09,2.061153470123145e-09,2.061153470123145e-09,0.9999999403953552,2.061153470123145e-09,2.061153470123145e-09,2.061153470123145e-09,2.061153470123145e-09,2.625204054140795e-08
5,2023-12-05,1,2.6936605056040644e-06,0.9895644628374927,0.01043284350200772,-0.007301036778092384,2.061153470123145e-09,1.0,2.061153470123145e-09,2.061153470123145e-09,2.061153470123145e-09,2.061153470123145e-09,2.061153470123145e-09,2.061153470123145e-09,2.061153470123145e-09,2.061153470123145e-09,2.061153470123145e-09,2.061153470123145e-09,2.061153470123145e-09,2.061153470123145e-09
5,2023-12-06,1,1.240346194742848e-05,0.9014246526528218,0.0985629438852477,-0.004570954523235559,2.061153470123145e-09,2.061153470123145e-09,2.061153470123145e-09,2.061153470123145e-09,2.061153470123145e-09,2.061153470123145e-09,2.061153470123145e-09,2.061153470123145e-09,0.9999999403953552,2.061153470123145e-09,2.061153470123145e-09,2.061153470123145e-09,2.061153470123145e-09,3.6756755861233614e-08
5,2023-12-07,2,1.5789027294433436e-09,7.270933267309322e-21,0.9999999984211172,-0.009704658532142639,0.08306404203176498,1.7120775630541374e-10,0.08306404203176498,0.08306404203176498,0.08306404203176498,0.08306404203176498,0.08306404203176498,0.08306404203176498,0.08306404203176498,0.08306404203176498,0.08306404203176498,0.0032314800191670656,0.08306404203176498,0.08306404203176498
5,2023-12-08,2,1.4723312329945978e-09,6.477887801989833e-20,0.9999999985276418,0.023131657746434213,2.061153470123145e-09,2.061153470123145e-09,2.061153470123145e-09,2.061153470123145e-09,2.061153470123145e-09,2.061153470123145e-09,2.061153470123145e-09,2.061153470123145e-09,2.061153470123145e-09,2.061153470123145e-09,2.061153470123145e-09,1.0,2.061153470123145e-09,2.061153470123145e-09
5,2023-12-11,1,1.0806051160841498e-05,0.92131535396514,0.07867383998367404,0.016636887565255165,2.061153470123145e-09,2.061153470123145e-09,2.061153470123145e-09,2.061153470123145e-09,2.061153470123145e-09,2.061153470123145e-09,2.061153470123145e-09,2.061153470123145e-09,2.061153470123145e-09,2.061153470123145e-09,2.061153470123145e-09,1.0,2.061153470123145e-09,2.061153470123145e-09
5,2023-12-12,1,1.5118384222306775e-06,0.9953133241693661,0.004685163992228228,0.00740994508638978,2.061153470123145e-09,1.0,2.061153470123145e-09,2.061153470123145e-09,2.061153470123145e-09,2.061153470123145e-09,2.061153470123145e-09,2.061153470123145e-09,2.061153470123145e-09,2.061153470123145e-09,2.061153470123145e-09,2.061153470123145e-09,2.061153470123145e-09,2.061153470123145e-09
5,2023-12-13,1,3.801458907921881e-07,0.9996785285729419,0.00032109128118308145,-0.012256973896920681,2.2240516983629277e-08,2.2240516983629277e-08,2.2240516983629277e-08,2.2240516983629277e-08,2.2240516983629277e-08,2.2240516983629277e-08,2.2240516983629277e-08,2.2240516983629277e-08,2.2240516983629277e-08,2.2240516983629277e-08,2.2240516983629277e-08,0.9999997019767761,2.2240516983629277e-08,2.2240516983629277e-08
5,2023-12-14,1,2.564418822883135e-07,0.9999049593481987,9.47842099137178e-05,0.020787818273295205,2.061153470123145e-09,2.061153470123145e-09,2.061153470123145e-09,2.061153470123145e-09,2.061153470123145e-09,2.061153470123145e-09,2.061153470123145e-09,2.061153470123145e-09,2.061153470123145e-09,2.061153470123145e-09,2.061153470123145e-09,1.0,2.061153470123145e-09,2.061153470123145e-09
5,2023-12-15,1,2.1523094072563825e-07,0.9999333744416551,6.641032738191411e-05,-0.0143719215631485,0.5,1.030576846083875e-09,1.030576846083875e-09,1.030576846083875e-09,1.030576846083875e-09,1.030576846083875e-09,1.030576846083875e-09,1.030576846083875e-09,1.030576846083875e-09,1.030576846083875e-09,1.030576846083875e-09,0.5,1.030576846083875e-09,1.030576846083875e-09
5,2023-12-18,1,3.140827807852353e-07,0.9998759788290442,0.00012370708816560462,-0.007120971146225929,2.061153470123145e-09,1.0,2.061153470123145e-09,2.061153470123145e-09,2.061153470123145e-09,2.061153470123145e-09,2.061153470123145e-09,2.061153470123145e-09,2.061153470123145e-09,2.061153470123145e-09,2.061153470123145e-09,2.061153470123145e-09,2.061153470123145e-09,2.061153470123145e-09
5,2023-12-19,1,4.970069253280841e-07,0.9995027759484101,0.0004967270446439551,9.134704275056722e-05,2.0590420479749127e-09,2.0590420479749127e-09,2.0590420479749127e-09,2.0590420479749127e-09,7.316546479785302e-09,2.0590420479749127e-09,2.0590420479749127e-09,2.0590420479749127e-09,0.9989755153656006,2.0590420479749127e-09,2.0590420479749127e-09,2.0590420479749127e-09,2.0590420479749127e-09,0.001024475204758346
5,2023-12-20,1,4.530878309290069e-06,0.9879307002091378,0.012064768912568344,0.01782760904431343,2.061153470123145e-09,1.0,2.061153470123145e-09,2.061153470123145e-09,2.061153470123145e-09,2.061153470123145e-09,2.061153470123145e-09,2.061153470123145e-09,2.061153470123145e-09,2.061153470123145e-09,2.061153470123145e-09,2.061153470123145e-09,2.061153470123145e-09,2.061153470123145e-09
5,2023-12-21,1,4.587479491379492e-06,0.9761320416613909,0.023863370859121567,-0.0019403538174927234,6.708123692078516e-05,6.870051194596272e-10,6.870051194596272e-10,6.870051194596272e-10,0.33331096172332764,6.870051194596272e-10,6.870051194596272e-10,6.870051194596272e-10,0.33331096172332764,6.870051194596272e-10,6.870051194596272e-10,2.219442185591447e-09,6.870051194596272e-10,0.33331096172332764
5,2023-12-22,1,1.5966283059230087e-05,0.8651425246332363,0.1348415090836838,0.001964036326855421,1.030576846083875e-09,0.5,1.030576846083875e-09,1.030576846083875e-09,1.030576846083875e-09,1.030576846083875e-09,1.030576846083875e-09,1.030576846083875e-09,0.5,1.030576846083875e-09,1.030576846083875e-09,1.030576846083875e-09,1.030576846083875e-09,1.030576846083875e-09
5,2023-12-26,2,8.907570773141603e-06,1.9382205152918333e-05,0.9999717102240735,0.003955546722561121,0.5,1.030576846083875e-09,1.030576846083875e-09,1.030576846083875e-09,1.030576846083875e-09,1.030576846083875e-09,1.030576846083875e-09,1.030576846083875e-09,1.030576846083875e-09,1.030576846083875e-09,1.030576846083875e-09,0.5,1.030576846083875e-09,1.030576846083875e-09
5,2023-12-27,2,6.600176492054323e-06,0.0003105314703915739,0.9996828683530896,8.25041058007628e-05,2.061153470123145e-09,2.061153470123145e-09,2.061153470123145e-09,2.061153470123145e-09,2.061153470123145e-09,2.061153470123145e-09,2.061153470123145e-09,2.061153470123145e-09,0.9999999403953552,2.061153470123145e-09,2.061153470123145e-09,2.061153470123145e-09,2.061153470123145e-09,3.4049552510850845e-08
5,2023-12-28,2,1.8122183686673355e-18,2.3802939733289124e-65,1.0,0.00757743682935834,1.0305742925709183e-09,1.0305742925709183e-09,1.0305742925709183e-09,1.0305742925709183e-09,2.4148239390342496e-06,1.0305742925709183e-09,1.0305742925709183e-09,1.0305742925709183e-09,0.4999987781047821,1.0305742925709183e-09,1.0305742925709183e-09,1.0305742925709183e-09,1.0305742925709183e-09,0.4999987781047821
6,2024-01-02,0,1.0,3.697915751303965e-38,2.8382422407089614e-89,-0.010679773768782616,2.061153470123145e-09,1.0,2.061153470123145e-09,2.061153470123145e-09,2.061153470123145e-09,2.061153470123145e-09,2.061153470123145e-09,2.061153470123145e-09,2.061153470123145e-09,2.061153470123145e-09,2.061153470123145e-09,2.061153470123145e-09,2.061153470123145e-09,2.061153470123145e-09
6,2024-01-03,2,1.3728958284879388e-07,8.895380107132205e-06,0.999990967330329,-0.005268512803316116,2.0611405915360592e-09,2.0611405915360592e-09,2.0611405915360592e-09,2.0611405915360592e-09,2.0611405915360592e-09,2.0611405915360592e-09,2.0611405915360592e-09,2.0611405915360592e-09,0.9999936819076538,2.0611405915360592e-09,2.0611405915360592e-09,2.0611405915360592e-09,2.0611405915360592e-09,6.304065664153313e-06
6,2024-01-04,2,3.6462862029830807e-06,0.0001179242890098999,0.9998784294248001,-0.024134776133298876,0.5,1.030576846083875e-09,1.030576846083875e-09,1.030576846083875e-09,1.030576846083875e-09,1.030576846083875e-09,1.030576846083875e-09,1.030576846083875e-09,1.030576846083875e-09,1.030576846083875e-09,1.030576846083875e-09,0.5,1.030576846083875e-09,1.030576846083875e-09
6,2024-01-05,2,2.9155505092456756e-05,0.00021030965177542876,0.9997605348431101,-0.001597543873079121,2.0611440332274356e-10,0.09999953210353851,0.09999953210353851,4.651520612242166e-06,0.09999953210353851,0.09999953210353851,0.09999953210353851,0.09999953210353851,0.09999953210353851,0.09999953210353851,2.0611440332274356e-10,2.0611440332274356e-10,0.09999953210353851,0.09999953210353851
6,2024-01-08,2,8.191752563515193e-06,0.00013757582471638828,0.9998542324227169,-0.006098638696968556,2.0611483630972316e-09,2.0611483630972316e-09,2.0611483630972316e-09,2.0611483630972316e-09,2.0611483630972316e-09,2.0611483630972316e-09,2.0611483630972316e-09,2.0611483630972316e-09,0.9999974966049194,2.0611483630972316e-09,2.0611483630972316e-09,2.455878757245955e-06,2.0611483630972316e-09,4.829426103469814e-08
6,2024-01-09,2,3.733596922036171e-17,1.0934800787773221e-08,0.9999999890652022,-0.00033227696856483814,0.11110746115446091,2.290095474366538e-10,0.11110746115446091,0.11110746115446091,2.290095474366538e-10,0.11110746115446091,0.11110746115446091,0.11110746115446091,2.290095474366538e-10,0.11110746115446091,0.11110746115446091,0.11110746115446091,3.286914943601005e-05,2.290095474366538e-10
6,2024-01-10,2,1.890353388825466e-11,3.8549608603867795e-07,0.9999996144849949,-0.002249653844349086,2.061153470123145e-09,2.061153470123145e-09,2.061153470123145e-09,2.061153470123145e-09,2.061153470123145e-09,2.061153470123145e-09,2.061153470123145e-09,2.061153470123145e-09,0.9999998807907104,2.061153470123145e-09,2.061153470123145e-09,2.061153470123145e-09,2.061153470123145e-09,6.870629931654548e-08
6,2024-01-11,2,5.1859588146505734e-05,7.025760871598359e-05,0.9998778828031267,0.002236035066470504,9.895348984656493e-10,9.895348984656493e-10,9.895348984656493e-10,9.895348984656493e-10,0.039824169129133224,9.895348984656493e-10,9.895348984656493e-10,9.895348984656493e-10,0.48008790612220764,9.895348984656493e-10,9.895348984656493e-10,9.895348984656493e-10,9.895348984656493e-10,0.48008790612220764
6,2024-01-12,2,8.055502002971439e-06,5.759488662759111e-05,0.9999343496113845,-0.017919152495265007,0.4846377372741699,9.989128413323556e-10,9.989128413323556e-10,9.989128413323556e-10,0.02224149741232395,9.989128413323556e-10,9.989128413323556e-10,9.989128413323556e-10,0.0011554373195394874,9.989128413323556e-10,9.989128413323556e-10,0.4846377372741699,9.989128413323556e-10,0.0073275635950267315
6,2024-01-15,2,0.0006935573500189034,0.00023271524785584773,0.999073727402139,-0.021789744314551353,2.061153470123145e-09,2.061153470123145e-09,2.061153470123145e-09,2.061153470123145e-09,2.061153470123145e-09,2.061153470123145e-09,2.061153470123145e-09,2.061153470123145e-09,2.061153470123145e-09,2.061153470123145e-09,2.061153470123145e-09,1.0,2.061153470123145e-09,2.061153470123145e-09
6,2024-01-16,2,5.943766066957943e-05,0.0002156782279091019,0.9997248841114263,0.0040219613447727166,2.059980186430721e-09,0.0005692910053767264,2.059980186430721e-09,2.059980186430721e-09,2.059980186430721e-09,2.059980186430721e-09,2.059980186430721e-09,2.059980186430721e-09,2.059980186430721e-09,2.059980186430721e-09,2.059980186430721e-09,0.9994306564331055,2.059980186430721e-09,2.059980186430721e-09
6,2024-01-17,2,1.0626688947731208e-07,0.0004775687345520539,0.999522324998559,-0.01791789862215519,2.0611512496770956e-09,0.9999988079071045,2.0611512496770956e-09,2.0611512496770956e-09,2.0611512496770956e-09,2.0611512496770956e-09,2.0611512496770956e-09,2.0611512496770956e-09,1.141590587394603e-06,2.0611512496770956e-09,2.0611512496770956e-09,2.0611512496770956e-09,2.0611512496770956e-09,2.0611512496770956e-09
6,2024-01-19,2,4.978365966075063e-05,0.00042929079874008615,0.9995209255416097,0.0024477933410555126,2.061153470123145e-09,2.061153470123145e-09,2.061153470123145e-09,2.061153470123145e-09,2.061153470123145e-09,2.061153470123145e-09,2.061153470123145e-09,2.061153470123145e-09,1.0,2.061153470123145e-09,2.061153470123145e-09,2.061153470123145e-09,2.061153470123145e-09,2.061153470123145e-09
6,2024-01-22,2,1.5403195107090865e-05,0.00037428818422852487,0.9996103086206904,0.021427889776229857,0.5,1.030576846083875e-09,1.030576846083875e-09,1.030576846083875e-09,1.030576846083875e-09,1.030576846083875e-09,1.030576846083875e-09,1.030576846083875e-09,1.030576846083875e-09,1.030576846083875e-09,1.030576846083875e-09,0.5,1.030576846083875e-09,1.030576846083875e-09
6,2024-01-23,2,0.00011136959140506629,0.0002605166181124975,0.9996281137904733,0.03173935176134109,2.061153470123145e-09,0.9999999403953552,5.8922331902522274e-08,2.061153470123145e-09,2.061153470123145e-09,2.061153470123145e-09,2.061153470123145e-09,2.061153470123145e-09,2.061153470123145e-09,2.061153470123145e-09,2.061153470123145e-09,2.061153470123145e-09,2.061153470123145e-09,2.061153470123145e-09
6,2024-01-24,2,4.469251584178679e-07,4.224189507042089e-05,0.9999573111797921,0.0023077511072158814,4.0446881954814273e-10,0.19623419642448425,4.0446881954814273e-10,4.0446881954814273e-10,0.19623419642448425,4.0446881954814273e-10,2.9492543518472303e-08,0.01882900670170784,0.19623419642448425,4.0446881954814273e-10,4.0446881954814273e-10,4.0446881954814273e-10,0.19623419642448425,0.19623419642448425
6,2024-01-25,2,0.00017053782050726482,0.0001623326497269758,0.999667129529748,0.0034475393150001764,2.061153470123145e-09,1.0,2.061153470123145e-09,2.061153470123145e-09,2.061153470123145e-09,2.061153470123145e-09,2.061153470123145e-09,2.061153470123145e-09,2.061153470123145e-09,2.061153470123145e-09,2.061153470123145e-09,2.061153470123145e-09,2.061153470123145e-09,2.061153470123145e-09
6,2024-01-26,2,0.00050733795356367,0.00023603835516217934,0.9992566236912586,0.0028459142919629813,2.061153470123145e-09,4.530606556585326e-09,2.061153470123145e-09,2.061153470123145e-09,2.061153470123145e-09,2.061153470123145e-09,2.061153470123145e-09,2.061153470123145e-09,1.0,2.061153470123145e-09,2.061153470123145e-09,2.061153470123145e-09,2.061153470123145e-09,2.061153470123145e-09
6,2024-01-29,2,4.0161700532793934e-05,0.000129957810470095,0.9998298804889888,0.0019612018946370364,2.061153470123145e-09,2.061153470123145e-09,2.061153470123145e-09,2.061153470123145e-09,2.061153470123145e-09,2.061153470123145e-09,2.061153470123145e-09,2.061153470123145e-09,1.0,2.061153470123145e-09,2.061153470123145e-09,2.061153470123145e-09,2.061153470123145e-09,2.2004758015725656e-09
6,2024-01-30,2,4.2239844898184e-05,0.00014157756475003733,0.9998161825903484,0.01573504829108715,2.276359282404883e-06,2.0611488071864414e-09,2.0611488071864414e-09,2.0611488071864414e-09,2.0611488071864414e-09,2.0611488071864414e-09,2.0611488071864414e-09,2.0611488071864414e-09,2.0611488071864414e-09,2.0611488071864414e-09,2.0611488071864414e-09,0.9999976754188538,2.0611488071864414e-09,2.0611488071864414e-09
6,2024-01-31,2,0.00018829712464027865,0.0001802873334374635,0.9996314155419305,-0.0014050266733393072,5.152882565084838e-10,5.152882565084838e-10,5.152882565084838e-10,5.152882565084838e-10,0.24999992549419403,5.152882565084838e-10,5.152882565084838e-10,2.6961237153955153e-07,0.24999992549419403,5.152882565084838e-10,5.152882565084838e-10,5.152882565084838e-10,0.24999992549419403,0.24999992549419403
6,2024-02-01,2,9.689353465063378e-05,0.00010616907288875626,0.9997969373924847,0.0028914246968925,2.06115324807854e-09,2.06115324807854e-09,2.06115324807854e-09,2.06115324807854e-09,2.06115324807854e-09,2.06115324807854e-09,2.06115324807854e-09,2.06115324807854e-09,0.9999998211860657,2.06115324807854e-09,2.06115324807854e-09,2.06115324807854e-09,2.06115324807854e-09,1.7383105443968816e-07
6,2024-02-02,2,1.3326092160886604e-37,9.868989773407605e-17,1.0,0.002024941461160779,2.938494725324148e-10,2.938494725324148e-10,0.0011059611570090055,4.146971696172841e-05,0.1425655335187912,0.0008937788079492748,0.1425655335187912,0.1425655335187912,0.1425655335187912,0.1425655335187912,7.006683944155156e-08,2.938494725324148e-10,0.1425655335187912,0.1425655335187912
6,2024-02-05,2,1.2257397244637742e-05,0.00021711762513365287,0.9997706249776428,-0.012312570792436599,2.0611488071864414e-09,2.0611488071864414e-09,2.0611488071864414e-09,2.0611488071864414e-09,2.0611488071864414e-09,2.0611488071864414e-09,2.0611488071864414e-09,2.0611488071864414e-09,0.9999976754188538,2.0611488071864414e-09,2.0611488071864414e-09,2.0611488071864414e-09,2.0611488071864414e-09,2.284791435158695e-06
6,2024-02-06,2,6.068940888806105e-05,0.00027200419265640044,0.9996673063984551,0.013112222284078597,0.5,1.030576846083875e-09,1.030576846083875e-09,1.030576846083875e-09,1.030576846083875e-09,1.030576846083875e-09,1.030576846083875e-09,1.030576846083875e-09,1.030576846083875e-09,1.030576846083875e-09,1.030576846083875e-09,0.5,1.030576846083875e-09,1.030576846083875e-09
6,2024-02-07,2,6.95882431510988e-05,0.00021534912935022792,0.999715062627523,-0.006879468448460102,0.5,1.030576846083875e-09,1.030576846083875e-09,1.030576846083875e-09,1.030576846083875e-09,1.030576846083875e-09,1.030576846083875e-09,1.030576846083875e-09,1.030576846083875e-09,1.030576846083875e-09,1.030576846083875e-09,0.5,1.030576846083875e-09,1.030576846083875e-09
6,2024-02-08,2,1.4463335952590314e-11,1.5495461442625415e-06,0.9999984504393706,-0.004473986824601889,2.061153470123145e-09,2.061153470123145e-09,2.061153470123145e-09,2.061153470123145e-09,2.061153470123145e-09,2.061153470123145e-09,2.061153470123145e-09,2.061153470123145e-09,2.061153470123145e-09,2.061153470123145e-09,2.061153470123145e-09,1.0,2.061153470123145e-09,2.061153470123145e-09
6,2024-02-13,2,1.375474237565992e-05,0.0001889348008536487,0.9997973104567663,-0.006168446081876755,2.0399797406867037e-09,2.0399797406867037e-09,2.0399797406867037e-09,2.0399797406867037e-09,5.996992058499018e-08,2.0399797406867037e-09,2.0399797406867037e-09,2.0399797406867037e-09,0.9897271394729614,2.0399797406867037e-09,2.0399797406867037e-09,2.0399797406867037e-09,2.0399797406867037e-09,0.01027279905974865
6,2024-02-14,2,1.5785383369141685e-05,0.00018781879169928927,0.9997963958249186,-0.020186252081394195,0.00015432012150995433,0.9895071983337402,0.00015432012150995433,0.00015432012150995433,0.00015432012150995433,0.00015432012150995433,0.00015432012150995433,0.00015432012150995433,0.00015432012150995433,0.00015432012150995433,0.00015432012150995433,0.008640936575829983,0.00015432012150995433,0.00015432012150995433
6,2024-02-15,2,3.495657597261294e-152,1.516570551544192e-56,1.0,0.0011021321915090083,1.0305414299693894e-09,1.0305414299693894e-09,1.0305414299693894e-09,1.0305414299693894e-09,3.432101584621705e-05,1.0305414299693894e-09,1.0305414299693894e-09,1.0305414299693894e-09,0.4999828338623047,1.0305414299693894e-09,1.0305414299693894e-09,1.0305414299693894e-09,1.0305414299693894e-09,0.4999828338623047
6,2024-02-16,2,5.3547185819834314e-20,1.0399128718601867e-09,0.9999999989601065,-0.003635826564580202,0.5,1.030576846083875e-09,1.030576846083875e-09,1.030576846083875e-09,1.030576846083875e-09,1.030576846083875e-09,1.030576846083875e-09,1.030576846083875e-09,1.030576846083875e-09,1.030576846083875e-09,1.030576846083875e-09,0.5,1.030576846083875e-09,1.030576846083875e-09
6,2024-02-19,2,1.3631429196071653e-05,0.00012664409207460735,0.9998597244787027,0.016637933507561684,1.0356377515563508e-06,2.0611514717217005e-09,2.0611514717217005e-09,2.0611514717217005e-09,2.0611514717217005e-09,2.0611514717217005e-09,2.0611514717217005e-09,2.0611514717217005e-09,2.0611514717217005e-09,2.0611514717217005e-09,2.0611514717217005e-09,0.999998927116394,2.0611514717217005e-09,2.0611514717217005e-09
6,2024-02-20,2,2.2364158063010123e-22,5.285551041603845e-10,0.9999999994714699,-0.0068764949992299075,0.0884847491979599,0.0884847491979599,0.0884847491979599,0.0884847491979599,0.02666546404361725,0.0884847491979599,0.0884847491979599,0.0884847491979599,1.823806661249705e-10,0.0884847491979599,0.0884847491979599,0.0884847491979599,0.0884847491979599,2.2927019927010406e-06
6,2024-02-21,2,2.953195310523296e-39,1.1547596198742971e-15,1.0,0.0048110549829900266,2.061153470123145e-09,2.061153470123145e-09,2.061153470123145e-09,2.061153470123145e-09,2.061153470123145e-09,2.061153470123145e-09,2.061153470123145e-09,2.061153470123145e-09,1.0,2.061153470123145e-09,2.061153470123145e-09,2.061153470123145e-09,2.061153470123145e-09,2.061153470123145e-09
6,2024-02-22,2,9.09078784850183e-11,1.0728323195691426e-06,0.9999989270767813,0.0013781816383823752,0.12487916648387909,2.5739513298539407e-10,4.331642156074622e-09,0.0009662667871452868,0.12487916648387909,3.9629239267924277e-07,2.5739513298539407e-10,2.5739513298539407e-10,0.12487916648387909,0.12487916648387909,0.12487916648387909,0.12487916648387909,0.12487916648387909,0.12487916648387909
6,2024-02-23,2,4.4191635828084756e-08,5.281349122255629e-05,0.9999471423171584,0.021219570070505143,2.061153470123145e-09,2.061153470123145e-09,2.061153470123145e-09,2.061153470123145e-09,2.061153470123145e-09,2.061153470123145e-09,2.061153470123145e-09,2.061153470123145e-09,2.061153470123145e-09,2.061153470123145e-09,2.061153470123145e-09,1.0,2.061153470123145e-09,2.061153470123145e-09
6,2024-02-26,2,1.7981057741055003e-05,0.0001425844042409317,0.9998394345380294,0.006381087426841259,2.061153470123145e-09,2.061153470123145e-09,2.061153470123145e-09,2.061153470123145e-09,2.061153470123145e-09,2.061153470123145e-09,2.061153470123145e-09,2.061153470123145e-09,0.9999999403953552,2.061153470123145e-09,2.061153470123145e-09,2.061153470123145e-09,2.061153470123145e-09,5.8815942338696914e-08
6,2024-02-27,2,1.379914385775404e-103,8.05114010210591e-40,1.0,-1.214348495537365e-10,2.061153470123145e-09,2.061153470123145e-09,2.061153470123145e-09,2.061153470123145e-09,2.061153470123145e-09,2.061153470123145e-09,2.061153470123145e-09,2.061153470123145e-09,1.0,2.061153470123145e-09,2.061153470123145e-09,2.061153470123145e-09,2.061153470123145e-09,2.061153470123145e-09
6,2024-02-28,2,1.0838622249189746e-05,4.708207016223555e-05,0.9999420793075916,0.008266426113247871,2.061153470123145e-09,2.061153470123145e-09,2.061153470123145e-09,2.061153470123145e-09,2.061153470123145e-09,2.061153470123145e-09,2.061153470123145e-09,2.061153470123145e-09,2.061153470123145e-09,2.061153470123145e-09,2.061153470123145e-09,1.0,2.061153470123145e-09,2.061153470123145e-09
6,2024-02-29,2,0.0005456363364435343,0.0001431785448983097,0.9993111851186444,-0.00458983104750514,0.20000000298023224,4.122307217802046e-10,4.122307217802046e-10,4.122307217802046e-10,0.20000000298023224,4.122307217802046e-10,4.122307217802046e-10,4.122307217802046e-10,0.20000000298023224,4.122307217802046e-10,4.122307217802046e-10,0.20000000298023224,4.122307217802046e-10,0.20000000298023224
6,2024-03-04,2,1.8025738956785746e-07,1.392687340419918e-05,0.999985892869207,0.02144105544090271,2.061153470123145e-09,2.061153470123145e-09,2.061153470123145e-09,2.061153470123145e-09,2.061153470123145e-09,2.061153470123145e-09,2.061153470123145e-09,2.061153470123145e-09,0.9999999403953552,2.061153470123145e-09,2.061153470123145e-09,2.061153470123145e-09,2.061153470123145e-09,2.136315302436742e-08
6,2024-03-05,2,1.3527977703445188e-05,9.325637499892666e-05,0.999893215647324,0.006661561921238899,6.870511937151491e-10,6.870511937151491e-10,6.870511937151491e-10,6.870511937151491e-10,0.3333333432674408,6.870511937151491e-10,6.870511937151491e-10,6.870511937151491e-10,0.3333333432674408,6.870511937151491e-10,6.870511937151491e-10,6.870511937151491e-10,6.870511937151491e-10,0.3333333432674408
6,2024-03-06,2,0.0002128661120522747,0.0002642849642641196,0.9995228489237019,0.002486283890902996,6.870511937151491e-10,6.870511937151491e-10,6.870511937151491e-10,6.870511937151491e-10,0.3333333432674408,6.870511937151491e-10,6.870511937151491e-10,6.870511937151491e-10,0.3333333432674408,6.870511937151491e-10,6.870511937151491e-10,6.870511937151491e-10,6.870511937151491e-10,0.3333333432674408
6,2024-03-07,2,0.00020740978165206976,0.00035015493046504305,0.9994424352878621,0.012776772972941398,2.052895409221378e-09,2.052895409221378e-09,2.052895409221378e-09,2.052895409221378e-09,1.732512373564532e-07,2.052895409221378e-09,2.052895409221378e-09,2.052895409221378e-09,0.995993435382843,2.052895409221378e-09,2.052895409221378e-09,2.70348373305751e-05,2.052895409221378e-09,0.003979342523962259
6,2024-03-08,2,0.0001903268855806023,0.000372683365872883,0.9994369897485346,0.03148731418848038,0.5,1.030576846083875e-09,1.030576846083875e-09,1.030576846083875e-09,1.030576846083875e-09,1.030576846083875e-09,1.030576846083875e-09,1.030576846083875e-09,1.030576846083875e-09,1.030576846083875e-09,1.030576846083875e-09,0.5,1.030576846083875e-09,1.030576846083875e-09
6,2024-03-11,2,1.3793102673768211e-05,0.00034487331106279655,0.9996413335862875,-0.006045912392437458,0.5,1.030576846083875e-09,1.030576846083875e-09,1.030576846083875e-09,1.030576846083875e-09,1.030576846083875e-09,1.030576846083875e-09,1.030576846083875e-09,1.030576846083875e-09,1.030576846083875e-09,1.030576846083875e-09,0.5,1.030576846083875e-09,1.030576846083875e-09
6,2024-03-12,2,2.91927073402797e-05,0.0002351910126094148,0.9997356162800377,-0.001068788973800838,6.870511937151491e-10,6.870511937151491e-10,6.870511937151491e-10,6.870511937151491e-10,0.3333333432674408,6.870511937151491e-10,6.870511937151491e-10,6.870511937151491e-10,0.3333333432674408,6.870511937151491e-10,6.870511937151491e-10,6.870511937151491e-10,6.870511937151491e-10,0.3333333432674408
6,2024-03-13,2,5.543684556611466e-41,2.194402769278576e-17,1.0,-0.007191776142269373,2.061153470123145e-09,2.061153470123145e-09,2.061153470123145e-09,2.061153470123145e-09,2.061153470123145e-09,2.061153470123145e-09,2.061153470123145e-09,2.061153470123145e-09,0.9999998807907104,2.061153470123145e-09,2.061153470123145e-09,2.061153470123145e-09,2.061153470123145e-09,7.991247485961139e-08
6,2024-03-14,2,2.9231900843185402e-05,5.218934211231743e-05,0.9999185787570554,0.035315380853414534,2.061153470123145e-09,1.0,2.061153470123145e-09,2.061153470123145e-09,2.061153470123145e-09,2.061153470123145e-09,2.061153470123145e-09,2.061153470123145e-09,2.061153470123145e-09,2.061153470123145e-09,2.061153470123145e-09,2.061153470123145e-09,2.061153470123145e-09,2.061153470123145e-09
6,2024-03-15,2,0.0003716914649111977,0.00015244203293708893,0.9994758665021382,-0.005591805602610111,1.030576846083875e-09,1.030576846083875e-09,1.030576846083875e-09,1.030576846083875e-09,1.030576846083875e-09,1.030576846083875e-09,1.030576846083875e-09,1.030576846083875e-09,0.5,1.030576846083875e-09,1.030576846083875e-09,0.5,1.030576846083875e-09,1.030576846083875e-09
6,2024-03-18,2,0.00012947402660274285,0.00013451437576234024,0.9997360115976074,-3.6883400904480355e-05,1.030576846083875e-09,0.5,1.030576846083875e-09,1.030576846083875e-09,1.030576846083875e-09,1.030576846083875e-09,1.030576846083875e-09,1.030576846083875e-09,1.030576846083875e-09,1.030576846083875e-09,1.030576846083875e-09,0.5,1.030576846083875e-09,1.030576846083875e-09
6,2024-03-19,2,1.5090858991721169e-05,7.108299830128694e-05,0.9999138261426854,-0.020854742521047593,2.061153470123145e-09,1.0,2.061153470123145e-09,2.061153470123145e-09,2.061153470123145e-09,2.061153470123145e-09,2.061153470123145e-09,2.061153470123145e-09,2.061153470123145e-09,2.061153470123145e-09,2.061153470123145e-09,2.061153470123145e-09,2.061153470123145e-09,2.061153470123145e-09
6,2024-03-20,2,0.000524452098096022,0.00015250554885235537,0.9993230423530263,0.0004402340415865183,2.061153470123145e-09,2.061153470123145e-09,2.061153470123145e-09,2.061153470123145e-09,2.061153470123145e-09,2.061153470123145e-09,2.061153470123145e-09,2.061153470123145e-09,0.9999999403953552,2.061153470123145e-09,2.061153470123145e-09,2.061153470123145e-09,2.061153470123145e-09,4.6024712929693123e-08
6,2024-03-21,2,5.582762256602619e-11,5.598858823064249e-07,0.9999994400583181,0.024456323546171187,1.030576846083875e-09,0.5,1.030576846083875e-09,1.030576846083875e-09,1.030576846083875e-09,1.030576846083875e-09,1.030576846083875e-09,1.030576846083875e-09,1.030576846083875e-09,1.030576846083875e-09,1.030576846083875e-09,0.5,1.030576846083875e-09,1.030576846083875e-09
6,2024-03-22,2,5.543611460772229e-10,2.220415815465634e-06,0.9999977790298197,0.0036393071465194225,1.4006973003688472e-07,1.4006973003688472e-07,1.4006973003688472e-07,1.4006973003688472e-07,1.4006973003688472e-07,1.4006973003688472e-07,1.4006973003688472e-07,1.4006973003688472e-07,1.4006973003688472e-07,1.4006973003688472e-07,1.4006973003688472e-07,0.999998152256012,1.4006973003688472e-07,1.4006973003688472e-07
6,2024-03-25,2,5.6906388151207824e-05,0.00011785651506707323,0.9998252370967983,-0.01418099689334631,2.061153470123145e-09,1.0,2.061153470123145e-09,2.061153470123145e-09,2.061153470123145e-09,2.061153470123145e-09,2.061153470123145e-09,2.061153470123145e-09,2.061153470123145e-09,2.061153470123145e-09,2.061153470123145e-09,2.061153470123145e-09,2.061153470123145e-09,2.061153470123145e-09
6,2024-03-26,2,0.00012349866279980898,0.0001933832971110121,0.9996831180400859,0.0015399567343294621,2.061153470123145e-09,2.061153470123145e-09,2.061153470123145e-09,2.061153470123145e-09,2.061153470123145e-09,2.061153470123145e-09,2.061153470123145e-09,2.061153470123145e-09,0.9999999403953552,2.061153470123145e-09,2.061153470123145e-09,2.061153470123145e-09,2.061153470123145e-09,1.9130631301322865e-08
6,2024-03-27,2,1.1925419304707853e-05,0.00010021857037281073,0.9998878560102953,0.0010291877184063197,6.870511937151491e-10,6.870511937151491e-10,6.870511937151491e-10,6.870511937151491e-10,0.3333333432674408,6.870511937151491e-10,6.870511937151491e-10,6.870511937151491e-10,0.3333333432674408,6.870511937151491e-10,6.870511937151491e-10,6.870511937151491e-10,6.870511937151491e-10,0.3333333432674408
6,2024-03-28,2,3.490418354352734e-05,0.00010861714475457781,0.9998564786717186,0.012182123449444771,0.49976637959480286,0.0004672025388572365,1.030095342358095e-09,1.030095342358095e-09,1.030095342358095e-09,1.030095342358095e-09,1.030095342358095e-09,1.030095342358095e-09,1.030095342358095e-09,1.030095342358095e-09,1.030095342358095e-09,0.49976637959480286,1.030095342358095e-09,1.030095342358095e-09
6,2024-03-29,2,0.0005251164134416932,0.00022461161642214447,0.9992502719701499,0.011269116282463073,2.061153470123145e-09,2.061153470123145e-09,2.061153470123145e-09,2.061153470123145e-09,2.061153470123145e-09,2.061153470123145e-09,2.061153470123145e-09,2.061153470123145e-09,0.9999999403953552,2.061153470123145e-09,2.061153470123145e-09,2.061153470123145e-09,2.061153470123145e-09,2.7748525255333334e-08
6,2024-04-01,2,0.00014560737489306477,0.00018253776409423843,0.9996718548610373,0.017459969843880777,2.061152581944725e-09,2.061152581944725e-09,2.061152581944725e-09,2.061152581944725e-09,2.061152581944725e-09,2.061152581944725e-09,2.061152581944725e-09,2.061152581944725e-09,0.9999995231628418,2.061152581944725e-09,2.061152581944725e-09,2.061152581944725e-09,2.061152581944725e-09,4.3533540861062647e-07
6,2024-04-02,2,0.00024101993113376658,0.00017797472989673356,0.9995810053389967,-0.003607681965455413,1.030576846083875e-09,0.5,1.030576846083875e-09,1.030576846083875e-09,1.030576846083875e-09,1.030576846083875e-09,1.030576846083875e-09,1.030576846083875e-09,0.5,1.030576846083875e-09,1.030576846083875e-09,1.030576846083875e-09,1.030576846083875e-09,1.030576846083875e-09
6,2024-04-03,2,3.2068600177610403e-12,2.2291772572887764e-07,0.999999777079065,0.011476015417277812,2.061153470123145e-09,2.061153470123145e-09,2.061153470123145e-09,2.061153470123145e-09,2.061153470123145e-09,2.061153470123145e-09,2.061153470123145e-09,2.061153470123145e-09,1.0,2.061153470123145e-09,2.061153470123145e-09,2.061153470123145e-09,2.061153470123145e-09,3.4183487152006364e-09
6,2024-04-04,2,5.114898961403547e-13,2.3389228301516087e-07,0.9999997661072075,0.00724286402463913,5.152241411288117e-10,0.24996882677078247,5.152241411288117e-10,5.152241411288117e-10,0.24996882677078247,5.152241411288117e-10,5.152241411288117e-10,3.79578892761856e-08,0.24996882677078247,5.152241411288117e-10,5.152241411288117e-10,5.152241411288117e-10,0.00012465953477658331,0.24996882677078247
6,2024-04-05,2,9.603197906540615e-06,0.00015649197172028071,0.9998339048303828,-0.009573891696333886,2.061153470123145e-09,0.9999999403953552,2.061153470123145e-09,2.061153470123145e-09,2.061153470123145e-09,2.061153470123145e-09,2.061153470123145e-09,2.061153470123145e-09,2.2519389020203562e-08,2.061153470123145e-09,2.061153470123145e-09,2.061153470123145e-09,2.061153470123145e-09,2.061153470123145e-09
6,2024-04-08,2,3.11378733621702e-07,8.373710789491936e-05,0.9999159515133662,0.024657995879650115,2.061153470123145e-09,2.061153470123145e-09,2.061153470123145e-09,2.061153470123145e-09,2.061153470123145e-09,2.061153470123145e-09,2.061153470123145e-09,2.061153470123145e-09,0.9999999403953552,2.061153470123145e-09,2.061153470123145e-09,2.061153470123145e-09,2.061153470123145e-09,1.125492765652325e-08
6,2024-04-09,2,2.3579745848237957e-07,2.3929254784979868e-05,0.9999758349477792,-0.003426113209873438,0.5,1.030576846083875e-09,1.030576846083875e-09,1.030576846083875e-09,1.030576846083875e-09,1.030576846083875e-09,1.030576846083875e-09,1.030576846083875e-09,1.030576846083875e-09,1.030576846083875e-09,1.030576846083875e-09,0.5,1.030576846083875e-09,1.030576846083875e-09
6,2024-04-11,2,1.1107236521271473e-11,5.912401806011488e-07,0.9999994087486967,-0.0044025299578905105,2.061153470123145e-09,2.061153470123145e-09,2.061153470123145e-09,2.061153470123145e-09,2.061153470123145e-09,2.061153470123145e-09,2.061153470123145e-09,2.061153470123145e-09,1.0,2.061153470123145e-09,2.061153470123145e-09,2.061153470123145e-09,2.061153470123145e-09,2.061153470123145e-09
6,2024-04-12,2,5.819850147770452e-05,0.00018818840231536084,0.9997536130962205,0.008525189597904681,6.870511937151491e-10,6.870511937151491e-10,6.870511937151491e-10,6.870511937151491e-10,0.3333333432674408,6.870511937151491e-10,6.870511937151491e-10,6.870511937151491e-10,0.3333333432674408,6.870511937151491e-10,6.870511937151491e-10,6.870511937151491e-10,4.73925654276286e-09,0.3333333432674408
6,2024-04-15,2,3.0059244404241585e-06,0.00020369626741361811,0.9997932978081322,-0.0033512930672615765,0.49999722838401794,1.0305710729241468e-09,1.0305710729241468e-09,1.0305710729241468e-09,4.8323627197532915e-06,1.0305710729241468e-09,1.0305710729241468e-09,1.0305710729241468e-09,4.98479323596257e-07,1.0305710729241468e-09,1.0305710729241468e-09,0.49999722838401794,1.0305710729241468e-09,1.9045842236664612e-07
6,2024-04-16,2,1.88872105096017e-37,1.1021426524756992e-12,0.99999999999892,-0.006434133035689593,0.0833333358168602,1.7176279842878728e-10,0.0833333358168602,0.0833333358168602,0.0833333358168602,0.0833333358168602,0.0833333358168602,0.0833333358168602,0.0833333358168602,0.0833333358168602,0.0833333358168602,1.7176279842878728e-10,0.0833333358168602,0.0833333358168602
6,2024-04-17,2,3.3522030146970285e-09,0.00038984818291200963,0.9996101484649038,-0.0016204513451084494,2.061153470123145e-09,2.061153470123145e-09,2.061153470123145e-09,2.061153470123145e-09,2.061153470123145e-09,2.061153470123145e-09,2.061153470123145e-09,2.061153470123145e-09,0.9999999403953552,2.061153470123145e-09,2.061153470123145e-09,2.061153470123145e-09,2.061153470123145e-09,6.401557328672425e-08
6,2024-04-18,2,3.968321186927192e-08,0.0001938860011191472,0.9998060743156968,1.7149228234814018e-09,2.06115324807854e-09,2.06115324807854e-09,2.06115324807854e-09,2.06115324807854e-09,2.06115324807854e-09,2.06115324807854e-09,2.06115324807854e-09,2.06115324807854e-09,0.9999998211860657,2.06115324807854e-09,2.06115324807854e-09,2.06115324807854e-09,2.06115324807854e-09,1.8273183854944364e-07
6,2024-04-19,2,1.508552431373478e-22,1.6647765818549455e-06,0.9999983352234028,-0.010240275397896766,0.20000000298023224,4.122307217802046e-10,4.122307217802046e-10,4.122307217802046e-10,0.20000000298023224,4.122307217802046e-10,4.122307217802046e-10,4.122307217802046e-10,0.20000000298023224,4.122307217802046e-10,4.122307217802046e-10,0.20000000298023224,4.122307217802046e-10,0.20000000298023224
6,2024-04-22,2,2.5819948757699903e-10,1.994872330014125e-05,0.9999800510185285,0.012333790837228298,1.7176279842878728e-10,0.0833333358168602,0.0833333358168602,0.0833333358168602,0.0833333358168602,0.0833333358168602,0.0833333358168602,0.0833333358168602,0.0833333358168602,0.0833333358168602,0.0833333358168602,1.7176279842878728e-10,0.0833333358168602,0.0833333358168602
6,2024-04-23,2,7.547714963707432e-10,6.112748600482962e-06,0.999993886496654,-0.02705310380756855,2.0611519158109104e-09,2.0611519158109104e-09,2.0611519158109104e-09,2.0611519158109104e-09,2.0611519158109104e-09,2.0611519158109104e-09,2.0611519158109104e-09,2.0611519158109104e-09,0.9999992251396179,2.0611519158109104e-09,2.0611519158109104e-09,7.663442715966085e-07,2.0611519158109104e-09,2.0611519158109104e-09
6,2024-04-24,2,1.9155356733816204e-120,5.870213634669109e-48,1.0,0.010476513130217791,0.006725232116878033,0.007834740914404392,0.006725232116878033,0.006725232116878033,0.006725232116878033,0.006725232116878033,0.006725232116878033,0.006725232116878033,0.9114624857902527,0.006725232116878033,0.006725232116878033,0.006725232116878033,0.006725232116878033,0.006725232116878033
6,2024-04-25,2,2.0983696136996224e-130,1.7570308192938555e-47,1.0,-0.003820331209152937,2.061153470123145e-09,2.061153470123145e-09,2.061153470123145e-09,2.061153470123145e-09,2.061153470123145e-09,2.061153470123145e-09,2.061153470123145e-09,2.061153470123145e-09,0.9999998807907104,2.061153470123145e-09,2.061153470123145e-09,2.061153470123145e-09,2.061153470123145e-09,7.024873838190615e-08
6,2024-04-26,2,5.627570351194413e-13,1.338407231073452e-07,0.9999998661587118,0.004494275876879692,0.20000000298023224,4.122307217802046e-10,4.122307217802046e-10,4.122307217802046e-10,0.20000000298023224,4.122307217802046e-10,4.122307217802046e-10,4.122307217802046e-10,0.20000000298023224,4.122307217802046e-10,4.122307217802046e-10,0.20000000298023224,4.122307217802046e-10,0.20000000298023224
6,2024-04-29,2,1.623254751932482e-11,6.776111968856002e-07,0.9999993223725618,0.010012042209506035,0.5,1.030576846083875e-09,1.030576846083875e-09,1.030576846083875e-09,1.030576846083875e-09,1.030576846083875e-09,1.030576846083875e-09,1.030576846083875e-09,1.030576846083875e-09,1.030576846083875e-09,1.030576846083875e-09,0.5,1.030576846083875e-09,1.030576846083875e-09
6,2024-04-30,2,5.439442640516661e-06,0.00017124087936635734,0.9998233196779793,-0.004778882998228073,2.061153470123145e-09,2.061153470123145e-09,2.061153470123145e-09,2.061153470123145e-09,2.061153470123145e-09,2.061153470123145e-09,2.061153470123145e-09,2.061153470123145e-09,0.9999999403953552,2.061153470123145e-09,2.061153470123145e-09,2.061153470123145e-09,2.061153470123145e-09,5.3196696825352774e-08
6,2024-05-02,2,2.215281461613326e-05,0.00018017600766970576,0.9997976711776925,-0.0020266747955232857,2.0337127537572997e-09,2.0337127537572997e-09,2.0337127537572997e-09,2.0337127537572997e-09,9.791681776505357e-08,2.0337127537572997e-09,2.0337127537572997e-09,2.0337127537572997e-09,0.9866867065429688,2.0337127537572997e-09,2.0337127537572997e-09,2.0337127537572997e-09,2.0337127537572997e-09,0.013313183560967445
6,2024-05-03,2,2.1700994641989226e-33,2.6333697657669658e-14,1.0,-0.005777833095937967,2.061153470123145e-09,2.061153470123145e-09,2.061153470123145e-09,2.061153470123145e-09,2.061153470123145e-09,2.061153470123145e-09,2.061153470123145e-09,2.061153470123145e-09,2.061153470123145e-09,2.061153470123145e-09,2.061153470123145e-09,1.0,2.061153470123145e-09,2.061153470123145e-09
6,2024-05-07,2,4.364998188788111e-08,7.827374773014497e-06,0.9999921289752335,0.022324050521850585,0.5,1.030576846083875e-09,1.030576846083875e-09,1.030576846083875e-09,1.030576846083875e-09,1.030576846083875e-09,1.030576846083875e-09,1.030576846083875e-09,1.030576846083875e-09,1.030576846083875e-09,1.030576846083875e-09,0.5,1.030576846083875e-09,1.030576846083875e-09
6,2024-05-08,2,3.5598562347046862e-09,1.9352614323225194e-06,0.9999980611787046,-0.00272171900421381,2.061147252874207e-09,2.061147252874207e-09,2.061147252874207e-09,2.061147252874207e-09,2.061147252874207e-09,2.061147252874207e-09,2.061147252874207e-09,2.061147252874207e-09,0.9999969601631165,2.061147252874207e-09,2.061147252874207e-09,2.061147252874207e-09,2.061147252874207e-09,3.0389173844014294e-06
6,2024-05-09,2,0.0036915453864487797,0.000263149949721918,0.9960453046638259,-0.0010397401317487492,2.061150361498676e-09,2.061150361498676e-09,2.061150361498676e-09,2.061150361498676e-09,2.061150361498676e-09,2.061150361498676e-09,2.061150361498676e-09,2.061150361498676e-09,0.9999983906745911,2.061150361498676e-09,2.061150361498676e-09,2.061150361498676e-09,2.061150361498676e-09,1.5789145209055278e-06
6,2024-05-10,2,0.004326601015739037,0.00031907674488498004,0.9953543222393499,-0.003264305440708995,2.429438609397039e-06,2.0611485851418365e-09,2.0611485851418365e-09,2.0611485851418365e-09,2.0611485851418365e-09,2.0611485851418365e-09,2.0611485851418365e-09,2.0611485851418365e-09,2.0611485851418365e-09,2.0611485851418365e-09,2.0611485851418365e-09,0.9999975562095642,2.0611485851418365e-09,2.0611485851418365e-09
6,2024-05-13,2,0.0038877634580081603,0.00033510666447296856,0.9957771298774903,-0.006599714557826519,2.932196152549693e-10,2.932196152549693e-10,0.0018312620231881738,2.1046014353487408e-06,0.14225995540618896,0.0023469063453376293,0.14225995540618896,0.14225995540618896,0.14225995540618896,0.14225995540618896,7.879990704395823e-08,2.932196152549693e-10,0.14225995540618896,0.14225995540618896
6,2024-05-14,2,0.003933134057594867,0.00029848527639970784,0.9957683806660244,0.00036168926423415544,4.485699811596078e-09,0.06821490824222565,4.485699811596078e-09,4.485699811596078e-09,4.485699811596078e-09,4.485699811596078e-09,4.485699811596078e-09,4.485699811596078e-09,4.485699811596078e-09,4.485699811596078e-09,4.485699811596078e-09,0.9317850470542908,4.485699811596078e-09,4.485699811596078e-09
6,2024-05-16,2,0.004097192764195392,0.00010594494751596573,0.9957968622883026,0.009713158433139324,6.870511937151491e-10,6.870511937151491e-10,6.870511937151491e-10,6.870511937151491e-10,0.3333333432674408,6.870511937151491e-10,6.870511937151491e-10,6.870511937151491e-10,0.3333333432674408,6.870511937151491e-10,6.870511937151491e-10,6.870511937151491e-10,6.870511937151491e-10,0.3333333432674408
6,2024-05-17,0,0.6932183973345111,0.0002463726185424757,0.3065352300469261,0.0018417224038392306,4.1192391164734943e-10,4.1192391164734943e-10,4.1192391164734943e-10,4.1192391164734943e-10,0.1998511403799057,4.1192391164734943e-10,4.87604302179534e-05,0.1998511403799057,0.1998511403799057,0.0006955365533940494,4.1192391164734943e-10,4.1192391164734943e-10,0.1998511403799057,0.1998511403799057
6,2024-05-20,0,0.9095192833760953,0.00011606526119591947,0.09036465136270148,0.01726031811237335,2.061153470123145e-09,1.0,2.061153470123145e-09,2.061153470123145e-09,2.061153470123145e-09,2.061153470123145e-09,2.061153470123145e-09,2.061153470123145e-09,2.061153470123145e-09,2.061153470123145e-09,2.061153470123145e-09,2.061153470123145e-09,2.061153470123145e-09,2.061153470123145e-09
6,2024-05-21,0,0.9758417439084411,3.934099876458923e-05,0.0241189150927993,0.003873744935542345,0.5,1.030576846083875e-09,1.030576846083875e-09,1.030576846083875e-09,1.030576846083875e-09,1.030576846083875e-09,1.030576846083875e-09,1.030576846083875e-09,1.030576846083875e-09,1.030576846083875e-09,1.030576846083875e-09,0.5,1.030576846083875e-09,1.030576846083875e-09
6,2024-05-22,0,0.9944086346929017,1.1017256419711348e-05,0.005580348050689572,0.00015342188999056816,0.5,1.030576846083875e-09,1.030576846083875e-09,1.030576846083875e-09,1.030576846083875e-09,1.030576846083875e-09,1.030576846083875e-09,1.030576846083875e-09,1.030576846083875e-09,1.030576846083875e-09,1.030576846083875e-09,0.5,1.030576846083875e-09,1.030576846083875e-09
6,2024-05-23,0,0.9984519828089264,3.3027006247271264e-06,0.001544714490458091,-0.012209016144275666,8.71483507580706e-09,8.71483507580706e-09,8.71483507580706e-09,8.71483507580706e-09,8.71483507580706e-09,8.71483507580706e-09,8.71483507580706e-09,8.71483507580706e-09,8.71483507580706e-09,8.71483507580706e-09,8.71483507580706e-09,0.9999998807907104,8.71483507580706e-09,8.71483507580706e-09
6,2024-05-24,0,0.9995594061192263,1.6188396685627903e-06,0.0004389750410958808,-0.002267193312879143,2.061153470123145e-09,2.061153470123145e-09,2.061153470123145e-09,2.061153470123145e-09,2.061153470123145e-09,2.061153470123145e-09,2.061153470123145e-09,2.061153470123145e-09,2.061153470123145e-09,2.061153470123145e-09,2.061153470123145e-09,1.0,2.061153470123145e-09,2.061153470123145e-09
6,2024-05-27,0,0.9987966862563122,3.598540790120047e-06,0.0011997152028887894,0.005651921372115612,0.1999981701374054,4.1222694702192086e-10,4.1222694702192086e-10,4.527686281452503e-10,0.1999981701374054,4.1222694702192086e-10,4.1222694702192086e-10,4.1222694702192086e-10,0.1999981701374054,9.135133950621821e-06,2.6181957935023092e-08,0.1999981701374054,4.1222694702192086e-10,0.1999981701374054
6,2024-05-28,0,0.9872760040223602,2.562909977625176e-05,0.012698366877881385,-0.0012686203630641103,2.061153470123145e-09,2.061153470123145e-09,2.061153470123145e-09,2.061153470123145e-09,2.061153470123145e-09,2.061153470123145e-09,2.061153470123145e-09,2.061153470123145e-09,0.9999999403953552,2.061153470123145e-09,2.061153470123145e-09,2.061153470123145e-09,2.061153470123145e-09,2.989141378861859e-08
6,2024-05-29,0,0.7486410393656183,0.00018739430577164023,0.2511715663286068,-0.014301981355249882,2.061153470123145e-09,2.061153470123145e-09,2.061153470123145e-09,2.061153470123145e-09,2.061153470123145e-09,2.061153470123145e-09,2.061153470123145e-09,2.061153470123145e-09,2.061153470123145e-09,2.061153470123145e-09,2.061153470123145e-09,1.0,2.061153470123145e-09,2.061153470123145e-09
6,2024-05-30,2,2.6835766929324985e-05,2.5014397765512668e-05,0.9999481498353238,-0.011157010060548783,1.4356189694808563e-06,1.4356189694808563e-06,1.4356189694808563e-06,1.4356189694808563e-06,1.4356189694808563e-06,1.4356189694808563e-06,1.4356189694808563e-06,1.4356189694808563e-06,0.6064859628677368,1.4356189694808563e-06,1.4356189694808563e-06,0.3934968113899231,1.4356189694808563e-06,1.4356189694808563e-06
6,2024-05-31,2,0.0007038790317006398,0.00022856409281696077,0.9990675568755059,0.0016322534888982773,6.870503055367294e-10,6.870503055367294e-10,6.870503055367294e-10,6.870503055367294e-10,0.333332896232605,6.870503055367294e-10,6.870503055367294e-10,6.870503055367294e-10,0.333332896232605,6.870503055367294e-10,6.870503055367294e-10,6.870503055367294e-10,1.2902703474537702e-06,0.333332896232605
6,2024-06-03,2,0.000500083914816782,0.00024726956276501714,0.9992526465224231,0.010210828346014023,0.5,1.030576846083875e-09,1.030576846083875e-09,1.030576846083875e-09,1.030576846083875e-09,1.030576846083875e-09,1.030576846083875e-09,1.030576846083875e-09,1.030576846083875e-09,1.030576846083875e-09,1.030576846083875e-09,0.5,1.030576846083875e-09,1.030576846083875e-09
6,2024-06-04,2,0.001823262337442588,0.0003533329458192219,0.9978234047167115,0.02829240516424179,2.061153470123145e-09,2.061153470123145e-09,2.061153470123145e-09,2.061153470123145e-09,2.061153470123145e-09,2.061153470123145e-09,2.061153470123145e-09,2.061153470123145e-09,2.061153470123145e-09,2.061153470123145e-09,2.061153470123145e-09,1.0,2.061153470123145e-09,2.061153470123145e-09
6,2024-06-05,2,0.002401436251827794,0.0003652474026439033,0.9972333163455416,-0.0006704700864851474,1.030576846083875e-09,1.030576846083875e-09,1.030576846083875e-09,1.030576846083875e-09,1.030576846083875e-09,1.030576846083875e-09,1.030576846083875e-09,1.030576846083875e-09,0.5,1.030576846083875e-09,1.030576846083875e-09,0.5,1.030576846083875e-09,1.030576846083875e-09
6,2024-06-07,2,0.002113099602383157,0.00030056935660114677,0.9975863310410263,0.015970731830596923,2.061153470123145e-09,2.061153470123145e-09,2.061153470123145e-09,2.061153470123145e-09,2.061153470123145e-09,2.061153470123145e-09,2.061153470123145e-09,2.061153470123145e-09,2.061153470123145e-09,2.061153470123145e-09,2.061153470123145e-09,1.0,2.061153470123145e-09,2.061153470123145e-09
6,2024-06-10,2,8.086679271361893e-06,6.643145353683362e-05,0.9999254818671779,-0.012252828162908553,0.20000000298023224,4.122307217802046e-10,4.122307217802046e-10,4.122307217802046e-10,0.20000000298023224,4.122307217802046e-10,4.122307217802046e-10,4.122307217802046e-10,0.20000000298023224,4.122307217802046e-10,4.122307217802046e-10,0.20000000298023224,4.122307217802046e-10,0.20000000298023224
6,2024-06-11,2,0.00021643404165955964,0.00017585553290406036,0.9996077104254163,-0.004085604342445731,2.06115324807854e-09,0.9999998211860657,2.06115324807854e-09,2.06115324807854e-09,2.06115324807854e-09,2.06115324807854e-09,2.06115324807854e-09,2.06115324807854e-09,2.06115324807854e-09,2.06115324807854e-09,2.06115324807854e-09,1.2906015456337627e-07,2.06115324807854e-09,2.06115324807854e-09
6,2024-06-12,2,3.037725216679101e-05,9.14515827633603e-05,0.999878171165082,0.0016625605285167694,1.030576846083875e-09,0.5,1.030576846083875e-09,1.030576846083875e-09,1.030576846083875e-09,1.030576846083875e-09,1.030576846083875e-09,1.030576846083875e-09,1.030576846083875e-09,1.030576846083875e-09,1.030576846083875e-09,0.5,1.030576846083875e-09,1.030576846083875e-09
6,2024-06-13,2,2.337754191163478e-14,3.264577396884458e-08,0.9999999673541998,-0.0053920562133193016,2.061153470123145e-09,2.061153470123145e-09,2.061153470123145e-09,2.061153470123145e-09,2.061153470123145e-09,2.061153470123145e-09,2.061153470123145e-09,2.061153470123145e-09,2.061153470123145e-09,2.061153470123145e-09,2.061153470123145e-09,1.0,2.061153470123145e-09,2.061153470123145e-09
6,2024-06-14,2,0.0002622516887214016,6.921541891963419e-05,0.9996685328923862,-0.0034456630676984786,2.061153470123145e-09,1.0,2.061153470123145e-09,2.061153470123145e-09,2.061153470123145e-09,2.061153470123145e-09,2.061153470123145e-09,2.061153470123145e-09,2.061153470123145e-09,2.061153470123145e-09,2.061153470123145e-09,2.061153470123145e-09,2.061153470123145e-09,2.061153470123145e-09
6,2024-06-17,2,6.363458621464567e-05,7.2193792916632e-05,0.9998641716208501,-0.017159568145871162,2.061153470123145e-09,1.0,2.061153470123145e-09,2.061153470123145e-09,2.061153470123145e-09,2.061153470123145e-09,2.061153470123145e-09,2.061153470123145e-09,2.061153470123145e-09,2.061153470123145e-09,2.061153470123145e-09,2.061153470123145e-09,2.061153470123145e-09,2.061153470123145e-09
6,2024-06-18,2,0.0007094082865126511,0.00015400926471355848,0.9991365824487949,-0.004497488116968256,2.4093770534250325e-08,0.9999997019767761,2.4093770534250325e-08,2.4093770534250325e-08,2.4093770534250325e-08,2.4093770534250325e-08,2.4093770534250325e-08,2.4093770534250325e-08,2.4093770534250325e-08,2.4093770534250325e-08,2.4093770534250325e-08,2.4093770534250325e-08,2.4093770534250325e-08,2.4093770534250325e-08
6,2024-06-19,2,0.005521656890644806,0.0003615561494055247,0.9941167869599216,0.003164996151998639,2.061153470123145e-09,2.061153470123145e-09,2.061153470123145e-09,2.061153470123145e-09,2.061153470123145e-09,2.061153470123145e-09,2.061153470123145e-09,2.061153470123145e-09,1.0,2.061153470123145e-09,2.061153470123145e-09,2.061153470123145e-09,2.061153470123145e-09,2.061153470123145e-09
6,2024-06-20,2,0.005097941642916528,0.00039430923259096707,0.994507749124508,0.017968238753080366,2.061153470123145e-09,1.0,2.061153470123145e-09,2.061153470123145e-09,2.061153470123145e-09,2.061153470123145e-09,2.061153470123145e-09,2.061153470123145e-09,2.061153470123145e-09,2.061153470123145e-09,2.061153470123145e-09,2.061153470123145e-09,2.061153470123145e-09,2.061153470123145e-09
6,2024-06-21,2,0.003392355039822232,0.0003305935232366994,0.9962770514369333,-0.006728977474570274,0.5,5.1747885976283214e-09,1.030576846083875e-09,1.030576846083875e-09,1.030576846083875e-09,1.030576846083875e-09,1.030576846083875e-09,1.030576846083875e-09,1.030576846083875e-09,1.030576846083875e-09,1.030576846083875e-09,0.5,1.030576846083875e-09,1.030576846083875e-09
6,2024-06-24,2,8.03612610517287e-05,0.0001335525508499042,0.9997860861881166,-0.016124208036065103,2.061153470123145e-09,2.061153470123145e-09,2.061153470123145e-09,2.061153470123145e-09,2.061153470123145e-09,2.061153470123145e-09,2.061153470123145e-09,2.061153470123145e-09,0.9999999403953552,2.061153470123145e-09,2.061153470123145e-09,2.061153470123145e-09,2.061153470123145e-09,4.822628341116797e-08
6,2024-06-25,2,0.0003664036401887304,0.00022701787107886834,0.9994065784887385,0.0022510834760963916,0.20000000298023224,4.122307217802046e-10,4.122307217802046e-10,4.122307217802046e-10,0.20000000298023224,4.122307217802046e-10,4.122307217802046e-10,4.122307217802046e-10,0.20000000298023224,4.122307217802046e-10,4.122307217802046e-10,0.20000000298023224,4.122307217802046e-10,0.20000000298023224
6,2024-06-26,2,0.0002857842193879298,0.00018148709453564527,0.9995327286860779,-0.00580133073553443,2.06115280398933e-09,2.06115280398933e-09,2.06115280398933e-09,2.06115280398933e-09,2.06115280398933e-09,2.06115280398933e-09,2.06115280398933e-09,2.06115280398933e-09,0.9999996423721313,2.06115280398933e-09,2.06115280398933e-09,2.06115280398933e-09,2.06115280398933e-09,3.454078409959038e-07
6,2024-06-27,2,0.0026250238197092998,0.0002305282081190544,0.9971444479721572,-0.004503152461349964,4.122295005348775e-10,4.122295005348775e-10,4.122295005348775e-10,4.122295005348775e-10,0.19999940693378448,4.122295005348775e-10,2.5068151998652866e-08,0.19999940693378448,0.19999940693378448,2.974247991005541e-06,4.122295005348775e-10,4.122295005348775e-10,0.19999940693378448,0.19999940693378448
6,2024-06-28,2,0.009030710635616047,0.00021307158379058102,0.9907562177805843,0.012138042053580284,2.061153470123145e-09,1.0,2.061153470123145e-09,2.061153470123145e-09,2.061153470123145e-09,2.061153470123145e-09,2.061153470123145e-09,2.061153470123145e-09,2.061153470123145e-09,2.061153470123145e-09,2.061153470123145e-09,2.061153470123145e-09,2.061153470123145e-09,2.061153470123145e-09
6,2024-07-01,2,0.06536164411659742,0.00043643735609169055,0.9342019185273018,-0.0037150909192860126,2.061153470123145e-09,1.0,2.061153470123145e-09,2.061153470123145e-09,2.061153470123145e-09,2.061153470123145e-09,2.061153470123145e-09,2.061153470123145e-09,2.061153470123145e-09,2.061153470123145e-09,2.061153470123145e-09,2.061153470123145e-09,2.061153470123145e-09,2.061153470123145e-09
6,2024-07-02,2,0.0823837545790661,0.00047663305572492686,0.917139612365227,0.00039328007521107795,2.06115324807854e-09,2.06115324807854e-09,2.06115324807854e-09,2.06115324807854e-09,2.06115324807854e-09,2.06115324807854e-09,2.06115324807854e-09,2.06115324807854e-09,0.9999998807907104,2.06115324807854e-09,2.06115324807854e-09,2.06115324807854e-09,2.06115324807854e-09,1.0325999255655915e-07
6,2024-07-03,2,0.0722153223278663,0.0004017213510959332,0.9273829563210655,0.002422565095593023,2.061153470123145e-09,2.061153470123145e-09,2.061153470123145e-09,2.061153470123145e-09,2.061153470123145e-09,2.061153470123145e-09,2.061153470123145e-09,2.061153470123145e-09,1.0,2.061153470123145e-09,2.061153470123145e-09,2.061153470123145e-09,2.061153470123145e-09,2.061153470123145e-09
6,2024-07-04,2,0.00652109945614467,0.00020032272862704437,0.9932785778152201,0.008262410304287914,2.060433823558583e-09,2.060433823558583e-09,2.060433823558583e-09,2.060433823558583e-09,2.060433823558583e-09,2.060433823558583e-09,2.060433823558583e-09,2.060433823558583e-09,0.999650776386261,2.060433823558583e-09,2.060433823558583e-09,0.000349203561199829,2.060433823558583e-09,2.060433823558583e-09
6,2024-07-05,2,0.002343956821367864,0.0002446616027541652,0.9974113815758658,0.0008661883056163788,7.378755939591031e-10,7.378755939591031e-10,7.378755939591031e-10,7.378755939591031e-10,0.28401684761047363,7.378755939591031e-10,7.378755939591031e-10,7.378755939591031e-10,0.3579915761947632,7.378755939591031e-10,7.378755939591031e-10,7.378755939591031e-10,7.378755939591031e-10,0.3579915761947632
6,2024-07-08,2,0.0016175019528049026,0.00026694524206628204,0.9981155528051364,0.0072865393973886965,2.05820605003737e-09,2.05820605003737e-09,2.05820605003737e-09,2.05820605003737e-09,6.812251740484498e-08,2.05820605003737e-09,2.05820605003737e-09,2.05820605003737e-09,0.9985699653625488,2.05820605003737e-09,2.05820605003737e-09,3.6188706872053444e-05,2.05820605003737e-09,0.0013937741750851274
6,2024-07-09,2,0.0005201983765957407,0.00011425214448236729,0.9993655494789274,-0.00014930830709636208,0.08333329111337662,1.7176271516206043e-10,0.08333329111337662,0.08333329111337662,0.08333329111337662,0.08333329111337662,0.08333329111337662,0.08333329111337662,0.08333329111337662,0.08333329111337662,0.08333329111337662,4.914105034004024e-07,0.08333329111337662,0.08333329111337662
6,2024-07-10,2,0.022334183966007348,0.00036504774742651404,0.9773007682865743,0.0017707175109535455,2.0611397033576395e-09,2.0611397033576395e-09,2.0611397033576395e-09,2.0611397033576395e-09,3.916305058027092e-09,2.0611397033576395e-09,2.0611397033576395e-09,2.0611397033576395e-09,0.9999932050704956,2.0611397033576395e-09,2.0611397033576395e-09,2.0611397033576395e-09,2.0611397033576395e-09,6.742052846675506e-06
6,2024-07-11,2,0.035170928331105876,0.0005415009683933552,0.9642875707005168,-0.00831860075443983,2.061153470123145e-09,2.061153470123145e-09,2.061153470123145e-09,2.061153470123145e-09,2.061153470123145e-09,2.061153470123145e-09,2.061153470123145e-09,2.061153470123145e-09,2.061153470123145e-09,2.061153470123145e-09,2.061153470123145e-09,1.0,2.061153470123145e-09,2.061153470123145e-09
6,2024-07-12,2,0.030337741202117356,0.0005495058360188021,0.9691127529618437,0.005633812863379717,2.061153470123145e-09,2.061153470123145e-09,2.061153470123145e-09,2.061153470123145e-09,2.061153470123145e-09,2.061153470123145e-09,2.061153470123145e-09,2.061153470123145e-09,2.061153470123145e-09,2.061153470123145e-09,2.061153470123145e-09,1.0,2.061153470123145e-09,2.061153470123145e-09
6,2024-07-15,2,0.026254088195897574,0.0005693654354653114,0.9731765463686645,-0.0009720121600665151,2.06113837109001e-09,2.06113837109001e-09,2.06113837109001e-09,2.06113837109001e-09,2.06113837109001e-09,2.06113837109001e-09,2.06113837109001e-09,2.06113837109001e-09,0.9999925494194031,2.06113837109001e-09,2.06113837109001e-09,2.06113837109001e-09,2.06113837109001e-09,7.4262825364712626e-06
6,2024-07-16,2,0.019352662221467903,0.0005105069773345302,0.980136830801178,0.001131002514436841,0.3333333432674408,0.3333333432674408,6.870511937151491e-10,6.870511937151491e-10,6.870511937151491e-10,6.870511937151491e-10,6.870511937151491e-10,6.870511937151491e-10,6.870511937151491e-10,6.870511937151491e-10,6.870511937151491e-10,0.3333333432674408,6.870511937151491e-10,6.870511937151491e-10
6,2024-07-17,2,0.011833120773466778,0.00044810196502262546,0.9877187772615221,-0.01697978952527046,0.5,1.030576846083875e-09,1.030576846083875e-09,1.030576846083875e-09,1.030576846083875e-09,1.030576846083875e-09,1.030576846083875e-09,1.030576846083875e-09,1.030576846083875e-09,1.030576846083875e-09,1.030576846083875e-09,0.5,1.030576846083875e-09,1.030576846083875e-09
6,2024-07-18,2,0.0032844767313789294,0.0002850417035929568,0.9964304815650564,0.0033047319881618024,2.061153470123145e-09,2.061153470123145e-09,2.061153470123145e-09,2.061153470123145e-09,2.061153470123145e-09,2.061153470123145e-09,2.061153470123145e-09,2.061153470123145e-09,1.0,2.061153470123145e-09,2.061153470123145e-09,2.061153470123145e-09,2.061153470123145e-09,2.061153470123145e-09
6,2024-07-19,2,5.664262473552092e-06,7.081042274457812e-05,0.9999235253147558,-0.0023339295893907547,0.0005176858394406736,0.0005176858394406736,0.0005176858394406736,0.0005176858394406736,0.0005176858394406736,0.0005176858394406736,0.0005176858394406736,0.0005176858394406736,0.0005176858394406736,0.0005176858394406736,0.0005176858394406736,0.9932700991630554,0.0005176858394406736,0.0005176858394406736
6,2024-07-22,2,3.823255294803576e-06,0.00028314579072051267,0.9997130309539967,-0.01632313290834427,0.5,1.030576846083875e-09,1.030576846083875e-09,1.030576846083875e-09,1.030576846083875e-09,1.030576846083875e-09,1.030576846083875e-09,1.030576846083875e-09,1.030576846083875e-09,1.030576846083875e-09,1.030576846083875e-09,0.5,1.030576846083875e-09,1.030576846083875e-09
6,2024-07-23,2,8.828057496186245e-05,0.000341810166733852,0.9995699092582857,0.009288604420423507,9.718183946461068e-07,2.0611514717217005e-09,2.0611514717217005e-09,2.0611514717217005e-09,2.0611514717217005e-09,2.0611514717217005e-09,2.0611514717217005e-09,2.0611514717217005e-09,2.0611514717217005e-09,2.0611514717217005e-09,2.0611514717217005e-09,0.9999989867210388,2.0611514717217005e-09,2.0611514717217005e-09
6,2024-07-24,2,5.380600982293868e-05,0.0003383270661522268,0.9996078669240317,0.006837713040411472,1.0304601616439868e-09,1.0304601616439868e-09,1.0304601616439868e-09,1.0304601616439868e-09,0.00011319780605845153,1.0304601616439868e-09,1.0304601616439868e-09,1.0304601616439868e-09,0.49994340538978577,1.0304601616439868e-09,1.0304601616439868e-09,1.0304601616439868e-09,1.0304601616439868e-09,0.49994340538978577
6,2024-07-25,2,9.023202279196234e-07,0.0003851333601443866,0.9996139643196458,-0.018393719080090524,2.061153470123145e-09,2.061153470123145e-09,2.061153470123145e-09,2.061153470123145e-09,2.061153470123145e-09,2.061153470123145e-09,2.061153470123145e-09,2.061153470123145e-09,0.9999998807907104,2.061153470123145e-09,2.061153470123145e-09,2.061153470123145e-09,2.061153470123145e-09,6.917322536992287e-08
6,2024-07-26,2,1.5680593261920186e-05,0.0002520370139453358,0.9997322823927806,0.006566979943960905,2.0611398698910932e-10,0.0999993309378624,0.0999993309378624,0.0999993309378624,3.11952959464179e-07,0.0999993309378624,0.0999993309378624,0.0999993309378624,0.0999993309378624,0.0999993309378624,0.0999993309378624,2.0611398698910932e-10,0.0999993309378624,6.3767411120352335e-06
6,2024-07-29,2,7.211510715857065e-232,1.2734314549063736e-85,1.0,0.005645277588069439,6.870511937151491e-10,6.870511937151491e-10,6.870511937151491e-10,6.870511937151491e-10,0.3333333432674408,6.870511937151491e-10,6.870511937151491e-10,6.870511937151491e-10,0.3333333432674408,6.870511937151491e-10,6.870511937151491e-10,6.870511937151491e-10,6.870511937151491e-10,0.3333333432674408
6,2024-07-30,2,3.922186275085176e-11,4.1448426561189216e-07,0.9999995854765025,-0.0018929351139813661,2.061153470123145e-09,2.061153470123145e-09,2.061153470123145e-09,2.061153470123145e-09,2.061153470123145e-09,2.061153470123145e-09,2.061153470123145e-09,2.061153470123145e-09,0.9999999403953552,2.061153470123145e-09,2.061153470123145e-09,2.061153470123145e-09,2.061153470123145e-09,2.0695848590435162e-08
6,2024-07-31,2,1.627394063482387e-14,2.068496127333797e-06,0.9999979315038351,-0.008809510125219822,1.3470895510181435e-07,1.3470895510181435e-07,1.3470895510181435e-07,1.3470895510181435e-07,1.3470895510181435e-07,1.3470895510181435e-07,1.3470895510181435e-07,1.3470895510181435e-07,1.3470895510181435e-07,1.3470895510181435e-07,1.3470895510181435e-07,0.9999982714653015,1.3470895510181435e-07,1.3470895510181435e-07
6,2024-08-01,2,6.659640137702806e-09,0.007534257368344556,0.992465735972036,-0.00019697539135813712,0.5,1.030576846083875e-09,1.030576846083875e-09,1.030576846083875e-09,1.030576846083875e-09,1.030576846083875e-09,1.030576846083875e-09,1.030576846083875e-09,1.030576846083875e-09,1.030576846083875e-09,1.030576846083875e-09,0.5,1.030576846083875e-09,1.030576846083875e-09
6,2024-08-02,1,4.641281069800453e-13,0.8673722374539046,0.13262776254565967,-0.020666885688900946,0.20000000298023224,4.122307217802046e-10,4.122307217802046e-10,4.122307217802046e-10,0.20000000298023224,4.122307217802046e-10,4.122307217802046e-10,4.122307217802046e-10,0.20000000298023224,4.122307217802046e-10,4.122307217802046e-10,0.20000000298023224,4.122307217802046e-10,0.20000000298023224
6,2024-08-05,1,9.120963423300944e-252,1.0,1.907102561649422e-36,-0.017136175206303596,2.061153470123145e-09,2.061153470123145e-09,2.061153470123145e-09,2.061153470123145e-09,2.061153470123145e-09,2.061153470123145e-09,2.061153470123145e-09,2.061153470123145e-09,0.9999998807907104,2.061153470123145e-09,2.061153470123145e-09,2.061153470123145e-09,2.061153470123145e-09,6.73831479502951e-08
6,2024-08-06,1,1.0187168358650027e-154,1.0,2.072487254571305e-45,-0.008387910261938783,2.061153026033935e-09,2.061153026033935e-09,2.061153026033935e-09,2.061153026033935e-09,2.061153026033935e-09,2.061153026033935e-09,2.061153026033935e-09,2.061153026033935e-09,0.9999997019767761,2.061153026033935e-09,2.061153026033935e-09,2.061153026033935e-09,2.061153026033935e-09,2.8719060196635837e-07
6,2024-08-07,1,3.584400045520503e-49,0.9999999999959641,4.010610367331221e-12,-0.004728138506497147,2.061153470123145e-09,2.061153470123145e-09,2.061153470123145e-09,2.061153470123145e-09,2.061153470123145e-09,2.061153470123145e-09,2.061153470123145e-09,2.061153470123145e-09,0.9999998807907104,2.061153470123145e-09,2.061153470123145e-09,2.061153470123145e-09,2.061153470123145e-09,6.807595553937063e-08
6,2024-08-08,1,3.5547757716601976e-45,0.9999999999976126,2.3994816632604883e-12,-0.0035214305628091095,0.2499994933605194,5.152873683300641e-10,5.152873683300641e-10,5.152873683300641e-10,0.2499994933605194,5.152873683300641e-10,5.152873683300641e-10,5.152873683300641e-10,0.2499994933605194,5.152873683300641e-10,5.152873683300641e-10,2.046545432676794e-06,5.152873683300641e-10,0.2499994933605194
6,2024-08-09,1,3.4990086792937025e-32,0.999999993515928,6.484053969453171e-09,0.008873579873144627,2.061147696963417e-09,2.061147696963417e-09,2.061147696963417e-09,2.061147696963417e-09,2.061147696963417e-09,2.061147696963417e-09,2.061147696963417e-09,2.061147696963417e-09,0.9999971985816956,2.061147696963417e-09,2.061147696963417e-09,2.061147696963417e-09,2.061147696963417e-09,2.802768221954466e-06
6,2024-08-12,1,1.5197112409108792e-23,0.9999943162093906,5.683790600374383e-06,0.016440180552005766,0.5,1.030576846083875e-09,1.030576846083875e-09,1.030576846083875e-09,1.030576846083875e-09,1.030576846083875e-09,1.030576846083875e-09,1.030576846083875e-09,1.030576846083875e-09,1.030576846083875e-09,1.030576846083875e-09,0.5,1.030576846083875e-09,1.030576846083875e-09
6,2024-08-13,1,3.956832678408552e-19,0.9983557281791657,0.001644271820826336,0.011299129083752631,2.06115324807854e-09,2.06115324807854e-09,2.06115324807854e-09,2.06115324807854e-09,2.06115324807854e-09,2.06115324807854e-09,2.06115324807854e-09,2.06115324807854e-09,0.9999998211860657,2.06115324807854e-09,2.06115324807854e-09,2.06115324807854e-09,2.06115324807854e-09,1.527686208646628e-07
6,2024-08-14,1,2.639517306557388e-13,0.8328660122893257,0.16713398771040297,0.000987970114954065,2.061153470123145e-09,2.061153470123145e-09,2.061153470123145e-09,2.061153470123145e-09,2.061153470123145e-09,2.061153470123145e-09,2.061153470123145e-09,2.061153470123145e-09,0.9999999403953552,2.061153470123145e-09,2.061153470123145e-09,2.061153470123145e-09,2.061153470123145e-09,1.2997394271963003e-08
6,2024-08-16,2,4.9517195553061095e-12,0.007996113093469811,0.9920038869015776,0.0354716828584671,0.5,1.030576846083875e-09,1.030576846083875e-09,1.030576846083875e-09,1.030576846083875e-09,1.030576846083875e-09,1.030576846083875e-09,1.030576846083875e-09,1.030576846083875e-09,1.030576846083875e-09,1.030576846083875e-09,0.5,1.030576846083875e-09,1.030576846083875e-09
6,2024-08-19,2,2.1394907311597043e-33,0.0005615405006625735,0.9994384594993371,0.018685867500305174,2.06115324807854e-09,2.06115324807854e-09,2.06115324807854e-09,2.06115324807854e-09,2.06115324807854e-09,2.06115324807854e-09,2.06115324807854e-09,2.06115324807854e-09,0.9999998807907104,2.06115324807854e-09,2.06115324807854e-09,2.06115324807854e-09,2.06115324807854e-09,1.1645139608162935e-07
6,2024-08-20,2,4.675280100326914e-12,0.010391745876063799,0.9896082541192328,8.20781125639769e-07,2.0610833040279886e-09,3.361253038747236e-05,2.0610833040279886e-09,2.0610833040279886e-09,2.0610833040279886e-09,2.0610833040279886e-09,2.0610833040279886e-09,2.0610833040279886e-09,0.9999658465385437,2.0610833040279886e-09,2.0610833040279886e-09,2.0610833040279886e-09,2.0610833040279886e-09,5.097872417536564e-07
6,2024-08-21,2,1.0259032983495305e-11,0.044296044088981995,0.9557039559007802,-0.0038991504058241843,0.20000000298023224,4.122307217802046e-10,4.122307217802046e-10,4.122307217802046e-10,0.20000000298023224,4.122307217802046e-10,4.122307217802046e-10,4.122307217802046e-10,0.20000000298023224,4.122307217802046e-10,4.122307217802046e-10,0.20000000298023224,4.122307217802046e-10,0.20000000298023224
6,2024-08-22,2,2.0187884757265485e-11,0.054089386845091236,0.9459106131347329,-0.008987753219902516,0.5,1.030576846083875e-09,1.030576846083875e-09,1.030576846083875e-09,1.030576846083875e-09,1.030576846083875e-09,1.030576846083875e-09,1.030576846083875e-09,1.030576846083875e-09,1.030576846083875e-09,1.030576846083875e-09,0.5,1.030576846083875e-09,1.030576846083875e-09
6,2024-08-23,2,6.794080639326722e-12,0.05322680702198885,0.9467731929712322,-0.006471881221234798,2.061153470123145e-09,2.061153470123145e-09,2.061153470123145e-09,2.061153470123145e-09,2.061153470123145e-09,2.061153470123145e-09,2.061153470123145e-09,2.061153470123145e-09,1.0,2.061153470123145e-09,2.061153470123145e-09,2.061153470123145e-09,2.061153470123145e-09,2.061153470123145e-09
6,2024-08-26,2,1.1364798671715213e-10,0.03918550931140028,0.9608144905749363,0.007328431757539511,1.9274450924200437e-09,1.9274450924200437e-09,1.9274450924200437e-09,1.9274450924200437e-09,5.026461469270771e-09,1.9274450924200437e-09,1.9274450924200437e-09,1.9274450924200437e-09,0.9351292848587036,1.9274450924200437e-09,1.9274450924200437e-09,0.0648394376039505,1.9274450924200437e-09,3.124628710793331e-05
6,2024-08-28,2,1.0239533613101149e-11,0.00040723580762908404,0.9995927641821323,0.0022468234032392504,0.20000000298023224,4.122307217802046e-10,4.122307217802046e-10,4.122307217802046e-10,0.20000000298023224,4.122307217802046e-10,4.122307217802046e-10,4.122307217802046e-10,0.20000000298023224,4.122307217802046e-10,4.122307217802046e-10,0.20000000298023224,4.122307217802046e-10,0.20000000298023224
6,2024-08-29,2,2.4057867032893797e-10,0.00022339169829580784,0.9997766080611111,0.0042105815626680854,2.0347075135873638e-09,2.0347075135873638e-09,2.0347075135873638e-09,2.0347075135873638e-09,6.38005204223191e-08,2.0347075135873638e-09,2.0347075135873638e-09,2.0347075135873638e-09,0.9871692061424255,2.0347075135873638e-09,2.0347075135873638e-09,2.0347075135873638e-09,2.0347075135873638e-09,0.012830685824155807
6,2024-08-30,2,1.7583822208311147e-11,1.9667311855879396e-06,0.9999980332512464,0.02422767826616764,2.061153470123145e-09,2.061153470123145e-09,2.061153470123145e-09,2.061153470123145e-09,2.061153470123145e-09,2.061153470123145e-09,2.061153470123145e-09,2.061153470123145e-09,2.061153470123145e-09,2.061153470123145e-09,2.061153470123145e-09,1.0,2.061153470123145e-09,2.061153470123145e-09
6,2024-09-02,2,3.6406636579251545e-12,1.710945384101093e-05,0.9999828905425228,-0.0012090323001146316,6.191276935574308e-10,0.30037921667099,0.09791416674852371,9.659352429025603e-08,6.191276935574308e-10,0.0009480739827267826,0.30037921667099,0.30037921667099,6.191276935574308e-10,6.191276935574308e-10,8.294481212978155e-10,6.191276935574308e-10,6.191276935574308e-10,6.191276935574308e-10
6,2024-09-03,2,4.1690530832819313e-10,0.00011229136868852533,0.9998877082143824,-0.0012764495771378278,2.0611250484137145e-09,2.0611250484137145e-09,2.0611250484137145e-09,2.0611250484137145e-09,2.0611250484137145e-09,2.0611250484137145e-09,2.0611250484137145e-09,2.0611250484137145e-09,0.9999861121177673,2.0611250484137145e-09,2.0611250484137145e-09,2.0611250484137145e-09,2.0611250484137145e-09,1.3843660781276412e-05
6,2024-09-04,2,1.3658159606611055e-61,3.0464679768893764e-06,0.9999969535320268,-0.003261575662747964,2.061153470123145e-09,2.061153470123145e-09,2.061153470123145e-09,2.061153470123145e-09,2.061153470123145e-09,2.061153470123145e-09,2.061153470123145e-09,2.061153470123145e-09,0.9999999403953552,2.061153470123145e-09,2.061153470123145e-09,2.061153470123145e-09,2.061153470123145e-09,3.504781531660228e-08
6,2024-09-05,1,9.907085627388997e-26,0.9998014270091012,0.0001985729909179695,-0.0012894154269248246,0.20000000298023224,4.122307217802046e-10,4.122307217802046e-10,4.122307217802046e-10,0.20000000298023224,4.122307217802046e-10,4.122307217802046e-10,4.122307217802046e-10,0.20000000298023224,4.122307217802046e-10,4.122307217802046e-10,0.20000000298023224,4.122307217802046e-10,0.20000000298023224
6,2024-09-06,1,3.2327417573566595e-36,0.9999999953529368,4.6470736534023995e-09,0.005266075037419796,2.06115324807854e-09,2.06115324807854e-09,2.06115324807854e-09,2.06115324807854e-09,2.06115324807854e-09,2.06115324807854e-09,2.06115324807854e-09,2.06115324807854e-09,0.9999998211860657,2.06115324807854e-09,2.06115324807854e-09,2.06115324807854e-09,2.06115324807854e-09,1.4221632227418013e-07
6,2024-09-09,1,9.829871064939205e-29,0.9999999553575672,4.464241290043154e-08,-0.0003539519235491752,0.20000000298023224,4.122307217802046e-10,4.122307217802046e-10,4.122307217802046e-10,0.20000000298023224,4.122307217802046e-10,4.122307217802046e-10,4.122307217802046e-10,0.20000000298023224,4.122307217802046e-10,4.122307217802046e-10,0.20000000298023224,4.122307217802046e-10,0.20000000298023224
6,2024-09-10,1,1.1979132909535328e-21,0.9999973659743107,2.6340256890356673e-06,-0.004834593772888184,0.5,1.030576846083875e-09,1.030576846083875e-09,1.030576846083875e-09,1.030576846083875e-09,1.030576846083875e-09,1.030576846083875e-09,1.030576846083875e-09,1.030576846083875e-09,1.030576846083875e-09,1.030576846083875e-09,0.5,1.030576846083875e-09,1.030576846083875e-09
6,2024-09-11,1,1.4180221331821214e-23,0.9999975188129696,2.481187038616918e-06,-0.007301929880678654,1.870015808869141e-10,0.09072665870189667,0.09072665870189667,0.09072665870189667,0.09072665870189667,0.09072665870189667,0.09072665870189667,0.09072665870189667,0.09072665870189667,0.09072665870189667,0.002006778959184885,1.870015808869141e-10,0.09072665870189667,0.09072665870189667
6,2024-09-12,1,2.3000477582545845e-15,0.9996948959921669,0.0003051040078543276,0.019008647140860556,2.061153470123145e-09,2.726270764696892e-09,2.061153470123145e-09,2.061153470123145e-09,2.061153470123145e-09,2.061153470123145e-09,2.061153470123145e-09,2.061153470123145e-09,2.061153470123145e-09,2.061153470123145e-09,2.061153470123145e-09,1.0,2.061153470123145e-09,2.061153470123145e-09
6,2024-09-13,1,1.609570824098501e-15,0.999892290306214,0.00010770969380721114,0.017314519223570822,2.061153470123145e-09,2.061153470123145e-09,2.061153470123145e-09,2.061153470123145e-09,2.061153470123145e-09,2.061153470123145e-09,2.061153470123145e-09,2.061153470123145e-09,0.9999998807907104,2.061153470123145e-09,2.061153470123145e-09,2.061153470123145e-09,2.061153470123145e-09,7.671176405210645e-08
6,2024-09-19,1,1.2089821642962895e-17,0.9999181159415125,8.188405851466882e-05,0.012075134879350663,1.8737759954756683e-10,1.8737759954756683e-10,0.09090909361839294,0.09090909361839294,0.09090909361839294,0.09090909361839294,0.09090909361839294,0.09090909361839294,0.09090909361839294,0.09090909361839294,0.09090909361839294,1.8737759954756683e-10,0.09090909361839294,0.09090909361839294
6,2024-09-20,1,2.886167159854418e-13,0.9996997880299531,0.00030021196975560637,0.005090059031546116,4.122006902473885e-10,4.122006902473885e-10,4.122006902473885e-10,4.122006902473885e-10,0.19998542964458466,4.122006902473885e-10,5.51009009086556e-07,0.19998542964458466,0.19998542964458466,7.231179188238457e-05,4.122006902473885e-10,4.122006902473885e-10,0.19998542964458466,0.19998542964458466
6,2024-09-23,1,7.432486031619161e-16,0.9998332718813748,0.00016672811863752214,0.005939840242266655,0.20000000298023224,4.122307217802046e-10,4.122307217802046e-10,4.122307217802046e-10,0.20000000298023224,4.122307217802046e-10,4.122307217802046e-10,4.122307217802046e-10,0.20000000298023224,4.122307217802046e-10,4.122307217802046e-10,0.20000000298023224,4.122307217802046e-10,0.20000000298023224
6,2024-09-24,1,1.4805270398024175e-18,0.9999430104869064,5.698951311248835e-05,0.012802126318216324,0.5,1.030576846083875e-09,1.030576846083875e-09,1.030576846083875e-09,1.030576846083875e-09,1.030576846083875e-09,1.030576846083875e-09,1.030576846083875e-09,1.030576846083875e-09,1.030576846083875e-09,1.030576846083875e-09,0.5,1.030576846083875e-09,1.030576846083875e-09
6,2024-09-25,1,1.6308048885273938e-25,0.9999939644086128,6.03559139768942e-06,0.009883722712099552,2.061153470123145e-09,2.061153470123145e-09,2.061153470123145e-09,2.061153470123145e-09,2.061153470123145e-09,2.061153470123145e-09,2.061153470123145e-09,2.061153470123145e-09,0.9999998807907104,2.061153470123145e-09,2.061153470123145e-09,2.061153470123145e-09,2.061153470123145e-09,6.726067880435949e-08
6,2024-09-26,1,7.417659196123986e-32,0.9999999164120971,8.358792958539755e-08,0.034757826191186905,0.4997667968273163,1.0300961195142122e-09,1.0300961195142122e-09,1.0300961195142122e-09,1.0300961195142122e-09,1.0300961195142122e-09,1.0300961195142122e-09,1.0300961195142122e-09,0.0004663942672777921,1.0300961195142122e-09,1.0300961195142122e-09,0.4997667968273163,1.0300961195142122e-09,1.0300961195142122e-09
6,2024-09-27,1,1.6799530961977784e-28,0.9999999359525893,6.404739258027557e-08,-0.0190353600661183,0.5,1.030576846083875e-09,1.030576846083875e-09,1.030576846083875e-09,1.030576846083875e-09,1.030576846083875e-09,1.030576846083875e-09,1.030576846083875e-09,1.030576846083875e-09,1.030576846083875e-09,1.030576846083875e-09,0.5,1.030576846083875e-09,1.030576846083875e-09
6,2024-09-30,1,6.698450933689559e-29,0.999999940756938,5.9243048853607066e-08,-0.001113378448691219,4.639684902940644e-06,6.870480295795289e-10,6.870480295795289e-10,6.870480295795289e-10,0.33333179354667664,6.870480295795289e-10,6.870480295795289e-10,6.870480295795289e-10,0.33333179354667664,6.870480295795289e-10,6.870480295795289e-10,6.870480295795289e-10,6.870480295795289e-10,0.33333179354667664
6,2024-10-02,1,3.324433386524975e-31,0.9999999783375417,2.166244355722343e-08,-0.004198140308260918,2.061153470123145e-09,2.061153470123145e-09,2.061153470123145e-09,2.061153470123145e-09,2.061153470123145e-09,2.061153470123145e-09,2.061153470123145e-09,2.061153470123145e-09,0.9999998807907104,2.061153470123145e-09,2.061153470123145e-09,2.061153470123145e-09,2.061153470123145e-09,6.649812434034175e-08
6,2024-10-04,1,1.6369318034166324e-30,0.9999999772244907,2.2775528094770215e-08,0.01695053787231445,0.5,1.030576846083875e-09,1.030576846083875e-09,1.030576846083875e-09,1.030576846083875e-09,1.030576846083875e-09,1.030576846083875e-09,1.030576846083875e-09,1.030576846083875e-09,1.030576846083875e-09,1.030576846083875e-09,0.5,1.030576846083875e-09,1.030576846083875e-09
6,2024-10-07,1,2.1871858777779973e-28,0.9999999371470969,6.285290109234757e-08,-0.009536549958586693,2.061153470123145e-09,2.061153470123145e-09,2.061153470123145e-09,2.061153470123145e-09,2.061153470123145e-09,2.061153470123145e-09,2.061153470123145e-09,2.061153470123145e-09,0.9999998807907104,2.061153470123145e-09,2.061153470123145e-09,2.061153470123145e-09,2.061153470123145e-09,7.739984653198917e-08
6,2024-10-08,1,8.282291703754088e-30,0.9999999580115864,4.198840144634314e-08,-0.008428526620566845,0.5,1.030576846083875e-09,1.030576846083875e-09,1.030576846083875e-09,1.030576846083875e-09,1.030576846083875e-09,1.030576846083875e-09,1.030576846083875e-09,1.030576846083875e-09,1.030576846083875e-09,1.030576846083875e-09,0.5,1.030576846083875e-09,1.030576846083875e-09
6,2024-10-10,1,1.2256862182210377e-19,0.999985142563429,1.4857436583201423e-05,0.0075815217569470406,0.5,1.030576846083875e-09,1.030576846083875e-09,1.030576846083875e-09,1.030576846083875e-09,1.030576846083875e-09,1.030576846083875e-09,1.030576846083875e-09,1.030576846083875e-09,1.030576846083875e-09,1.030576846083875e-09,0.5,1.030576846083875e-09,1.030576846083875e-09
6,2024-10-11,1,7.432195733874434e-16,0.9999376365939349,6.236340608756639e-05,0.009641059164702892,2.061153026033935e-09,2.061153026033935e-09,2.061153026033935e-09,2.061153026033935e-09,2.061153026033935e-09,2.061153026033935e-09,2.061153026033935e-09,2.061153026033935e-09,0.9999997019767761,2.061153026033935e-09,2.061153026033935e-09,2.061153026033935e-09,2.061153026033935e-09,2.8149500508334313e-07
6,2024-10-14,1,8.208458322401964e-16,0.9999358248220375,6.417517796267613e-05,0.00768464551292127,2.0574020265229365e-09,2.0574020265229365e-09,2.0574020265229365e-09,2.0574020265229365e-09,1.1488643281154509e-07,2.0574020265229365e-09,2.0574020265229365e-09,2.0574020265229365e-09,0.9981798529624939,2.0574020265229365e-09,2.0574020265229365e-09,2.0574020265229365e-09,2.0574020265229365e-09,0.001819991390220821
6,2024-10-15,1,6.025499183201484e-14,0.9998678611415401,0.00013213885842640978,0.025183801978826522,2.061153470123145e-09,2.061153470123145e-09,2.061153470123145e-09,2.061153470123145e-09,2.061153470123145e-09,2.061153470123145e-09,2.061153470123145e-09,2.061153470123145e-09,2.061153470123145e-09,2.061153470123145e-09,2.061153470123145e-09,1.0,2.061153470123145e-09,2.061153470123145e-09
6,2024-10-16,1,4.0776213532950794e-16,0.9998668411774227,0.00013315882258364462,-0.01847609437406063,0.5,1.030576846083875e-09,1.030576846083875e-09,1.030576846083875e-09,1.030576846083875e-09,1.030576846083875e-09,1.030576846083875e-09,1.030576846083875e-09,1.030576846083875e-09,1.030576846083875e-09,1.030576846083875e-09,0.5,1.030576846083875e-09,1.030576846083875e-09
6,2024-10-17,1,1.6639016291587437e-13,0.9997743996150457,0.00022560038478753946,0.002444124188274145,9.804206456465181e-06,9.804206456465181e-06,9.804206456465181e-06,9.804206456465181e-06,9.804206456465181e-06,9.804206456465181e-06,9.804206456465181e-06,9.804206456465181e-06,0.9998692274093628,9.804206456465181e-06,9.804206456465181e-06,1.3115575711708516e-05,9.804206456465181e-06,9.804206456465181e-06
6,2024-10-18,1,9.571042603967942e-13,0.9996995129520808,0.0003004870469875065,0.003804792832583189,2.061153470123145e-09,2.061153470123145e-09,2.061153470123145e-09,2.061153470123145e-09,2.061153470123145e-09,2.061153470123145e-09,2.061153470123145e-09,2.061153470123145e-09,2.061153470123145e-09,2.061153470123145e-09,2.061153470123145e-09,1.0,2.061153470123145e-09,2.061153470123145e-09
6,2024-10-21,1,1.0967828717393173e-13,0.9997215852072795,0.00027841479262279535,0.015519460663199425,2.061153470123145e-09,2.061153470123145e-09,2.061153470123145e-09,2.061153470123145e-09,2.061153470123145e-09,2.061153470123145e-09,2.061153470123145e-09,2.061153470123145e-09,2.061153470123145e-09,2.061153470123145e-09,2.061153470123145e-09,1.0,2.061153470123145e-09,2.061153470123145e-09
6,2024-10-22,1,4.0011765853164044e-17,0.99980084642256,0.00019915357744346848,-0.0022381671445444225,6.870511937151491e-10,6.870511937151491e-10,6.870511937151491e-10,6.870511937151491e-10,0.3333333432674408,6.870511937151491e-10,6.870511937151491e-10,6.870511937151491e-10,0.3333333432674408,6.870511937151491e-10,6.870511937151491e-10,6.870511937151491e-10,6.870511937151491e-10,0.3333333432674408
6,2024-10-23,1,4.795452467578092e-15,0.9999029915089911,9.700849099195661e-05,0.005462383093684912,2.06115324807854e-09,2.06115324807854e-09,2.06115324807854e-09,2.06115324807854e-09,2.06115324807854e-09,2.06115324807854e-09,2.06115324807854e-09,2.06115324807854e-09,0.9999998211860657,2.06115324807854e-09,2.06115324807854e-09,2.06115324807854e-09,2.06115324807854e-09,1.477950064554534e-07
6,2024-10-24,1,1.1947774291857603e-17,0.999946572433054,5.342756692616931e-05,-0.007741581191122532,0.3330642282962799,0.3330642282962799,8.024127964745276e-06,0.0003012881497852504,6.864965262920464e-10,3.237065811845241e-06,6.864965262920464e-10,6.864965262920464e-10,6.864965262920464e-10,6.864965262920464e-10,0.0004947612178511918,0.3330642282962799,6.864965262920464e-10,6.864965262920464e-10
6,2024-10-25,1,5.658647441785203e-17,0.9999644303927115,3.556960729675378e-05,-0.0023963784594088792,2.0609269846261213e-09,2.0609269846261213e-09,2.0609269846261213e-09,2.0609269846261213e-09,2.0609269846261213e-09,2.0609269846261213e-09,2.0609269846261213e-09,2.0609269846261213e-09,0.9998900890350342,2.0609269846261213e-09,2.0609269846261213e-09,2.0609269846261213e-09,2.0609269846261213e-09,0.00010990228474838659
6,2024-10-28,1,3.962660870719184e-16,0.9999498208964495,5.017910355030248e-05,0.005084459322179464,2.061153470123145e-09,2.061153470123145e-09,2.061153470123145e-09,2.061153470123145e-09,2.061153470123145e-09,2.061153470123145e-09,2.061153470123145e-09,2.061153470123145e-09,0.9999998807907104,2.061153470123145e-09,2.061153470123145e-09,2.061153470123145e-09,2.061153470123145e-09,6.738211766332824e-08
6,2024-10-29,1,1.60738918440893e-14,0.9998865082044779,0.00011349179548669223,0.003866055610612966,2.058953008088338e-09,2.058953008088338e-09,2.058953008088338e-09,2.058953008088338e-09,1.677287819745743e-08,2.058953008088338e-09,2.058953008088338e-09,2.058953008088338e-09,0.9989323019981384,2.058953008088338e-09,2.058953008088338e-09,2.058953008088338e-09,2.058953008088338e-09,0.00106766726821661
6,2024-10-31,1,1.8524802875022526e-20,0.999800118812098,0.00019988118788888583,-0.017186681318283083,2.061153470123145e-09,2.061153470123145e-09,2.061153470123145e-09,2.061153470123145e-09,2.061153470123145e-09,2.061153470123145e-09,2.061153470123145e-09,2.061153470123145e-09,2.061153470123145e-09,2.061153470123145e-09,2.061153470123145e-09,1.0,2.061153470123145e-09,2.061153470123145e-09
6,2024-11-01,1,1.661540153088746e-18,0.9989566202635799,0.001043379736442058,-0.013309714893996715,2.0610775308682605e-09,2.0610775308682605e-09,2.0610775308682605e-09,2.0610775308682605e-09,2.0610775308682605e-09,2.0610775308682605e-09,2.0610775308682605e-09,2.0610775308682605e-09,0.9999630451202393,2.0610775308682605e-09,2.0610775308682605e-09,2.0610775308682605e-09,2.0610775308682605e-09,3.6936213291483e-05
6,2024-11-04,1,3.2248642163208467e-16,0.9712429870878458,0.02875701291215457,0.03500120849609375,0.5,1.030576846083875e-09,1.030576846083875e-09,1.030576846083875e-09,1.030576846083875e-09,1.030576846083875e-09,1.030576846083875e-09,1.030576846083875e-09,1.030576846083875e-09,1.030576846083875e-09,1.030576846083875e-09,0.5,1.030576846083875e-09,1.030576846083875e-09
6,2024-11-06,2,3.032916597383796e-11,0.17339467545648518,0.8266053245131733,-0.013853018172085285,0.5,1.030576846083875e-09,1.030576846083875e-09,1.030576846083875e-09,1.030576846083875e-09,1.030576846083875e-09,1.030576846083875e-09,1.030576846083875e-09,1.030576846083875e-09,1.030576846083875e-09,1.030576846083875e-09,0.5,1.030576846083875e-09,1.030576846083875e-09
6,2024-11-07,2,5.80485348558804e-09,0.04495523389808792,0.9550447602970832,-0.01129011207818985,0.20000000298023224,4.122307217802046e-10,4.122307217802046e-10,4.122307217802046e-10,0.20000000298023224,4.122307217802046e-10,4.122307217802046e-10,4.122307217802046e-10,0.20000000298023224,4.122307217802046e-10,4.122307217802046e-10,0.20000000298023224,4.122307217802046e-10,0.20000000298023224
6,2024-11-08,2,9.672470457870313e-09,0.010859263255674838,0.9891407270718623,0.01141298112422228,2.0611523599001202e-09,2.0611523599001202e-09,2.0611523599001202e-09,2.0611523599001202e-09,2.0611523599001202e-09,2.0611523599001202e-09,2.0611523599001202e-09,2.0611523599001202e-09,0.9999993443489075,2.0611523599001202e-09,2.0611523599001202e-09,2.0611523599001202e-09,2.0611523599001202e-09,6.289652674240642e-07
6,2024-11-11,2,3.407375331784258e-14,0.009088134057386439,0.9909118659426004,-0.005502924971415269,2.061153470123145e-09,2.061153470123145e-09,2.061153470123145e-09,2.061153470123145e-09,2.061153470123145e-09,2.061153470123145e-09,2.061153470123145e-09,2.061153470123145e-09,0.9999999403953552,2.061153470123145e-09,2.061153470123145e-09,2.061153470123145e-09,2.061153470123145e-09,7.198250440154652e-09
6,2024-11-12,2,2.3265245684148778e-20,0.03583298723831493,0.9641670127616787,-0.017916006061434744,1.7176279842878728e-10,0.0833333358168602,0.0833333358168602,0.0833333358168602,0.0833333358168602,0.0833333358168602,0.0833333358168602,0.0833333358168602,0.0833333358168602,0.0833333358168602,0.0833333358168602,1.7176279842878728e-10,0.0833333358168602,0.0833333358168602
6,2024-11-13,1,2.7632384412039347e-30,0.7479403223290606,0.25205967767092713,-0.0015324759371578693,2.061153470123145e-09,2.061153470123145e-09,2.061153470123145e-09,2.061153470123145e-09,2.061153470123145e-09,2.061153470123145e-09,2.061153470123145e-09,2.061153470123145e-09,0.9999998807907104,2.061153470123145e-09,2.061153470123145e-09,2.061153470123145e-09,2.061153470123145e-09,9.165758996232398e-08
6,2024-11-14,1,6.910172771409627e-17,0.7878843829572936,0.21211561704270168,0.0005563114739954471,1.7857363365791912e-09,1.7857363365791912e-09,1.7857363365791912e-09,1.7857363365791912e-09,1.7857363365791912e-09,1.7857363365791912e-09,1.7857363365791912e-09,1.7857363365791912e-09,0.13362285494804382,1.7857363365791912e-09,1.7857363365791912e-09,0.8663771152496338,1.7857363365791912e-09,1.7857363365791912e-09
6,2024-11-15,1,7.166245480491052e-13,0.7345098322462241,0.2654901677530771,0.003456617591530085,3.362637945869551e-10,3.362637945869551e-10,3.362637945869551e-10,3.362637945869551e-10,0.16314348578453064,3.362637945869551e-10,0.021139100193977356,0.16314348578453064,0.16314348578453064,0.16314348578453064,3.362637945869551e-10,3.362637945869551e-10,0.16314348578453064,0.16314348578453064
6,2024-11-18,1,6.117224406387951e-11,0.6055554952774336,0.3944445046613683,0.011225012761354446,2.06115324807854e-09,2.06115324807854e-09,2.06115324807854e-09,2.06115324807854e-09,2.06115324807854e-09,2.06115324807854e-09,2.06115324807854e-09,2.06115324807854e-09,0.9999998211860657,2.06115324807854e-09,2.06115324807854e-09,2.06115324807854e-09,2.06115324807854e-09,1.282197956697928e-07
6,2024-11-19,2,2.9833682592188407e-09,0.28037433631647424,0.7196256607001341,-0.025858717530965806,2.061153470123145e-09,2.061153470123145e-09,2.061153470123145e-09,2.061153470123145e-09,2.061153470123145e-09,2.061153470123145e-09,2.061153470123145e-09,2.061153470123145e-09,2.061153470123145e-09,2.061153470123145e-09,2.061153470123145e-09,1.0,2.061153470123145e-09,2.061153470123145e-09
6,2024-11-20,2,1.0826258437295527e-08,0.1799495140503145,0.8200504751233998,-0.009407879276532959,1.0902297020720653e-07,1.0902297020720653e-07,1.0902297020720653e-07,1.0902297020720653e-07,1.0902297020720653e-07,1.0902297020720653e-07,1.0902297020720653e-07,1.0902297020720653e-07,1.0902297020720653e-07,1.0902297020720653e-07,1.0902297020720653e-07,0.9999985694885254,1.0902297020720653e-07,1.0902297020720653e-07
6,2024-11-21,2,8.232741646412262e-08,0.06747326256345276,0.9325266551091344,0.0053941177487373355,0.017483804374933243,0.7727105617523193,0.017483804374933243,0.017483804374933243,0.017483804374933243,0.017483804374933243,0.017483804374933243,0.017483804374933243,0.017483804374933243,0.017483804374933243,0.017483804374933243,0.017483804374933243,0.017483804374933243,0.017483804374933243
6,2024-11-22,2,5.581795282908418e-08,0.009257610582156994,0.9907423335999008,0.008913384163379669,2.061153470123145e-09,2.061153470123145e-09,2.061153470123145e-09,2.061153470123145e-09,2.061153470123145e-09,2.061153470123145e-09,2.061153470123145e-09,2.061153470123145e-09,1.0,2.061153470123145e-09,2.061153470123145e-09,2.061153470123145e-09,2.061153470123145e-09,2.061153470123145e-09
6,2024-11-25,2,2.6846390914256745e-07,0.0018253919788725655,0.9981743395572302,0.009053479370474815,2.061153470123145e-09,0.9999999403953552,2.061153470123145e-09,2.061153470123145e-09,2.061153470123145e-09,2.061153470123145e-09,2.061153470123145e-09,2.061153470123145e-09,2.061153470123145e-09,2.061153470123145e-09,2.061153470123145e-09,6.125632445730389e-09,2.061153470123145e-09,2.061153470123145e-09
6,2024-11-26,2,3.475758810413102e-06,0.000738346022749626,0.9992581782184553,-0.0173679446130991,2.061153470123145e-09,2.061153470123145e-09,2.061153470123145e-09,2.061153470123145e-09,2.061153470123145e-09,2.061153470123145e-09,2.061153470123145e-09,2.061153470123145e-09,0.9999999403953552,2.061153470123145e-09,2.061153470123145e-09,2.061153470123145e-09,2.061153470123145e-09,5.772241351564844e-08
6,2024-11-27,2,3.660698466967053e-12,1.7901992487124911e-06,0.9999982097970809,-0.013336323711276054,0.5,1.030576846083875e-09,1.030576846083875e-09,1.030576846083875e-09,1.030576846083875e-09,1.030576846083875e-09,1.030576846083875e-09,1.030576846083875e-09,1.030576846083875e-09,1.030576846083875e-09,1.030576846083875e-09,0.5,1.030576846083875e-09,1.030576846083875e-09
6,2024-11-28,2,3.787658452989797e-05,0.00023887602096900936,0.9997232473944976,-0.004010161331668496,2.059650894281617e-09,2.059650894281617e-09,2.059650894281617e-09,2.059650894281617e-09,2.059650894281617e-09,2.059650894281617e-09,2.059650894281617e-09,2.059650894281617e-09,0.9992709755897522,2.059650894281617e-09,2.059650894281617e-09,0.0007290201028808951,2.059650894281617e-09,2.059650894281617e-09
6,2024-11-29,2,9.023811339116044e-08,0.0003572272065262893,0.9996426825553854,0.005315148343890906,3.42649075779633e-10,0.16624140739440918,3.42649075779633e-10,3.42649075779633e-10,0.16624140739440918,3.42649075779633e-10,0.0025515726301819086,0.16624140739440918,0.16624140739440918,4.4949208799494045e-09,3.42649075779633e-10,3.42649075779633e-10,0.16624140739440918,0.16624140739440918
6,2024-12-02,2,9.64862484603062e-12,0.00012654581221516073,0.9998734541781092,0.01299489248394966,2.061153470123145e-09,1.0,2.061153470123145e-09,2.061153470123145e-09,2.061153470123145e-09,2.061153470123145e-09,2.061153470123145e-09,2.061153470123145e-09,2.061153470123145e-09,2.061153470123145e-09,2.061153470123145e-09,2.061153470123145e-09,2.061153470123145e-09,2.061153470123145e-09
6,2024-12-03,2,2.3985783071603385e-09,1.747847910610361e-05,0.999982519122338,0.004060983613878489,1.1249886577857637e-09,1.1249886577857637e-09,1.1249886577857637e-09,1.1249886577857637e-09,2.706170107558137e-06,1.1249886577857637e-09,1.1249886577857637e-09,1.1249886577857637e-09,0.5458053350448608,1.1249886577857637e-09,1.1249886577857637e-09,1.1249886577857637e-09,1.1249886577857637e-09,0.4541919231414795
6,2024-12-04,2,4.7026717682117435e-31,8.594281133705012e-07,0.9999991405718729,-0.00013627223191077175,2.0611454765173676e-09,2.0611454765173676e-09,2.0611454765173676e-09,2.0611454765173676e-09,2.0611454765173676e-09,2.0611454765173676e-09,2.0611454765173676e-09,2.0611454765173676e-09,0.9999961256980896,2.0611454765173676e-09,2.0611454765173676e-09,2.0611454765173676e-09,2.0611454765173676e-09,3.875589754898101e-06
6,2024-12-05,2,4.305108997910841e-10,0.08551013279106687,0.9144898667784371,0.0006196120638174761,2.061153026033935e-09,2.061153026033935e-09,2.061153026033935e-09,2.061153026033935e-09,2.061153026033935e-09,2.061153026033935e-09,2.061153026033935e-09,2.061153026033935e-09,0.9999997615814209,2.061153026033935e-09,2.061153026033935e-09,2.061153026033935e-09,2.061153026033935e-09,2.1658364346421877e-07
6,2024-12-06,2,7.456602871297766e-17,0.13464771522615057,0.8653522847738502,-0.014674461024999618,0.5,1.030576846083875e-09,1.030576846083875e-09,1.030576846083875e-09,1.030576846083875e-09,1.030576846083875e-09,1.030576846083875e-09,1.030576846083875e-09,1.030576846083875e-09,1.030576846083875e-09,1.030576846083875e-09,0.5,1.030576846083875e-09,1.030576846083875e-09
6,2024-12-09,2,5.561589992564728e-20,0.16381692354473987,0.8361830764552642,-0.014414935871958733,0.20000000298023224,4.122307217802046e-10,4.122307217802046e-10,4.122307217802046e-10,0.20000000298023224,4.122307217802046e-10,4.122307217802046e-10,4.122307217802046e-10,0.20000000298023224,4.122307217802046e-10,4.122307217802046e-10,0.20000000298023224,4.122307217802046e-10,0.20000000298023224
6,2024-12-10,2,1.9140520783676893e-12,0.13481367486927762,0.8651863251287901,0.056431995648145675,2.061153470123145e-09,2.061153470123145e-09,2.061153470123145e-09,2.061153470123145e-09,2.061153470123145e-09,2.061153470123145e-09,2.061153470123145e-09,2.061153470123145e-09,2.061153470123145e-09,2.061153470123145e-09,2.061153470123145e-09,1.0,2.061153470123145e-09,2.061153470123145e-09
6,2024-12-11,2,4.4284540580672426e-10,0.08685312076968478,0.9131468787874444,0.012693969041109084,0.4849412739276886,1.0616151291387155e-09,1.0616151291387155e-09,1.0616151291387155e-09,1.0616151291387155e-09,1.0616151291387155e-09,1.0616151291387155e-09,1.0616151291387155e-09,1.0616151291387155e-09,1.0616151291387155e-09,1.0616151291387155e-09,0.515058696269989,1.0616151291387155e-09,1.0616151291387155e-09
6,2024-12-12,2,9.663043974710391e-09,0.04312270643393278,0.9568772839030019,0.006127116656303406,1.7176279842878728e-10,0.0833333358168602,0.0833333358168602,0.0833333358168602,0.0833333358168602,0.0833333358168602,0.0833333358168602,0.0833333358168602,0.0833333358168602,0.0833333358168602,0.0833333358168602,1.7176279842878728e-10,0.0833333358168602,0.0833333358168602
6,2024-12-13,2,7.151745447779526e-08,0.017009291931051485,0.9829906365515221,-0.016056797420978545,2.06115324807854e-09,2.06115324807854e-09,2.06115324807854e-09,2.06115324807854e-09,2.06115324807854e-09,2.06115324807854e-09,2.06115324807854e-09,2.06115324807854e-09,0.9999997615814209,2.06115324807854e-09,2.06115324807854e-09,2.06115324807854e-09,2.06115324807854e-09,2.0488194252266112e-07
6,2024-12-16,2,2.0432997910146313e-08,0.0013297616871717009,0.9986702178798336,-0.011697896999586373,4.4976076196689974e-07,0.0037302395794540644,4.4976076196689974e-07,4.4976076196689974e-07,4.4976076196689974e-07,4.4976076196689974e-07,4.4976076196689974e-07,4.4976076196689974e-07,0.9962643384933472,4.4976076196689974e-07,4.4976076196689974e-07,4.4976076196689974e-07,4.4976076196689974e-07,4.4976076196689974e-07
6,2024-12-17,2,2.9889096619971677e-12,3.229296471524028e-05,0.9999677070322877,-0.01473634207546711,1.030576846083875e-09,0.5,1.030576846083875e-09,1.030576846083875e-09,1.030576846083875e-09,1.030576846083875e-09,1.030576846083875e-09,1.030576846083875e-09,1.030576846083875e-09,1.030576846083875e-09,1.030576846083875e-09,0.5,1.030576846083875e-09,1.030576846083875e-09
6,2024-12-18,2,1.7252337406704352e-05,0.004959989654071449,0.9950227580085151,-0.0011949829493649302,0.00024387383018620312,0.00024387383018620312,0.00024387383018620312,0.00024387383018620312,0.00024387383018620312,0.00024387383018620312,0.00024387383018620312,0.00024387383018620312,0.9964149594306946,0.00024387383018620312,0.00024387383018620312,0.0006585679948329926,0.00024387383018620312,0.00024387383018620312
6,2024-12-19,2,1.3171223448091083e-09,0.01472951964028842,0.9852704790425795,-0.015345036788261495,2.061153470123145e-09,2.061153470123145e-09,2.061153470123145e-09,2.061153470123145e-09,2.061153470123145e-09,2.061153470123145e-09,2.061153470123145e-09,2.061153470123145e-09,0.9999998807907104,2.061153470123145e-09,2.061153470123145e-09,2.061153470123145e-09,2.061153470123145e-09,6.911961492050978e-08
6,2024-12-20,2,9.877287585143676e-16,0.020797815763445728,0.9792021842365499,-0.003146089457720518,6.870511937151491e-10,6.870511937151491e-10,6.870511937151491e-10,6.870511937151491e-10,0.3333333432674408,6.870511937151491e-10,6.870511937151491e-10,6.870511937151491e-10,0.3333333432674408,6.870511937151491e-10,6.870511937151491e-10,6.870511937151491e-10,6.870511937151491e-10,0.3333333432674408
6,2024-12-23,2,4.327625026289276e-10,0.02972431144292936,0.9702756881242961,0.010760354679822922,2.0452644022839195e-09,2.0452644022839195e-09,2.0452644022839195e-09,2.0452644022839195e-09,5.015186488321888e-08,2.0452644022839195e-09,2.0452644022839195e-09,2.0452644022839195e-09,0.9922910332679749,2.0452644022839195e-09,2.0452644022839195e-09,2.0452644022839195e-09,2.0452644022839195e-09,0.007708864752203226
6,2024-12-24,2,6.031390637437731e-09,0.08445689459049868,0.9155430993780954,-0.00408073069807142,2.061153470123145e-09,2.061153470123145e-09,2.061153470123145e-09,2.061153470123145e-09,2.061153470123145e-09,2.061153470123145e-09,2.061153470123145e-09,2.061153470123145e-09,1.0,2.061153470123145e-09,2.061153470123145e-09,2.061153470123145e-09,2.061153470123145e-09,2.061153470123145e-09
6,2024-12-26,2,2.696767189592343e-11,0.1301995130952326,0.8698004868778253,-0.0010349972473457456,1.8737759954756683e-10,1.8737759954756683e-10,0.09090909361839294,0.09090909361839294,0.09090909361839294,0.09090909361839294,0.09090909361839294,0.09090909361839294,0.09090909361839294,0.09090909361839294,0.09090909361839294,1.8737759954756683e-10,0.09090909361839294,0.09090909361839294
6,2024-12-27,2,1.0560642616058372e-11,0.1789456198736888,0.8210543801157526,0.0028542194448411464,2.061153470123145e-09,2.061153470123145e-09,2.061153470123145e-09,2.061153470123145e-09,2.061153470123145e-09,2.061153470123145e-09,2.061153470123145e-09,2.061153470123145e-09,1.0,2.061153470123145e-09,2.061153470123145e-09,2.061153470123145e-09,2.061153470123145e-09,2.061153470123145e-09
6,2024-12-30,2,1.2503541506416824e-10,0.20567032872133656,0.7943296711536213,0.032598198813199995,2.061153470123145e-09,2.061153470123145e-09,2.061153470123145e-09,2.061153470123145e-09,2.061153470123145e-09,2.061153470123145e-09,2.061153470123145e-09,2.061153470123145e-09,2.061153470123145e-09,2.061153470123145e-09,2.061153470123145e-09,1.0,2.061153470123145e-09,2.061153470123145e-09
7,2025-01-02,0,1.0,4.829069954484911e-258,2.8516309061055784e-31,-0.012814514157176018,2.061153470123145e-09,2.061153470123145e-09,2.061153470123145e-09,2.061153470123145e-09,2.061153470123145e-09,2.061153470123145e-09,2.061153470123145e-09,2.061153470123145e-09,2.061153470123145e-09,2.061153470123145e-09,2.061153470123145e-09,1.0,2.061153470123145e-09,2.061153470123145e-09
7,2025-01-03,0,0.9880006436830174,1.6945077411472374e-11,0.011999356300043854,0.009650321167707443,2.0611490292310464e-09,2.0611490292310464e-09,2.0611490292310464e-09,2.0611490292310464e-09,2.0611490292310464e-09,2.0611490292310464e-09,2.0611490292310464e-09,2.0611490292310464e-09,0.9999977946281433,2.0611490292310464e-09,2.0611490292310464e-09,2.0611490292310464e-09,2.0611490292310464e-09,2.184428922191728e-06
7,2025-01-06,0,0.9815992984438637,3.909929892277461e-14,0.01840070155611871,-0.010888266095611334,2.061153470123145e-09,5.81209036454311e-09,2.061153470123145e-09,2.061153470123145e-09,2.061153470123145e-09,2.061153470123145e-09,2.061153470123145e-09,2.061153470123145e-09,0.9999999403953552,2.061153470123145e-09,2.061153470123145e-09,2.061153470123145e-09,2.061153470123145e-09,2.061153470123145e-09
7,2025-01-07,0,0.9799089358573558,2.817757001963428e-11,0.020091064114442933,0.0028108805030584334,0.20000000298023224,4.122307217802046e-10,4.122307217802046e-10,4.122307217802046e-10,0.20000000298023224,4.122307217802046e-10,4.122307217802046e-10,4.122307217802046e-10,0.20000000298023224,4.122307217802046e-10,4.122307217802046e-10,0.20000000298023224,4.122307217802046e-10,0.20000000298023224
7,2025-01-08,0,0.9801882417576424,1.3426254493278321e-11,0.019811758228958323,0.0009085931017994881,2.061153470123145e-09,1.0,2.061153470123145e-09,2.061153470123145e-09,2.061153470123145e-09,2.061153470123145e-09,2.061153470123145e-09,2.061153470123145e-09,2.061153470123145e-09,2.061153470123145e-09,2.061153470123145e-09,2.061153470123145e-09,2.061153470123145e-09,2.061153470123145e-09
7,2025-01-09,0,0.9830738148787218,1.9498192561225422e-10,0.016926184926286537,0.003721701868623495,2.061153470123145e-09,1.9911963633489904e-08,2.061153470123145e-09,2.061153470123145e-09,2.061153470123145e-09,2.061153470123145e-09,2.061153470123145e-09,2.061153470123145e-09,0.9999999403953552,2.061153470123145e-09,2.061153470123145e-09,2.061153470123145e-09,2.061153470123145e-09,2.061153470123145e-09
7,2025-01-10,0,0.9870792094124817,6.044577124663454e-11,0.01292079052706782,-0.005221737592667341,0.5,1.030576846083875e-09,1.030576846083875e-09,1.030576846083875e-09,1.030576846083875e-09,1.030576846083875e-09,1.030576846083875e-09,1.030576846083875e-09,1.030576846083875e-09,1.030576846083875e-09,1.030576846083875e-09,0.5,1.030576846083875e-09,1.030576846083875e-09
7,2025-01-13,0,0.9927935670918462,2.7035131985574227e-14,0.007206432908139087,0.004582550332695246,2.0611519158109104e-09,2.0611519158109104e-09,2.0611519158109104e-09,2.0611519158109104e-09,2.0611519158109104e-09,2.0611519158109104e-09,2.0611519158109104e-09,2.0611519158109104e-09,0.9999992251396179,2.0611519158109104e-09,2.0611519158109104e-09,2.0611519158109104e-09,2.0611519158109104e-09,7.657878882127989e-07
7,2025-01-14,0,0.9996788296289705,5.989463847234972e-11,0.00032117031115177835,-0.010803893462568522,1.978479602371408e-09,1.978479602371408e-09,1.978479602371408e-09,1.978479602371408e-09,7.543322908531991e-07,1.978479602371408e-09,1.978479602371408e-09,1.978479602371408e-09,0.9598894119262695,1.978479602371408e-09,1.978479602371408e-09,1.978479602371408e-09,1.978479602371408e-09,0.04010980948805809
7,2025-01-15,0,0.9997217517943698,3.092835758546215e-09,0.00027824511280078005,-0.006223452769219875,0.5,1.030576846083875e-09,1.030576846083875e-09,1.030576846083875e-09,1.030576846083875e-09,1.030576846083875e-09,1.030576846083875e-09,1.030576846083875e-09,1.030576846083875e-09,1.030576846083875e-09,1.030576846083875e-09,0.5,1.030576846083875e-09,1.030576846083875e-09
7,2025-01-16,0,1.0,1.0383663290974528e-41,2.057799068447004e-19,0.009462192144989967,2.061153470123145e-09,2.061153470123145e-09,2.061153470123145e-09,2.061153470123145e-09,2.061153470123145e-09,2.061153470123145e-09,2.061153470123145e-09,2.061153470123145e-09,1.0,2.061153470123145e-09,2.061153470123145e-09,2.061153470123145e-09,2.061153470123145e-09,2.861753944927159e-09
7,2025-01-17,0,0.9998607329916752,9.054387018444351e-06,0.00013021262132892998,-0.012350705961883068,2.061153470123145e-09,2.061153470123145e-09,2.061153470123145e-09,2.061153470123145e-09,2.061153470123145e-09,2.061153470123145e-09,2.061153470123145e-09,2.061153470123145e-09,2.061153470123145e-09,2.061153470123145e-09,2.061153470123145e-09,1.0,2.061153470123145e-09,2.061153470123145e-09
7,2025-01-20,0,0.9998315658153183,2.488241471299689e-07,0.00016818536055499976,0.003860574171692133,2.061153470123145e-09,1.0,2.061153470123145e-09,2.061153470123145e-09,2.061153470123145e-09,2.061153470123145e-09,2.061153470123145e-09,2.061153470123145e-09,2.061153470123145e-09,2.061153470123145e-09,2.061153470123145e-09,2.061153470123145e-09,2.061153470123145e-09,2.061153470123145e-09
7,2025-01-21,0,0.9999141428008754,2.976991005043142e-07,8.555950001757418e-05,0.007091979030519724,2.061153470123145e-09,1.0,2.061153470123145e-09,2.061153470123145e-09,2.061153470123145e-09,2.061153470123145e-09,2.061153470123145e-09,2.061153470123145e-09,2.061153470123145e-09,2.061153470123145e-09,2.061153470123145e-09,2.061153470123145e-09,2.061153470123145e-09,2.061153470123145e-09
7,2025-01-22,0,0.9998754775837748,9.462449586830128e-06,0.00011505996664669763,0.004499081012606621,2.061153470123145e-09,2.061153470123145e-09,2.061153470123145e-09,2.061153470123145e-09,2.061153470123145e-09,2.061153470123145e-09,2.061153470123145e-09,2.061153470123145e-09,1.0,2.061153470123145e-09,2.061153470123145e-09,2.061153470123145e-09,2.061153470123145e-09,2.5645208179270185e-09
7,2025-01-23,0,0.999971092904237,7.595796385812394e-07,2.8147516103650464e-05,-5.967776483157649e-06,2.0527790578483973e-09,0.004061916843056679,2.0527790578483973e-09,2.0527790578483973e-09,4.280669152478822e-09,2.0527790578483973e-09,2.0527790578483973e-09,2.0527790578483973e-09,0.9959369897842407,2.0527790578483973e-09,2.0527790578483973e-09,2.0527790578483973e-09,2.0527790578483973e-09,1.0812136679305695e-06
7,2025-01-24,0,1.0,1.2044346689962242e-38,1.4771714397952733e-18,0.014180791985988617,2.061153470123145e-09,2.061153470123145e-09,2.061153470123145e-09,2.061153470123145e-09,2.061153470123145e-09,2.061153470123145e-09,2.061153470123145e-09,2.061153470123145e-09,2.061153470123145e-09,2.061153470123145e-09,2.061153470123145e-09,1.0,2.061153470123145e-09,2.061153470123145e-09
7,2025-01-31,0,0.9998914754553514,4.311282837479718e-08,0.00010848143184824435,-0.007701471504569054,0.20000000298023224,4.122307217802046e-10,4.122307217802046e-10,4.122307217802046e-10,0.20000000298023224,4.122307217802046e-10,4.122307217802046e-10,4.122307217802046e-10,0.20000000298023224,4.122307217802046e-10,4.122307217802046e-10,0.20000000298023224,4.122307217802046e-10,0.20000000298023224
7,2025-02-03,0,0.9999999999959073,2.1171762604259673e-51,4.095415148827286e-12,-0.020620009475946426,2.061153470123145e-09,1.0,2.061153470123145e-09,2.061153470123145e-09,2.061153470123145e-09,2.061153470123145e-09,2.061153470123145e-09,2.061153470123145e-09,2.061153470123145e-09,2.061153470123145e-09,2.061153470123145e-09,2.061153470123145e-09,2.061153470123145e-09,2.061153470123145e-09
7,2025-02-04,0,0.999333856844746,4.034729958160224e-13,0.0006661431548716211,0.00912841824144125,2.06115324807854e-09,2.06115324807854e-09,2.06115324807854e-09,2.06115324807854e-09,2.06115324807854e-09,2.06115324807854e-09,2.06115324807854e-09,2.06115324807854e-09,0.9999997615814209,2.06115324807854e-09,2.06115324807854e-09,2.06115324807854e-09,2.06115324807854e-09,1.8449462402259087e-07
7,2025-02-05,0,0.9995622744378729,6.809455755602271e-11,0.00043772549401312254,0.015711657694246886,2.061153026033935e-09,2.061153026033935e-09,2.061153026033935e-09,2.061153026033935e-09,2.061153026033935e-09,2.061153026033935e-09,2.061153026033935e-09,2.061153026033935e-09,0.9999997615814209,2.061153026033935e-09,2.061153026033935e-09,2.061153026033935e-09,2.061153026033935e-09,2.423341811663704e-07
7,2025-02-06,0,0.9999446978808519,4.709042782432839e-10,5.530164823208481e-05,-9.335148234385997e-05,2.0505717124308376e-09,0.005133906379342079,2.0505717124308376e-09,2.0505717124308376e-09,2.0505717124308376e-09,2.0505717124308376e-09,2.0505717124308376e-09,2.0505717124308376e-09,0.9948660731315613,2.0505717124308376e-09,2.0505717124308376e-09,2.0505717124308376e-09,2.0505717124308376e-09,2.0505717124308376e-09
7,2025-02-07,0,0.99982910176543,5.591170848493046e-10,0.0001708976754551718,-0.003797064808756113,2.061153470123145e-09,1.0,2.061153470123145e-09,2.061153470123145e-09,2.061153470123145e-09,2.061153470123145e-09,2.061153470123145e-09,2.061153470123145e-09,2.061153470123145e-09,2.061153470123145e-09,2.061153470123145e-09,2.061153470123145e-09,2.061153470123145e-09,2.061153470123145e-09
7,2025-02-10,0,0.9998989766003531,2.9634991741859676e-14,0.00010102339962339794,0.008903460067510605,2.06115324807854e-09,2.06115324807854e-09,2.06115324807854e-09,2.06115324807854e-09,2.06115324807854e-09,2.06115324807854e-09,2.06115324807854e-09,2.06115324807854e-09,0.9999997615814209,2.06115324807854e-09,2.06115324807854e-09,2.06115324807854e-09,2.06115324807854e-09,1.99556083657626e-07
7,2025-02-11,0,0.9999244065015617,2.6063835818368167e-09,7.559089206696122e-05,0.012235125397834862,2.0611521378555153e-09,2.0611521378555153e-09,2.0611521378555153e-09,2.0611521378555153e-09,2.0611521378555153e-09,2.0611521378555153e-09,2.0611521378555153e-09,2.0611521378555153e-09,0.9999993443489075,2.0611521378555153e-09,2.0611521378555153e-09,2.0611521378555153e-09,2.0611521378555153e-09,6.419968485715799e-07
7,2025-02-12,0,0.9999643496093236,1.5331775761711483e-08,3.5635058910303915e-05,-0.005993583960086107,1.030576846083875e-09,0.5,1.030576846083875e-09,1.030576846083875e-09,1.030576846083875e-09,1.030576846083875e-09,1.030576846083875e-09,1.030576846083875e-09,0.5,1.030576846083875e-09,1.030576846083875e-09,1.030576846083875e-09,1.030576846083875e-09,1.030576846083875e-09
7,2025-02-13,0,1.0,1.628930912123659e-76,7.440631593893449e-34,0.008387359535694121,2.061153470123145e-09,2.061153470123145e-09,2.061153470123145e-09,2.061153470123145e-09,2.061153470123145e-09,2.061153470123145e-09,2.061153470123145e-09,2.061153470123145e-09,1.0,2.061153470123145e-09,2.061153470123145e-09,2.061153470123145e-09,2.061153470123145e-09,2.061153470123145e-09
7,2025-02-14,0,0.9998504676422952,8.306925949354563e-06,0.00014122543173850693,0.010558194902539253,0.33331233263015747,0.33331233263015747,2.559262156864861e-06,1.672502730798442e-05,6.8700795052834e-10,6.838647550466703e-07,6.8700795052834e-10,6.8700795052834e-10,6.8700795052834e-10,6.8700795052834e-10,4.2992254748241976e-05,0.33331233263015747,6.8700795052834e-10,6.8700795052834e-10
7,2025-02-17,0,0.9997932121522397,1.6428752884334292e-06,0.00020514497246092278,0.010801995450258254,0.5,1.030576846083875e-09,1.030576846083875e-09,1.030576846083875e-09,1.030576846083875e-09,1.030576846083875e-09,1.030576846083875e-09,1.030576846083875e-09,1.030576846083875e-09,1.030576846083875e-09,1.030576846083875e-09,0.5,1.030576846083875e-09,1.030576846083875e-09
7,2025-02-18,0,0.999773138726626,3.7289163055106878e-06,0.00022313235706204146,0.004328340248018503,6.858008605448163e-10,0.33272671699523926,6.858008605448163e-10,6.858008605448163e-10,0.0018198807956650853,6.858008605448163e-10,6.858008605448163e-10,6.858008605448163e-10,0.33272671699523926,6.858008605448163e-10,6.858008605448163e-10,6.858008605448163e-10,6.858008605448163e-10,0.33272671699523926
7,2025-02-19,0,0.999778499590289,2.0275857071521416e-07,0.00022129765113047744,0.011387826365232468,0.5,1.030576846083875e-09,1.030576846083875e-09,1.030576846083875e-09,1.030576846083875e-09,1.030576846083875e-09,1.030576846083875e-09,1.030576846083875e-09,1.030576846083875e-09,1.030576846083875e-09,1.030576846083875e-09,0.5,1.030576846083875e-09,1.030576846083875e-09
7,2025-02-20,0,0.9998674367626285,3.2387658359545264e-09,0.00013255999858918967,-0.014313117855787278,2.061153470123145e-09,2.061153470123145e-09,2.061153470123145e-09,2.061153470123145e-09,2.061153470123145e-09,2.061153470123145e-09,2.061153470123145e-09,2.061153470123145e-09,2.061153470123145e-09,2.061153470123145e-09,2.061153470123145e-09,1.0,2.061153470123145e-09,2.061153470123145e-09
7,2025-02-21,0,0.9998524048075947,9.420744454386047e-08,0.00014750098493331916,-0.0053803907215595245,2.0611508055878858e-09,2.0611508055878858e-09,2.0611508055878858e-09,2.0611508055878858e-09,2.0611508055878858e-09,2.0611508055878858e-09,2.0611508055878858e-09,2.0611508055878858e-09,0.9999985694885254,2.0611508055878858e-09,2.0611508055878858e-09,2.0611508055878858e-09,2.0611508055878858e-09,1.3819212654198054e-06
7,2025-02-24,0,0.9999983253900193,3.2003151817152527e-19,1.6746099792030333e-06,0.0033898002592327886,2.061153470123145e-09,2.061153470123145e-09,2.061153470123145e-09,2.061153470123145e-09,2.061153470123145e-09,2.061153470123145e-09,2.061153470123145e-09,2.061153470123145e-09,0.9999999403953552,2.061153470123145e-09,2.061153470123145e-09,2.061153470123145e-09,2.061153470123145e-09,4.1712755916023525e-08
7,2025-02-25,0,0.9996358100560264,2.016595779320348e-10,0.0003641897423097295,-0.0003455936884507537,0.20000000298023224,4.122307217802046e-10,4.122307217802046e-10,4.122307217802046e-10,0.20000000298023224,4.122307217802046e-10,4.122307217802046e-10,4.122307217802046e-10,0.20000000298023224,4.122307217802046e-10,4.122307217802046e-10,0.20000000298023224,4.122307217802046e-10,0.20000000298023224
7,2025-02-26,0,0.999573332251635,4.960923134310824e-12,0.0004266677433851662,-0.009315447866916656,2.061153026033935e-09,2.061153026033935e-09,2.061153026033935e-09,2.061153026033935e-09,2.061153026033935e-09,2.061153026033935e-09,2.061153026033935e-09,2.061153026033935e-09,0.9999997615814209,2.061153026033935e-09,2.061153026033935e-09,2.061153026033935e-09,2.061153026033935e-09,2.3589672082380275e-07
7,2025-02-27,0,0.9997977783590011,2.98804048029907e-09,0.00020221865296588204,0.005770770788937807,2.061153470123145e-09,2.061153470123145e-09,2.061153470123145e-09,2.061153470123145e-09,2.061153470123145e-09,2.061153470123145e-09,2.061153470123145e-09,2.061153470123145e-09,2.061153470123145e-09,2.061153470123145e-09,2.061153470123145e-09,1.0,2.061153470123145e-09,2.061153470123145e-09
7,2025-02-28,0,0.9999009933167622,2.358989492509533e-43,9.900668322570777e-05,-0.010376316073536873,2.061153470123145e-09,2.061153470123145e-09,2.061153470123145e-09,2.061153470123145e-09,2.061153470123145e-09,2.061153470123145e-09,2.061153470123145e-09,2.061153470123145e-09,0.9999999403953552,2.061153470123145e-09,2.061153470123145e-09,2.061153470123145e-09,2.061153470123145e-09,1.3192018144536632e-08
7,2025-03-04,2,0.0026840367323977777,1.8266116023835146e-25,0.9973159632676145,0.002788246263563633,6.870511937151491e-10,6.870511937151491e-10,6.870511937151491e-10,6.870511937151491e-10,0.3333333432674408,6.870511937151491e-10,6.870511937151491e-10,6.870511937151491e-10,0.3333333432674408,6.870511937151491e-10,6.870511937151491e-10,6.870511937151491e-10,6.870511937151491e-10,0.3333333432674408
7,2025-03-05,2,0.00017193446335864862,6.861082027205526e-20,0.9998280655366419,0.010873242703080177,2.061153470123145e-09,2.061153470123145e-09,2.061153470123145e-09,2.061153470123145e-09,2.061153470123145e-09,2.061153470123145e-09,2.061153470123145e-09,2.061153470123145e-09,2.061153470123145e-09,2.061153470123145e-09,2.061153470123145e-09,1.0,2.061153470123145e-09,2.061153470123145e-09
7,2025-03-06,2,7.495442199616903e-05,5.790447534954032e-17,0.9999250455780029,-0.0058176744282245636,0.3333333432674408,0.3333333432674408,6.870511937151491e-10,6.870511937151491e-10,6.870511937151491e-10,6.870511937151491e-10,6.870511937151491e-10,6.870511937151491e-10,6.870511937151491e-10,6.870511937151491e-10,6.870511937151491e-10,0.3333333432674408,6.870511937151491e-10,6.870511937151491e-10
7,2025-03-07,2,2.0070595785466866e-05,6.322345761062229e-22,0.99997992940424,-0.012797040097415448,0.5,1.030576846083875e-09,1.030576846083875e-09,1.030576846083875e-09,1.030576846083875e-09,1.030576846083875e-09,1.030576846083875e-09,1.030576846083875e-09,1.030576846083875e-09,1.030576846083875e-09,1.030576846083875e-09,0.5,1.030576846083875e-09,1.030576846083875e-09
7,2025-03-10,2,7.929832306469157e-06,1.3803485068374984e-21,0.9999920701677139,-0.00030000002056035894,2.061153470123145e-09,2.061153470123145e-09,2.061153470123145e-09,2.061153470123145e-09,2.061153470123145e-09,2.061153470123145e-09,2.061153470123145e-09,2.061153470123145e-09,1.0,2.061153470123145e-09,2.061153470123145e-09,2.061153470123145e-09,2.061153470123145e-09,2.061153470123145e-09
7,2025-03-11,2,3.859618411849704e-07,2.7803297259893966e-34,0.999999614038149,-0.00931705864816904,2.061153026033935e-09,0.9999997019767761,2.061153026033935e-09,2.061153026033935e-09,2.061153026033935e-09,2.061153026033935e-09,2.061153026033935e-09,2.061153026033935e-09,2.061153026033935e-09,2.061153026033935e-09,2.061153026033935e-09,2.8530291729111923e-07,2.061153026033935e-09,2.061153026033935e-09
7,2025-03-12,2,1.1877180405738243e-06,1.0381078519126188e-24,0.9999988122819677,0.010213185945880337,2.061153470123145e-09,1.0,2.061153470123145e-09,2.061153470123145e-09,2.061153470123145e-09,2.061153470123145e-09,2.061153470123145e-09,2.061153470123145e-09,2.061153470123145e-09,2.061153470123145e-09,2.061153470123145e-09,2.061153470123145e-09,2.061153470123145e-09,2.061153470123145e-09
7,2025-03-13,2,1.2392276125737409e-06,8.011887001917146e-26,0.9999987607723999,-0.011189021679759025,2.061153470123145e-09,2.061153470123145e-09,2.061153470123145e-09,2.061153470123145e-09,2.061153470123145e-09,2.061153470123145e-09,2.061153470123145e-09,2.061153470123145e-09,2.061153470123145e-09,2.061153470123145e-09,2.061153470123145e-09,1.0,2.061153470123145e-09,2.061153470123145e-09
7,2025-03-14,2,6.0014467000511265e-05,1.3904616324579696e-19,0.9999399855330168,0.012192921712994576,2.061153470123145e-09,2.061153470123145e-09,2.061153470123145e-09,2.061153470123145e-09,2.061153470123145e-09,2.061153470123145e-09,2.061153470123145e-09,2.061153470123145e-09,2.061153470123145e-09,2.061153470123145e-09,2.061153470123145e-09,1.0,2.061153470123145e-09,2.061153470123145e-09
7,2025-03-17,2,0.0007894785346958514,4.212378690152042e-15,0.9992105214652731,-2.199063631705937e-05,2.0611519158109104e-09,2.0611519158109104e-09,2.0611519158109104e-09,2.0611519158109104e-09,2.0611519158109104e-09,2.0611519158109104e-09,2.0611519158109104e-09,2.0611519158109104e-09,0.9999992251396179,2.0611519158109104e-09,2.0611519158109104e-09,2.0611519158109104e-09,2.0611519158109104e-09,7.602822620356164e-07
7,2025-03-18,2,0.0018161913456308809,9.369807979387863e-14,0.9981838086542789,0.0072022125321124465,2.06115324807854e-09,2.06115324807854e-09,2.06115324807854e-09,2.06115324807854e-09,2.06115324807854e-09,2.06115324807854e-09,2.06115324807854e-09,2.06115324807854e-09,0.9999997615814209,2.06115324807854e-09,2.06115324807854e-09,2.06115324807854e-09,2.06115324807854e-09,1.857559794871122e-07
7,2025-03-19,2,0.0036260138893920314,1.0689790263648277e-13,0.9963739861105131,0.00945212760567665,1.030576846083875e-09,0.5,1.030576846083875e-09,1.030576846083875e-09,1.030576846083875e-09,1.030576846083875e-09,1.030576846083875e-09,1.030576846083875e-09,0.5,1.030576846083875e-09,1.030576846083875e-09,1.030576846083875e-09,1.030576846083875e-09,1.030576846083875e-09
7,2025-03-20,2,0.007134630712768874,2.8208142514199097e-11,0.9928653692590114,0.0031259737223386765,2.061153470123145e-09,2.061153470123145e-09,2.061153470123145e-09,2.061153470123145e-09,2.061153470123145e-09,2.061153470123145e-09,2.061153470123145e-09,2.061153470123145e-09,0.9999998807907104,2.061153470123145e-09,2.061153470123145e-09,2.061153470123145e-09,2.061153470123145e-09,9.977890869095063e-08
7,2025-03-21,2,0.007490235408663832,5.206053731287747e-12,0.9925097645861449,-0.006288444190228867,2.061153470123145e-09,2.061153470123145e-09,2.061153470123145e-09,2.061153470123145e-09,2.061153470123145e-09,2.061153470123145e-09,2.061153470123145e-09,2.061153470123145e-09,1.0,2.061153470123145e-09,2.061153470123145e-09,2.061153470123145e-09,2.061153470123145e-09,2.061153470123145e-09
7,2025-03-24,2,0.007390927076352566,5.796436495708819e-12,0.992609072917874,-0.001443139916099608,0.20000000298023224,4.122307217802046e-10,4.122307217802046e-10,4.122307217802046e-10,0.20000000298023224,4.122307217802046e-10,4.122307217802046e-10,4.122307217802046e-10,0.20000000298023224,4.122307217802046e-10,4.122307217802046e-10,0.20000000298023224,4.122307217802046e-10,0.20000000298023224
7,2025-03-25,2,0.006943884615788259,9.981478403881307e-12,0.9930561153742345,-0.0009187137086875736,6.870511937151491e-10,6.870511937151491e-10,6.870511937151491e-10,6.870511937151491e-10,0.3333333432674408,6.870511937151491e-10,6.870511937151491e-10,6.870511937151491e-10,0.3333333432674408,6.870511937151491e-10,6.870511937151491e-10,6.870511937151491e-10,6.870511937151491e-10,0.3333333432674408
7,2025-03-26,2,0.006121911792775088,5.508039409452148e-12,0.9938780882017395,-0.005796524678170681,6.803422365919687e-06,4.01745674025733e-05,6.803422365919687e-06,6.803422365919687e-06,6.803422365919687e-06,6.803422365919687e-06,6.803422365919687e-06,6.803422365919687e-06,6.803422365919687e-06,6.803422365919687e-06,6.803422365919687e-06,0.9998781681060791,6.803422365919687e-06,6.803422365919687e-06
7,2025-03-27,2,0.004916625389594752,7.083561199954743e-17,0.9950833746103828,-0.005929220250993967,0.20000000298023224,4.122307217802046e-10,4.122307217802046e-10,4.122307217802046e-10,0.20000000298023224,4.122307217802046e-10,4.122307217802046e-10,4.122307217802046e-10,0.20000000298023224,4.122307217802046e-10,4.122307217802046e-10,0.20000000298023224,4.122307217802046e-10,0.20000000298023224
7,2025-03-28,2,0.0013879525800958182,1.3925240141145854e-18,0.9986120474198882,0.017964543825387955,2.06115280398933e-09,2.06115280398933e-09,2.06115280398933e-09,2.06115280398933e-09,2.06115280398933e-09,2.06115280398933e-09,2.06115280398933e-09,2.06115280398933e-09,0.9999996423721313,2.06115280398933e-09,2.06115280398933e-09,2.06115280398933e-09,2.06115280398933e-09,3.190585005086177e-07
7,2025-03-31,2,8.558768134675936e-06,3.295702810792153e-48,0.9999914412318469,0.009641443124157377,2.0586876647854524e-09,2.0586876647854524e-09,2.0586876647854524e-09,2.0586876647854524e-09,2.344354754768574e-08,2.0586876647854524e-09,2.0586876647854524e-09,2.0586876647854524e-09,0.9988036155700684,2.0586876647854524e-09,2.0586876647854524e-09,2.0586876647854524e-09,2.0586876647854524e-09,0.0011963658034801483
7,2025-04-01,2,7.535293281160724e-08,2.3986661909501038e-30,0.9999999246470594,0.029238415372371672,0.5,1.030576846083875e-09,1.030576846083875e-09,1.030576846083875e-09,1.030576846083875e-09,1.030576846083875e-09,1.030576846083875e-09,1.030576846083875e-09,1.030576846083875e-09,1.030576846083875e-09,1.030576846083875e-09,0.5,1.030576846083875e-09,1.030576846083875e-09
7,2025-04-02,2,2.9328789729641953e-08,2.462092702130523e-33,0.9999999706711837,-0.00536063294634223,2.0611514717217005e-09,2.0611514717217005e-09,2.0611514717217005e-09,2.0611514717217005e-09,2.0611514717217005e-09,2.0611514717217005e-09,2.0611514717217005e-09,2.0611514717217005e-09,0.999998927116394,2.0611514717217005e-09,2.0611514717217005e-09,7.428323556268879e-07,2.0611514717217005e-09,2.848150018053275e-07
7,2025-04-03,2,3.19549962690976e-10,1.3022149951911441e-44,0.9999999996804263,-0.0013360286482146533,2.061153470123145e-09,2.061153470123145e-09,2.061153470123145e-09,2.061153470123145e-09,2.061153470123145e-09,2.061153470123145e-09,2.061153470123145e-09,2.061153470123145e-09,1.0,2.061153470123145e-09,2.061153470123145e-09,2.061153470123145e-09,2.061153470123145e-09,2.061153470123145e-09
7,2025-04-04,2,1.67970921904753e-11,6.339347183665129e-48,0.9999999999832312,-0.006976114169243948,2.06115324807854e-09,2.06115324807854e-09,2.06115324807854e-09,2.06115324807854e-09,2.06115324807854e-09,2.06115324807854e-09,2.06115324807854e-09,2.06115324807854e-09,0.9999998211860657,2.06115324807854e-09,2.06115324807854e-09,2.06115324807854e-09,2.06115324807854e-09,1.4931094938219758e-07
7,2025-04-07,2,2.0314378950307027e-62,7.021025645133876e-277,1.0,-0.02701755241974456,2.06115324807854e-09,2.06115324807854e-09,2.06115324807854e-09,2.06115324807854e-09,2.06115324807854e-09,2.06115324807854e-09,2.06115324807854e-09,2.06115324807854e-09,0.9999997615814209,2.06115324807854e-09,2.06115324807854e-09,2.06115324807854e-09,2.06115324807854e-09,1.8403150647827715e-07
7,2025-04-08,2,7.942932224803099e-40,2.531430407322714e-149,1.0,-0.0019383072014896897,2.06115324807854e-09,2.06115324807854e-09,2.06115324807854e-09,2.06115324807854e-09,2.06115324807854e-09,2.06115324807854e-09,2.06115324807854e-09,2.06115324807854e-09,0.9999998211860657,2.06115324807854e-09,2.06115324807854e-09,2.06115324807854e-09,2.06115324807854e-09,1.8154875647269364e-07
7,2025-04-09,2,4.2350385502208395e-52,3.944286967202192e-199,1.0,0.005252276071221776,2.06115324807854e-09,2.06115324807854e-09,2.06115324807854e-09,2.06115324807854e-09,2.06115324807854e-09,2.06115324807854e-09,2.06115324807854e-09,2.06115324807854e-09,0.9999997615814209,2.06115324807854e-09,2.06115324807854e-09,2.06115324807854e-09,2.06115324807854e-09,1.910779019453912e-07
7,2025-04-10,2,9.469833285191063e-12,1.996805277289937e-52,0.9999999999905071,0.05944026024341583,0.5,1.030576846083875e-09,1.030576846083875e-09,1.030576846083875e-09,1.030576846083875e-09,1.030576846083875e-09,1.030576846083875e-09,1.030576846083875e-09,1.030576846083875e-09,1.030576846083875e-09,1.030576846083875e-09,0.5,1.030576846083875e-09,1.030576846083875e-09
7,2025-04-11,2,9.91555597943503e-21,1.998830139337758e-88,1.0,0.025318644431233404,2.06115324807854e-09,2.06115324807854e-09,2.06115324807854e-09,2.06115324807854e-09,2.06115324807854e-09,2.06115324807854e-09,2.06115324807854e-09,2.06115324807854e-09,0.9999998211860657,2.06115324807854e-09,2.06115324807854e-09,2.06115324807854e-09,2.06115324807854e-09,1.8252953282171802e-07
7,2025-04-14,2,5.3961484764328987e-14,1.2837932045817652e-55,0.9999999999999432,0.008804764049663209,2.055525083477505e-09,2.055525083477505e-09,2.055525083477505e-09,2.055525083477505e-09,1.2188357914055814e-06,2.055525083477505e-09,2.055525083477505e-09,2.055525083477505e-09,0.9972692131996155,2.055525083477505e-09,2.055525083477505e-09,2.055525083477505e-09,2.055525083477505e-09,0.00272956769913435
7,2025-04-15,2,1.3905257888424824e-07,1.2139564866794069e-30,0.9999998609474215,-0.0031071849141735583,2.061153470123145e-09,2.061153470123145e-09,2.061153470123145e-09,2.061153470123145e-09,2.061153470123145e-09,2.061153470123145e-09,2.061153470123145e-09,2.061153470123145e-09,1.0,2.061153470123145e-09,2.061153470123145e-09,2.061153470123145e-09,2.061153470123145e-09,2.061153470123145e-09
7,2025-04-16,2,6.551167947236589e-11,6.035279460727602e-49,0.9999999999345164,-0.013559695842862129,2.061153470123145e-09,2.061153470123145e-09,2.061153470123145e-09,2.061153470123145e-09,2.061153470123145e-09,2.061153470123145e-09,2.061153470123145e-09,2.061153470123145e-09,2.061153470123145e-09,2.061153470123145e-09,2.061153470123145e-09,1.0,2.061153470123145e-09,2.061153470123145e-09
7,2025-04-17,2,3.452534059399564e-08,7.057073907590001e-32,0.9999999654746722,0.011068146166205406,2.0611523599001202e-09,2.0611523599001202e-09,2.0611523599001202e-09,2.0611523599001202e-09,2.0611523599001202e-09,2.0611523599001202e-09,2.0611523599001202e-09,2.0611523599001202e-09,0.9999994039535522,2.0611523599001202e-09,2.0611523599001202e-09,2.0611523599001202e-09,2.0611523599001202e-09,5.683610311280063e-07
7,2025-04-18,2,2.860435556270053e-07,1.2605677395786448e-27,0.9999997139564538,0.0022581649202757944,2.06115324807854e-09,2.06115324807854e-09,2.06115324807854e-09,2.06115324807854e-09,2.06115324807854e-09,2.06115324807854e-09,2.06115324807854e-09,2.06115324807854e-09,0.9999998211860657,2.06115324807854e-09,2.06115324807854e-09,2.06115324807854e-09,2.06115324807854e-09,1.8086717545884312e-07
7,2025-04-21,2,8.715979127111788e-09,2.527749263078167e-38,0.9999999912840281,-0.002714413011446595,2.061153470123145e-09,2.061153470123145e-09,2.061153470123145e-09,2.061153470123145e-09,2.061153470123145e-09,2.061153470123145e-09,2.061153470123145e-09,2.061153470123145e-09,2.061153470123145e-09,2.061153470123145e-09,2.061153470123145e-09,1.0,2.061153470123145e-09,2.061153470123145e-09
7,2025-04-22,2,1.0500750365012726e-08,1.0539896812504927e-34,0.9999999894992584,0.00535237537228968,3.845996252493933e-05,0.0013722905423492193,3.845996252493933e-05,3.845996252493933e-05,3.845996252493933e-05,3.845996252493933e-05,3.845996252493933e-05,3.845996252493933e-05,3.845996252493933e-05,3.845996252493933e-05,3.845996252493933e-05,0.9981662034988403,3.845996252493933e-05,3.845996252493933e-05
7,2025-04-23,2,5.217479182295963e-06,1.339587614050222e-22,0.9999947825208124,0.025903307953476905,0.5,1.030576846083875e-09,1.030576846083875e-09,1.030576846083875e-09,1.030576846083875e-09,1.030576846083875e-09,1.030576846083875e-09,1.030576846083875e-09,1.030576846083875e-09,1.030576846083875e-09,1.030576846083875e-09,0.5,1.030576846083875e-09,1.030576846083875e-09
7,2025-04-24,2,4.143898290590436e-06,2.760841993061533e-24,0.9999958561016937,-0.0015618511682376265,2.061153470123145e-09,2.061153470123145e-09,2.061153470123145e-09,2.061153470123145e-09,2.061153470123145e-09,2.061153470123145e-09,2.061153470123145e-09,2.061153470123145e-09,1.0,2.061153470123145e-09,2.061153470123145e-09,2.061153470123145e-09,2.061153470123145e-09,2.061153470123145e-09
7,2025-04-25,2,0.00022059408073979236,3.1845750084014257e-17,0.9997794059192543,0.003667221360653639,0.5,1.030576846083875e-09,1.030576846083875e-09,1.030576846083875e-09,1.030576846083875e-09,1.030576846083875e-09,1.030576846083875e-09,1.030576846083875e-09,1.030576846083875e-09,1.030576846083875e-09,1.030576846083875e-09,0.5,1.030576846083875e-09,1.030576846083875e-09
7,2025-04-28,2,0.0009011238368718658,9.603665748126523e-17,0.9990988761631437,-0.0018270918374881148,2.06115324807854e-09,2.06115324807854e-09,2.06115324807854e-09,2.06115324807854e-09,2.06115324807854e-09,2.06115324807854e-09,2.06115324807854e-09,2.06115324807854e-09,0.9999997615814209,2.06115324807854e-09,2.06115324807854e-09,2.06115324807854e-09,2.06115324807854e-09,1.9690970987085166e-07
7,2025-04-29,2,0.005248164713900766,4.1624142180734075e-14,0.9947518352860514,0.01013689570566135,2.0611523599001202e-09,2.0611523599001202e-09,2.0611523599001202e-09,2.0611523599001202e-09,2.0611523599001202e-09,2.0611523599001202e-09,2.0611523599001202e-09,2.0611523599001202e-09,0.9999994039535522,2.0611523599001202e-09,2.0611523599001202e-09,2.0611523599001202e-09,2.0611523599001202e-09,5.55192059437104e-07
7,2025-04-30,2,0.01645164171520444,1.8855594420828846e-14,0.9835483582847975,-0.012512228029966354,0.5,1.030576846083875e-09,1.030576846083875e-09,1.030576846083875e-09,1.030576846083875e-09,1.030576846083875e-09,1.030576846083875e-09,1.030576846083875e-09,1.030576846083875e-09,1.030576846083875e-09,1.030576846083875e-09,0.5,1.030576846083875e-09,1.030576846083875e-09
7,2025-05-02,2,0.051564638956687975,7.761127243458668e-15,0.9484353610432958,-0.005892745175212622,3.379573854545015e-06,6.870488622467974e-10,6.870488622467974e-10,6.870488622467974e-10,0.33333221077919006,6.870488622467974e-10,6.870488622467974e-10,6.870488622467974e-10,0.33333221077919006,6.870488622467974e-10,6.870488622467974e-10,6.870488622467974e-10,6.870488622467974e-10,0.33333221077919006
7,2025-05-07,2,0.1835247999607382,2.7668021949608865e-14,0.8164752000392119,-0.020921608942747118,2.0611270468151588e-09,1.2869585589214694e-05,2.0611270468151588e-09,2.0611270468151588e-09,2.0611270468151588e-09,2.0611270468151588e-09,2.0611270468151588e-09,2.0611270468151588e-09,2.0611270468151588e-09,2.0611270468151588e-09,2.0611270468151588e-09,0.9999871253967285,2.0611270468151588e-09,2.0611270468151588e-09
7,2025-05-08,0,0.7696998333969144,2.2242012543026488e-10,0.23030016638064538,-0.0024809934128075836,2.0611070628007155e-09,0.9999774694442749,2.0611070628007155e-09,2.0611070628007155e-09,2.0611070628007155e-09,2.0611070628007155e-09,2.0611070628007155e-09,2.0611070628007155e-09,2.0611070628007155e-09,2.0611070628007155e-09,2.0611070628007155e-09,2.2515407181344926e-05,2.0611070628007155e-09,2.0611070628007155e-09
7,2025-05-09,0,0.8602427825673065,2.9618025438138692e-09,0.13975721447086908,-0.011632665330171585,0.5,1.030576846083875e-09,1.030576846083875e-09,1.030576846083875e-09,1.030576846083875e-09,1.030576846083875e-09,1.030576846083875e-09,1.030576846083875e-09,1.030576846083875e-09,1.030576846083875e-09,1.030576846083875e-09,0.5,1.030576846083875e-09,1.030576846083875e-09
7,2025-05-12,0,0.930478761274513,1.3462593716783153e-08,0.06952122526290988,0.010085348461568356,2.061153470123145e-09,1.0,2.061153470123145e-09,2.061153470123145e-09,2.061153470123145e-09,2.061153470123145e-09,2.061153470123145e-09,2.061153470123145e-09,2.061153470123145e-09,2.061153470123145e-09,2.061153470123145e-09,2.061153470123145e-09,2.061153470123145e-09,2.061153470123145e-09
7,2025-05-13,0,0.9715318276429071,4.758045701134768e-06,0.028463414311389826,-0.0040412439439445735,2.289923251019843e-10,5.322468723534257e-07,0.11109910160303116,0.00010685539018595591,0.11109910160303116,0.11109910160303116,0.11109910160303116,0.11109910160303116,0.11109910160303116,0.11109910160303116,6.643294909736142e-07,2.289923251019843e-10,0.11109910160303116,0.11109910160303116
7,2025-05-14,0,0.9889618059395006,4.380388953688682e-06,0.01103381367154968,0.011066831281781197,2.061153470123145e-09,1.0,2.061153470123145e-09,2.061153470123145e-09,2.061153470123145e-09,2.061153470123145e-09,2.061153470123145e-09,2.061153470123145e-09,2.061153470123145e-09,2.061153470123145e-09,2.061153470123145e-09,2.061153470123145e-09,2.061153470123145e-09,2.061153470123145e-09
7,2025-05-15,0,0.9963996815359211,5.619621692304964e-07,0.0035997565019252795,-0.0021552513353526592,2.061153470123145e-09,1.0,2.061153470123145e-09,2.061153470123145e-09,2.061153470123145e-09,2.061153470123145e-09,2.061153470123145e-09,2.061153470123145e-09,2.061153470123145e-09,2.061153470123145e-09,2.061153470123145e-09,2.061153470123145e-09,2.061153470123145e-09,2.061153470123145e-09
7,2025-05-16,0,0.9999692837744286,1.164933146373782e-09,3.071506063916812e-05,0.00430586701259017,2.061153470123145e-09,1.0,2.061153470123145e-09,2.061153470123145e-09,2.061153470123145e-09,2.061153470123145e-09,2.061153470123145e-09,2.061153470123145e-09,2.061153470123145e-09,2.061153470123145e-09,2.061153470123145e-09,2.061153470123145e-09,2.061153470123145e-09,2.061153470123145e-09
7,2025-05-19,0,1.0,2.4815740698171605e-76,3.5541156917987015e-25,-0.0005372481537051499,2.061153470123145e-09,1.0,2.061153470123145e-09,2.061153470123145e-09,2.061153470123145e-09,2.061153470123145e-09,2.061153470123145e-09,2.061153470123145e-09,2.061153470123145e-09,2.061153470123145e-09,2.061153470123145e-09,2.061153470123145e-09,2.061153470123145e-09,2.061153470123145e-09
7,2025-05-20,0,0.988012746181227,8.08698483617594e-09,0.011987245731760703,0.009093322791159153,2.061153470123145e-09,1.0,2.061153470123145e-09,2.061153470123145e-09,2.061153470123145e-09,2.061153470123145e-09,2.061153470123145e-09,2.061153470123145e-09,2.061153470123145e-09,2.061153470123145e-09,2.061153470123145e-09,2.061153470123145e-09,2.061153470123145e-09,2.061153470123145e-09
7,2025-05-21,0,0.9512357749486784,5.7442188344929715e-11,0.04876422499386906,0.01320611075758934,0.5,1.030576846083875e-09,1.030576846083875e-09,1.030576846083875e-09,1.030576846083875e-09,1.030576846083875e-09,1.030576846083875e-09,1.030576846083875e-09,1.030576846083875e-09,1.030576846083875e-09,1.030576846083875e-09,0.5,1.030576846083875e-09,1.030576846083875e-09
7,2025-05-22,0,0.8759576577765884,1.179069373419369e-12,0.12404234222222976,0.0009769217137247325,6.870511937151491e-10,6.870511937151491e-10,6.870511937151491e-10,6.870511937151491e-10,0.3333333432674408,6.870511937151491e-10,6.870511937151491e-10,6.870511937151491e-10,0.3333333432674408,6.870511937151491e-10,6.870511937151491e-10,6.870511937151491e-10,6.870511937151491e-10,0.3333333432674408
7,2025-05-23,0,0.7462979457512622,1.9659166317180486e-09,0.2537020522828201,-0.002471845656260848,2.06115324807854e-09,2.06115324807854e-09,2.06115324807854e-09,2.06115324807854e-09,2.06115324807854e-09,2.06115324807854e-09,2.06115324807854e-09,2.06115324807854e-09,0.9999998211860657,2.06115324807854e-09,2.06115324807854e-09,2.06115324807854e-09,2.06115324807854e-09,1.811876870760898e-07
7,2025-05-26,0,0.5813182875066824,4.233236567453102e-10,0.4186817120699739,0.007326548002660274,0.20000000298023224,4.122307217802046e-10,4.122307217802046e-10,4.122307217802046e-10,0.20000000298023224,4.122307217802046e-10,4.122307217802046e-10,4.122307217802046e-10,0.20000000298023224,4.122307217802046e-10,4.122307217802046e-10,0.20000000298023224,4.122307217802046e-10,0.20000000298023224
7,2025-05-27,0,0.40933049721914994,2.7140127634406688e-12,0.5906695027781123,-0.006807305835187435,2.06115324807854e-09,2.06115324807854e-09,2.06115324807854e-09,2.06115324807854e-09,2.06115324807854e-09,2.06115324807854e-09,2.06115324807854e-09,2.06115324807854e-09,0.9999997615814209,2.06115324807854e-09,2.06115324807854e-09,2.06115324807854e-09,2.06115324807854e-09,1.8535207857439673e-07
7,2025-05-28,2,0.2036244226479564,4.185420896692392e-15,0.7963755773520519,0.0014151871586218477,0.20000000298023224,4.122307217802046e-10,4.122307217802046e-10,4.122307217802046e-10,0.20000000298023224,4.122307217802046e-10,4.122307217802046e-10,4.122307217802046e-10,0.20000000298023224,4.122307217802046e-10,4.122307217802046e-10,0.20000000298023224,4.122307217802046e-10,0.20000000298023224
7,2025-05-29,2,0.03770410055859921,1.5311208451185594e-21,0.962295899441382,-0.009966246768832206,2.06115324807854e-09,2.06115324807854e-09,2.06115324807854e-09,2.06115324807854e-09,2.06115324807854e-09,2.06115324807854e-09,2.06115324807854e-09,2.06115324807854e-09,0.9999998211860657,2.06115324807854e-09,2.06115324807854e-09,2.06115324807854e-09,2.06115324807854e-09,1.7910556948663725e-07
7,2025-05-30,2,0.0007595603261668533,1.4207341347017676e-22,0.9992404396738122,0.010773423567414283,2.061153470123145e-09,2.061153470123145e-09,2.061153470123145e-09,2.061153470123145e-09,2.061153470123145e-09,2.061153470123145e-09,2.061153470123145e-09,2.061153470123145e-09,2.061153470123145e-09,2.061153470123145e-09,2.061153470123145e-09,1.0,2.061153470123145e-09,2.061153470123145e-09
7,2025-06-02,2,1.1749294140313225e-05,6.432168322394052e-24,0.9999882507058415,0.014944144946336746,2.061153026033935e-09,2.061153026033935e-09,2.061153026033935e-09,2.061153026033935e-09,2.061153026033935e-09,2.061153026033935e-09,2.061153026033935e-09,2.061153026033935e-09,0.9999997615814209,2.061153026033935e-09,2.061153026033935e-09,2.061153026033935e-09,2.061153026033935e-09,2.115218080689374e-07
7,2025-06-04,2,9.955491827036902e-06,3.263889866529881e-20,0.9999900445081836,-0.0022275362100452186,9.728362559968673e-10,9.728362559968673e-10,9.728362559968673e-10,9.728362559968673e-10,4.05350438086316e-05,9.728362559968673e-10,9.728362559968673e-10,9.728362559968673e-10,0.4719862937927246,9.728362559968673e-10,9.728362559968673e-10,0.05598687753081322,9.728362559968673e-10,0.4719862937927246
7,2025-06-05,2,4.289376515872728e-06,1.2414185964944578e-23,0.9999957106234568,-0.0022445768557488917,2.061153470123145e-09,1.0,2.061153470123145e-09,2.061153470123145e-09,2.061153470123145e-09,2.061153470123145e-09,2.061153470123145e-09,2.061153470123145e-09,2.061153470123145e-09,2.061153470123145e-09,2.061153470123145e-09,2.061153470123145e-09,2.061153470123145e-09,2.061153470123145e-09
7,2025-06-09,2,5.709994374133681e-08,4.060557238910839e-39,0.9999999429000485,-0.015171079456806184,2.06115280398933e-09,2.06115280398933e-09,2.06115280398933e-09,2.06115280398933e-09,2.06115280398933e-09,2.06115280398933e-09,2.06115280398933e-09,2.06115280398933e-09,0.9999995827674866,2.06115280398933e-09,2.06115280398933e-09,2.06115280398933e-09,2.06115280398933e-09,3.9903349602354865e-07
7,2025-06-10,2,4.499577222968301e-08,1.3881684291203223e-31,0.9999999550042286,0.0027845358408987524,0.20000000298023224,4.122307217802046e-10,4.122307217802046e-10,4.122307217802046e-10,0.20000000298023224,4.122307217802046e-10,4.122307217802046e-10,4.122307217802046e-10,0.20000000298023224,4.122307217802046e-10,4.122307217802046e-10,0.20000000298023224,4.122307217802046e-10,0.20000000298023224
7,2025-06-11,2,3.3373862953695295e-06,6.246327202798204e-23,0.9999966626136809,0.011901499646902085,2.061153470123145e-09,2.061153470123145e-09,2.061153470123145e-09,2.061153470123145e-09,2.061153470123145e-09,2.061153470123145e-09,2.061153470123145e-09,2.061153470123145e-09,2.061153470123145e-09,2.061153470123145e-09,2.061153470123145e-09,1.0,2.061153470123145e-09,2.061153470123145e-09
7,2025-06-12,2,6.989592930231589e-06,6.984213417539506e-21,0.999993010407066,0.0018608646713197232,0.5,1.030576846083875e-09,1.030576846083875e-09,1.030576846083875e-09,1.030576846083875e-09,1.030576846083875e-09,1.030576846083875e-09,1.030576846083875e-09,1.030576846083875e-09,1.030576846083875e-09,1.030576846083875e-09,0.5,1.030576846083875e-09,1.030576846083875e-09
7,2025-06-13,2,9.273585161830992e-08,1.259180368944642e-40,0.9999999072641729,0.005893655543029308,2.0500966202430249e-10,0.099463552236557,0.099463552236557,0.005363832227885723,0.099463552236557,0.099463552236557,0.099463552236557,0.099463552236557,0.099463552236557,0.099463552236557,6.186141376929299e-07,2.0500966202430249e-10,0.099463552236557,0.099463552236557
7,2025-06-16,2,1.2936590861499488e-08,2.412259610361901e-34,0.9999999870634043,0.006897531871497631,0.5,1.030576846083875e-09,1.030576846083875e-09,1.030576846083875e-09,1.030576846083875e-09,1.030576846083875e-09,1.030576846083875e-09,1.030576846083875e-09,1.030576846083875e-09,1.030576846083875e-09,1.030576846083875e-09,0.5,1.030576846083875e-09,1.030576846083875e-09
7,2025-06-17,2,6.196235851425622e-10,4.407387107720006e-42,0.9999999993803499,-0.0082286377876997,2.061153470123145e-09,2.061153470123145e-09,2.061153470123145e-09,2.061153470123145e-09,2.061153470123145e-09,2.061153470123145e-09,2.061153470123145e-09,2.061153470123145e-09,0.9999999403953552,2.061153470123145e-09,2.061153470123145e-09,2.061153470123145e-09,2.061153470123145e-09,2.9141421720169092e-08
7,2025-06-18,2,5.581002160907997e-10,1.8601136478522016e-40,0.9999999994419113,-0.0012160507470369338,2.061153470123145e-09,2.061153470123145e-09,2.061153470123145e-09,2.061153470123145e-09,2.061153470123145e-09,2.061153470123145e-09,2.061153470123145e-09,2.061153470123145e-09,2.061153470123145e-09,2.061153470123145e-09,2.061153470123145e-09,1.0,2.061153470123145e-09,2.061153470123145e-09
7,2025-06-19,2,1.8357013481836933e-08,4.958367758640736e-33,0.9999999816429865,0.0014391320291906595,2.061153470123145e-09,2.061153470123145e-09,2.061153470123145e-09,2.061153470123145e-09,2.061153470123145e-09,2.061153470123145e-09,2.061153470123145e-09,2.061153470123145e-09,2.061153470123145e-09,2.061153470123145e-09,2.061153470123145e-09,1.0,2.061153470123145e-09,2.061153470123145e-09
7,2025-06-20,2,1.2300618040677969e-07,2.1081409312483383e-29,0.999999876993805,0.012925637631118297,0.5,1.030576846083875e-09,1.030576846083875e-09,1.030576846083875e-09,1.030576846083875e-09,1.030576846083875e-09,1.030576846083875e-09,1.030576846083875e-09,1.030576846083875e-09,1.030576846083875e-09,1.030576846083875e-09,0.5,1.030576846083875e-09,1.030576846083875e-09
7,2025-06-23,2,1.6195076034079522e-08,1.787072885511766e-35,0.9999999838049122,0.003730160140246153,2.061153470123145e-09,2.061153470123145e-09,2.061153470123145e-09,2.061153470123145e-09,2.061153470123145e-09,2.061153470123145e-09,2.061153470123145e-09,2.061153470123145e-09,1.0,2.061153470123145e-09,2.061153470123145e-09,2.061153470123145e-09,2.061153470123145e-09,2.061153470123145e-09
7,2025-06-24,2,7.437937502130127e-10,1.2187906535747537e-41,0.9999999992562039,0.00937707484960556,5.8440825512207084e-08,2.061153470123145e-09,2.061153470123145e-09,2.061153470123145e-09,2.061153470123145e-09,2.061153470123145e-09,2.061153470123145e-09,2.061153470123145e-09,2.061153470123145e-09,2.061153470123145e-09,2.061153470123145e-09,0.9999999403953552,2.061153470123145e-09,2.061153470123145e-09
7,2025-06-25,2,7.501985452135496e-10,7.218929217937522e-40,0.9999999992497806,0.0012216691132634879,2.06115324807854e-09,2.06115324807854e-09,2.06115324807854e-09,2.06115324807854e-09,2.06115324807854e-09,2.06115324807854e-09,2.06115324807854e-09,2.06115324807854e-09,0.9999998211860657,2.06115324807854e-09,2.06115324807854e-09,2.06115324807854e-09,2.06115324807854e-09,1.690387421149353e-07
7,2025-06-26,2,4.63766070671385e-09,6.096847113002219e-36,0.999999995362316,0.003491153246164322,3.418660909915161e-10,3.418660909915161e-10,3.418660909915161e-10,3.418660909915161e-10,0.16586153209209442,3.418660909915161e-10,0.0048308176919817924,0.16586153209209442,0.16586153209209442,0.16586153209209442,3.418660909915161e-10,3.418660909915161e-10,0.16586153209209442,0.16586153209209442
7,2025-06-27,2,5.676167140327575e-08,6.754648980321357e-31,0.9999999432383236,-0.01246722860634327,2.061137704956195e-09,2.061137704956195e-09,2.061137704956195e-09,2.061137704956195e-09,2.061137704956195e-09,2.061137704956195e-09,2.061137704956195e-09,2.061137704956195e-09,0.9999922513961792,2.061137704956195e-09,2.061137704956195e-09,7.747042218397837e-06,2.061137704956195e-09,2.061137704956195e-09
7,2025-06-30,2,1.1086196503918711e-07,6.349085350096848e-30,0.9999998891380589,-0.00024217030699364838,0.24978429079055786,5.148438342317263e-10,5.148438342317263e-10,5.148438342317263e-10,0.24978429079055786,5.148438342317263e-10,5.148438342317263e-10,5.148438342317263e-10,0.24978429079055786,5.148438342317263e-10,5.148438342317263e-10,0.0008628108189441264,5.148438342317263e-10,0.24978429079055786
7,2025-07-01,2,1.204253534527085e-07,4.855319767965302e-30,0.9999998795746664,0.011509815847873688,2.06115324807854e-09,2.06115324807854e-09,2.06115324807854e-09,2.06115324807854e-09,2.06115324807854e-09,2.06115324807854e-09,2.06115324807854e-09,2.06115324807854e-09,0.9999998211860657,2.06115324807854e-09,2.06115324807854e-09,2.06115324807854e-09,2.06115324807854e-09,1.4978816409438878e-07
7,2025-07-02,2,1.237775373220709e-07,5.192435364424328e-30,0.9999998762224399,-0.0005410695299506187,0.20000000298023224,4.122307217802046e-10,4.122307217802046e-10,4.122307217802046e-10,0.20000000298023224,4.122307217802046e-10,4.122307217802046e-10,4.122307217802046e-10,0.20000000298023224,4.122307217802046e-10,4.122307217802046e-10,0.20000000298023224,4.122307217802046e-10,0.20000000298023224
7,2025-07-03,2,1.2076701308576106e-07,4.3592509538364836e-30,0.9999998792329807,0.00782542472332716,7.550550799351186e-05,5.152495097249243e-10,5.152495097249243e-10,5.152495097249243e-10,0.2499811202287674,5.152495097249243e-10,5.152495097249243e-10,5.152495097249243e-10,0.2499811202287674,5.152495097249243e-10,5.152495097249243e-10,0.2499811202287674,5.152495097249243e-10,0.2499811202287674
7,2025-07-04,2,2.526471301839728e-09,8.308536044621507e-41,0.9999999974735374,-0.00526278270483017,2.061153026033935e-09,2.061153026033935e-09,2.061153026033935e-09,2.061153026033935e-09,2.061153026033935e-09,2.061153026033935e-09,2.061153026033935e-09,2.061153026033935e-09,0.9999997019767761,2.061153026033935e-09,2.061153026033935e-09,2.061153026033935e-09,2.061153026033935e-09,2.9852290595044906e-07
7,2025-07-07,2,9.909302962173448e-09,1.8778031178622211e-34,0.9999999900907142,-0.009642335611168137,2.06115324807854e-09,2.06115324807854e-09,2.06115324807854e-09,2.06115324807854e-09,2.06115324807854e-09,2.06115324807854e-09,2.06115324807854e-09,2.06115324807854e-09,0.9999997615814209,2.06115324807854e-09,2.06115324807854e-09,2.06115324807854e-09,2.06115324807854e-09,1.9200548706521658e-07
7,2025-07-08,2,5.616757935599744e-07,1.2886230923111121e-26,0.9999994383241969,0.006354072590860201,2.061153026033935e-09,2.061153026033935e-09,2.061153026033935e-09,2.061153026033935e-09,2.061153026033935e-09,2.061153026033935e-09,2.061153026033935e-09,2.061153026033935e-09,0.9999997615814209,2.061153026033935e-09,2.061153026033935e-09,2.061153026033935e-09,2.061153026033935e-09,2.3212290045648842e-07
7,2025-07-09,2,3.5621661576068034e-05,5.876608012619394e-19,0.9999643783384415,-3.770510405302045e-05,0.5,1.030576846083875e-09,1.030576846083875e-09,1.030576846083875e-09,1.030576846083875e-09,1.030576846083875e-09,1.030576846083875e-09,1.030576846083875e-09,1.030576846083875e-09,1.030576846083875e-09,1.030576846083875e-09,0.5,1.030576846083875e-09,1.030576846083875e-09
7,2025-07-10,2,7.587989934835993e-05,4.533209510295747e-16,0.9999241201006355,0.010687675748765469,2.06115280398933e-09,2.06115280398933e-09,2.06115280398933e-09,2.06115280398933e-09,2.06115280398933e-09,2.06115280398933e-09,2.06115280398933e-09,2.06115280398933e-09,0.9999996423721313,2.06115280398933e-09,2.06115280398933e-09,2.06115280398933e-09,2.06115280398933e-09,3.541281046182121e-07
7,2025-07-11,2,3.378846941224639e-05,1.2820227526515205e-20,0.9999662115306125,0.0015101847745478153,0.20000000298023224,4.122307217802046e-10,4.122307217802046e-10,4.122307217802046e-10,0.20000000298023224,4.122307217802046e-10,4.122307217802046e-10,4.122307217802046e-10,0.20000000298023224,4.122307217802046e-10,4.122307217802046e-10,0.20000000298023224,4.122307217802046e-10,0.20000000298023224
7,2025-07-14,2,6.1054929323545405e-06,8.310662771429979e-25,0.9999938945070934,-0.003192578475922346,0.5,1.030576846083875e-09,1.030576846083875e-09,1.030576846083875e-09,1.030576846083875e-09,1.030576846083875e-09,1.030576846083875e-09,1.030576846083875e-09,1.030576846083875e-09,1.030576846083875e-09,1.030576846083875e-09,0.5,1.030576846083875e-09,1.030576846083875e-09
7,2025-07-15,2,3.822077947490797e-06,9.919720317662235e-23,0.9999961779220425,-0.001555513267405331,2.06115280398933e-09,2.06115280398933e-09,2.06115280398933e-09,2.06115280398933e-09,2.06115280398933e-09,2.06115280398933e-09,2.06115280398933e-09,2.06115280398933e-09,0.9999995827674866,2.06115280398933e-09,2.06115280398933e-09,2.06115280398933e-09,2.06115280398933e-09,4.0717196725381655e-07
7,2025-07-16,2,6.623468903613653e-06,1.0592513176318532e-21,0.9999933765311021,-0.0004034443418029696,0.20000000298023224,4.122307217802046e-10,4.122307217802046e-10,4.122307217802046e-10,0.20000000298023224,4.122307217802046e-10,4.122307217802046e-10,4.122307217802046e-10,0.20000000298023224,4.122307217802046e-10,4.122307217802046e-10,0.20000000298023224,4.122307217802046e-10,0.20000000298023224
7,2025-07-17,2,4.59353065940991e-05,5.302784007691343e-19,0.9999540646934284,0.038915945160388946,2.061153470123145e-09,2.061153470123145e-09,2.061153470123145e-09,2.061153470123145e-09,2.061153470123145e-09,2.061153470123145e-09,2.061153470123145e-09,2.061153470123145e-09,2.061153470123145e-09,2.061153470123145e-09,2.061153470123145e-09,1.0,2.061153470123145e-09,2.061153470123145e-09
7,2025-07-18,2,0.0004264780117703966,3.2492031034185467e-14,0.9995735219881768,0.002234255152568221,2.0611485851418365e-09,2.0611485851418365e-09,2.0611485851418365e-09,2.0611485851418365e-09,2.0611485851418365e-09,2.0611485851418365e-09,2.0611485851418365e-09,2.0611485851418365e-09,0.999997615814209,2.0611485851418365e-09,2.0611485851418365e-09,2.0611485851418365e-09,2.0611485851418365e-09,2.3686422991886502e-06
7,2025-07-21,2,0.0003099540043745151,1.7801630543489833e-14,0.9996900459955996,0.01007308094160246,2.06115324807854e-09,2.06115324807854e-09,2.06115324807854e-09,2.06115324807854e-09,2.06115324807854e-09,2.06115324807854e-09,2.06115324807854e-09,2.06115324807854e-09,0.9999997615814209,2.06115324807854e-09,2.06115324807854e-09,2.06115324807854e-09,2.06115324807854e-09,1.9019097408090602e-07
7,2025-07-22,2,0.00019575602426879374,1.6319041245289158e-19,0.9998042439757446,-0.0019397290164604782,2.061153470123145e-09,2.061153470123145e-09,2.061153470123145e-09,2.061153470123145e-09,2.061153470123145e-09,2.061153470123145e-09,2.061153470123145e-09,2.061153470123145e-09,2.061153470123145e-09,2.061153470123145e-09,2.061153470123145e-09,1.0,2.061153470123145e-09,2.061153470123145e-09
7,2025-07-23,2,7.853917324199569e-05,5.983310819745105e-17,0.999921460826765,0.01084561129361391,2.061153026033935e-09,2.061153026033935e-09,2.061153026033935e-09,2.061153026033935e-09,2.061153026033935e-09,2.061153026033935e-09,2.061153026033935e-09,2.061153026033935e-09,0.9999997019767761,2.061153026033935e-09,2.061153026033935e-09,2.061153026033935e-09,2.061153026033935e-09,2.929420759301138e-07
7,2025-07-24,2,3.865442451130114e-05,3.5832885526997445e-19,0.9999613455754655,-0.017139597813239378,2.0609416395700464e-09,2.0609416395700464e-09,2.0609416395700464e-09,2.0609416395700464e-09,3.020871774950251e-09,2.0609416395700464e-09,2.0609416395700464e-09,2.0609416395700464e-09,0.9998971819877625,2.0609416395700464e-09,2.0609416395700464e-09,2.0609416395700464e-09,2.0609416395700464e-09,0.00010277852561557665
7,2025-07-25,2,2.0142563895334765e-05,7.70834559818417e-20,0.9999798574361207,-0.009269902992248535,0.5,1.030576846083875e-09,1.030576846083875e-09,1.030576846083875e-09,1.030576846083875e-09,1.030576846083875e-09,1.030576846083875e-09,1.030576846083875e-09,1.030576846083875e-09,1.030576846083875e-09,1.030576846083875e-09,0.5,1.030576846083875e-09,1.030576846083875e-09
7,2025-07-28,2,7.350517982887858e-06,2.664132560416666e-23,0.9999926494820247,-0.005858384116739035,2.061152581944725e-09,2.061152581944725e-09,2.061152581944725e-09,2.061152581944725e-09,2.061152581944725e-09,2.061152581944725e-09,2.061152581944725e-09,2.061152581944725e-09,0.999999463558197,2.061152581944725e-09,2.061152581944725e-09,2.061152581944725e-09,2.061152581944725e-09,4.909323934043641e-07
7,2025-07-29,2,4.90027021946361e-06,2.7695896859002305e-22,0.9999950997297571,-0.0060990686501981,2.06115324807854e-09,2.06115324807854e-09,2.06115324807854e-09,2.06115324807854e-09,2.06115324807854e-09,2.06115324807854e-09,2.06115324807854e-09,2.06115324807854e-09,0.9999997615814209,2.06115324807854e-09,2.06115324807854e-09,2.06115324807854e-09,2.06115324807854e-09,1.8567637027899764e-07
7,2025-07-30,2,2.267862586398218e-06,3.899148498739817e-25,0.9999977321374013,-0.011663758705556393,2.061153470123145e-09,2.061153470123145e-09,2.061153470123145e-09,2.061153470123145e-09,2.061153470123145e-09,2.061153470123145e-09,2.061153470123145e-09,2.061153470123145e-09,2.061153470123145e-09,2.061153470123145e-09,2.061153470123145e-09,1.0,2.061153470123145e-09,2.061153470123145e-09
7,2025-07-31,2,1.5174636066675329e-05,2.8870124069869304e-19,0.9999848253639523,-0.007970713122934103,2.061147696963417e-09,2.061147696963417e-09,2.061147696963417e-09,2.061147696963417e-09,2.061147696963417e-09,2.061147696963417e-09,2.061147696963417e-09,2.061147696963417e-09,0.999997079372406,2.061147696963417e-09,2.061147696963417e-09,2.061147696963417e-09,2.061147696963417e-09,2.8789311272703344e-06
7,2025-08-01,2,4.0721212621551876e-08,5.655967408842602e-50,0.9999999592787966,-0.0033423715513673643,2.06115324807854e-09,2.06115324807854e-09,2.06115324807854e-09,2.06115324807854e-09,2.06115324807854e-09,2.06115324807854e-09,2.06115324807854e-09,2.06115324807854e-09,0.9999998211860657,2.06115324807854e-09,2.06115324807854e-09,2.06115324807854e-09,2.06115324807854e-09,1.815049586184614e-07
7,2025-08-04,2,1.5489701026549183e-07,4.500549088504167e-29,0.999999845103003,0.011812235650420189,0.5,1.030576846083875e-09,1.030576846083875e-09,1.030576846083875e-09,1.030576846083875e-09,1.030576846083875e-09,1.030576846083875e-09,1.030576846083875e-09,1.030576846083875e-09,1.030576846083875e-09,1.030576846083875e-09,0.5,1.030576846083875e-09,1.030576846083875e-09
7,2025-08-05,2,1.1136512878743234e-05,7.681400864017247e-21,0.999988863487142,0.004739046984165907,2.061153470123145e-09,2.061153470123145e-09,2.061153470123145e-09,2.061153470123145e-09,2.061153470123145e-09,2.061153470123145e-09,2.061153470123145e-09,2.061153470123145e-09,1.0,2.061153470123145e-09,2.061153470123145e-09,2.061153470123145e-09,2.061153470123145e-09,2.061153470123145e-09
7,2025-08-06,2,1.591347589284409e-05,5.000551687756234e-20,0.9999840865241103,0.00022449040301144124,6.864743218315539e-10,6.864743218315539e-10,6.864743218315539e-10,6.864743218315539e-10,0.0008396299090236425,6.864743218315539e-10,6.864743218315539e-10,6.864743218315539e-10,0.33305343985557556,6.864743218315539e-10,6.864743218315539e-10,0.33305343985557556,6.864743218315539e-10,0.33305343985557556
7,2025-08-07,2,0.0001019633131484745,2.807479901173587e-16,0.9998980366868266,0.006185003989934921,1.030576846083875e-09,0.5,1.030576846083875e-09,1.030576846083875e-09,1.030576846083875e-09,1.030576846083875e-09,1.030576846083875e-09,1.030576846083875e-09,0.5,1.030576846083875e-09,1.030576846083875e-09,1.030576846083875e-09,1.030576846083875e-09,1.030576846083875e-09
7,2025-08-08,2,0.00020384198251796606,1.3914104458363515e-15,0.9997961580174892,0.01248494323939085,2.06115280398933e-09,2.06115280398933e-09,2.06115280398933e-09,2.06115280398933e-09,2.06115280398933e-09,2.06115280398933e-09,2.06115280398933e-09,2.06115280398933e-09,0.9999996423721313,2.06115280398933e-09,2.06115280398933e-09,2.06115280398933e-09,2.06115280398933e-09,3.4792125802596274e-07
7,2025-08-11,2,0.0004638218208554675,7.666805120617873e-14,0.9995361781790746,-0.006785310577601194,6.870511937151491e-10,6.870511937151491e-10,6.870511937151491e-10,6.870511937151491e-10,0.3333333432674408,6.870511937151491e-10,6.870511937151491e-10,6.870511937151491e-10,0.3333333432674408,6.870511937151491e-10,6.870511937151491e-10,6.870511937151491e-10,6.870511937151491e-10,0.3333333432674408
7,2025-08-12,2,0.0006923609092257165,4.316740900533368e-19,0.9993076390907912,-0.010290969473123551,2.06115324807854e-09,2.06115324807854e-09,2.06115324807854e-09,2.06115324807854e-09,2.06115324807854e-09,2.06115324807854e-09,2.06115324807854e-09,2.06115324807854e-09,0.9999998807907104,2.06115324807854e-09,2.06115324807854e-09,2.06115324807854e-09,2.06115324807854e-09,1.068241104462686e-07
7,2025-08-13,2,0.001194171032540409,5.558019637167858e-13,0.9988058289668967,0.010561170035600663,0.20000000298023224,4.122307217802046e-10,4.122307217802046e-10,4.122307217802046e-10,0.20000000298023224,4.122307217802046e-10,4.122307217802046e-10,4.122307217802046e-10,0.20000000298023224,4.122307217802046e-10,4.122307217802046e-10,0.20000000298023224,4.122307217802046e-10,0.20000000298023224
7,2025-08-14,2,0.0007275774526748842,1.6059604940006208e-15,0.9992724225472979,-0.0012833502186462282,1.7176279842878728e-10,0.0833333358168602,0.0833333358168602,0.0833333358168602,0.0833333358168602,0.0833333358168602,0.0833333358168602,0.0833333358168602,0.0833333358168602,0.0833333358168602,0.0833333358168602,1.7176279842878728e-10,0.0833333358168602,0.0833333358168602
7,2025-08-18,2,0.00032223639964044237,3.326240074848392e-20,0.9996777636003451,-0.0038139312781393527,2.061153470123145e-09,2.061153470123145e-09,2.061153470123145e-09,2.061153470123145e-09,2.061153470123145e-09,2.061153470123145e-09,2.061153470123145e-09,2.061153470123145e-09,1.0,2.061153470123145e-09,2.061153470123145e-09,2.061153470123145e-09,2.061153470123145e-09,2.061153470123145e-09
7,2025-08-19,2,0.00013587744319361694,9.04953863414029e-19,0.9998641225568099,-0.01532261869609356,0.5,1.030576846083875e-09,1.030576846083875e-09,1.030576846083875e-09,1.030576846083875e-09,1.030576846083875e-09,1.030576846083875e-09,1.030576846083875e-09,1.030576846083875e-09,1.030576846083875e-09,1.030576846083875e-09,0.5,1.030576846083875e-09,1.030576846083875e-09
7,2025-08-20,2,0.0004382402996302514,1.4586454570471238e-21,0.9995617597003555,-0.004632864191383123,2.061153470123145e-09,2.061153470123145e-09,2.061153470123145e-09,2.061153470123145e-09,2.061153470123145e-09,2.061153470123145e-09,2.061153470123145e-09,2.061153470123145e-09,1.0,2.061153470123145e-09,2.061153470123145e-09,2.061153470123145e-09,2.061153470123145e-09,2.696729728413061e-09
7,2025-08-21,2,0.007273221616440234,6.458086800894206e-16,0.9927267783835588,0.005480076289921999,2.5720792162786665e-10,0.1247883290052414,0.001363202347420156,6.997976953471152e-08,0.1247883290052414,0.00033012175117619336,0.1247883290052414,0.1247883290052414,0.1247883290052414,0.1247883290052414,2.5720792162786665e-10,2.5720792162786665e-10,0.1247883290052414,0.1247883290052414
7,2025-08-22,2,0.050965109530837466,1.662300465668164e-14,0.9490348904691382,-0.0023013127006590367,2.0611523599001202e-09,2.0611523599001202e-09,2.0611523599001202e-09,2.0611523599001202e-09,2.0611523599001202e-09,2.0611523599001202e-09,2.0611523599001202e-09,2.0611523599001202e-09,0.9999993443489075,2.0611523599001202e-09,2.0611523599001202e-09,2.0611523599001202e-09,2.0611523599001202e-09,6.080034609112772e-07
7,2025-08-25,2,0.271878171646095,5.676293830759681e-11,0.7281218282971365,0.02092219839990139,0.5,1.030576846083875e-09,1.030576846083875e-09,1.030576846083875e-09,1.030576846083875e-09,1.030576846083875e-09,1.030576846083875e-09,1.030576846083875e-09,1.030576846083875e-09,1.030576846083875e-09,1.030576846083875e-09,0.5,1.030576846083875e-09,1.030576846083875e-09
7,2025-08-26,2,0.4020158966773551,8.008299480594501e-13,0.5979841033218645,0.0017129997462034226,2.06115324807854e-09,2.06115324807854e-09,2.06115324807854e-09,2.06115324807854e-09,2.06115324807854e-09,2.06115324807854e-09,2.06115324807854e-09,2.06115324807854e-09,0.9999998211860657,2.06115324807854e-09,2.06115324807854e-09,2.06115324807854e-09,2.06115324807854e-09,1.7808839913868724e-07
7,2025-08-27,2,0.6178623262602263,2.318236995546276e-10,0.38213767350792316,0.0020274409897625446,6.870511937151491e-10,6.870511937151491e-10,6.870511937151491e-10,6.870511937151491e-10,0.3333333432674408,6.870511937151491e-10,6.870511937151491e-10,6.870511937151491e-10,0.3333333432674408,6.870511937151491e-10,6.870511937151491e-10,6.870511937151491e-10,6.870511937151491e-10,0.3333333432674408
7,2025-08-28,0,0.8664875534543979,5.10361912840028e-09,0.1335124414420067,0.005549371828138828,2.061153470123145e-09,2.061153470123145e-09,2.061153470123145e-09,2.061153470123145e-09,2.061153470123145e-09,2.061153470123145e-09,2.061153470123145e-09,2.061153470123145e-09,1.0,2.061153470123145e-09,2.061153470123145e-09,2.061153470123145e-09,2.061153470123145e-09,2.061153470123145e-09
7,2025-08-29,0,0.9333691194469489,1.5604385810974893e-10,0.06663088039702302,0.005964172472268048,2.06115324807854e-09,2.06115324807854e-09,2.06115324807854e-09,2.06115324807854e-09,2.06115324807854e-09,2.06115324807854e-09,2.06115324807854e-09,2.06115324807854e-09,0.9999997615814209,2.06115324807854e-09,2.06115324807854e-09,2.06115324807854e-09,2.06115324807854e-09,2.0432155167782184e-07
7,2025-09-01,0,0.9785712372381712,4.0628654863254184e-16,0.02142876276185384,0.0002952898383140564,1.7176279842878728e-10,0.0833333358168602,0.0833333358168602,0.0833333358168602,0.0833333358168602,0.0833333358168602,0.0833333358168602,0.0833333358168602,0.0833333358168602,0.0833333358168602,0.0833333358168602,1.7176279842878728e-10,0.0833333358168602,0.0833333358168602
7,2025-09-02,0,0.9912371683469995,6.093496870185942e-10,0.008762831043661485,0.01000681278705597,0.5,1.030576846083875e-09,1.030576846083875e-09,1.030576846083875e-09,1.030576846083875e-09,1.030576846083875e-09,1.030576846083875e-09,1.030576846083875e-09,1.030576846083875e-09,1.030576846083875e-09,1.030576846083875e-09,0.5,1.030576846083875e-09,1.030576846083875e-09
7,2025-09-03,0,0.9948142380153703,6.263219938383591e-11,0.005185761922008205,0.011713558316230773,2.061146808784997e-09,2.061146808784997e-09,2.061146808784997e-09,2.061146808784997e-09,2.061146808784997e-09,2.061146808784997e-09,2.061146808784997e-09,2.061146808784997e-09,0.9999967217445374,2.061146808784997e-09,2.061146808784997e-09,2.2119417408816844e-08,2.061146808784997e-09,3.2246223327092594e-06
7,2025-09-04,0,0.9984257326746125,5.843033326642877e-09,0.0015742614823405902,-0.0016731932938139835,2.06115324807854e-09,2.06115324807854e-09,2.06115324807854e-09,2.06115324807854e-09,2.06115324807854e-09,2.06115324807854e-09,2.06115324807854e-09,2.06115324807854e-09,0.9999998211860657,2.06115324807854e-09,2.06115324807854e-09,2.06115324807854e-09,2.06115324807854e-09,1.7128864726601023e-07
7,2025-09-05,0,0.999999704255502,2.8125443072492164e-14,2.9574445548692937e-07,0.0011537994284182788,2.5758353783267296e-10,0.12497057020664215,0.12497057020664215,0.12497057020664215,2.5758353783267296e-10,0.12497057020664215,0.12497057020664215,0.12497057020664215,2.5758353783267296e-10,0.00023542565759271383,0.12497057020664215,2.5758353783267296e-10,0.12497057020664215,2.5758353783267296e-10
7,2025-09-08,0,0.9999164914500815,6.792285549474427e-07,8.282932136036252e-05,0.004123864224809222,2.576399371623239e-10,0.12499792873859406,0.12499792873859406,0.12499792873859406,2.576399371623239e-10,0.12499792873859406,0.12499792873859406,0.12499792873859406,2.576399371623239e-10,1.6539261196157895e-05,0.12499792873859406,2.576399371623239e-10,0.12499792873859406,2.576399371623239e-10
7,2025-09-09,0,0.9999970962190996,7.593950784468702e-14,2.9037808239057294e-06,-0.0036140047453343867,2.061153470123145e-09,2.061153470123145e-09,2.061153470123145e-09,2.061153470123145e-09,2.061153470123145e-09,2.061153470123145e-09,2.061153470123145e-09,2.061153470123145e-09,2.061153470123145e-09,2.061153470123145e-09,2.061153470123145e-09,1.0,2.061153470123145e-09,2.061153470123145e-09
7,2025-09-10,0,0.9999978996211101,1.119735516020742e-30,2.1003789119538613e-06,0.0011005473349243403,2.061153470123145e-09,2.061153470123145e-09,2.061153470123145e-09,2.061153470123145e-09,2.061153470123145e-09,2.061153470123145e-09,2.061153470123145e-09,2.061153470123145e-09,1.0,2.061153470123145e-09,2.061153470123145e-09,2.061153470123145e-09,2.061153470123145e-09,2.061153470123145e-09
7,2025-09-11,2,0.5949253446348265,1.4718155147738193e-10,0.405074655218002,-0.003271030029281974,2.061153470123145e-09,2.061153470123145e-09,2.061153470123145e-09,2.061153470123145e-09,2.061153470123145e-09,2.061153470123145e-09,2.061153470123145e-09,2.061153470123145e-09,1.0,2.061153470123145e-09,2.061153470123145e-09,2.061153470123145e-09,2.061153470123145e-09,2.061153470123145e-09
7,2025-09-12,2,0.2975595270686633,2.3108161992440224e-14,0.7024404729313389,0.009942188802361489,0.20000000298023224,4.122307217802046e-10,4.122307217802046e-10,4.122307217802046e-10,0.20000000298023224,4.122307217802046e-10,4.122307217802046e-10,4.122307217802046e-10,0.20000000298023224,4.122307217802046e-10,4.122307217802046e-10,0.20000000298023224,4.122307217802046e-10,0.20000000298023224
7,2025-09-15,2,0.09281343464051425,1.0435953411189077e-13,0.9071865653593835,-0.0028043981663882734,2.061141257669874e-09,2.061141257669874e-09,2.061141257669874e-09,2.061141257669874e-09,2.061141257669874e-09,2.061141257669874e-09,2.061141257669874e-09,2.061141257669874e-09,0.9999939799308777,2.061141257669874e-09,2.061141257669874e-09,6.002801455906592e-06,2.061141257669874e-09,1.0012667139847053e-08
7,2025-09-16,2,0.023180076235637073,9.521479823885833e-16,0.9768199237643561,0.00418323180899024,2.061153470123145e-09,1.0,2.061153470123145e-09,2.061153470123145e-09,2.061153470123145e-09,2.061153470123145e-09,2.061153470123145e-09,2.061153470123145e-09,2.061153470123145e-09,2.061153470123145e-09,2.061153470123145e-09,2.061153470123145e-09,2.061153470123145e-09,2.061153470123145e-09
7,2025-09-17,2,0.005423984510821661,4.4240369575245954e-16,0.9945760154891862,-0.002610572174191475,2.0611523599001202e-09,2.0611523599001202e-09,2.0611523599001202e-09,2.0611523599001202e-09,2.0611523599001202e-09,2.0611523599001202e-09,2.0611523599001202e-09,2.0611523599001202e-09,0.9999993443489075,2.0611523599001202e-09,2.0611523599001202e-09,2.0611523599001202e-09,2.0611523599001202e-09,6.128124141469016e-07
7,2025-09-18,2,0.0019695893387285143,1.4058432185764453e-14,0.9980304106612702,0.020284425029158594,0.49999988079071045,1.03057662403927e-09,1.03057662403927e-09,1.03057662403927e-09,1.03057662403927e-09,1.03057662403927e-09,1.03057662403927e-09,1.03057662403927e-09,2.107437921949895e-07,1.03057662403927e-09,1.03057662403927e-09,0.49999988079071045,1.03057662403927e-09,1.03057662403927e-09
7,2025-09-19,2,0.0007106769221945574,2.4693396267407794e-15,0.9992893230778197,0.002269193324819207,2.0611516937663055e-09,2.0611516937663055e-09,2.0611516937663055e-09,2.0611516937663055e-09,2.0611516937663055e-09,2.0611516937663055e-09,2.0611516937663055e-09,2.0611516937663055e-09,0.9999990463256836,2.0611516937663055e-09,2.0611516937663055e-09,2.0611516937663055e-09,2.0611516937663055e-09,9.223836627825222e-07
7,2025-09-22,2,0.00025697232569653783,6.103314997857609e-17,0.9997430276743308,0.008311466436088086,4.122298613573605e-10,4.122298613573605e-10,4.122298613573605e-10,4.122298613573605e-10,0.1999995857477188,4.122298613573605e-10,2.00295971808373e-07,0.1999995857477188,0.1999995857477188,1.8996422568307025e-06,4.122298613573605e-10,4.122298613573605e-10,0.1999995857477188,0.1999995857477188
7,2025-09-23,2,0.00011712738815119266,9.027043482013432e-17,0.9998828726118338,-0.011473299513757229,2.061153470123145e-09,0.9999999403953552,2.061153470123145e-09,2.061153470123145e-09,2.061153470123145e-09,2.061153470123145e-09,2.061153470123145e-09,2.061153470123145e-09,2.061153470123145e-09,2.061153470123145e-09,2.061153470123145e-09,3.799156189643327e-08,2.061153470123145e-09,2.061153470123145e-09
7,2025-09-24,2,8.359831976556511e-05,6.484000093975295e-18,0.9999164016802239,0.003997206196188927,2.06115324807854e-09,2.06115324807854e-09,2.06115324807854e-09,2.06115324807854e-09,2.06115324807854e-09,2.06115324807854e-09,2.06115324807854e-09,2.06115324807854e-09,0.9999998211860657,2.06115324807854e-09,2.06115324807854e-09,2.06115324807854e-09,2.06115324807854e-09,1.792970607539246e-07
7,2025-09-25,2,0.00014983109575007482,8.248613249545872e-15,0.9998501689042519,-0.009832772935926914,0.333332896232605,0.333332896232605,6.870503610478806e-10,1.06060326743318e-07,6.870503610478806e-10,6.870503610478806e-10,6.870503610478806e-10,6.870503610478806e-10,6.870503610478806e-10,6.870503610478806e-10,1.1567469755391357e-06,0.333332896232605,6.870503610478806e-10,6.870503610478806e-10
7,2025-09-26,2,0.00011490385076705608,1.9057593998017124e-22,0.9998850961492161,-0.0018469921054318546,6.870511937151491e-10,6.870511937151491e-10,6.870511937151491e-10,6.870511937151491e-10,0.3333333432674408,6.870511937151491e-10,6.870511937151491e-10,6.870511937151491e-10,0.3333333432674408,6.870511937151491e-10,6.870511937151491e-10,6.870511937151491e-10,6.870511937151491e-10,0.3333333432674408
7,2025-09-29,2,0.00013748482359355333,7.467003582746154e-16,0.9998625151763841,0.015800391909480096,2.061153470123145e-09,2.061153470123145e-09,2.061153470123145e-09,2.061153470123145e-09,2.061153470123145e-09,2.061153470123145e-09,2.061153470123145e-09,2.061153470123145e-09,1.0,2.061153470123145e-09,2.061153470123145e-09,2.061153470123145e-09,2.061153470123145e-09,2.061153470123145e-09
7,2025-09-30,2,0.00016273780666809843,5.44874191659763e-15,0.9998372621933203,0.0008595232397317886,1.494533421464439e-07,5.15288312019635e-10,5.15288312019635e-10,5.15288312019635e-10,0.24999995529651642,5.15288312019635e-10,5.15288312019635e-10,5.15288312019635e-10,0.24999995529651642,5.15288312019635e-10,5.15288312019635e-10,0.24999995529651642,5.15288312019635e-10,0.24999995529651642
7,2025-10-01,2,0.00015784596637744515,4.278058947285447e-15,0.9998421540336035,-0.0019902312453836204,2.0611463646957873e-09,2.0611463646957873e-09,2.0611463646957873e-09,2.0611463646957873e-09,2.0611463646957873e-09,2.0611463646957873e-09,2.0611463646957873e-09,2.0611463646957873e-09,0.9999964237213135,2.0611463646957873e-09,2.0611463646957873e-09,2.0611463646957873e-09,2.0611463646957873e-09,3.5300029139762046e-06
7,2025-10-02,2,0.00010483220732703746,7.424630753720647e-27,0.9998951677926576,0.0027703851953148843,2.061153470123145e-09,2.061153470123145e-09,2.061153470123145e-09,2.061153470123145e-09,2.061153470123145e-09,2.061153470123145e-09,2.061153470123145e-09,2.061153470123145e-09,2.061153470123145e-09,2.061153470123145e-09,2.061153470123145e-09,1.0,2.061153470123145e-09,2.061153470123145e-09
7,2025-10-10,2,5.543432436366939e-07,2.2046246050841215e-32,0.9999994456567665,0.022068024358153342,0.5,1.030576846083875e-09,1.030576846083875e-09,1.030576846083875e-09,1.030576846083875e-09,1.030576846083875e-09,1.030576846083875e-09,1.030576846083875e-09,1.030576846083875e-09,1.030576846083875e-09,1.030576846083875e-09,0.5,1.030576846083875e-09,1.030576846083875e-09
7,2025-10-13,2,1.393651937106456e-12,8.812156473238969e-63,0.9999999999985789,0.02564788372516632,2.06115324807854e-09,2.06115324807854e-09,2.06115324807854e-09,2.06115324807854e-09,2.06115324807854e-09,2.06115324807854e-09,2.06115324807854e-09,2.06115324807854e-09,0.9999998211860657,2.06115324807854e-09,2.06115324807854e-09,2.06115324807854e-09,2.06115324807854e-09,1.8261572165556572e-07
7,2025-10-14,2,1.9304276573582365e-18,3.7627675552666133e-78,1.0,-0.01505720014423132,2.061153470123145e-09,0.9999999403953552,2.061153470123145e-09,2.061153470123145e-09,2.061153470123145e-09,2.061153470123145e-09,2.061153470123145e-09,2.061153470123145e-09,2.061153470123145e-09,2.061153470123145e-09,2.061153470123145e-09,3.576106166747195e-08,2.061153470123145e-09,2.061153470123145e-09
7,2025-10-15,2,8.222545009177678e-13,5.712350298459924e-51,0.9999999999992042,0.032267723218512026,2.061153470123145e-09,1.0,2.061153470123145e-09,2.061153470123145e-09,2.061153470123145e-09,2.061153470123145e-09,2.061153470123145e-09,2.061153470123145e-09,2.061153470123145e-09,2.061153470123145e-09,2.061153470123145e-09,2.061153470123145e-09,2.061153470123145e-09,2.061153470123145e-09
7,2025-10-16,2,3.265514077608365e-17,3.710424195314682e-73,1.0,0.007216518700867891,2.06115324807854e-09,2.06115324807854e-09,2.06115324807854e-09,2.06115324807854e-09,2.06115324807854e-09,2.06115324807854e-09,2.06115324807854e-09,2.06115324807854e-09,0.9999997615814209,2.06115324807854e-09,2.06115324807854e-09,2.06115324807854e-09,2.06115324807854e-09,1.8859027761664038e-07
7,2025-10-17,2,4.511068219758908e-29,2.2186449264529557e-121,1.0,0.007623907136917114,0.24999938905239105,5.152871462854591e-10,5.152871462854591e-10,5.152871462854591e-10,0.24999938905239105,5.152871462854591e-10,5.152871462854591e-10,5.152871462854591e-10,0.24999938905239105,5.152871462854591e-10,5.152871462854591e-10,2.4605683393019717e-06,5.152871462854591e-10,0.24999938905239105
7,2025-10-20,2,1.8230650013358528e-19,1.6985449554421945e-76,1.0,0.02207585860490799,0.5,1.030576846083875e-09,1.030576846083875e-09,1.030576846083875e-09,1.030576846083875e-09,1.030576846083875e-09,1.030576846083875e-09,1.030576846083875e-09,1.030576846083875e-09,1.030576846083875e-09,1.030576846083875e-09,0.5,1.030576846083875e-09,1.030576846083875e-09
7,2025-10-21,2,5.109030760262439e-19,1.6526850840796588e-76,1.0,0.005948006131500006,4.1221984159456326e-10,4.1221984159456326e-10,4.1221984159456326e-10,4.1221984159456326e-10,0.19999472796916962,4.1221984159456326e-10,7.554961456435194e-08,0.19999472796916962,0.19999472796916962,2.6296969735994935e-05,4.1221984159456326e-10,4.1221984159456326e-10,0.19999472796916962,0.19999472796916962
7,2025-10-22,2,1.3931284528512162e-17,1.1362126526251337e-70,1.0,-0.04263639047145844,2.06115324807854e-09,2.06115324807854e-09,2.06115324807854e-09,2.06115324807854e-09,2.06115324807854e-09,2.06115324807854e-09,2.06115324807854e-09,2.06115324807854e-09,0.9999997615814209,2.06115324807854e-09,2.06115324807854e-09,2.06115324807854e-09,2.06115324807854e-09,2.0790196231246227e-07
7,2025-10-23,2,5.026476019643696e-19,1.6112831239900853e-77,1.0,-0.008885568517446518,0.5,1.030576846083875e-09,1.030576846083875e-09,1.030576846083875e-09,1.030576846083875e-09,1.030576846083875e-09,1.030576846083875e-09,1.030576846083875e-09,1.030576846083875e-09,1.030576846083875e-09,1.030576846083875e-09,0.5,1.030576846083875e-09,1.030576846083875e-09
7,2025-10-24,2,1.402818431964873e-20,1.9619655770960056e-83,1.0,-0.008210145446658134,2.06115280398933e-09,2.06115280398933e-09,2.06115280398933e-09,2.06115280398933e-09,2.06115280398933e-09,2.06115280398933e-09,2.06115280398933e-09,2.06115280398933e-09,0.9999996423721313,2.06115280398933e-09,2.06115280398933e-09,2.06115280398933e-09,2.06115280398933e-09,3.3256631581934926e-07
7,2025-10-27,2,9.376516526087614e-25,2.815579360085973e-100,1.0,-0.0027204668643554045,2.06115324807854e-09,2.06115324807854e-09,2.06115324807854e-09,2.06115324807854e-09,2.06115324807854e-09,2.06115324807854e-09,2.06115324807854e-09,2.06115324807854e-09,0.9999998211860657,2.06115324807854e-09,2.06115324807854e-09,2.06115324807854e-09,2.06115324807854e-09,1.819122701363085e-07
7,2025-10-28,2,1.2613318940541925e-25,7.07674404850647e-102,1.0,-0.0090065803617239,6.67473021298548e-10,6.67473021298548e-10,6.67473021298548e-10,6.67473021298548e-10,0.028495917096734047,6.67473021298548e-10,6.67473021298548e-10,6.67473021298548e-10,0.32383468747138977,6.67473021298548e-10,6.67473021298548e-10,0.32383468747138977,6.67473021298548e-10,0.32383468747138977
7,2025-10-29,2,5.6057492242675526e-24,6.159282269868823e-95,1.0,0.004333321088552475,2.061152581944725e-09,2.061152581944725e-09,2.061152581944725e-09,2.061152581944725e-09,2.061152581944725e-09,2.061152581944725e-09,2.061152581944725e-09,2.061152581944725e-09,0.999999463558197,2.061152581944725e-09,2.061152581944725e-09,2.061152581944725e-09,2.061152581944725e-09,5.119307502354786e-07
7,2025-10-30,2,4.579783392304307e-22,1.1101512984004342e-87,1.0,-0.0008624899070741151,2.06115324807854e-09,2.06115324807854e-09,2.06115324807854e-09,2.06115324807854e-09,2.06115324807854e-09,2.06115324807854e-09,2.06115324807854e-09,2.06115324807854e-09,0.9999998211860657,2.06115324807854e-09,2.06115324807854e-09,2.06115324807854e-09,2.06115324807854e-09,1.8035913740277465e-07
7,2025-10-31,2,1.749703706823576e-18,1.449813660408693e-73,1.0,0.0028253020986914634,2.0185337845646245e-09,0.9793223738670349,2.0185337845646245e-09,2.0185337845646245e-09,2.0185337845646245e-09,2.0185337845646245e-09,2.0185337845646245e-09,4.664918833441334e-07,0.020677143707871437,2.0185337845646245e-09,2.0185337845646245e-09,2.0185337845646245e-09,2.0185337845646245e-09,2.0185337845646245e-09
7,2025-11-03,2,1.518635941220776e-24,8.398755372525918e-101,1.0,0.0018404659617692232,2.060462467312618e-09,2.060462467312618e-09,2.060462467312618e-09,2.060462467312618e-09,2.060462467312618e-09,2.060462467312618e-09,2.060462467312618e-09,2.060462467312618e-09,0.9996646642684937,2.060462467312618e-09,2.060462467312618e-09,0.0003352880594320595,2.060462467312618e-09,2.060462467312618e-09
7,2025-11-04,2,4.473731385885135e-33,3.559854623203722e-132,1.0,0.0008259508371353149,0.20000000298023224,4.122307217802046e-10,4.122307217802046e-10,4.122307217802046e-10,0.20000000298023224,4.122307217802046e-10,4.122307217802046e-10,4.122307217802046e-10,0.20000000298023224,4.122307217802046e-10,4.122307217802046e-10,0.20000000298023224,4.122307217802046e-10,0.20000000298023224
7,2025-11-05,2,4.116931623150197e-50,1.590208822689132e-194,1.0,-0.002826268071308732,2.06115324807854e-09,2.06115324807854e-09,2.06115324807854e-09,2.06115324807854e-09,2.06115324807854e-09,2.06115324807854e-09,2.06115324807854e-09,2.06115324807854e-09,0.9999998211860657,2.06115324807854e-09,2.06115324807854e-09,2.06115324807854e-09,2.06115324807854e-09,1.8139715507459186e-07
7,2025-11-06,2,4.789920965957286e-49,6.113904471346031e-185,1.0,0.004736293107155163,2.06115324807854e-09,2.06115324807854e-09,2.06115324807854e-09,2.06115324807854e-09,2.06115324807854e-09,2.06115324807854e-09,2.06115324807854e-09,2.06115324807854e-09,0.9999998211860657,2.06115324807854e-09,2.06115324807854e-09,2.06115324807854e-09,2.06115324807854e-09,1.8062361561987927e-07
7,2025-11-07,2,5.756955079335892e-56,8.452574801421957e-211,1.0,0.0019311876966381363,2.06115324807854e-09,2.06115324807854e-09,2.06115324807854e-09,2.06115324807854e-09,2.06115324807854e-09,2.06115324807854e-09,2.06115324807854e-09,2.06115324807854e-09,0.9999998211860657,2.06115324807854e-09,2.06115324807854e-09,2.06115324807854e-09,2.06115324807854e-09,1.8140225677143462e-07
7,2025-11-10,2,3.07956467211431e-47,2.8088311916568532e-177,1.0,0.01931909098264518,2.06115324807854e-09,2.06115324807854e-09,2.06115324807854e-09,2.06115324807854e-09,2.06115324807854e-09,2.06115324807854e-09,2.06115324807854e-09,2.06115324807854e-09,0.9999997615814209,2.06115324807854e-09,2.06115324807854e-09,2.06115324807854e-09,2.06115324807854e-09,1.8557838643573632e-07
7,2025-11-11,2,3.9315461739958137e-44,2.4971273806204304e-167,1.0,0.015439527099598888,2.06115324807854e-09,2.06115324807854e-09,2.06115324807854e-09,2.06115324807854e-09,2.06115324807854e-09,2.06115324807854e-09,2.06115324807854e-09,2.06115324807854e-09,0.9999998211860657,2.06115324807854e-09,2.06115324807854e-09,2.06115324807854e-09,2.06115324807854e-09,1.8074010199597978e-07
7,2025-11-12,2,3.8137093543975243e-34,1.4151735244733342e-130,1.0,-0.005397620643571976,2.061153026033935e-09,2.061153026033935e-09,2.061153026033935e-09,2.061153026033935e-09,2.061153026033935e-09,2.061153026033935e-09,2.061153026033935e-09,2.061153026033935e-09,0.9999997019767761,2.061153026033935e-09,2.061153026033935e-09,2.061153026033935e-09,2.061153026033935e-09,2.7939216806771583e-07
7,2025-11-13,2,8.165100784237687e-26,2.10622746157815e-100,1.0,0.013069008898735046,0.5,1.030576846083875e-09,1.030576846083875e-09,1.030576846083875e-09,1.030576846083875e-09,1.030576846083875e-09,1.030576846083875e-09,1.030576846083875e-09,1.030576846083875e-09,1.030576846083875e-09,1.030576846083875e-09,0.5,1.030576846083875e-09,1.030576846083875e-09
7,2025-11-14,2,6.140960606749778e-36,5.49674420397474e-143,1.0,-0.009896817195415497,2.0611523599001202e-09,2.0611523599001202e-09,2.0611523599001202e-09,2.0611523599001202e-09,2.0611523599001202e-09,2.0611523599001202e-09,2.0611523599001202e-09,2.0611523599001202e-09,0.9999994039535522,2.0611523599001202e-09,2.0611523599001202e-09,2.0611523599001202e-09,2.0611523599001202e-09,5.43681835551979e-07
7,2025-11-17,2,9.173347237530985e-29,1.988388184577578e-111,1.0,-0.028722020002796382,2.06115324807854e-09,2.06115324807854e-09,2.06115324807854e-09,2.06115324807854e-09,2.06115324807854e-09,2.06115324807854e-09,2.06115324807854e-09,2.06115324807854e-09,0.9999998807907104,2.06115324807854e-09,2.06115324807854e-09,2.06115324807854e-09,2.06115324807854e-09,1.092690737891644e-07
7,2025-11-18,2,3.685729364544654e-45,9.578365214668855e-178,1.0,-0.011681158129369661,2.061153026033935e-09,2.061153026033935e-09,2.061153026033935e-09,2.061153026033935e-09,2.061153026033935e-09,2.061153026033935e-09,2.061153026033935e-09,2.061153026033935e-09,0.9999997615814209,2.061153026033935e-09,2.061153026033935e-09,2.061153026033935e-09,2.061153026033935e-09,2.1520273207897844e-07
7,2025-11-19,2,2.3993357441093493e-46,5.361863817875911e-176,1.0,0.01882825078610331,2.038900825951373e-09,2.038900825951373e-09,2.038900825951373e-09,2.038900825951373e-09,1.4609388188091543e-07,2.038900825951373e-09,2.038900825951373e-09,2.038900825951373e-09,0.989203691482544,2.038900825951373e-09,2.038900825951373e-09,2.038900825951373e-09,2.038900825951373e-09,0.010796144604682922
7,2025-11-20,2,1.0287086149993114e-34,2.078568009177706e-132,1.0,-0.005083051079511643,1.0175554843172563e-09,1.0175554843172563e-09,1.0175554843172563e-09,1.0175554843172563e-09,0.01263493299484253,1.0175554843172563e-09,1.0175554843172563e-09,1.0175554843172563e-09,0.49368253350257874,1.0175554843172563e-09,1.0175554843172563e-09,1.0175554843172563e-09,1.0175554843172563e-09,0.49368253350257874
7,2025-11-21,2,1.131065265979153e-53,2.5315176512917738e-207,1.0,-0.017967894226312637,0.20000000298023224,4.122307217802046e-10,4.122307217802046e-10,4.122307217802046e-10,0.20000000298023224,4.122307217802046e-10,4.122307217802046e-10,4.122307217802046e-10,0.20000000298023224,4.122307217802046e-10,4.122307217802046e-10,0.20000000298023224,4.122307217802046e-10,0.20000000298023224
7,2025-11-24,2,2.6931969025065324e-43,3.931356360525855e-163,1.0,-0.0032194801941514014,0.5,1.030576846083875e-09,1.030576846083875e-09,1.030576846083875e-09,1.030576846083875e-09,1.030576846083875e-09,1.030576846083875e-09,1.030576846083875e-09,1.030576846083875e-09,1.030576846083875e-09,1.030576846083875e-09,0.5,1.030576846083875e-09,1.030576846083875e-09
7,2025-11-25,2,9.528325322749023e-38,3.271825528884841e-144,1.0,0.02102117748260498,2.0582155979553818e-09,2.0582155979553818e-09,2.0582155979553818e-09,2.0582155979553818e-09,6.831329102396921e-08,2.0582155979553818e-09,2.0582155979553818e-09,2.0582155979553818e-09,0.9985745549201965,2.0582155979553818e-09,2.0582155979553818e-09,2.0582155979553818e-09,2.0582155979553818e-09,0.0014253752306103706
7,2025-11-26,2,6.099614415177845e-25,1.0380391548034376e-96,1.0,0.004751135615818202,2.0611523599001202e-09,2.0611523599001202e-09,2.0611523599001202e-09,2.0611523599001202e-09,2.0611523599001202e-09,2.0611523599001202e-09,2.0611523599001202e-09,2.0611523599001202e-09,0.9999994039535522,2.0611523599001202e-09,2.0611523599001202e-09,2.0611523599001202e-09,2.0611523599001202e-09,5.813495249640255e-07
7,2025-11-27,2,2.48760906160546e-19,2.058966684355896e-76,1.0,-0.0016500974689071257,2.061152581944725e-09,2.061152581944725e-09,2.061152581944725e-09,2.061152581944725e-09,2.061152581944725e-09,2.061152581944725e-09,2.061152581944725e-09,2.061152581944725e-09,0.9999995231628418,2.061152581944725e-09,2.061152581944725e-09,2.061152581944725e-09,2.061152581944725e-09,4.4573579316420364e-07
7,2025-11-28,2,3.7113819158558585e-18,5.784828056869403e-73,1.0,0.006604236171394586,0.20000000298023224,4.122307217802046e-10,4.122307217802046e-10,4.122307217802046e-10,0.20000000298023224,4.122307217802046e-10,4.122307217802046e-10,4.122307217802046e-10,0.20000000298023224,4.122307217802046e-10,4.122307217802046e-10,0.20000000298023224,4.122307217802046e-10,0.20000000298023224
7,2025-12-01,2,3.515260191455931e-21,1.5573357956159136e-86,1.0,0.009329462438821793,2.06115324807854e-09,2.06115324807854e-09,2.06115324807854e-09,2.06115324807854e-09,2.06115324807854e-09,2.06115324807854e-09,2.06115324807854e-09,2.06115324807854e-09,0.9999998211860657,2.06115324807854e-09,2.06115324807854e-09,2.06115324807854e-09,2.06115324807854e-09,1.815349861544746e-07
7,2025-12-02,2,5.4571144666045173e-17,1.2446534456460845e-67,1.0,-0.00671355621421244,2.0555446234027386e-09,2.0555446234027386e-09,2.0555446234027386e-09,2.0555446234027386e-09,2.0555446234027386e-09,2.0555446234027386e-09,2.0555446234027386e-09,2.0555446234027386e-09,0.9972786903381348,2.0555446234027386e-09,2.0555446234027386e-09,0.0027213101275265217,2.0555446234027386e-09,2.0555446234027386e-09
7,2025-12-03,2,2.870263303517017e-16,8.833482129781254e-66,1.0,-0.004500890194624662,2.061153470123145e-09,1.0,2.061153470123145e-09,2.061153470123145e-09,2.061153470123145e-09,2.061153470123145e-09,2.061153470123145e-09,2.061153470123145e-09,2.061153470123145e-09,2.061153470123145e-09,2.061153470123145e-09,2.061153470123145e-09,2.061153470123145e-09,2.061153470123145e-09
7,2025-12-04,2,2.403533737757031e-14,1.02949713483125e-57,1.0,-0.013485141098499298,2.061153470123145e-09,1.0,2.061153470123145e-09,2.061153470123145e-09,2.061153470123145e-09,2.061153470123145e-09,2.061153470123145e-09,2.061153470123145e-09,2.061153470123145e-09,2.061153470123145e-09,2.061153470123145e-09,2.061153470123145e-09,2.061153470123145e-09,2.061153470123145e-09
7,2025-12-05,2,9.870384972806744e-12,7.415157559929549e-47,0.9999999999901092,-0.026503272864222528,2.061153470123145e-09,2.061153470123145e-09,2.061153470123145e-09,2.061153470123145e-09,2.061153470123145e-09,2.061153470123145e-09,2.061153470123145e-09,2.061153470123145e-09,2.061153470123145e-09,2.061153470123145e-09,2.061153470123145e-09,1.0,2.061153470123145e-09,2.061153470123145e-09
7,2025-12-08,2,2.0613978384834128e-12,3.576758019060322e-51,0.9999999999979536,-0.0025355506662279367,2.06115324807854e-09,2.06115324807854e-09,2.06115324807854e-09,2.06115324807854e-09,2.06115324807854e-09,2.06115324807854e-09,2.06115324807854e-09,2.06115324807854e-09,0.9999998211860657,2.06115324807854e-09,2.06115324807854e-09,2.06115324807854e-09,2.06115324807854e-09,1.8130609191757685e-07
7,2025-12-09,2,2.3422282019982855e-13,3.203530359552335e-55,0.9999999999997726,-0.009997357836272567,2.051234071487329e-09,0.0048125493340194225,2.051234071487329e-09,2.051234071487329e-09,2.051234071487329e-09,2.051234071487329e-09,2.051234071487329e-09,2.051234071487329e-09,0.9951874017715454,2.051234071487329e-09,2.051234071487329e-09,2.051234071487329e-09,2.051234071487329e-09,2.051234071487329e-09
7,2025-12-10,2,5.745355451761474e-13,9.694412492253853e-53,0.9999999999994316,0.007165608240710572,2.0611516937663055e-09,2.0611516937663055e-09,2.0611516937663055e-09,2.0611516937663055e-09,2.0611516937663055e-09,2.0611516937663055e-09,2.0611516937663055e-09,2.0611516937663055e-09,0.9999991059303284,2.0611516937663055e-09,2.0611516937663055e-09,2.0611516937663055e-09,2.0611516937663055e-09,8.917407399167132e-07
7,2025-12-11,2,1.5092510484012996e-12,5.123183670107434e-51,0.9999999999984652,-0.0040379339158535,6.890557902039518e-09,6.890557902039518e-09,6.890557902039518e-09,6.890557902039518e-09,6.890557902039518e-09,6.890557902039518e-09,6.890557902039518e-09,6.890557902039518e-09,1.1844909053593256e-08,6.890557902039518e-09,6.890557902039518e-09,0.9999998807907104,6.890557902039518e-09,6.890557902039518e-09
7,2025-12-12,2,9.730723239626194e-09,2.5840484727764636e-34,0.9999999902692593,0.01647995363175869,2.06115324807854e-09,2.06115324807854e-09,2.06115324807854e-09,2.06115324807854e-09,2.06115324807854e-09,2.06115324807854e-09,2.06115324807854e-09,2.06115324807854e-09,0.9999998211860657,2.06115324807854e-09,2.06115324807854e-09,2.06115324807854e-09,2.06115324807854e-09,1.7697023224627628e-07
7,2025-12-15,2,1.689406193812552e-11,2.0183980860385442e-50,0.9999999999831175,-0.004985208183526993,0.5,1.030576846083875e-09,1.030576846083875e-09,1.030576846083875e-09,1.030576846083875e-09,1.030576846083875e-09,1.030576846083875e-09,1.030576846083875e-09,1.030576846083875e-09,1.030576846083875e-09,1.030576846083875e-09,0.5,1.030576846083875e-09,1.030576846083875e-09
7,2025-12-16,2,3.3558097876566246e-14,4.626121608259351e-60,0.9999999999999432,-0.014016568239033222,2.061153470123145e-09,2.061153470123145e-09,2.061153470123145e-09,2.061153470123145e-09,2.061153470123145e-09,2.061153470123145e-09,2.061153470123145e-09,2.061153470123145e-09,1.0,2.061153470123145e-09,2.061153470123145e-09,2.061153470123145e-09,2.061153470123145e-09,4.079134807710716e-09
7,2025-12-17,2,1.9361704906692024e-11,1.3326587865482189e-45,0.9999999999806164,0.011142843768809689,2.0606185646698805e-09,2.0606185646698805e-09,2.0606185646698805e-09,2.0606185646698805e-09,8.215250701937293e-09,2.0606185646698805e-09,2.0606185646698805e-09,2.0606185646698805e-09,0.9997404217720032,2.0606185646698805e-09,2.0606185646698805e-09,2.0606185646698805e-09,2.0606185646698805e-09,0.0002595210971776396
7,2025-12-18,2,2.7149989476382843e-13,8.36816976931949e-56,0.9999999999997158,-0.007716295335441828,0.5,1.030576846083875e-09,1.030576846083875e-09,1.030576846083875e-09,1.030576846083875e-09,1.030576846083875e-09,1.030576846083875e-09,1.030576846083875e-09,1.030576846083875e-09,1.030576846083875e-09,1.030576846083875e-09,0.5,1.030576846083875e-09,1.030576846083875e-09
7,2025-12-19,2,2.5521080655111368e-12,8.973702080300232e-50,0.999999999997442,-0.0020837509512901305,2.06115324807854e-09,2.06115324807854e-09,2.06115324807854e-09,2.06115324807854e-09,2.06115324807854e-09,2.06115324807854e-09,2.06115324807854e-09,2.06115324807854e-09,0.9999998211860657,2.06115324807854e-09,2.06115324807854e-09,2.06115324807854e-09,2.06115324807854e-09,1.8148314495647355e-07
7,2025-12-22,2,3.4530711123588403e-12,1.0575523484532537e-49,0.9999999999965326,0.01882986673414707,0.5,1.030576846083875e-09,1.030576846083875e-09,1.030576846083875e-09,1.030576846083875e-09,1.030576846083875e-09,1.030576846083875e-09,1.030576846083875e-09,1.030576846083875e-09,1.030576846083875e-09,1.030576846083875e-09,0.5,1.030576846083875e-09,1.030576846083875e-09
7,2025-12-23,2,1.9683437824242308e-10,1.393894291822821e-41,0.9999999998031512,0.01689351300895214,2.06115324807854e-09,2.06115324807854e-09,2.06115324807854e-09,2.06115324807854e-09,2.06115324807854e-09,2.06115324807854e-09,2.06115324807854e-09,2.06115324807854e-09,0.9999998211860657,2.06115324807854e-09,2.06115324807854e-09,2.06115324807854e-09,2.06115324807854e-09,1.6911178590817144e-07
7,2025-12-24,2,2.7464753975934455e-10,1.0894415690653845e-41,0.9999999997253326,0.00038294104793538394,2.061153470123145e-09,2.061153470123145e-09,2.061153470123145e-09,2.061153470123145e-09,2.061153470123145e-09,2.061153470123145e-09,2.061153470123145e-09,2.061153470123145e-09,1.0,2.061153470123145e-09,2.061153470123145e-09,2.061153470123145e-09,2.061153470123145e-09,2.061153470123145e-09
7,2025-12-26,2,1.360355641469399e-10,2.1922468090351694e-43,0.9999999998639737,0.008009187705649004,2.0611523599001202e-09,2.0611523599001202e-09,2.0611523599001202e-09,2.0611523599001202e-09,2.0611523599001202e-09,2.0611523599001202e-09,2.0611523599001202e-09,2.0611523599001202e-09,0.9999994039535522,2.0611523599001202e-09,2.0611523599001202e-09,4.152733268369957e-08,2.0611523599001202e-09,5.100764042254013e-07
7,2025-12-29,2,1.3825193750579926e-12,2.3596186788370877e-53,0.9999999999986358,-0.009204267788555171,2.061150583543281e-09,2.061150583543281e-09,2.061150583543281e-09,2.061150583543281e-09,2.061150583543281e-09,2.061150583543281e-09,2.061150583543281e-09,2.061150583543281e-09,0.9999985694885254,2.061150583543281e-09,2.061150583543281e-09,2.061150583543281e-09,2.061150583543281e-09,1.3986276599098346e-06
7,2025-12-30,2,3.065900922573256e-13,4.9293190462447924e-61,0.9999999999997158,0.0023089237071573735,2.061153470123145e-09,2.061153470123145e-09,2.061153470123145e-09,2.061153470123145e-09,2.061153470123145e-09,2.061153470123145e-09,2.061153470123145e-09,2.061153470123145e-09,2.061153470123145e-09,2.061153470123145e-09,2.061153470123145e-09,1.0,2.061153470123145e-09,2.061153470123145e-09
8,2026-01-02,2,3.928390612555831e-05,4.281833149906108e-25,0.9999607160938643,0.00268884395994246,2.061014470200462e-09,2.061014470200462e-09,2.061014470200462e-09,2.061014470200462e-09,1.6034421435051627e-07,2.061014470200462e-09,2.061014470200462e-09,2.061014470200462e-09,0.9999324679374695,2.061014470200462e-09,2.061014470200462e-09,2.061014470200462e-09,2.061014470200462e-09,6.732568726874888e-05
8,2026-01-05,0,0.9999607160937506,3.928390624247091e-05,1.0755425722762564e-52,0.03457534075975418,0.5,1.030576846083875e-09,1.030576846083875e-09,1.030576846083875e-09,1.030576846083875e-09,1.030576846083875e-09,1.030576846083875e-09,1.030576846083875e-09,1.030576846083875e-09,1.030576846083875e-09,1.030576846083875e-09,0.5,1.030576846083875e-09,1.030576846083875e-09
8,2026-01-06,1,5.8508031196404646e-24,1.0,1.9806447874134792e-85,0.020044404697418212,0.11111021786928177,2.290152234518672e-10,7.837568318791455e-07,0.11111021786928177,0.11111021786928177,7.277624717971776e-06,2.290152234518672e-10,2.290152234518672e-10,0.11111021786928177,0.11111021786928177,0.11111021786928177,0.11111021786928177,0.11111021786928177,0.11111021786928177
8,2026-01-07,1,5.473047744093307e-31,1.0,9.909889829500929e-115,-0.00370966307297349,2.944494370549222e-10,2.944494370549222e-10,9.999713483921369e-07,2.944494370549222e-10,0.14285661280155182,2.6792267817654647e-06,0.14285661280155182,0.14285661280155182,0.14285661280155182,0.14285661280155182,2.944494370549222e-10,2.944494370549222e-10,0.14285661280155182,0.14285661280155182
8,2026-01-08,1,6.832801158517401e-30,1.0,9.994405481982746e-115,-0.001168538149818778,6.869876889581406e-10,6.869876889581406e-10,6.869876889581406e-10,6.869876889581406e-10,0.3333025276660919,6.869876889581406e-10,6.869876889581406e-10,6.869876889581406e-10,0.3333025276660919,6.869876889581406e-10,6.869876889581406e-10,9.241061343345791e-05,6.869876889581406e-10,0.3333025276660919
8,2026-01-09,1,9.008100422662336e-27,1.0,2.7105932429657655e-106,0.005049429585039616,5.152572257749455e-10,5.152572257749455e-10,5.152572257749455e-10,5.152572257749455e-10,0.24998486042022705,5.152572257749455e-10,5.152572257749455e-10,6.055541234673001e-05,0.24998486042022705,7.900915477421222e-10,5.152572257749455e-10,5.152572257749455e-10,0.24998486042022705,0.24998486042022705
8,2026-01-12,1,6.352101802362536e-25,1.0,2.3342629665060814e-97,-0.00962338833808899,0.5,1.030576846083875e-09,1.030576846083875e-09,1.030576846083875e-09,1.030576846083875e-09,1.030576846083875e-09,1.030576846083875e-09,1.030576846083875e-09,1.030576846083875e-09,1.030576846083875e-09,1.030576846083875e-09,0.5,1.030576846083875e-09,1.030576846083875e-09
8,2026-01-13,1,2.630041516448205e-22,1.0,7.228881767641717e-88,-0.0002883111927658319,0.20000000298023224,4.122307217802046e-10,4.122307217802046e-10,4.122307217802046e-10,0.20000000298023224,4.122307217802046e-10,4.122307217802046e-10,4.122307217802046e-10,0.20000000298023224,4.122307217802046e-10,4.122307217802046e-10,0.20000000298023224,4.122307217802046e-10,0.20000000298023224
8,2026-01-14,1,6.140803197579206e-20,1.0,1.4689067186123535e-82,0.0089402951836586,2.0552994861589013e-09,2.0552994861589013e-09,2.0552994861589013e-09,2.0552994861589013e-09,3.6525941595755285e-06,2.0552994861589013e-09,2.0552994861589013e-09,2.0552994861589013e-09,0.9971597194671631,2.0552994861589013e-09,2.0552994861589013e-09,2.0552994861589013e-09,2.0552994861589013e-09,0.002836595056578517
8,2026-01-15,1,5.754431951277619e-22,1.0,4.126703719719116e-83,0.0032184761688113213,2.061153470123145e-09,2.061153470123145e-09,2.061153470123145e-09,2.061153470123145e-09,2.061153470123145e-09,2.061153470123145e-09,2.061153470123145e-09,2.061153470123145e-09,2.061153470123145e-09,2.061153470123145e-09,2.061153470123145e-09,1.0,2.061153470123145e-09,2.061153470123145e-09
8,2026-01-16,1,4.612781178001703e-20,1.0,4.45476914930594e-84,-0.0007263289447408169,1.7706259791694379e-09,1.7706259791694379e-09,1.7706259791694379e-09,1.7706259791694379e-09,0.00012811530905310065,1.7706259791694379e-09,1.7706259791694379e-09,1.7706259791694379e-09,0.8590461015701294,1.7706259791694379e-09,1.7706259791694379e-09,1.7706259791694379e-09,1.7706259791694379e-09,0.1408257782459259
8,2026-01-19,1,1.6377303894800396e-23,1.0,1.912426103923173e-94,-0.002218673049658537,0.5,1.030576846083875e-09,1.030576846083875e-09,1.030576846083875e-09,1.030576846083875e-09,1.030576846083875e-09,1.030576846083875e-09,1.030576846083875e-09,1.030576846083875e-09,1.030576846083875e-09,1.030576846083875e-09,0.5,1.030576846083875e-09,1.030576846083875e-09
8,2026-01-20,1,6.536622094626236e-28,1.0,1.1003232544100338e-109,0.004374826546758413,2.051814274039998e-09,2.051814274039998e-09,2.051814274039998e-09,2.051814274039998e-09,2.051814274039998e-09,2.051814274039998e-09,2.051814274039998e-09,2.051814274039998e-09,0.004531098064035177,2.051814274039998e-09,2.051814274039998e-09,0.9954688549041748,2.051814274039998e-09,2.051814274039998e-09
8,2026-01-21,1,5.02907286724893e-31,1.0,2.906141361902809e-122,0.012926240468025207,6.870511937151491e-10,6.870511937151491e-10,6.870511937151491e-10,6.870511937151491e-10,0.3333333432674408,6.870511937151491e-10,6.870511937151491e-10,6.870511937151491e-10,0.3333333432674408,6.870511937151491e-10,6.870511937151491e-10,6.870511937151491e-10,6.870511937151491e-10,0.3333333432674408
8,2026-01-22,1,1.6084091006062936e-33,1.0,6.276712233990649e-122,0.0048406859666109085,0.20000000298023224,4.122307217802046e-10,4.122307217802046e-10,4.122307217802046e-10,0.20000000298023224,4.122307217802046e-10,4.122307217802046e-10,4.122307217802046e-10,0.20000000298023224,4.122307217802046e-10,4.122307217802046e-10,0.20000000298023224,4.122307217802046e-10,0.20000000298023224
8,2026-01-23,1,1.5646474852323036e-26,1.0,3.3664338421276992e-108,0.0186478318631649,5.152874793523665e-10,5.152874793523665e-10,5.152874793523665e-10,5.152874793523665e-10,0.24999955296516418,5.152874793523665e-10,5.152874793523665e-10,1.7586744434083812e-06,0.24999955296516418,5.152874793523665e-10,5.152874793523665e-10,5.152874793523665e-10,0.24999955296516418,0.24999955296516418
8,2026-01-26,1,2.4955287839693217e-27,1.0,1.4514791050384387e-108,0.03270792725682259,0.5,1.030576846083875e-09,1.030576846083875e-09,1.030576846083875e-09,1.030576846083875e-09,1.030576846083875e-09,1.030576846083875e-09,1.030576846083875e-09,1.030576846083875e-09,1.030576846083875e-09,1.030576846083875e-09,0.5,1.030576846083875e-09,1.030576846083875e-09
8,2026-01-27,1,1.1078343422251161e-28,1.0,7.234948682447345e-120,-0.0002999997028132803,2.061153470123145e-09,2.061153470123145e-09,2.061153470123145e-09,2.061153470123145e-09,2.061153470123145e-09,2.061153470123145e-09,2.061153470123145e-09,2.061153470123145e-09,1.0,2.061153470123145e-09,2.061153470123145e-09,2.061153470123145e-09,2.061153470123145e-09,2.377133601072501e-09
8,2026-01-28,1,1.8911587228080734e-41,1.0,2.5465492390800673e-147,0.01752825585603714,0.0833333358168602,1.7176279842878728e-10,0.0833333358168602,0.0833333358168602,0.0833333358168602,0.0833333358168602,0.0833333358168602,0.0833333358168602,1.7176279842878728e-10,0.0833333358168602,0.0833333358168602,0.0833333358168602,0.0833333358168602,0.0833333358168602
8,2026-01-29,1,1.870395031954164e-42,1.0,1.685511331068744e-148,0.01823926868736744,0.20000000298023224,4.122307217802046e-10,4.122307217802046e-10,4.122307217802046e-10,0.20000000298023224,4.122307217802046e-10,4.122307217802046e-10,4.122307217802046e-10,0.20000000298023224,4.122307217802046e-10,4.122307217802046e-10,0.20000000298023224,4.122307217802046e-10,0.20000000298023224
8,2026-01-30,1,6.048255067012619e-45,1.0,2.5495013577887e-153,-0.07939175723195076,2.060898784961296e-09,2.060898784961296e-09,2.060898784961296e-09,2.060898784961296e-09,2.6010843612311874e-07,2.060898784961296e-09,2.060898784961296e-09,2.060898784961296e-09,0.9998763799667358,2.060898784961296e-09,2.060898784961296e-09,2.060898784961296e-09,2.060898784961296e-09,0.00012333678023424
8,2026-02-02,1,5.5248671099210494e-80,1.0,4.47661733730303e-221,-0.04247004776000977,0.04204962030053139,1.9744827994827574e-09,1.9744827994827574e-09,1.9744827994827574e-09,1.9744827994827574e-09,1.9744827994827574e-09,1.9744827994827574e-09,1.9744827994827574e-09,1.9744827994827574e-09,1.9744827994827574e-09,1.9744827994827574e-09,0.9579503536224365,1.9744827994827574e-09,1.9744827994827574e-09
8,2026-02-03,1,2.4856285658679736e-95,1.0,2.2807319565673534e-245,0.0754870376110077,2.0610151363342766e-09,2.0610151363342766e-09,2.0610151363342766e-09,2.0610151363342766e-09,1.5958038090957416e-07,2.0610151363342766e-09,2.0610151363342766e-09,2.0610151363342766e-09,0.9999328851699829,2.0610151363342766e-09,2.0610151363342766e-09,2.0610151363342766e-09,2.0610151363342766e-09,6.695845513604581e-05
8,2026-02-04,1,1.4832465906030482e-98,1.0,3.9579399843568565e-250,0.0004798006990924478,0.5,1.030576846083875e-09,1.030576846083875e-09,1.030576846083875e-09,1.030576846083875e-09,1.030576846083875e-09,1.030576846083875e-09,1.030576846083875e-09,1.030576846083875e-09,1.030576846083875e-09,1.030576846083875e-09,0.5,1.030576846083875e-09,1.030576846083875e-09
8,2026-02-05,1,1.553811043131403e-107,1.0,2.1341990707252745e-266,-0.013155385430157185,1.029227592042048e-09,1.029227592042048e-09,1.029227592042048e-09,1.029227592042048e-09,0.0013092103181406856,1.029227592042048e-09,1.029227592042048e-09,1.029227592042048e-09,0.4993453919887543,1.029227592042048e-09,1.029227592042048e-09,1.029227592042048e-09,1.029227592042048e-09,0.4993453919887543
8,2026-02-06,1,3.993530672591178e-103,1.0,1.0007214419170639e-257,-0.013545005160570145,0.5,1.030576846083875e-09,1.030576846083875e-09,1.030576846083875e-09,1.030576846083875e-09,1.030576846083875e-09,1.030576846083875e-09,1.030576846083875e-09,1.030576846083875e-09,1.030576846083875e-09,1.030576846083875e-09,0.5,1.030576846083875e-09,1.030576846083875e-09
8,2026-02-09,1,5.2843637585067884e-79,1.0,1.2086447561153151e-213,0.023971563637256624,0.20000000298023224,4.122307217802046e-10,4.122307217802046e-10,4.122307217802046e-10,0.20000000298023224,4.122307217802046e-10,4.122307217802046e-10,4.122307217802046e-10,0.20000000298023224,4.122307217802046e-10,4.122307217802046e-10,0.20000000298023224,4.122307217802046e-10,0.20000000298023224
8,2026-02-10,1,1.361976197354529e-54,1.0,2.8154508807582946e-169,0.0016722432855516673,2.0610042561486352e-09,2.0610042561486352e-09,2.0610042561486352e-09,2.0610042561486352e-09,1.702419325511073e-07,2.0610042561486352e-09,2.0610042561486352e-09,2.0610042561486352e-09,0.9999275207519531,2.0610042561486352e-09,2.0610042561486352e-09,2.0610042561486352e-09,2.0610042561486352e-09,7.227586320368573e-05
8,2026-02-11,1,3.1066689219291156e-42,1.0,5.906441003905666e-147,0.005022887237989471,2.0610131379328323e-09,2.0610131379328323e-09,2.0610131379328323e-09,2.0610131379328323e-09,1.6146130121796887e-07,2.0610131379328323e-09,2.0610131379328323e-09,2.0610131379328323e-09,0.9999318718910217,2.0610131379328323e-09,2.0610131379328323e-09,2.0610131379328323e-09,2.0610131379328323e-09,6.797240348532796e-05
8,2026-02-12,1,1.4095929509347914e-48,1.0,1.6791407190299995e-160,0.018599075651168823,0.09090909361839294,0.09090909361839294,0.09090909361839294,0.09090909361839294,1.8737759954756683e-10,0.09090909361839294,0.09090909361839294,0.09090909361839294,1.8737759954756683e-10,0.09090909361839294,0.09090909361839294,0.09090909361839294,0.09090909361839294,1.8737759954756683e-10
8,2026-02-13,1,6.351151151279009e-53,1.0,3.091470974670875e-168,-0.008772562803328037,1.028472418340698e-09,1.028472418340698e-09,1.028472418340698e-09,1.028472418340698e-09,0.0020418998319655657,1.028472418340698e-09,1.028472418340698e-09,1.028472418340698e-09,0.49897903203964233,1.028472418340698e-09,1.028472418340698e-09,1.028472418340698e-09,1.028472418340698e-09,0.49897903203964233
8,2026-02-19,1,3.7138422521268606e-57,1.0,5.8459407556313016e-176,0.0031901347152888775,6.870511937151491e-10,6.870511937151491e-10,6.870511937151491e-10,6.870511937151491e-10,0.3333333432674408,6.870511937151491e-10,6.870511937151491e-10,6.870511937151491e-10,0.3333333432674408,6.870511937151491e-10,6.870511937151491e-10,6.870511937151491e-10,6.870511937151491e-10,0.3333333432674408
8,2026-02-20,1,5.042492668403862e-63,1.0,8.657883343894711e-187,0.004684756668657065,2.0610124717990175e-09,2.0610124717990175e-09,2.0610124717990175e-09,2.0610124717990175e-09,1.6247361145360628e-07,2.0610124717990175e-09,2.0610124717990175e-09,2.0610124717990175e-09,0.9999315738677979,2.0610124717990175e-09,2.0610124717990175e-09,2.0610124717990175e-09,2.0610124717990175e-09,6.824755837442353e-05
8,2026-02-23,1,6.537986130377603e-75,1.0,8.582097709326947e-209,-0.006918792173266411,0.33332598209381104,0.33332598209381104,6.870360946820142e-10,2.91219885184546e-06,6.870360946820142e-10,6.870360946820142e-10,6.870360946820142e-10,6.870360946820142e-10,6.870360946820142e-10,6.870360946820142e-10,1.9094752133241855e-05,0.33332598209381104,6.870360946820142e-10,6.870360946820142e-10
8,2026-02-24,1,3.6694276885897085e-84,1.0,4.8552496098539314e-225,0.006212139010429382,3.435216278102615e-10,3.435216278102615e-10,3.435216278102615e-10,3.435216278102615e-10,0.1666647344827652,3.435216278102615e-10,1.1575208191061392e-05,0.1666647344827652,0.1666647344827652,0.1666647344827652,3.435216278102615e-10,3.435216278102615e-10,0.1666647344827652,0.1666647344827652
8,2026-02-25,1,4.14924234225688e-92,1.0,4.698999584961375e-239,0.003461289432644844,2.0609405293470218e-09,2.0609405293470218e-09,2.0609405293470218e-09,2.0609405293470218e-09,2.3762046907904733e-07,2.0609405293470218e-09,2.0609405293470218e-09,2.0609405293470218e-09,0.9998965859413147,2.0609405293470218e-09,2.0609405293470218e-09,2.0609405293470218e-09,2.0609405293470218e-09,0.0001031518550007604
8,2026-02-26,1,5.2203201026110884e-123,1.0,2.8547179434732935e-295,0.02334126948416233,0.20000000298023224,4.122307217802046e-10,4.122307217802046e-10,4.122307217802046e-10,0.20000000298023224,4.122307217802046e-10,4.122307217802046e-10,4.122307217802046e-10,0.20000000298023224,4.122307217802046e-10,4.122307217802046e-10,0.20000000298023224,4.122307217802046e-10,0.20000000298023224
8,2026-02-27,1,1.902259424526002e-119,1.0,1.4815153718990254e-286,0.0008967340190894901,0.2499999850988388,5.152883675307862e-10,5.152883675307862e-10,5.152883675307862e-10,0.2499999850988388,5.152883675307862e-10,5.152883675307862e-10,5.152883675307862e-10,0.2499999850988388,5.152883675307862e-10,5.152883675307862e-10,3.486515964823411e-08,5.152883675307862e-10,0.2499999850988388
8,2026-03-03,1,2.85366778758378e-183,1.0,0.0,-0.0608903168797493,0.5,1.030576846083875e-09,1.030576846083875e-09,1.030576846083875e-09,1.030576846083875e-09,1.030576846083875e-09,1.030576846083875e-09,1.030576846083875e-09,1.030576846083875e-09,1.030576846083875e-09,1.030576846083875e-09,0.5,1.030576846083875e-09,1.030576846083875e-09
8,2026-03-04,1,0.0,1.0,0.0,-0.045259553784132,0.24999992549419403,5.152882565084838e-10,5.152882565084838e-10,5.152882565084838e-10,0.24999992549419403,5.152882565084838e-10,5.152882565084838e-10,5.152882565084838e-10,0.24999992549419403,5.152882565084838e-10,5.152882565084838e-10,2.851590181762731e-07,5.152882565084838e-10,0.24999992549419403
8,2026-03-05,1,4.177142488422391e-279,1.0,0.0,0.043556161170158876,0.24999988079071045,5.152881454861813e-10,5.152881454861813e-10,5.152881454861813e-10,0.24999988079071045,5.152881454861813e-10,5.152881454861813e-10,5.152881454861813e-10,0.24999988079071045,5.152881454861813e-10,5.152881454861813e-10,4.7089972099456645e-07,5.152881454861813e-10,0.24999988079071045
8,2026-03-06,1,6.488236568685224e-181,1.0,0.0,0.0005368855502456426,2.7313140890328214e-05,5.152743232095247e-10,5.152743232095247e-10,5.152743232095247e-10,0.24999317526817322,5.152743232095247e-10,5.152743232095247e-10,5.152743232095247e-10,0.24999317526817322,5.152743232095247e-10,5.152743232095247e-10,0.24999317526817322,5.152743232095247e-10,0.24999317526817322
8,2026-03-09,1,6.52927824301028e-261,1.0,0.0,-0.0613392380297184,0.5,1.030576846083875e-09,1.030576846083875e-09,1.030576846083875e-09,1.030576846083875e-09,1.030576846083875e-09,1.030576846083875e-09,1.030576846083875e-09,1.030576846083875e-09,1.030576846083875e-09,1.030576846083875e-09,0.5,1.030576846083875e-09,1.030576846083875e-09
8,2026-03-10,1,2.3931331180691165e-213,1.0,0.0,0.026834572264552117,0.1666666567325592,3.4352559685757456e-10,3.4352559685757456e-10,1.6520111500994972e-08,0.1666666567325592,3.4352559685757456e-10,3.4352559685757456e-10,3.4352559685757456e-10,0.1666666567325592,0.1666666567325592,3.4352559685757456e-10,2.4484439364869104e-08,0.1666666567325592,0.1666666567325592
8,2026-03-11,1,6.779000668605875e-185,1.0,0.0,0.005313330020010471,2.0610058104608697e-09,2.0610058104608697e-09,2.0610058104608697e-09,2.0610058104608697e-09,1.6860877849467215e-07,2.0610058104608697e-09,2.0610058104608697e-09,2.0610058104608697e-09,0.9999282360076904,2.0610058104608697e-09,2.0610058104608697e-09,2.0610058104608697e-09,2.0610058104608697e-09,7.155707862693816e-05
8,2026-03-12,1,9.669702684121488e-203,1.0,0.0,-0.004860788802802563,6.870511937151491e-10,6.870511937151491e-10,6.870511937151491e-10,6.870511937151491e-10,0.3333333432674408,6.870511937151491e-10,6.870511937151491e-10,6.870511937151491e-10,0.3333333432674408,6.870511937151491e-10,6.870511937151491e-10,6.870511937151491e-10,6.870511937151491e-10,0.3333333432674408
8,2026-03-13,1,6.975500184696549e-166,1.0,0.0,-0.007448295733332634,0.25,5.152883675307862e-10,5.152883675307862e-10,5.152883675307862e-10,0.25,5.152883675307862e-10,5.152883675307862e-10,5.152883675307862e-10,0.25,5.152883675307862e-10,5.152883675307862e-10,1.8064465479028513e-08,5.152883675307862e-10,0.25
8,2026-03-16,1,7.230894923818037e-123,1.0,8.435915200450234e-291,-0.00092220050804317,0.20000000298023224,4.122307217802046e-10,4.122307217802046e-10,4.122307217802046e-10,0.20000000298023224,4.122307217802046e-10,4.122307217802046e-10,4.122307217802046e-10,0.20000000298023224,4.122307217802046e-10,4.122307217802046e-10,0.20000000298023224,4.122307217802046e-10,0.20000000298023224
8,2026-03-17,1,7.136091173302832e-110,1.0,3.590937287656934e-269,-0.00321262999586761,2.0610151363342766e-09,2.0610151363342766e-09,2.0610151363342766e-09,2.0610151363342766e-09,1.5957473920025222e-07,2.0610151363342766e-09,2.0610151363342766e-09,2.0610151363342766e-09,0.9999328851699829,2.0610151363342766e-09,2.0610151363342766e-09,2.0610151363342766e-09,2.0610151363342766e-09,6.69555229251273e-05
8,2026-03-18,1,7.464900267043716e-120,1.0,4.17652311582214e-288,0.013802846011519432,0.0833333358168602,0.0833333358168602,0.0833333358168602,0.0833333358168602,0.0833333358168602,0.0833333358168602,0.0833333358168602,0.0833333358168602,1.7176279842878728e-10,0.0833333358168602,0.0833333358168602,1.7176279842878728e-10,0.0833333358168602,0.0833333358168602
8,2026-03-19,1,2.7237481462869114e-128,1.0,8.87862091535887e-303,-0.017197618195414544,0.23289543390274048,4.800332908949656e-10,4.800332908949656e-10,4.800332908949656e-10,0.23289543390274048,4.800332908949656e-10,4.800332908949656e-10,4.800332908949656e-10,0.23289543390274048,4.800332908949656e-10,4.800332908949656e-10,0.06841825693845749,4.800332908949656e-10,0.23289543390274048
8,2026-03-20,1,2.0497984569520837e-129,1.0,2.65721614314911e-304,-0.026463200768828393,2.061011361575993e-09,2.061011361575993e-09,2.061011361575993e-09,2.061011361575993e-09,9.592210403752688e-08,2.061011361575993e-09,2.061011361575993e-09,2.061011361575993e-09,0.9999309778213501,2.061011361575993e-09,2.061011361575993e-09,5.163313332445796e-09,2.061011361575993e-09,6.890766962897032e-05
8,2026-03-23,1,7.340772407109892e-182,1.0,0.0,-0.09867150122442545,2.060821291394177e-09,2.060821291394177e-09,2.060821291394177e-09,2.060821291394177e-09,3.5341483339834667e-07,2.060821291394177e-09,2.060821291394177e-09,2.060821291394177e-09,0.9998387694358826,2.060821291394177e-09,2.060821291394177e-09,2.060821291394177e-09,2.060821291394177e-09,0.00016085007518995553
8,2026-03-24,1,1.0049516661159254e-199,1.0,0.0,0.03403468624949455,5.147897108592758e-10,5.147897108592758e-10,5.147897108592758e-10,5.147897108592758e-10,0.2497580498456955,5.147897108592758e-10,5.147897108592758e-10,0.0009678201167844236,0.2497580498456955,5.403930192215967e-09,5.147897108592758e-10,5.147897108592758e-10,0.2497580498456955,0.2497580498456955
8,2026-03-25,1,1.4009585807291366e-171,1.0,0.0,0.01711377032995224,0.20000000298023224,4.122307217802046e-10,4.122307217802046e-10,4.122307217802046e-10,0.20000000298023224,4.122307217802046e-10,4.122307217802046e-10,4.122307217802046e-10,0.20000000298023224,4.122307217802046e-10,4.122307217802046e-10,0.20000000298023224,4.122307217802046e-10,0.20000000298023224
8,2026-03-26,1,4.1321741328615323e-159,1.0,0.0,-0.02603605946600437,2.0610124717990175e-09,2.0610124717990175e-09,2.0610124717990175e-09,2.0610124717990175e-09,1.6254712420504802e-07,2.0610124717990175e-09,2.0610124717990175e-09,2.0610124717990175e-09,0.9999314546585083,2.0610124717990175e-09,2.0610124717990175e-09,2.0610124717990175e-09,2.0610124717990175e-09,6.83353136992082e-05
8,2026-03-27,1,8.990039735366983e-165,1.0,0.0,0.005330597094843643,2.0610151363342766e-09,2.0610151363342766e-09,2.0610151363342766e-09,2.0610151363342766e-09,1.5958319465880777e-07,2.0610151363342766e-09,2.0610151363342766e-09,2.0610151363342766e-09,0.9999328851699829,2.0610151363342766e-09,2.0610151363342766e-09,2.0610151363342766e-09,2.0610151363342766e-09,6.696008495055139e-05
8,2026-03-30,1,4.075371873258866e-171,1.0,0.0,0.01446223378815921,2.0602748396214565e-09,2.0602748396214565e-09,2.0602748396214565e-09,2.0602748396214565e-09,7.586042443108454e-07,2.0602748396214565e-09,2.0602748396214565e-09,2.0602748396214565e-09,0.9995736479759216,2.0602748396214565e-09,2.0602748396214565e-09,2.0602748396214565e-09,2.0602748396214565e-09,0.00042556587141007185
8,2026-03-31,1,1.714657253220029e-171,1.0,0.0,-0.012411065128445625,0.0833333358168602,1.7176279842878728e-10,0.0833333358168602,0.0833333358168602,0.0833333358168602,0.0833333358168602,0.0833333358168602,0.0833333358168602,0.0833333358168602,0.0833333358168602,0.0833333358168602,4.713757384422479e-09,0.0833333358168602,0.0833333358168602
8,2026-04-01,1,8.257215439447325e-173,1.0,0.0,0.06809762212634086,0.5,1.030576846083875e-09,1.030576846083875e-09,1.030576846083875e-09,1.030576846083875e-09,1.030576846083875e-09,1.030576846083875e-09,1.030576846083875e-09,1.030576846083875e-09,1.030576846083875e-09,1.030576846083875e-09,0.5,1.030576846083875e-09,1.030576846083875e-09
8,2026-04-02,1,3.5333822954570775e-152,1.0,0.0,-0.04790589565634727,0.12865719199180603,3.0865398002788424e-05,0.12865719199180603,0.12865719199180603,2.651822372801149e-10,0.12865719199180603,0.12865719199180603,2.5511853891657665e-06,2.651822372801149e-10,0.09936624765396118,0.12865719199180603,0.12865719199180603,2.651822372801149e-10,2.651822372801149e-10
8,2026-04-03,1,6.694539584054741e-152,1.0,5.4726460778374e-311,0.00979261350929737,3.402214066028364e-10,3.402214066028364e-10,3.402214066028364e-10,3.402214066028364e-10,0.16506358981132507,3.402214066028364e-10,0.009618496522307396,0.16506358981132507,0.16506358981132507,0.16506358981132507,3.402214066028364e-10,3.402214066028364e-10,0.16506358981132507,0.16506358981132507
