Date,semicon,bank,car,finance,treasury3,ener&chem,iron,wti,gold,copper,necessities,healthcare,silver,treasury10,vol20,vol20_vol60,vkospi,kospi
2013-08-06,-0.016015196,-0.008870737,-0.002107186,-0.009239945,0.000794336,-0.014650423,-0.02402021,-0.007832309,-0.018953263,0.0,-0.009483327,0.015499535,-0.013972283,-9.29e-05,0.00745209,0.97723052,-0.39343999,0.0
2013-08-07,-0.009984349,-0.012414117,-0.022994836,-0.007623761,-0.001495679,-0.005613848,-0.000540474,-0.011162916,-0.009104778,0.000702001,-0.008056722,-0.0145987,-0.007060039,-0.005216613,0.0076626,0.99731419,-0.34500912,-0.131357702
2013-08-08,-0.007238647,0.00760466,0.00119846,-0.000850816,0.000794706,0.001534167,0.003776732,-0.000935823,0.014127473,0.024949319,0.0,-0.001501644,0.014070584,-0.000186814,0.00482361,0.62896627,-0.39605788,0.137989511
2013-08-09,0.006297258,0.006863285,-0.00938532,-0.008547191,0.000280598,-0.005636627,-0.007567514,-0.012247006,0.010466077,0.004779797,-0.000505544,-0.003010369,0.018784537,0.000280209,0.00470027,0.61335395,-0.47197655,0.17536894
2013-08-12,0.000941389,-0.004112295,0.000483357,-0.004301057,0.000747316,0.010733663,0.019876901,0.024345745,0.015740522,0.010840215,-0.007616377,-0.023178822,0.052467923,0.004100658,0.0048376,0.6263309,-0.4274725,-0.099039343
2013-08-13,0.034215142,0.007526405,0.016537339,0.002582854,-0.000420519,0.008101093,0.012685067,0.0,0.003896767,0.004705891,-0.000509549,0.009519637,0.000928936,-0.001582307,0.00492884,0.63897011,-0.48768386,0.131777409
2013-08-14,0.020693367,0.00068165,0.012754003,0.0,-0.001168547,0.020958835,0.0,0.005074975,-0.011244268,0.00401607,0.001528582,-0.007362075,0.006478505,-0.006823462,0.00486957,0.643088,-0.5505131,0.121183384
2013-08-16,-0.005655726,-0.008895222,0.004682611,-0.011240805,-0.000701765,-0.007932402,0.018731093,0.011894042,0.031933021,0.012612182,-0.001019034,-0.003083641,0.072921185,-0.005266086,0.0048679,0.63740032,-0.49161069,-0.11316363
2013-08-19,-0.00508754,-0.006204809,0.00186699,0.002605223,-0.000187158,0.008919854,0.005141457,0.0,0.013245222,-0.002642009,0.002545283,0.006771392,0.021214202,-0.001226495,0.00482404,0.64147706,-0.45496029,-0.077476982
2013-08-20,-0.010556397,-0.010427537,-0.015981466,-0.008710867,0.001823907,-0.025988745,-0.033371396,-0.013736468,-0.016106426,-0.017345331,-0.01382162,-0.023589038,-0.035901292,0.009021783,0.00605074,0.77943812,-0.31490344,-0.367944088
2013-08-21,-0.010975758,-0.012658143,-0.00142257,-0.020327581,-0.000654416,-0.015820399,-0.01173335,-0.009729074,0.005714246,0.004699572,-0.018730968,-0.007566134,0.013829088,0.00046767,0.00603005,0.77336094,-0.24552948,-0.248849031
2013-08-22,-0.018565042,-0.012820643,-0.005710258,-0.02257438,-0.000841472,-0.010341728,-0.012958983,-0.008415227,-0.002853041,0.00467759,-0.010559514,-0.01884742,-0.002578429,-0.009206282,0.00638989,0.81051714,-0.21804169,-0.118730738
2013-08-23,0.027111997,0.003577791,0.009735571,0.004555918,0.000514385,0.003113716,0.007579673,0.008880634,0.007590127,-0.002670229,-0.002657627,0.01536034,0.003436429,0.001885685,0.00652333,0.82402124,-0.39082211,0.583566212
2013-08-26,-0.002434652,0.0,0.020348913,0.005439564,0.00140212,0.017463416,0.030281193,0.018898998,0.017334751,0.014598799,0.008479168,-0.008291038,0.052621743,0.005354913,0.00712392,0.87993512,-0.44187087,0.122765195
2013-08-27,-0.014114908,-0.005012649,-0.000926183,-0.012738823,-4.69e-05,-0.008693587,-0.001571,-0.005953777,0.0,-0.00793655,0.001581779,-0.022014359,0.005679528,0.000936522,0.00716749,0.88406859,-0.35155383,-0.228654847
2013-08-28,-0.008690333,-0.012279221,0.015407771,-0.006430981,0.001213889,0.008693587,0.002094291,0.0523492,0.021140498,-0.001328904,-0.010593259,-0.009868411,0.027136541,0.005879931,0.00716326,0.8859433,-0.29919613,-0.161263532
2013-08-29,0.010542785,0.0229898,0.007502487,0.015546506,0.000419669,-0.001018909,0.00573653,-0.021591482,-0.016506584,-0.012713453,0.018987718,-0.00796561,-0.052537334,9.3e-05,0.00717669,0.88713607,-0.3044319,0.017348105
2013-08-30,0.012262456,0.020387158,0.027037855,0.0054301,0.000839558,0.005083962,0.0020781,-0.016165565,0.003231019,-0.001347709,0.010395409,-0.028732634,0.018907263,0.003900521,0.00721892,0.90433075,-0.2952693,-0.030559596
2013-09-02,0.001218195,-0.000695943,-0.014880973,0.003603523,-0.00060637,0.001013861,0.005175798,-0.014592153,-0.007400547,0.0,0.0005166,0.031062477,-0.003262646,-0.003900521,0.00721774,0.90688972,-0.24422054,-0.189816152
2013-09-03,-0.005492926,0.019993481,-0.005159927,0.015172188,-0.00060599,0.010080516,0.013842962,0.005953777,-0.003720959,0.001347709,0.010283348,0.009923908,0.002447982,0.0,0.00726474,0.9098816,-0.25730997,0.052209798
2013-09-04,0.005492926,0.007480545,0.002471189,0.00088528,-0.000419826,0.001002566,-0.005616501,0.01360564,0.008814753,0.0,-0.007187231,-0.005280312,-0.010651473,-0.0044763,0.00698791,0.87543685,-0.22589534,-0.130209672
2013-09-05,0.00364526,0.002706319,0.006485487,0.006175546,-0.001214623,0.010961592,0.007142866,-0.008595389,-0.014890929,-0.022472856,0.006675259,0.008238506,-0.028406254,-0.00430874,0.00668262,0.84429894,-0.23898477,0.056328031
2013-09-06,-0.012202663,-0.002706319,0.018114066,-0.005290987,-0.000722769,0.001980316,0.00860536,0.009945818,-0.008002002,0.008913326,-0.003588639,-0.020222798,0.002539147,0.0,0.00666048,0.84475108,-0.26385468,0.098998671
2013-09-09,0.005814711,0.015462526,-0.000875993,0.024455347,0.0016888,0.023461417,0.011027877,0.011627981,0.008939169,0.010186845,0.003588639,-0.005035956,0.016764852,0.007761029,0.00691407,0.86740107,-0.20626121,-0.246255122
2013-09-10,0.007297066,0.013254093,0.011329112,0.008591068,0.000140776,0.000482948,0.018765934,-0.016136581,-0.006578969,-0.004062294,-0.002049073,0.007377422,-0.01086513,0.002139998,0.00679161,0.85291187,-0.27301728,0.280391715
2013-09-11,0.00393042,0.01112926,0.002164074,0.020322462,9.41e-05,0.009132308,0.014088013,-0.015024162,-0.008522789,0.001355932,0.010711748,0.030599593,-0.016949558,0.000185877,0.00670567,0.84123135,-0.30574084,0.113202725
2013-09-12,0.001808955,-0.007186989,-0.013931523,0.0,0.00074981,0.003343829,-0.015556715,-0.011534128,-0.004288743,-0.005434796,0.013104926,0.006781821,-0.004282662,0.002320551,0.00673855,0.84885873,-0.29788718,-0.026022991
2013-09-13,0.005406872,-0.006579014,0.0,-0.002517821,9.39e-05,-0.013925683,-0.014808243,0.027010031,-0.034494568,-0.014408483,-0.004013843,-0.006457847,-0.055594376,-0.001020379,0.00687021,0.90233166,-0.29134247,-0.022215376
2013-09-16,0.003588576,0.015717265,0.019106106,0.0092013,0.002245011,0.012016481,0.026498379,-0.007252895,0.012770251,0.000690846,-0.011631193,-0.017317878,0.017094433,0.005183777,0.00697165,0.98187106,-0.26909045,-0.07945188
2013-09-17,0.002683131,0.003891043,-0.000430125,-0.000832981,0.001401182,0.004290918,-0.004854493,-0.008681885,-0.012276031,0.002758622,0.000508372,-0.010603152,-0.000892459,0.00488137,0.00594222,0.85240527,-0.21149698,-0.240836849
2013-09-23,0.003566055,0.0179611,0.005364134,0.00664462,0.0016316,0.014639896,-0.004877692,-0.005983833,0.007874012,0.010277583,0.006587315,0.005646934,-0.024402476,0.006228307,0.00572479,0.83939805,-0.27170833,0.250518455
2013-09-24,0.004439915,-0.003821838,0.005973973,-0.012495117,-0.000139718,-0.012264274,-0.005885635,-0.011142185,0.003425498,0.006116227,-0.001010677,-0.000662654,0.017233987,0.001277512,0.00515204,0.75465914,-0.33453758,0.208020045
2013-09-25,-0.0106891,-0.00961875,-0.016731169,-0.005884927,-0.000279401,-0.002851555,-0.0083972,-0.000934167,-0.002935394,-0.004073325,0.0,0.000993816,-0.005410293,9.11e-05,0.00525472,0.79189005,-0.38951316,0.152148432
2013-09-26,0.0106891,0.001931262,-0.0093451,0.001685147,-0.000373215,0.006168449,0.011344529,-0.006563531,0.005375055,0.002038737,0.008056722,0.010212597,0.002708805,-0.001825278,0.00452234,0.6967973,-0.44056193,0.123153374
2013-09-27,0.008528009,0.004491507,0.017745571,-0.001685147,0.000326501,0.002362477,0.0,-0.00282617,-0.002928327,0.007440007,-0.003516876,0.010757907,-0.009058033,-0.002286311,0.00430353,0.66390677,-0.46281395,0.049274112
2013-09-30,0.0,-0.01743666,-0.017745571,-0.006768177,0.000605811,-0.011868379,-0.004916788,-0.007575799,0.01021161,0.014715985,0.009516812,-0.006505972,0.010859835,0.000915108,0.00420245,0.64708561,-0.34108229,-0.30520137
2013-10-01,-0.007347519,0.002602335,0.006962646,-0.006814357,-0.000279695,-0.010561532,-0.02697456,0.001424829,-0.008258471,-0.005994024,-0.001496788,-0.001633356,-0.005415176,-9.15e-05,0.00432537,0.66953033,-0.32144815,-0.059287512
2013-10-02,0.021305443,0.000649576,-0.026586223,-0.006000841,-0.000139551,0.004814268,-0.007114082,-0.000949692,-0.026694549,-0.014805116,-0.004001796,-0.004258705,-0.028455339,0.001188593,0.00451739,0.69214123,-0.4274725,0.285053703
2013-10-04,0.015188624,0.008406309,0.003556264,-0.012981501,0.000652189,-0.01256637,0.010147585,0.015087521,0.017383097,-0.001356852,-0.003011892,-0.011224978,0.023010679,0.000456775,0.00458568,0.70244858,-0.37773268,-0.123703209
2013-10-07,0.002272683,0.000643722,-0.009138281,-0.011388766,-4.7e-05,-0.003410848,-0.017825761,-0.000468021,-0.002464917,0.010803616,0.002510539,0.000995465,0.002726035,-0.001096611,0.00446071,0.69093231,-0.34108229,-0.102062982
2013-10-08,-0.005406231,-0.005808564,0.012239845,-0.004414869,-9.28e-05,0.014535557,0.000513501,0.000468021,0.009334421,0.0,-0.009067948,0.009244053,0.023319442,-0.001463949,0.0045127,0.70647381,-0.33977335,-0.00384499
2013-10-10,0.006540579,-0.012373855,0.011436252,0.000884559,-0.00065228,-0.001444295,-0.004633005,-0.013663368,-0.013786525,-0.018299392,-0.007110696,-0.018909112,-0.010695289,-0.001282779,0.00469895,0.73299473,-0.32406604,-0.047331455
2013-10-11,0.011554581,0.041712663,0.005886671,0.020131976,-0.000140521,0.018612019,0.017898567,0.009912775,-0.011468639,0.004776536,0.004069444,0.003677018,-0.011717124,-0.003030148,0.00502877,0.91759385,-0.5321879,0.4960493
2013-10-14,-0.001401818,0.004390381,-0.00501219,0.002596144,-0.000559022,0.008943169,-0.009676524,-0.007070539,-0.015668736,0.003397897,0.001521841,0.01654578,-0.022926268,-0.002486119,0.00455142,0.83397328,-0.49684646,-0.068715578
2013-10-15,0.001681758,0.00934278,0.012376488,0.011173297,4.64e-05,0.009792776,0.002044912,0.005189908,-0.001529427,0.008108153,-0.002029677,-0.006255079,0.001853569,0.001934182,0.00461328,0.84674744,-0.58454561,0.162553766
2013-10-16,0.0,0.025100881,0.004091862,0.00851082,0.000559834,0.007397075,-0.001021933,-0.008506605,0.008636053,0.000672721,-0.001016326,0.002638443,0.003696862,-0.000184047,0.0045698,0.83978486,-0.44187087,-0.27981712
2013-10-17,-0.002804936,0.018569097,-0.006684635,0.010118189,0.000698934,0.006885538,0.002042887,0.00897714,-0.004054771,-0.004043132,-0.009192935,-0.009265465,-0.003696862,0.004407727,0.00454267,0.83947004,-0.52040742,0.163594315
2013-10-18,0.006998055,0.01297163,-0.005858988,0.008353985,0.001024214,0.001371667,0.020702447,-0.012781237,0.029031113,0.005387218,0.004606941,-0.003663679,0.025595547,0.002927704,0.00430661,0.7938167,-0.59632609,0.136175644
2013-10-23,-0.016237366,-0.02360176,-0.012527054,0.001657108,0.001255831,-0.013818709,-0.007996232,-0.014095031,0.016141252,0.002682765,-0.000499982,-0.00919548,0.022908491,0.008549403,0.00418993,0.77245628,-0.49291963,-0.19044151
2013-10-24,0.007724132,0.015193209,-0.009389889,0.008243906,-9.3e-05,0.003703609,0.012961357,-0.007369272,-0.000485346,-0.014165498,0.0,0.00821434,-0.00174368,-0.002902214,0.00417914,0.77808626,-0.58192772,0.166000109
2013-10-25,0.003697811,-0.012746672,0.016320865,-0.022416748,0.000511213,-0.021958222,-0.013463004,0.001478283,0.003876,-0.002040123,0.005487844,-0.004920385,0.00174368,0.000907798,0.00417947,0.7854993,-0.57930984,-0.004508784
2013-10-28,0.00876352,0.001831166,0.017119731,-0.004207201,-0.000557709,-0.004735029,0.001003289,0.001476004,0.006747011,0.00271924,-0.000995817,0.0,-0.00174368,-0.001816492,0.00419267,0.78777328,-0.57145618,-0.013649659
2013-10-31,-0.010990895,-0.004827754,-0.006033289,-0.005059358,-0.000557424,-0.013618429,-0.006504868,-0.012858768,0.00673403,-0.000674082,0.003993921,-0.003938412,-0.006121576,-0.002180795,0.00417485,0.78137977,-0.46804972,-0.199613275
2013-11-01,0.013510002,-0.009116122,-0.005634889,-0.010195442,-0.000743375,-0.003789793,0.006504868,0.002485723,-0.019850532,0.004037691,-0.005495954,-0.016244435,-0.022173857,-0.003188909,0.00427827,0.79397827,-0.55313099,0.167020315
2013-11-04,-0.001118859,-0.025975214,-0.007636155,-0.011163701,-0.000790935,-0.013859131,-0.009018123,-0.019048186,-0.009334421,-0.006062666,-0.003010264,-0.004690065,-0.012635547,-0.002558527,0.0046784,0.85069252,-0.51778954,-0.066025979
2013-11-05,-0.019785737,0.001252375,-0.003070949,-0.001728478,-0.00027921,-0.011130093,-0.004539774,-0.000506164,-0.000493733,-0.000675904,-0.010101155,-0.014544412,0.003626477,0.002102127,0.00474044,0.86520037,-0.58323667,0.11902419
2013-11-06,-0.014955947,-0.006907649,0.017638081,-0.00956126,-0.000326045,0.002430445,0.003532639,-0.007113831,0.000493733,-0.002030458,-0.001524161,-0.01891734,-0.002718624,-0.007146798,0.00469823,0.85566313,-0.57276512,-0.018117336
2013-11-07,-0.003774032,-0.001891905,0.004092535,-0.003499423,0.000279394,0.0,-0.001008026,0.009137052,0.002957095,-0.006798123,-0.010219575,-0.024605774,0.009932362,0.002663093,0.00450786,0.82092421,-0.59109032,0.031493112
2013-11-08,-0.017310032,-0.012067539,-0.003013883,-0.003511959,-0.000186161,-0.008287101,-0.012687353,-0.007099402,-0.004933394,0.004084417,-0.004117495,0.014485366,-0.007213737,0.002290081,0.00446205,0.8089123,-0.57014724,-0.036074188
2013-11-11,-0.017615082,0.001277167,-0.009314735,-0.004407209,-0.001211125,-0.004415112,-0.009751144,0.007099402,-0.019476278,-0.00135962,-0.001548487,-0.011642381,-0.016423727,-0.007070394,0.0046521,0.83580573,-0.5321879,-0.068898021
2013-11-12,0.022044446,0.001275347,-0.001306497,0.0,-0.001166007,0.008323394,0.006682142,-0.000505397,-0.005562606,-0.000680504,-0.001033356,0.025575023,-0.010171146,-0.002029297,0.00464543,0.84636393,-0.57930984,0.084840842
2013-11-13,-0.013048998,-0.02647858,-0.014707837,-0.012444469,0.001445528,-0.021686336,-0.021228003,-0.01939825,-0.00712471,-0.013708234,0.004127876,-0.017094386,-0.017815755,0.003410601,0.00520076,0.92446423,-0.42354567,-0.313176116
2013-11-14,0.008915561,-0.002620995,0.003311794,-0.031806603,0.000512778,-0.001495918,0.003134808,0.008724684,0.013695436,-0.008316056,0.004111027,0.006663163,0.002834201,0.000827868,0.00473127,0.84484945,-0.49291963,0.151684791
2013-11-15,0.023970699,0.039876457,0.010087732,0.010105742,-0.000372861,0.018784402,0.013471578,0.00509688,0.002013,-0.002089865,0.000512962,0.010085212,-0.002834201,-0.00138016,0.00532989,0.93103183,-0.5505131,0.110504614
2013-11-20,-0.021953074,-0.011841623,-0.012798627,0.00182142,-0.000466041,-0.00912781,-0.000517145,0.008213605,0.001017769,0.010537505,0.000509647,0.00034323,0.001936109,-0.004057549,0.00519389,0.91827994,-0.50470011,-0.086886341
2013-11-21,-0.005043828,-0.015161324,-0.006461478,-0.0165143,-0.000792461,-0.017527255,-0.022496191,0.020243621,-0.021075017,-0.001398602,-0.0107554,-0.004814321,-0.022494836,-0.00528099,0.00530303,0.9306426,-0.37118797,-0.307255819
2013-11-22,0.002079919,0.014533873,0.002804872,0.003693686,0.001025648,0.011233265,0.00790504,-0.009058976,-0.003121822,0.00627836,0.013807362,-0.004145059,0.004933409,0.000835708,0.00543283,0.95242251,-0.46804972,0.231865938
2013-11-25,0.01794428,-0.001255332,-0.004751527,0.010999194,4.63e-05,0.002425396,-0.004735587,-0.004052694,-0.002608865,0.006239188,0.01060899,0.009302423,-0.013875346,0.005368915,0.00511539,0.91116961,-0.45888712,-0.019770276
2013-11-26,0.006393507,-0.003145714,0.003242149,0.002731046,-9.33e-05,-0.001939646,-0.002640742,-0.00305031,0.005730687,0.003449469,-0.009593578,0.004789547,0.020741484,-0.001478223,0.00519478,0.92769398,-0.46019606,0.002848362
2013-11-27,0.006928539,-0.003155357,0.0053804,0.002723481,0.0,-0.002430445,0.004748468,-0.002038788,-0.005208431,-0.002758622,0.008587747,0.009510953,-0.007850874,0.001755074,0.00518559,0.9871534,-0.4366351,-0.052554781
2013-11-28,0.013146542,0.006301071,-0.006892165,0.023298597,-0.000139577,0.007272801,0.002102775,0.017198237,-0.001044888,-0.002073972,0.007517023,0.0050581,-0.011893104,-0.002772622,0.00536141,1.0261024,-0.43139933,-0.012063654
2013-11-29,0.004532675,-0.000628446,-0.003030193,0.00088528,-4.66e-05,-0.000483182,0.008889028,-0.034697334,0.002610329,0.002764342,0.001995025,0.002016151,0.001992033,-0.001481847,0.00529747,1.04258303,-0.46674078,0.078739848
2013-12-02,-0.008230485,0.005641002,-0.002604696,-0.005323725,-0.00130568,-0.000967064,-0.000520774,0.003627826,0.00364299,-0.004149384,0.000498106,0.004354344,0.002980628,-0.004086566,0.00527205,1.05109618,-0.44056193,-0.057723003
2013-12-03,-0.018407129,-0.003757224,-0.034269049,-0.00803955,9.31e-05,-0.008258586,-0.010471029,0.008756242,-0.020998183,-0.006256538,-0.006494927,-0.00771697,-0.029191806,0.00083719,0.00556989,1.13855795,-0.44056193,0.0
2013-12-04,-0.005530671,-0.012626422,-0.01062746,-0.009009081,0.000373191,-0.005380227,-0.001580427,0.034277525,0.001590231,0.001393728,-0.007042383,-0.014247005,-0.003069056,0.000836563,0.00531711,1.09409675,-0.44056193,0.0
2013-12-05,-0.004094628,-0.010859014,-0.005013466,-0.002718736,0.000373424,0.00440386,0.001053831,0.001980152,0.011061473,0.009012193,-0.008109571,0.001024426,0.017268078,-0.002604868,0.00530892,1.10843842,-0.40522048,-0.083619712
2013-12-06,0.009334895,0.005124946,-0.004580004,-0.006372183,0.000244373,0.003898983,-0.005809435,-0.000494646,-0.007888577,0.001379311,-0.005101724,-0.012708442,-0.010121544,0.0,0.00529405,1.10506035,-0.39998471,-0.013004993
2013-12-09,0.006944517,0.015848248,-0.000229502,0.009090919,0.000235193,0.0,0.010013299,0.002470981,0.00210972,0.006183462,0.010684377,-0.016379587,0.009113987,0.004832287,0.00544383,1.13702731,-0.4183099,0.044796224
2013-12-10,-0.0034662,0.008766307,-0.006911115,0.000904563,0.001174672,-0.007812778,-0.005257694,-0.002470981,0.006302584,0.004101168,-0.001519411,-0.000702879,0.008032172,0.001667241,0.00539648,1.12698598,-0.50208223,0.182541366
2013-12-11,-0.006968531,-0.021424978,-0.003705222,-0.008170611,-0.000610881,-0.006886246,-0.003696753,0.010337301,0.015069157,0.002724797,-0.002029677,-0.014878082,0.026641931,-0.001759951,0.00520845,1.10133488,-0.48113914,-0.04260741
2013-12-12,-0.004673181,-0.003828773,0.004167578,-0.001824871,0.0,-0.000987713,0.0,-0.012814404,-0.002065063,0.005427422,0.001015413,0.001070103,0.000973236,-0.002134709,0.00514389,1.08797966,-0.37380585,-0.252419956
2013-12-13,-0.002051088,0.004465813,-0.000462357,-0.002743341,0.001455457,-0.005946397,-0.001588796,-0.000992581,-0.020360929,-0.000676819,-0.009686507,-0.005003662,-0.043744549,0.002505498,0.00452669,0.94752947,-0.40129365,0.070956909
2013-12-16,-0.000586781,-0.012812365,-0.006726166,-0.004589371,0.001172304,-0.003485226,-0.000530095,-0.00847671,0.006833109,0.003379523,0.003579642,-0.030189514,0.01011131,0.005821719,0.00454558,0.95024855,-0.33715546,-0.174149324
2013-12-17,-0.005887695,0.001932216,-0.001397279,-0.00184161,0.001264602,0.007453379,0.010023931,0.010460888,0.004703489,0.00806456,-0.001532726,0.003317864,0.0258207,-0.000460817,0.00412297,0.8889514,-0.40652942,0.187112171
2013-12-18,-0.002660734,0.031668087,0.012045676,0.008260605,-4.71e-05,0.00641512,0.012519827,-0.000991597,-0.005227489,0.00066912,0.009666617,-0.002210637,-0.006886402,0.002118,0.00427415,0.91396468,-0.38035057,-0.06656292
2013-12-19,-0.008323558,0.004975335,-0.036103214,-0.001829623,-0.000374383,-0.004930929,0.003622212,0.003466247,-0.010007922,-0.006038261,0.00252855,0.001474447,-0.01994084,-0.002855749,0.00392268,0.8415164,-0.51124482,0.295755195
2013-12-20,0.005655726,0.012942895,0.00832031,0.0,0.0,-0.005452344,-0.001550889,0.009348156,-0.022484879,0.000672721,0.009049948,-0.001105742,-0.017268078,0.001106419,0.003808,0.81746797,-0.61334234,0.182074671
2013-12-23,0.01736097,0.007929369,0.011533751,0.004568213,0.000936066,0.00742777,0.01029363,0.002445601,0.004860886,0.000672269,0.001999896,0.003680549,0.006128722,0.002944406,0.00402558,0.87050408,-0.63297648,0.031510018
2013-12-24,-0.006438229,-0.001215832,0.001403048,0.00182142,-0.000234027,0.014205364,0.00510732,-0.004406435,-0.007028923,-0.00134499,0.015857596,0.007320635,0.002034589,0.001101948,0.00403171,0.88633309,-0.69973255,0.100264926
2013-12-26,-0.01121951,0.005459731,-0.000701221,0.002725892,0.000467814,0.000486348,0.002543817,0.008306884,0.00487141,0.019987341,-0.007402032,0.006543241,0.002030458,0.000642243,0.00406668,0.89058145,-0.6643911,-0.051827209
2013-12-27,0.02057071,0.008433786,0.016237845,0.009033623,0.002149203,0.017827285,0.018127436,0.000972787,0.007530964,0.001318392,0.010347617,0.010093754,0.021074538,-0.000825817,0.00460023,0.96943288,-0.70496832,0.059281884
2013-12-30,0.005800548,0.024297305,0.01575184,0.003590647,-0.001167247,0.007611958,0.001994004,0.00919435,0.001071297,0.001974334,0.00975646,0.009992887,-0.002983592,0.004487812,0.00480552,0.99461191,-0.6735537,-0.04558514
2014-01-02,-0.029642852,-0.00587187,-0.048733414,-0.005390754,-0.002619799,-0.014319914,-0.021138178,-0.017493123,0.009589856,0.009162368,-0.007797584,-0.009992887,0.014829733,-0.010841686,0.00535109,1.07928883,-0.52302531,-0.252937869
2014-01-03,0.016836977,-0.030495758,-0.004051212,-0.012692816,0.000421183,-0.008691578,0.008105479,-0.030358177,0.006342454,-0.017746111,-0.012306494,0.00963773,-0.003933142,-0.003145877,0.00497957,0.9990646,-0.507318,-0.030491831
2014-01-06,0.015693429,0.0,0.011396433,-0.002741027,0.001777619,-0.009257338,-0.009123377,-0.012201483,0.004730684,-0.00132714,0.008876139,0.01060071,0.006872879,0.0052683,0.00496278,0.99553284,-0.48375703,-0.047555249
2014-01-07,0.001728696,-0.009149394,0.007291321,0.002741027,0.000654408,-0.006383281,-0.004081608,-0.00410047,0.003663965,0.004637305,0.005385401,0.044681156,0.005853675,-0.000276592,0.00501673,1.00048136,-0.5413505,0.112484167
2014-01-08,0.012017194,0.004280319,0.007704248,-0.002741027,0.000513607,-0.010896782,-0.005125518,0.000513542,-0.008394649,0.001321004,0.006327604,0.031107588,-0.027615167,0.0,0.00496768,0.9958313,-0.57145618,0.054120862
2014-01-09,0.005106412,0.011525552,-0.018543109,0.018132695,-0.001915999,-0.001993908,-0.024975225,-0.010838837,-0.004223795,-0.006622541,0.001454469,-0.010810837,-0.005012542,-0.000830235,0.00498093,1.00788113,-0.60025292,0.049163295
2014-01-10,-0.009953113,-0.02442085,-0.003560054,-0.00630907,-9.36e-05,-0.001998006,-0.001054516,0.0,0.010526379,-0.006666691,-0.006805924,-0.001978196,0.011988156,0.001567643,0.00503017,1.02228765,-0.55443993,-0.079392631
2014-01-13,-0.00429634,0.001852279,0.012991919,0.0,0.001402523,0.003493924,0.009448853,-0.001558026,0.007303107,0.007330923,0.000975197,0.007889476,0.016740913,0.00569648,0.0051276,1.03229172,-0.60156186,0.081570904
2014-01-14,-0.000861222,-0.011166517,0.00211015,-0.000904563,0.000187058,-0.013039499,-0.010504092,-0.003123353,0.002076858,-0.001994019,-0.00684609,-0.012852385,0.012615403,-0.003579455,0.00519175,1.04657605,-0.61465129,0.021525726
2014-01-15,-0.003741627,0.006838658,0.004206311,0.005415397,-0.000420675,0.00302426,0.009981541,0.001042134,-0.005200203,-0.010030174,0.003917413,0.008257818,-0.012615403,-0.002024887,0.00496377,1.01099169,-0.64475697,0.047818356
2014-01-16,0.000288334,0.000619679,-0.003270145,0.0026963,0.000514052,0.006021104,0.006772846,0.014478081,-0.001565441,0.017982503,0.010695412,0.005576544,0.0,0.000920912,0.0049627,1.02807382,-0.67617159,0.04757342
2014-01-17,-0.0014425,-0.012461301,-0.007987078,-0.001796809,9.31e-05,-0.002504245,0.002074546,-0.000513542,0.0,-0.001982161,-0.008741932,-0.003933249,-0.003913899,0.000828096,0.00497873,1.02978612,-0.63821225,-0.057775967
2014-01-20,0.020289299,-0.006289465,0.005878905,-0.006314888,-0.000186468,-0.004020113,0.007227745,0.00102672,0.008320436,-0.003976148,-0.010789713,-0.002960008,0.009756175,-0.000183962,0.00489417,1.0180925,-0.63428543,-0.00617185
2014-01-21,-0.001698662,0.010668671,0.016279501,0.003613416,-0.000233944,0.00702457,-0.005674703,0.0,-0.000518029,0.00199005,0.0,0.0,-0.000971345,-0.001012397,0.00470415,0.98225015,-0.65653745,0.034480679
2014-01-22,0.008184267,-0.00375243,0.008498915,-0.002708853,-0.000233351,0.003493924,0.003099313,0.008684571,-0.008324663,-0.00199005,0.00098554,-0.0042913,-0.015671232,-0.001658863,0.00470863,0.98389755,-0.66570005,0.013859457
2014-01-23,-0.008184267,-0.015152038,-0.000457481,-0.003623299,0.00088733,-0.002993962,-0.007766143,0.014643053,-0.005763717,-0.00465891,-0.004443353,-0.004309464,-0.010918223,0.00055326,0.0046619,0.99176575,-0.62381388,-0.064987139
2014-01-24,0.003394799,0.011385568,-0.014753476,-0.004547312,0.000980076,-0.007524532,-0.00364491,0.010967193,0.018224918,-0.009383447,-0.01395113,-0.005998083,0.01289061,0.006981453,0.0046468,0.99047365,-0.61465129,-0.014796956
2014-01-27,-0.025745339,-0.012658671,-0.003722575,-0.007319423,-0.000279792,-0.021889346,-0.010487697,-0.011468535,0.010777621,-0.00472495,-0.010592936,-0.025729095,-0.000985707,0.001097916,0.00504423,1.05103259,-0.38165951,-0.476526223
2014-01-28,0.013527758,-0.007672551,0.021446605,-0.010152312,0.000513076,0.001028867,-0.005285549,-0.007045807,-0.005117702,-0.003388685,0.010592936,0.021710359,-0.008915364,-0.002196965,0.00443171,0.92358795,-0.40522048,0.059902438
2014-01-29,0.015882094,0.029097529,0.008632407,0.010152312,-0.000373171,-0.0041216,0.015773246,0.015535216,-0.006176077,0.001356852,0.018887407,0.007688461,-0.005988042,-0.002110034,0.00451425,0.92058178,-0.46543183,0.138534327
2014-02-03,-0.000281437,-0.025253751,-0.020567494,-0.012009247,0.000559612,-0.009857634,-0.022152676,-0.000497352,-0.010378887,-0.026796519,-0.005431062,-0.003669724,-0.023292192,0.003483675,0.00464378,0.9169492,-0.27563516,-0.523887534
2014-02-04,-0.027391151,-0.018065205,-0.014653034,-0.034029948,0.000791986,-0.022674269,-0.019930638,-0.003488705,0.009862565,0.000696136,-0.011952522,-0.002007316,0.012220111,0.004018637,0.00487903,0.94782584,-0.04133444,-1.897382056
2014-02-05,0.000867563,0.000650941,0.014191109,-0.007721934,0.000186443,0.015348335,0.009745572,0.006469311,0.002579256,0.007625687,-0.008048264,-0.018932233,0.00404041,0.002276183,0.00487608,0.96617167,-0.11463523,1.020059123
2014-02-06,0.020595285,0.008422551,-0.002544238,-0.006806015,-9.31e-05,0.002098761,0.001076832,0.001486978,0.0,-0.00138217,0.006042351,0.006463551,0.022920784,-0.004100796,0.00488159,0.9651473,-0.19186284,0.515025568
2014-02-07,0.008458268,-0.00129099,0.015397152,-0.001953046,0.000372632,0.006269444,0.00429663,-0.000495381,0.001029924,0.010320009,0.010983759,0.011128207,-0.007912999,0.001368825,0.00499875,0.98408417,-0.33977335,0.571498036
2014-02-10,0.0,-0.020229314,0.001367567,0.0,0.000512258,0.007782125,0.017003799,0.021084384,0.00666837,-0.000684697,0.006433967,0.010342132,0.005940612,0.000182297,0.00505584,0.98956938,-0.35286277,0.03780045
2014-02-11,0.006993786,0.007879396,-0.004336544,0.001953046,0.000371842,0.003610962,0.001053211,0.001938878,0.011690048,-0.007562772,-0.007427456,-0.002658743,0.006886402,0.002003862,0.0050373,0.98991964,-0.41961884,0.173267548
2014-02-12,0.002227866,0.007168254,-0.005734389,0.008742112,-0.000697836,0.001029633,0.021349021,0.005312731,0.002523384,0.00619197,0.007920764,0.006964056,-0.003929278,-0.000637157,0.00499956,0.99115591,-0.46150501,0.095146134
2014-02-13,-0.000834795,-0.010443499,0.002985915,-0.007766984,0.001163249,0.001541817,-0.007757599,-0.002411397,0.004525988,0.002739728,-0.003952598,0.000660749,0.008819263,0.002001128,0.00494077,0.98241062,-0.39213105,-0.162896815
2014-02-14,-0.001950608,0.003275245,0.012535784,0.008733629,0.00013926,0.00563374,0.004144734,0.002893036,0.008493762,0.0,0.0014842,0.001979435,0.024097552,0.000454244,0.00507055,1.05635086,-0.50339117,0.249771447
2014-02-17,-0.001116596,0.037861195,-0.009101149,0.00674041,-9.28e-05,0.006110127,0.00823917,0.005282117,0.020192721,0.012912174,-0.005452366,-0.009271602,0.050149784,0.001179998,0.00534974,1.08563922,-0.48637491,-0.034387796
2014-02-18,0.003623655,0.002515779,-0.003893376,-0.00674041,-0.00037202,-0.005089254,-0.000512901,0.003824099,-0.010784442,-0.004059545,0.00099349,0.014859143,-0.012762252,-0.00127083,0.00530614,1.10637689,-0.48375703,-0.00539697
2014-02-19,0.003610805,-0.006301071,-0.005060863,-0.009708757,0.000418501,0.0,-0.000513417,0.013740965,0.002461277,0.004059545,-0.00099349,0.018509968,0.009132484,0.001180105,0.00531645,1.11011588,-0.45103347,-0.070041227
2014-02-20,-0.008351951,-0.005705083,-0.003696884,-0.008819349,0.000232558,-0.007682187,-0.011357585,0.000470536,-0.005917216,-0.008135638,0.000496752,-0.010024294,-0.010969031,0.001631795,0.00547655,1.16829878,-0.42354567,-0.062880202
2014-02-21,0.016359596,0.013261485,0.015390297,0.006866304,-0.000512123,0.005128049,0.005694758,0.004224335,0.002962936,0.001360544,0.004955614,0.0,0.001836548,-0.002357892,0.00559266,1.18685661,-0.50339117,0.172706194
2014-02-24,-0.004962633,0.007500385,-0.003882816,-0.00293698,0.00032586,-0.009249649,-0.008815151,-0.00234468,0.007858639,-0.008876808,-0.010934741,0.006801654,0.007312647,0.000363115,0.00552679,1.17307378,-0.47459443,-0.058906934
2014-02-25,-0.000829486,0.004348998,0.012733309,0.020379179,0.000186263,0.015877353,-0.00731836,-0.00046956,0.008767723,0.000685636,0.012416395,-0.009405025,0.010869672,0.001179213,0.00561041,1.18203622,-0.57145618,0.185727197
2014-02-26,0.008538507,0.003095272,0.008324899,-0.002886056,0.000185768,0.003044322,-0.007372378,-0.004708133,0.003872247,-0.00205832,0.003449063,0.006171966,-0.001803427,0.000181294,0.00512612,1.07990568,-0.57407407,0.004570625
2014-02-27,-0.004398057,-0.003095272,0.003801735,0.009587679,0.000650515,-0.002028634,-0.012765972,0.008458727,-0.009221165,-0.006891826,0.009302591,-0.004218755,-0.033030526,-0.000725373,0.00522569,1.10202865,-0.59501715,0.035831799
2014-02-28,0.001376696,0.009870559,0.010436633,0.025437129,4.62e-05,-0.011743867,-0.008602273,-0.002811602,0.005833698,0.00207254,0.00146073,0.010674453,0.01113184,0.000272077,0.00505947,1.06209813,-0.58847244,-0.011060134
2014-03-03,-0.007455448,-0.019839331,-0.000220989,-0.001862122,-0.001115087,-0.007734035,-0.007044223,0.016290796,0.008687324,-0.007620404,-0.005367122,0.011516503,0.003683245,-0.003633718,0.00423908,0.88895576,-0.45496029,-0.257319954
2014-03-04,0.004976353,0.002501431,-0.014914098,-0.01218955,-0.000604701,-0.004149511,-0.004905892,0.010562622,0.005749934,-0.00348311,-0.003430355,-0.018296134,-0.00091954,0.0,0.0036096,0.78782953,-0.46281395,0.017114997
2014-03-05,0.005500455,0.010562612,0.008486007,0.009389555,0.000325137,0.007250472,0.007620935,-0.018442216,-0.012984041,0.015922801,-0.003442623,-0.001621048,-0.007386922,-0.001183831,0.00360933,0.78960725,-0.54527733,0.16396939
2014-03-06,0.003832568,0.002468913,-0.005574765,0.002799995,0.000570553,-0.001032586,0.009714216,-0.019262968,-0.000968577,-0.006891826,0.00833965,0.000972995,0.0,9.11e-05,0.00360011,0.78746408,-0.57800089,0.058280881
2014-03-11,0.009340599,0.010107222,0.011568744,0.002847702,0.000326763,-0.001574303,0.004317431,-0.010392236,0.005802668,0.005818198,0.008319128,0.01065053,0.008502649,0.001457752,0.00362806,0.79024098,-0.60025292,0.037775691
2014-03-12,-0.017099099,-0.020959686,-0.009972998,-0.019139429,-0.00013987,-0.011090798,-0.023427941,-0.015793558,0.009119371,-0.033926558,-0.01176491,-0.04363499,0.009363364,0.002545893,0.00485808,0.99198404,-0.45757818,-0.271403344
2014-03-13,0.012164918,-0.001284357,-0.007545484,0.004819191,0.000280089,-0.001062519,0.007687963,-0.009207717,0.010929027,0.0,0.012252095,0.00768339,0.010199439,0.001723935,0.00489489,0.99591412,-0.5505131,0.184902997
2014-03-14,-0.00357888,-0.007742044,-0.004600743,-0.018438136,0.001166224,-0.008542635,-0.004935554,-0.001949272,-0.001892068,-0.010558167,-0.006352453,-0.008018773,-0.007407441,0.002444629,0.00503172,1.01166818,-0.45365135,-0.193521801
2014-03-17,-0.021746028,0.006455843,0.014648568,-0.003925537,0.000326413,0.007478925,0.004935554,0.013566062,0.014571332,0.010558167,-0.000490061,-0.003360098,0.005560719,-0.001357358,0.00507362,1.017397,-0.47721232,0.050632556
2014-03-18,0.008699402,0.001928586,0.008823011,0.007835725,-4.67e-05,0.00106371,0.004366855,-0.013566062,-0.016467079,0.00970519,0.015089116,0.014701014,-0.01302344,-0.001087272,0.00496915,1.00984336,-0.59632609,0.222826141
2014-03-19,0.004182245,0.005124946,0.001799973,0.001949239,-0.000279684,-0.00586516,0.008676847,0.010674515,-0.003802311,-0.012710451,-0.009708984,-0.00665556,-0.011299555,0.002715894,0.00455152,0.92724249,-0.59370821,-0.004399679
2014-03-20,-0.000556451,-0.021311728,-0.011759536,-0.007820131,0.000279684,-0.030403944,-0.009221671,0.009128091,-0.023609857,0.006001518,-0.006852677,-0.015138956,-0.00951482,-0.003169273,0.00494444,0.9839766,-0.55313099,-0.070793125
2014-03-21,0.018753857,0.006506149,0.012209214,0.003917847,-0.001352686,0.009327648,0.007600516,-0.011060508,0.001948382,-0.007507543,-0.003444433,-0.003735913,-0.009606222,0.00054403,0.0049321,0.98735074,-0.68402524,0.212399972
2014-03-24,-0.006853929,0.007108325,0.004036619,0.003902284,0.000699998,0.011943766,0.017690042,0.007707173,-0.003412139,-0.001508296,0.000985861,-0.015084257,-0.007751977,-0.000453338,0.00480544,0.97183226,-0.6735537,-0.015427092
2014-03-25,-0.016084622,-0.000644329,0.000671098,0.021195277,-4.69e-05,0.005918872,0.009519068,0.000479791,-0.00784323,0.009763502,0.002458571,-0.009370151,-0.008793413,-9.07e-05,0.00462675,0.93572348,-0.65784639,-0.023596271
2014-03-26,0.014707926,0.02104006,0.017735106,0.006651084,0.000139911,0.002143443,0.004725381,0.001437804,0.0,0.014100419,0.006364665,0.033936442,-0.000981836,0.00036272,0.00505343,1.00829412,-0.70627727,0.07103644
2014-03-27,-0.015267376,-0.004426186,0.010709022,-0.004746132,0.000419614,0.000535159,-0.002097521,0.00858368,-0.006913605,-0.007396483,0.004868531,-0.011184714,-0.011857846,0.002173559,0.00494795,0.98533838,-0.65653745,-0.073028157
2014-03-28,0.009742725,0.009461012,-0.001740339,0.006638203,-0.000186504,-0.001606276,-0.014807077,0.011331575,-0.008459849,0.01107431,-0.003405322,0.002043059,0.00297767,0.000542581,0.00495564,0.98782474,-0.62250494,-0.053228173
2014-03-31,-0.002496284,0.001254638,0.008673028,0.006594427,0.00065275,0.01066104,0.012179217,0.001407449,0.003492145,0.013853667,-0.000975197,-0.014043836,0.009862013,0.0,0.00498339,1.02417892,-0.54527733,-0.132457036
2014-04-01,0.012967665,-0.005028498,-0.002810539,-0.004705864,-0.000745786,0.00686917,0.007341126,-0.005641722,-0.00850216,-0.009458055,-0.002931195,0.014043836,-0.013834213,-0.000814018,0.00489929,1.02172076,-0.57276512,0.049181192
2014-04-02,0.009548461,0.001259285,0.009909532,0.015910463,-0.000140075,-0.002108597,0.001044411,-0.013767152,-0.001005081,0.007283353,-0.003430355,0.008130145,0.00099453,-0.002264842,0.00491856,1.06523136,-0.60810657,0.059874426
2014-04-03,0.001627692,-0.015218729,-0.015989988,-0.008391806,9.3e-05,-0.013815337,-0.004184076,-0.006714635,0.005515193,-0.008746411,-0.008380761,0.009068035,0.004957868,-0.001633797,0.00497944,1.08516885,-0.6395212,0.050369625
2014-04-04,0.006215359,0.001915044,0.006296996,-0.003751999,0.00069947,0.007462736,0.002617114,0.011007573,-0.002503073,0.005111366,-0.000495378,0.005335093,-0.003964326,0.001905849,0.00500834,1.09047299,-0.68533419,0.069186817
2014-04-07,-0.004860666,-0.005115115,-0.007822719,0.000939205,0.000559187,0.008987744,0.006253552,0.009002662,0.009478685,-0.008778403,-0.000990797,0.008938875,0.001984128,0.00172128,0.00501885,1.0975645,-0.66308216,-0.033007684
2014-04-08,0.000270468,0.00893414,0.000654121,0.01583629,0.0,0.00577264,0.0,-0.003307387,0.000496429,0.008778403,0.003958349,-0.008274085,0.003956484,0.000181015,0.00493452,1.07665603,-0.65653745,-0.009919167
2014-04-09,-0.012527321,0.01011418,-0.014493015,0.028247859,0.00046572,0.003134865,0.02209165,0.008013213,0.007416623,0.0,0.024391539,-0.000664791,0.006886402,0.002259857,0.00402175,0.87122135,-0.69449678,0.056207789
2014-04-10,0.01090216,0.006894285,-0.006880481,0.006269828,0.000418853,-0.000521756,0.006583998,0.011204608,-0.00049276,-0.004379569,-0.001929695,0.007619687,-0.004914015,-0.001807534,0.00398653,0.86632469,-0.70627727,0.016820368
2014-04-11,-0.008165543,-0.010044056,-0.000668581,-0.00447438,4.71e-05,-0.003136503,-0.006076236,-0.006053585,0.00834359,0.002921843,0.00144779,0.004609892,0.002951306,9.05e-05,0.00371555,0.81301329,-0.72852929,0.031019937
2014-04-14,0.003819092,0.003149771,0.006221166,0.00447438,-0.000559125,-0.005775791,0.002536076,0.016674831,0.004389233,0.0,0.002407772,0.006548773,-0.002951306,0.000180884,0.00370246,0.81308892,-0.75470814,0.035303274
2014-04-15,-0.000272203,-0.006942336,-0.007335922,0.00267485,4.69e-05,-0.003692877,-0.002028134,-0.003681553,-0.004878043,-0.004385972,0.004319434,-0.004251935,-0.007912999,0.0,0.00378776,0.82832193,-0.76387074,0.012067481
2014-04-16,0.004076422,-0.006353399,0.000223051,-0.00267485,-4.69e-05,-0.002116407,-0.021031796,0.000921682,-0.018258636,-0.005878048,-0.006245301,-0.002954375,-0.015007785,-9.04e-05,0.00401545,0.87216087,-0.76387074,0.0
2014-04-17,-0.008443384,0.000637064,0.001337476,0.001783986,0.000605223,0.001587634,0.003622212,-0.00046078,0.001990064,0.010993148,0.002406838,0.004264554,0.00301963,0.000813648,0.00334911,0.73014546,-0.76910651,0.006830878
2014-04-18,0.030174781,0.00381455,0.006660784,0.001781184,-0.000744893,0.011044076,0.001548424,0.0068887,-0.004483152,0.001456664,-0.00144361,0.014299996,0.002008033,-0.001356376,0.00346596,0.74916585,-0.85287883,0.103388021
2014-04-23,0.00263483,-0.003198121,-0.004454647,-0.009878783,4.66e-05,-0.002093209,-0.004201462,-0.0175443,-0.00100347,0.003645647,0.002873638,-0.007579708,0.0,0.001175835,0.0035851,0.77264356,-0.81099267,-0.05035847
2014-04-24,-0.000262883,-0.004494102,0.000446467,-0.002711364,0.000139454,-0.013182302,0.0,-0.00233156,-0.001507243,0.005081681,-0.003833169,-0.007970572,0.003034904,0.000451904,0.00364642,0.78443138,-0.77434228,-0.046245018
2014-04-25,-0.010584698,-0.018182419,-0.017102286,-0.013667624,0.000139618,-0.007458758,-0.014312601,0.008368188,0.005515193,0.012234769,-0.010133034,0.0,0.003025721,0.00099347,0.00333658,0.71620359,-0.75732603,-0.02222015
2014-04-28,-0.002664166,-0.005256466,0.008588085,-0.004597618,-0.000232616,-0.003750438,0.015364379,0.004618972,0.007968223,0.004994659,-0.000484945,0.006977808,0.004020106,0.000361017,0.00330009,0.70699957,-0.75994391,0.00345078
2014-04-29,-0.006970445,-0.003329918,-0.002761648,-0.003703741,0.000930049,-0.002393516,0.008474619,-0.013921327,-0.006968667,-0.007142888,0.003938995,0.005950497,-0.003013563,0.0,0.00334405,0.73939063,-0.82800893,0.085779311
2014-04-30,0.001881551,0.007311553,-0.007736019,0.006472556,0.000325473,-0.000544896,0.012578834,-0.004683876,0.000499404,-0.002152853,0.009780136,0.004275601,-0.005042875,0.00018046,0.00326938,0.72270015,-0.83586258,0.009440282
2014-05-02,-0.005925213,0.003305896,-0.016118381,-0.012053984,0.00041767,-0.001636162,-0.014162413,-0.011331575,-0.006511486,-0.014472033,0.013052932,-0.002299879,-0.023530497,0.00216291,0.00358349,0.79383671,-0.94581376,0.123581457
2014-05-07,-0.011683422,-0.013958294,-0.008391548,-0.018832854,0.00051103,-0.021518122,-0.012759268,0.006153882,0.018915427,0.007985523,0.0,-0.013245439,0.030583423,0.002697164,0.00357977,0.83740819,-0.78350488,-0.188268388
2014-05-08,-0.009059764,0.010652398,0.016252888,0.0,0.000324882,-0.00503225,0.001603897,0.005177693,-0.014903358,-0.002896454,-0.008198835,-0.007696226,-0.017215615,0.002510736,0.00347187,0.84571489,-0.8672772,0.101581359
2014-05-09,0.003853509,0.005942689,0.000230325,0.004741453,4.62e-05,-0.00900914,0.010627147,-0.00093934,0.001000458,0.010818714,0.015377915,0.003018717,-0.00204499,-0.00071673,0.00348841,0.8480227,-0.95235847,0.093582859
2014-05-12,0.013913966,-0.004618959,-0.004847116,-0.014292676,0.00027853,-0.009661748,0.000528224,-0.000940315,-0.004510112,0.012121361,0.000476544,0.0,0.0,0.001343448,0.00347108,0.84808447,-0.99555357,0.044357426
2014-05-13,0.011582262,0.011180488,0.009899904,0.017126886,0.000139236,0.015864459,0.022461334,0.005160689,0.004510112,0.002830858,-0.005736216,0.005677153,0.007139245,8.95e-05,0.003854,0.92363161,-1.0178056,0.022105282
2014-05-20,0.00622549,-0.010872989,-0.010020267,-0.008928555,-9.25e-05,-0.003324183,-0.007761918,0.005964705,-0.000500055,-0.004876359,-0.002354522,-0.006376935,-0.002032521,0.00071251,0.00363722,0.87164425,-0.78481382,-0.259957699
2014-05-21,-0.00216101,-0.013597171,0.00525044,-0.00089735,-9.29e-05,0.001663504,0.022091666,0.003652975,0.003495633,-0.007711219,-0.001887487,0.003025821,0.002032521,0.001334722,0.00360985,0.86545829,-0.80052113,0.01981641
2014-05-22,0.001081145,0.009730793,0.004543374,0.008046498,0.000139211,0.015393169,0.014127487,0.006813601,-0.002995578,0.0,0.004242009,-0.002016219,0.001014713,-0.002492853,0.00374539,0.89814511,-0.8764398,0.090605092
2014-05-23,0.005119284,-0.002585467,0.003168081,-0.001782267,0.000509485,-0.004373799,-0.005022699,0.001357149,0.000999556,0.004213489,-0.004242009,0.003022706,0.002026343,0.000980104,0.00367421,0.881498,-0.90261865,0.02943213
2014-05-26,0.004022943,-0.006493452,-0.001130321,-0.001785887,0.000417031,-0.002743417,0.003518273,0.00135531,-0.001499611,0.011842702,0.004712379,-0.002013988,-0.004056801,0.001957261,0.00363489,0.88196296,-0.89738288,-0.005817534
2014-05-27,0.004540297,-0.004570898,-0.007948225,-0.017125135,9.24e-05,-0.002200315,-0.010592668,0.004504538,-0.001501863,-0.003468613,-0.002353522,-0.005053258,0.0,0.001243583,0.00349888,0.87691121,-0.90000077,0.002913003
2014-05-28,0.007168328,0.000654238,0.005003375,0.010849923,0.000277716,0.005491428,0.007577746,0.0,-0.016161975,0.0,-0.000942853,0.003371585,-0.012270093,0.000621212,0.00348049,0.87316522,-0.94057799,0.04409895
2014-05-29,0.006591957,-0.00524593,-0.006144121,-0.009033662,0.000740504,-0.016565776,-0.004539803,-0.011754235,-0.006128762,-0.004178279,-0.0161678,-0.003709235,-0.003091193,0.001861254,0.00345301,0.85403177,-0.98115521,0.042236094
2014-05-30,-0.007650781,-0.010574655,-0.002514032,-0.022019053,-4.62e-05,-0.010635371,-0.004560445,0.004989797,-0.002051296,-0.004896827,0.0,0.010752711,0.0,-0.000620056,0.00348117,0.86932084,-0.93272433,-0.050620972
2014-06-02,0.000529608,0.007941432,-0.002978938,0.000927174,-0.000277706,0.00505196,-0.001016105,-0.001811641,-0.010319976,0.0,0.004782243,-0.014136779,-0.018750549,-0.001418647,0.00348777,0.88220252,-0.9287975,-0.004218952
2014-06-03,-0.001324323,-0.004625064,0.002978938,0.002776568,0.000231336,0.004469347,-0.009193141,-0.010022849,0.001554792,0.002101577,-0.009587687,-0.02228045,0.005243851,-0.000976537,0.00341636,0.86181432,-0.93010645,0.001408303
2014-06-05,-0.006914828,-0.005311916,-0.00596722,-0.011152698,-0.000485603,-0.008396335,-0.012910198,-0.003210222,0.000517761,-0.017649593,-0.002411521,-0.033483188,0.0,-0.001955939,0.0036856,0.91444121,-0.85418778,-0.085147989
2014-06-09,-0.001335623,0.012570203,0.002988282,0.012076445,0.000560304,0.012290616,0.015983874,0.008234203,0.00619191,-0.019418086,0.002411521,0.008565387,0.012474174,0.001245131,0.00394714,0.96477727,-0.83193575,-0.026395838
2014-06-10,0.017221299,0.005899935,0.002521302,0.02101498,0.000326798,0.011592668,0.009671723,0.013125352,0.002055513,0.007235922,-0.005312798,0.01095609,0.003094381,0.002219529,0.00430939,1.02974117,-0.84633412,0.017159008
2014-06-11,-0.006588372,0.010403149,0.002971668,0.013471345,9.29e-05,0.000548658,0.009077302,-0.001800138,0.002051296,0.002879772,0.004831092,-0.003168424,0.003084835,0.000886462,0.00413242,0.9914028,-0.85549672,0.010768037
2014-06-12,-0.00158776,-0.005187998,0.002052274,-0.002679777,0.001444947,-0.002746556,-0.008064614,0.001800138,-0.001025072,-0.006491188,0.011499793,0.008426901,0.0,0.002566306,0.00409436,0.98331663,-0.83586258,-0.023218038
2014-06-13,-0.007976615,-0.010457837,-0.00045566,-0.013507676,0.001024392,0.002746556,-0.007620216,0.026620893,0.012738935,0.0,-0.005733476,0.004535275,0.016293639,0.000883338,0.00407141,0.98055644,-0.7717244,-0.07983673
2014-06-16,0.014312255,0.0,-0.005484403,0.011716992,0.000464865,0.019017102,0.003055269,0.002623592,0.006560778,0.004332137,-0.004803137,-0.000348202,0.015037877,0.0,0.00414876,0.98937819,-0.82277316,0.064053045
2014-06-17,0.006819044,-0.001972847,0.01297676,-0.00179377,-0.000138919,-0.005937951,0.0,-0.008772036,-0.012145879,0.0,-0.003859078,-0.006988157,-0.013019713,0.001588171,0.00418758,0.99589947,-0.86596826,0.05116772
2014-06-20,-0.011067243,-0.011952369,-0.019660754,-0.015419962,0.001672363,-0.019523439,-0.012121349,0.001316646,0.023413306,0.01072588,-0.006603871,-0.007067316,0.048506114,0.002019618,0.00381122,0.91606595,-0.85156989,-0.016766681
2014-06-23,-0.014949659,0.003999918,-0.004917601,0.006378323,-0.000232498,0.009266987,0.014127487,0.010037132,0.003440651,0.014825545,-0.003318143,-0.005689838,0.001892148,0.002103019,0.00379207,0.99919843,-0.91309019,0.069753085
2014-06-24,0.01838826,0.011904841,0.007716614,0.00181493,0.0,0.007567623,0.002002061,-0.016196396,-0.002948473,-0.004213489,0.00568157,0.00462543,-0.002839567,-0.001226264,0.00381715,1.00956655,-0.94450481,0.03382612
2014-06-25,-0.008219379,-0.006596154,0.002326877,-0.009107708,-0.000278507,0.003225644,-0.002002061,0.009661897,-0.000492178,0.003512473,-0.000471934,0.001064408,-0.002847653,0.003412287,0.0037045,1.00080761,-0.92094385,-0.025261712
2014-06-26,-0.01151459,0.007253402,0.011552751,0.012727591,9.28e-05,0.002144926,0.01195214,-0.001312039,0.00245876,0.011850958,-0.006159874,0.004599528,0.010401985,-0.002711381,0.00380383,1.02580222,-0.93272433,0.012710623
2014-06-27,-0.013284519,-0.001314636,0.002982113,-0.00452719,0.000742656,0.005341881,0.000989819,-0.009674643,0.002452825,-0.00347102,0.0,0.012975605,0.007497692,0.002798723,0.00380249,1.02736794,-0.90392759,-0.031360433
2014-06-30,0.015974129,0.00459451,0.004798274,0.007233434,0.000417609,0.006902128,0.011310403,-0.003098068,0.00097939,0.004163781,0.008047361,0.011777199,-0.006557401,0.000872928,0.00385828,1.03068024,-0.85156989,-0.059667682
2014-07-01,0.009889328,-0.009210521,-0.013078326,-0.003610018,-0.000371149,-0.006902128,-0.007361915,0.008826146,0.006829292,0.008962487,0.008918144,-0.010036465,0.00375235,0.000785046,0.00386056,1.08916987,-0.88167557,0.034742578
2014-07-02,0.014521543,0.000660722,0.0,0.03115512,0.001900109,0.000532646,0.005404131,-0.006612274,-0.002921103,-0.004815971,0.004662065,0.008313199,-0.002812941,0.005131139,0.00366294,1.02631264,-0.91701702,0.039301879
2014-07-03,0.010171043,-0.001321881,0.0,0.004372419,0.001157061,-0.013941298,0.008294642,-0.008438864,-0.001463758,0.02182897,-0.000930676,-0.019506096,0.003748833,0.001213651,0.00351148,0.98432612,-0.93403327,0.018386026
2014-07-04,-0.00755314,-0.005970283,0.000923535,0.003484599,-0.000277489,0.001618507,0.004847345,-0.003127132,-0.003913925,0.00404041,0.005571106,0.005961789,0.000935016,-8.66e-05,0.00342545,0.96020886,-0.95890318,0.026278052
2014-07-07,0.004434449,0.003321071,-0.007410813,0.000868846,9.22e-05,-0.007032632,-0.005819545,0.000447383,-0.004421482,-0.010810916,-0.00138987,-0.0035026,-0.00938974,-0.001560834,0.00344144,1.00404854,-0.94319587,-0.01651614
2014-07-08,0.00700329,0.0,-0.001861232,0.007789143,-0.000879128,-0.010368517,-0.002434762,-0.004482328,0.004421482,0.002713706,-0.000927761,-0.011646566,0.004705891,-0.002085,0.00274927,0.80668042,-0.9654479,0.023318168
2014-07-09,-0.00778413,0.003971094,-0.000698912,-0.003454266,0.00037032,-0.004948983,-0.007831712,-0.002699037,0.004402019,0.004056801,-0.001393097,-0.004268927,0.005617992,-0.000173946,0.00266364,0.78152963,-0.91570808,-0.052894515
2014-07-10,-0.006009381,-0.001321881,0.006040925,0.018003233,0.001526371,0.003302104,0.014634422,-0.011325214,0.009230125,-0.001350439,0.00602268,0.002136706,0.007441895,0.005810728,0.00235397,0.68991906,-0.90130971,-0.015848685
2014-07-11,-0.014251925,-0.007301747,-0.012353328,0.005084417,0.000415699,-0.007722065,0.004830834,0.008618784,0.004823921,0.00471858,-0.002311953,-0.013971154,0.009225158,0.000777989,0.0023846,0.69823797,-0.87513086,-0.029475509
2014-07-14,0.007678922,0.00398928,0.000469021,0.011765036,-0.000461707,-0.005552598,-0.01456344,-0.024229697,-0.010643569,-0.006070845,0.003235324,0.006830878,-0.012939182,0.000259195,0.00252528,0.73632253,-0.92356173,0.053864211
2014-07-15,0.008928774,0.010561186,0.019269242,0.00499991,0.000415718,0.009421116,0.01552686,0.0069172,-0.014205406,-0.006788892,0.000461366,0.003219499,-0.012166739,0.001294901,0.00259143,0.76229862,-0.99424463,0.073745642
2014-07-16,0.001306112,0.005239156,0.010066778,-0.023550326,0.000461606,0.005500427,0.003364503,-0.007380113,-0.004945593,0.00475706,-0.008337121,-0.007168498,-0.010411831,0.002412798,0.00250111,0.73586582,-0.98377309,-0.010588012
2014-07-17,0.009872979,0.002609272,0.000227323,0.014364565,0.001891529,0.014161572,0.005264759,0.010133742,0.005931744,-0.007485574,0.000929704,-0.002881879,0.009469768,0.006263135,0.00259571,0.75201671,-0.98377309,0.0
2014-07-18,-0.003885497,-0.011795813,0.002500536,0.010016693,-4.61e-05,0.001081005,-0.004305381,0.015913044,0.004425927,-0.004792888,0.002320857,-0.003976193,0.005639113,-0.000855667,0.00255135,0.7419258,-0.94581376,-0.039349592
2014-07-21,-0.001298637,0.010491931,-0.011875135,0.000830358,0.0,-0.014694282,-0.004805298,-0.00860707,-0.004425927,-0.003437611,0.006930005,0.009731669,-0.006582064,-0.00179922,0.00261186,0.77584115,-0.92094385,-0.026646611
2014-07-24,-0.008372796,-0.006418432,0.003912957,-0.008932152,-0.000276212,0.008158791,0.007011049,0.003161023,-0.010403855,0.008180005,-0.011518018,-0.003575231,-0.006625675,-0.002225497,0.00265553,0.78841272,-0.93403327,0.014112991
2014-07-25,-0.003685127,0.017236261,0.006411626,0.013770999,-4.58e-05,0.001624009,0.013876335,-0.008603173,-0.00049816,0.006091389,0.001851553,0.001073862,-0.01242252,-0.001886921,0.00267717,0.79271626,-0.93010645,-0.004213017
2014-07-28,-0.021322804,0.03788099,-0.002971668,0.037114285,-0.000138096,-0.002165768,0.015044678,-0.003644654,0.006456509,-0.004056801,0.019240174,-0.008984887,0.007662873,0.001372708,0.00283313,0.82417673,-0.8240821,-0.121028881
2014-07-29,-0.019037649,0.022892636,0.031326629,-0.010911886,-0.000415211,0.012389107,-0.003626363,0.002734713,0.001484032,0.0,0.001813361,-0.006155947,-0.006701796,-0.00205977,0.00283665,0.82920363,-0.75994391,-0.081025533
2014-07-30,0.006568212,0.011252569,0.007294934,0.019402877,0.000323047,-0.007522892,-0.009124197,-0.002278437,-0.006446806,-0.008846604,0.028132932,0.002901523,0.000960154,-0.000429653,0.00273167,0.81380489,-0.58847244,-0.255714533
2014-07-31,-0.031027394,0.00645751,0.009208717,0.006894227,-9.27e-05,0.003230916,0.011845367,-0.018416742,-0.000497664,0.016943814,0.005708092,-0.028657169,0.004786989,-0.00223711,0.00275749,0.82117296,-0.69318784,0.163770921
2014-08-01,0.003090124,0.0,-0.001747501,-0.002292977,-0.000506518,0.008032154,0.0,-0.01356739,-0.006993033,-0.010131799,0.01175197,0.004462608,-0.010561788,-0.001810612,0.00269101,0.81371782,-0.64213908,-0.0764961
2014-08-04,0.015586167,-0.00175696,-0.006800412,-0.003065111,-9.2e-05,0.001066204,-0.003629986,0.020974837,0.002503073,-0.005445895,0.000432724,0.003333991,-0.003868477,-0.001036041,0.00269721,0.82113993,-0.62774071,-0.022677717
2014-08-05,-0.005816294,-0.005878842,-0.009288031,-0.014688941,0.000967297,-0.020452839,-0.014652151,-0.010665483,-0.002001918,0.005445895,-0.001298236,0.015048792,-0.0038835,0.000690791,0.00294322,0.88196535,-0.72852929,0.148900632
2014-08-06,-0.025033045,0.009389594,-0.013419842,0.006211147,-0.000276108,-0.00599936,0.016922201,-0.011251885,0.0,-0.012295237,0.009482537,-0.013570652,-0.017664836,0.001811237,0.00300691,0.9034468,-0.7717244,0.057599661
2014-08-07,-0.001710239,0.0,0.002024466,0.013835881,0.000644523,-0.008791394,-0.001815539,-0.006148061,0.012447172,-0.005513453,0.0,-0.021273366,0.006906786,-0.000517162,0.00300888,0.90709621,-0.84371624,0.089188738
2014-08-08,-0.012922004,-0.014117837,-0.009936972,-0.017713461,0.000689997,-0.009983308,-0.002729726,0.010382334,0.010337278,-0.002768168,-0.002147231,-0.007953094,0.0,0.004215612,0.00313613,0.93748622,-0.66570005,-0.236977036
2014-08-11,0.009492486,0.002957716,0.00385091,0.020000659,-9.2e-05,-0.000557656,0.002275215,-0.004705825,-0.007372781,0.004149384,-0.004740419,0.006443073,-0.008888947,-0.000944831,0.00302937,0.9057483,-0.73245612,0.095564241
2014-08-12,-0.010938613,0.009406329,-0.001130979,0.032224507,-0.000184125,-0.002233296,-0.001819669,-0.000943865,-0.002469787,-0.004149384,-0.009984699,-0.006823453,0.009871748,-0.000859713,0.00301715,0.93349337,-0.71674881,-0.02167799
2014-08-13,0.011510936,0.001753792,0.014159189,-0.007401844,4.65e-05,0.001675519,0.009065961,-0.008534932,0.001976298,-0.006954131,0.024990408,0.007201022,-0.002951306,0.0,0.00301939,0.93332745,-0.66308216,-0.07782654
2014-08-14,0.008547148,0.012191855,-0.009867887,-0.010455623,0.000275713,0.0,0.005400822,0.003327828,0.003449128,-0.00700283,-0.006403311,0.012012142,-0.005928871,-0.002497287,0.0029323,0.91086698,-0.70889515,0.066808727
2014-08-18,-0.007117441,-0.006948514,-0.010421582,-0.008292343,-0.000782434,-0.007280901,-0.007659591,-0.019650743,-0.007901231,-0.003519891,0.005977782,0.0,-0.012967763,0.000172432,0.00322853,0.97493462,-0.74816343,0.053913812
2014-08-19,0.001427487,0.012702031,0.009745094,0.009042727,-0.001243182,0.002806428,0.015706144,-0.012664596,0.000495593,-0.000705467,0.014370456,-0.006739076,0.005007522,-0.002935323,0.00310869,0.93296266,-0.85287883,0.130996042
2014-08-20,0.010501015,-0.001722403,0.003826855,-0.00753004,0.000506541,-0.00900914,-0.002228564,0.016529338,-0.003972129,0.004927852,-0.006314745,-0.009814912,-0.010040245,-0.0023372,0.00310923,0.9732062,-0.85549672,0.003064773
2014-08-21,0.00506901,-0.029748827,-0.016080028,-0.027588044,-0.00018456,-0.006810248,-0.015741352,-0.00096481,-0.005487678,0.009087794,-0.00933368,-0.011446265,-0.004044495,0.000259959,0.00355623,1.06399179,-0.77696017,-0.096293172
2014-08-22,-0.000561812,0.014693403,0.008638359,0.002328243,0.000368726,0.009070361,0.008126255,-0.007751983,-0.006524558,0.012448294,0.00510201,-0.003074595,0.005053068,0.000259891,0.0036421,1.0816692,-0.87513086,0.118984342
2014-08-25,0.008117414,0.001166184,-0.004992131,0.021473358,0.000138192,-0.002260113,-0.003152374,0.010162217,0.001006599,0.002745369,0.017654936,0.023208151,-0.006066753,0.002767978,0.0037913,1.11838606,-0.84502518,-0.035007004
2014-08-26,-0.008679778,0.011587736,0.005444807,0.00454193,0.001012527,0.002260113,0.004500481,-0.000481639,0.002511876,0.0,0.000832995,0.01121939,0.002026343,0.003707379,0.00360293,1.05723466,-0.91570808,0.080331198
2014-08-27,-0.003380485,0.018265317,0.006764366,0.048646442,0.000644202,-0.001129354,-0.009021418,-0.001928595,-0.003015048,-0.01102699,-0.000416411,0.001857721,-0.002026343,0.001547815,0.00366403,1.06818392,-0.93534222,0.021214849
2014-08-28,0.002536464,-0.009091083,-0.003827608,-0.004326004,0.000275959,-0.001130759,-0.000906645,-0.006779668,0.005520729,0.006217637,0.000832649,0.001854203,0.00505818,0.001116427,0.0035874,1.05488408,-0.94188693,0.006972763
2014-08-29,0.005333396,0.002280594,0.015667101,0.0,0.000229684,-0.001698091,-0.004089719,0.006296867,0.002000014,-0.006910878,-0.009617382,0.0,0.005032723,0.00025746,0.00359456,1.05677611,-0.93272433,-0.009775545
2014-09-01,-0.01494889,-0.006284043,-0.008250626,-0.002169939,0.0,-0.009678637,-0.006854071,0.007696052,-0.002000014,-0.004169568,0.00209866,-0.010054116,-0.005032723,0.000343177,0.00369781,1.09802256,-0.88952923,-0.047417323
2014-09-02,-0.010282997,0.002861411,-0.012164948,-0.013853727,0.000229721,-0.00804116,-0.009675383,0.0,-0.002004022,0.000696136,0.007934787,0.004108436,0.0,-0.001717064,0.00372176,1.10854352,-0.88167557,-0.008868214
2014-09-03,-0.021768364,0.024831798,-0.0120855,0.018189008,-0.000597419,-0.015107774,0.000462926,-0.004803016,-0.011601596,-0.004883163,0.012812597,0.004091478,-0.015251948,-0.003787883,0.00361056,1.07600512,-0.89214711,0.011806887
2014-09-04,0.008473431,-0.007272615,-0.004598744,0.005751225,0.000184853,0.005837649,0.015610982,0.001443338,0.000507157,-0.003502631,0.0,0.004813912,0.0,-8.63e-05,0.00354631,1.0630015,-0.88298451,-0.010323383
2014-09-05,0.007247553,-0.007892086,-0.011823581,-0.007916566,0.000923127,0.007538383,0.011325097,-0.003853572,-0.00355601,0.004900255,-0.008247276,0.012116826,-0.004106782,0.002756533,0.00354375,1.12274768,-0.82931787,-0.062704138
2014-09-11,0.008628149,-0.008525059,-0.004674955,0.000722201,0.000507522,-0.007538383,-0.009959414,-0.021464304,-0.013319807,-0.023314373,-0.013759064,0.004733431,-0.01346473,-0.00103281,0.00380905,1.17069117,-0.78481382,-0.055157002
2014-09-12,-0.001719672,0.003987232,0.014191209,-0.011619393,0.001520576,0.0,0.016245885,-0.001480374,-0.010889395,-0.000715052,0.004607389,0.011556631,-0.015764909,0.004724909,0.00379772,1.21455301,-0.89214711,0.128184523
2014-09-15,-0.012993137,-0.03352909,0.003228836,-0.028150024,0.000690497,0.00058206,-0.011706369,-0.01042444,-0.000521541,-0.005019731,0.007494064,0.009648065,0.002116403,-0.000428622,0.0039709,1.24085389,-0.79266748,-0.118227226
2014-09-16,0.005506698,0.005861874,0.001150721,0.015654227,0.001333586,-0.002329746,-0.003629986,0.004977541,0.002084434,0.008589888,0.003312478,0.006027174,0.004219416,0.002483386,0.00400563,1.23707331,-0.77696017,-0.020014727
2014-09-17,0.005189013,-0.002340471,0.000229675,0.008103287,-0.00027547,0.014471869,0.004082629,0.022097663,0.002080098,0.01204407,0.004948518,0.002824035,0.001052078,-0.001283775,0.00420996,1.27583779,-0.76387074,-0.016990501
2014-09-18,-0.008083421,0.004092302,-0.057009405,0.000733221,0.000229935,-0.002877563,-0.004992161,-0.008780575,-0.011494404,-0.002820876,0.009823986,-0.004947061,-0.009508788,0.002565905,0.00424597,1.26229708,-0.75732603,-0.008604739
2014-09-19,0.004915454,-0.00233637,0.003886951,0.023189555,-4.63e-05,0.004600356,0.006349525,-0.005404083,-0.001051583,-0.004246291,0.007305308,0.010220327,-0.003189795,-0.000170856,0.00423638,1.25653327,-0.82931787,0.090809672
2014-09-22,-0.013649102,-0.007042478,-0.008523084,-0.011527509,0.000643568,-0.014446976,-0.011823708,-0.005928827,-0.011108283,-0.018611847,0.0,-0.011638209,-0.053594016,0.003070876,0.0049408,1.33493451,-0.73900083,-0.115304475
2014-09-23,-0.011764674,0.013454644,-0.009583229,0.006500636,0.000504746,-0.004667522,-0.015211225,-0.000991597,0.007419215,-0.001446132,0.003229752,0.008477504,0.010061572,0.001616915,0.00464891,1.26143676,-0.76517968,0.034811638
2014-09-24,0.002659061,-0.005827626,0.0,0.001438787,0.000459206,-0.005864973,0.01703921,0.003466247,0.00210972,0.000723327,0.006027627,0.026381278,0.003331486,0.00144456,0.00466608,1.25875402,-0.76648862,0.001709169
2014-09-25,0.004416302,-0.006449676,0.002958425,0.002154356,0.000320873,0.005864973,-0.019830105,0.011305058,-0.007934373,0.0,-0.002005144,0.001369342,-0.015642777,-0.000594566,0.00448246,1.20728161,-0.76387074,-0.003421265
2014-09-26,0.002933341,-0.034104515,-0.014881092,-0.025428039,0.000183654,-0.018294844,-0.002798478,-0.00097802,0.003710578,-0.002896454,-0.003619404,-0.004113731,0.005614838,0.001867448,0.00457577,1.21286914,-0.7442366,-0.026039591
2014-09-29,-0.001465564,0.005462943,0.002993855,0.001470525,0.000366939,-0.027167456,-0.026983933,0.010705778,0.0,-0.004360472,0.006825947,-0.007932395,-0.008998936,0.00177925,0.00446937,1.17805139,-0.70235044,-0.057926513
2014-09-30,-0.003232131,-0.012793299,0.007198717,-0.026052899,0.000916536,-0.001837752,0.019953397,0.010592284,0.000528886,0.008702013,-0.003206543,0.020562777,0.005633818,0.003464739,0.00453919,1.2108844,-0.69318784,-0.013131466
2014-10-01,-0.021717044,-0.026717946,-0.007198717,-0.038436543,0.002012984,-0.01918961,-0.028628054,-0.032119598,-0.010632709,-0.016011987,0.003206543,-0.011600327,-0.035452541,0.003536843,0.00567402,1.31151939,-0.63166754,-0.092937804
2014-10-02,0.011066231,0.006277224,-0.019623443,0.024004127,-0.000274275,-0.013845433,-0.014627407,-0.011440013,0.010103823,0.008765578,-0.00240415,0.00683998,0.02073807,-0.001345853,0.00572812,1.33329582,-0.4889928,-0.256015446
2014-10-06,-0.001190484,-0.000625701,0.007845417,0.004580175,0.00022845,0.005056975,-0.009871801,-0.008540688,-0.023555744,-0.007299302,-0.026418662,0.007131916,-0.030094864,-0.000168367,0.00578969,1.33178689,-0.62512283,0.245600393
2014-10-07,0.005346148,0.01120812,0.006782975,-0.002287199,-0.000639648,-0.008230422,0.005441919,0.003525604,0.009703592,0.005115101,0.001646109,-0.026750593,0.026668247,8.42e-05,0.00589342,1.34943127,-0.65522851,0.047035887
2014-10-08,0.004728049,-0.009331447,-0.00753946,-0.003058401,4.59e-05,-0.003821825,0.002463375,-0.016730404,0.008015031,-0.000729129,0.008189861,0.002083426,0.001143511,-0.000336791,0.00582583,1.33704533,-0.60417975,-0.081112292
2014-10-10,-0.017247145,0.00187325,0.005283657,-0.028739845,0.000913997,-0.024548996,-0.004438802,-0.046033267,0.006366007,-0.001459854,-0.009012577,-0.012565681,0.005698021,0.00294302,0.00597797,1.3354241,-0.34500912,-0.560300902
2014-10-13,-0.031690481,0.0,-0.00856857,0.002361339,-0.000365587,-0.009858749,-0.006944556,-0.003217137,0.007376216,0.002188983,-0.010341371,-0.019865864,0.007923075,-0.000503914,0.00590558,1.30930844,-0.29396036,-0.160125923
2014-10-14,0.019620435,-0.013187044,-0.017618273,0.040066977,-9.18e-05,0.007239194,0.008919983,0.009620631,0.001573549,0.002184202,-0.015926651,0.013877052,-0.002257337,-0.000504168,0.00602383,1.33576092,-0.21018803,-0.335442417
2014-10-15,0.0,-0.005705262,-0.006461023,-0.020603565,-0.00054846,-0.016529265,-0.004945754,0.0,-0.004201612,0.013005964,0.005477217,0.00739283,-0.011363759,0.001008083,0.00597673,1.3227806,-0.29788718,0.348712313
2014-10-16,-0.002735919,0.0,-0.028667189,-0.003862386,0.001782527,-0.008032214,0.003464293,-0.021506221,0.013072091,-0.018109876,0.015840246,0.013240758,0.011363759,0.004440183,0.00580459,1.2866141,-0.119871,-0.91029866
2014-10-17,-0.018433633,-0.005098721,-0.004010209,-0.001549336,-4.56e-05,-0.001344896,0.000494084,0.0,-0.002080098,-0.013245227,-0.022585805,0.007242603,-0.004530019,0.001336522,0.00552784,1.228465,0.08694193,0.0
2014-10-20,0.018129186,0.011435803,0.021990536,0.022989592,0.000136706,0.018006357,0.010316912,0.004338405,-0.002084434,0.003696862,0.008424936,-0.000343774,-0.004550634,-0.001503721,0.00595905,1.28331651,-0.23767583,0.0
2014-10-21,0.00152137,-0.028838711,-0.009214056,-0.006078994,0.000228392,-0.049451226,-0.021240515,-0.00542598,0.008828915,-0.003696862,0.017463869,-0.001376005,0.009080653,0.001253313,0.0058821,1.27100647,-0.26123679,0.094519551
2014-10-22,0.023735579,0.032622016,-0.013312357,0.030032138,0.000456628,0.009675212,0.018303807,0.00596692,-0.001034617,0.013975954,0.004523731,0.020780949,-0.004530019,0.000333886,0.00613783,1.2677193,-0.40522048,0.439004077
2014-10-23,0.001779931,-0.015858102,0.024097801,-0.011156559,0.000729552,-0.02084836,0.006839148,-0.004879345,-0.005189409,-0.002193785,0.002868581,0.008727713,-0.010268202,0.00258435,0.0061171,1.26386841,-0.44972452,0.104203903
2014-10-24,-0.015231113,-0.010283087,0.004698396,-0.00826152,0.000592607,-0.009171214,-0.01817773,-0.012028558,-0.00783501,0.009471838,-0.009868419,-0.008727713,0.003434462,0.002909745,0.00603155,1.23691601,-0.43009038,-0.044639845
2014-10-27,-0.005431394,0.028027301,0.010104984,-0.002264855,-0.000136874,0.037556606,0.010848371,-0.004410154,0.0,-0.002904868,0.006178905,-0.003377278,-0.00458191,-0.001495416,0.00623431,1.26862544,-0.4798302,0.109436919
2014-10-28,0.008436193,-0.001256982,-0.009844552,0.0,-4.55e-05,-0.019297841,-0.006889993,-0.002212446,-0.003677439,0.013005964,0.003689514,-0.003728092,-0.002298852,-0.000998122,0.00613217,1.26823927,-0.52040742,0.081179713
2014-10-29,0.012226314,0.039462333,0.001820499,0.037824374,-0.000136633,0.038899608,0.019560566,0.008820351,0.001577687,0.00215131,-0.008217158,-0.001359172,0.00573725,0.001995315,0.0067706,1.33116116,-0.58585455,0.118459546
2014-10-30,0.01529415,-0.002421136,0.003113798,-0.005839485,0.001184539,-0.015514778,-0.023023085,0.007109702,-0.01375687,0.001431639,-0.002064764,-0.008194059,-0.012665685,0.001493927,0.00676212,1.33257293,-0.59894398,0.022096521
2014-10-31,0.021083944,-0.010968973,-0.005194728,-0.010301954,0.001637669,-0.007505943,-0.018505208,-0.013717606,-0.015570703,0.002143624,-0.004972937,-0.002402568,-0.042609996,0.001905599,0.0058557,1.13843235,-0.52302531,-0.135538214
2014-11-03,-0.01149758,-0.012330741,-0.044463542,0.02627907,-0.000136179,-0.015878887,-0.01116802,0.00275853,-0.018018544,-0.013654542,0.011565345,0.003772848,-0.023242637,0.00066199,0.00601785,1.15502322,-0.46281395,-0.122304719
2014-11-04,-0.009586363,-0.001862874,-0.010950024,0.00072012,0.001317558,-0.040474083,-0.032687628,-0.030203636,-0.004417485,0.007209837,0.000820933,-0.00721523,-0.004962789,0.00239598,0.0062018,1.16960593,-0.4091473,-0.1232499
2014-11-05,-0.004680895,0.001862874,-0.013021553,0.015005737,9.06e-05,-0.002176209,0.005260493,-0.016604934,-0.007777814,-0.023992427,0.01061265,0.008583771,-0.012515808,-0.00057783,0.00613678,1.16059175,-0.46412289,0.126074128
2014-11-06,-0.00293691,0.007416712,0.034264167,-0.027320396,0.000226811,0.037067739,0.016649566,0.017172702,-0.007838783,0.001470589,-0.023830192,-0.023872425,-0.017789542,-0.001321945,0.00615689,1.16555862,-0.47590337,0.025065463
2014-11-07,0.013148424,-0.013015406,0.008853222,0.012314659,-4.56e-05,0.006278235,0.01128823,-0.001135747,-0.014722845,0.004398834,0.001661552,0.009062484,-0.020726131,-0.000827145,0.00594636,1.12379168,-0.48375703,0.016367947
2014-11-10,0.015267681,-0.007514053,0.016949422,-0.007225454,-0.000817134,0.003471091,0.010657359,0.008486662,0.035858203,0.010913168,-0.018010869,-0.019622432,0.048540819,-0.000993478,0.00611278,1.13604904,-0.52433425,0.080546586
2014-11-11,-0.003436513,-0.007571036,0.012785387,0.000724818,-0.001136081,-0.002775971,-0.002527427,-0.021641037,-0.014971133,-0.010181906,0.017180582,0.014055133,-0.015075662,-0.002737098,0.00604749,1.12540691,-0.55705781,0.06053966
2014-11-12,0.006861017,0.003792589,-0.001297054,-0.006543069,-0.001046625,0.041516773,0.012572582,-0.002305422,0.010558629,0.002190581,-0.015913214,-0.008409184,0.008821733,-0.003494468,0.00608802,1.12741119,-0.55705781,0.0
2014-11-13,-0.004282646,-0.001262724,0.003627944,-0.002190537,-0.000728776,-0.007360368,-0.013078921,0.005179829,-0.004987602,0.001457726,-0.002113043,0.004213327,-0.003771218,-0.003088602,0.00609487,1.13494716,-0.49161069,-0.1249819
2014-11-14,-0.002865441,-0.023650713,-0.002071294,-0.005864967,0.000910777,-0.006738478,-0.006094168,-0.051837206,-0.001668041,-0.011721746,-0.001269563,-0.010567107,-0.017789542,0.001336811,0.00640088,1.166747,-0.58061878,0.166407274
2014-11-17,-0.032961908,0.0,-0.000259596,0.0,0.000227764,0.01609701,0.012151912,0.016192255,0.025818553,0.017531494,-0.01407598,-0.027280964,0.057300854,0.000333858,0.00622749,1.13017174,-0.57800089,-0.004518988
2014-11-18,0.010032702,0.0,0.005172141,0.019658349,0.000591271,0.001329543,0.013993279,0.0,-0.001628314,-0.007267474,0.030042686,0.007973891,-0.00851069,0.00250088,0.00623846,1.12560785,-0.65130168,0.119397537
2014-11-19,0.015729837,0.009014993,-0.002582446,0.002160663,0.000181642,-0.013378097,-0.009473932,-0.008363227,0.003795176,-0.007320677,0.009954281,0.014692923,0.002439026,0.001829946,0.00575854,1.03732795,-0.65261062,0.002007712
2014-11-20,-0.000867388,-0.020072146,-0.011967148,-0.007945257,0.000772934,-0.000673657,-0.002508288,0.003592791,-0.007604703,0.006591016,-0.004135606,-0.004635326,-0.013488862,0.001079799,0.00581496,1.05861482,-0.66700899,0.021822867
2014-11-21,-0.003477341,-0.010519329,-0.005774241,0.0,0.000136193,0.010057204,0.001505752,0.015421345,0.005979917,0.000729661,0.003309928,0.003211457,0.013488862,-8.3e-05,0.00574774,1.04874284,-0.7010415,0.049763562
2014-11-24,0.005788828,0.014435988,0.016706203,0.033514811,0.000908036,0.050091717,0.039818338,0.011702951,0.009171989,0.004366819,-0.015820558,-0.011825964,0.013309331,0.003149861,0.00634571,1.11328892,-0.74161872,0.05626817
2014-11-25,0.007475435,-0.005880465,0.00335993,0.005594372,0.000681125,-0.007004108,-0.014074488,-0.005249432,-0.00430574,-0.006557401,0.014580618,0.005751266,0.001201201,0.003057464,0.006333,1.11511872,-0.77957805,0.049917555
2014-11-26,0.004858104,0.000654998,-0.001807895,0.002089823,-4.56e-05,-0.003200068,-0.008343494,-0.017699563,0.003768509,-0.013986242,0.004127166,-0.002152806,0.005984458,0.001648835,0.00573575,1.01468471,-0.78088699,0.001677628
2014-11-27,0.013027653,-0.00987168,0.010029683,-0.041924452,0.000498738,-0.023347266,-0.01639782,-0.021661455,-0.00971931,-0.006693963,-0.007441207,-0.002517634,-0.016847571,-0.000824077,0.00603636,1.04852003,-0.82277316,0.052250097
2014-11-28,0.004491778,-0.005970283,0.0,0.0,0.000543915,-0.017207713,0.001001471,-0.039074754,0.002168037,0.00074599,0.012371238,0.005387108,-0.001214329,0.003785081,0.00584913,1.01702009,-0.83717152,0.017348435
2014-12-01,-0.002524135,-0.016096876,0.001789623,-0.033201186,4.53e-05,-0.036713809,-0.028943486,-0.051259965,-0.033584252,-0.050469426,-0.006579044,-0.005747206,-0.088890973,-0.000164274,0.00790386,1.21247373,-0.77434228,-0.078014974
2014-12-02,-0.001967643,-0.001353084,-0.017261998,0.027378701,-4.53e-05,0.007588874,0.005138596,0.026930992,0.041672757,0.023256862,-0.005377243,0.01643471,0.096154927,0.0,0.00855861,1.24330471,-0.8057569,0.039768086
2014-12-03,0.002809769,0.004053871,0.004667038,-0.005856483,-0.001269683,0.008213565,0.006641283,-0.015018234,-0.003227619,0.0,0.000829101,0.001770315,-0.006049625,-0.004610597,0.00853821,1.2403593,-0.85026095,0.053761218
2014-12-04,0.008938549,0.010063754,0.034323962,0.008772116,-0.001361851,0.010847571,0.00912331,0.005903613,0.007514794,0.004587164,0.003309928,0.009855804,0.006049625,-0.007288421,0.00872843,1.25171321,-0.7625618,-0.108859748
2014-12-05,0.001111678,0.0,0.008214093,-0.009506619,0.0,0.004709107,-0.004551158,-0.019815756,-0.003750338,0.003046461,-0.006215129,0.003147233,0.0,0.001412162,0.00873321,1.25264511,-0.74554554,-0.022567336
2014-12-08,0.006368682,-0.004683665,-0.013476565,-0.008856071,-0.000843708,0.003350079,-0.004572152,-0.022942962,-0.010250902,0.003795071,-0.014232391,-0.006304611,-0.0158058,-0.004075705,0.00869711,1.24925397,-0.69580573,-0.069045721
2014-12-09,0.007698569,-0.007405171,-0.017744417,-0.018706196,0.000458807,-0.0175443,-0.010235369,-0.036848081,0.011323923,-0.010662706,0.0,-0.01059718,0.008541846,0.002912893,0.00880526,1.2585338,-0.74030977,0.061998209
2014-12-10,-0.016848884,-0.013605493,-0.007702181,-0.015988157,-4.6e-05,-0.02830692,-0.006709648,0.01056719,0.022794437,0.012176711,-0.004224324,-0.009992844,0.043976189,-0.00133052,0.00874807,1.25449994,-0.56752935,-0.265776241
2014-12-11,-0.012896287,-0.006183378,-0.014276739,-0.007704079,0.001008153,-0.009852321,-0.009888353,-0.029874187,-0.003149578,-0.003789319,-0.021396001,-0.011181342,0.0,0.004400669,0.00892024,1.27272115,-0.46543183,-0.198326825
2014-12-12,-0.004241473,0.006868078,0.009367691,-0.001548029,0.001235791,0.003529663,-0.004718302,-0.026336583,-0.002105278,0.006056037,0.011610664,0.000362723,-0.001163467,0.001407485,0.00869343,1.24965235,-0.60156186,0.256563732
2014-12-15,-0.000283572,-0.009628715,-0.002333787,0.002320929,-0.000182566,0.02367806,0.001575327,-0.024766708,-0.003166199,0.006019582,-0.020298712,0.009023588,-0.005837728,8.27e-05,0.00857768,1.23876839,-0.5321879,-0.122532751
2014-12-16,-0.010829208,-0.00415504,-0.002599479,-0.006201518,0.000136928,-0.004829312,-0.01479941,-0.034792886,-0.019210859,-0.021995578,-0.000873192,-0.001798187,-0.04184711,0.002231104,0.00872373,1.24308482,-0.39605788,-0.29543626
2014-12-17,-0.004594919,0.006226053,-0.028512711,0.006974146,-0.000915146,0.019178797,0.01006622,-0.018261717,0.002690388,-0.003072199,0.007829718,-0.001801641,-0.022223137,-0.002975935,0.00868579,1.25996188,-0.27825305,-0.353029411
2014-12-18,0.005454289,0.0,-0.003219233,-0.007751965,-0.000275007,-0.002037517,-0.012198415,0.020619265,0.000537231,0.000768935,-0.006956526,-0.008692439,0.013639393,-0.002486718,0.00868292,1.2601107,-0.36333431,0.266792423
2014-12-19,0.0293391,0.00412961,0.007494864,0.004658408,-0.00032079,0.001358754,0.010615929,-0.024633745,0.0,0.0,0.014295099,0.009413499,-0.006176672,0.000165978,0.00871872,1.2658241,-0.59109032,0.486645457
2014-12-22,0.006373861,-0.000686745,0.006909297,-0.006216191,0.000412262,0.012816457,0.00945865,0.040210397,0.0,0.010703466,0.007285503,0.002519374,0.004944386,0.003727177,0.00831357,1.19166786,-0.66570005,0.118870362
2014-12-23,0.01208156,0.002059331,0.003964759,-0.010184017,0.000961753,-0.009427703,0.0,-0.032197487,-0.015697234,-0.006867635,0.001706307,-0.002879732,-0.017413375,0.000661169,0.00832122,1.19540371,-0.6827163,0.025240206
2014-12-24,-0.00054609,0.010235333,0.010234676,0.00314474,0.000274189,0.008086264,0.001045446,0.007157035,-0.000545733,-0.003067487,-0.005985548,0.002879732,0.002506267,0.000330421,0.00839837,1.20417204,-0.72722035,0.063150127
2014-12-26,-0.002734473,0.002712176,-0.002614116,-0.000785368,0.000274202,-0.003361416,0.002609128,-0.011957088,0.00218104,-0.006936444,-0.003436468,0.0,0.004993768,0.002227423,0.00822708,1.18212344,-0.74161872,0.01960573
2014-12-29,0.024612419,-0.006112293,0.002614116,-0.000785875,0.000366131,0.0,0.0,-0.009669704,0.009756186,-0.003098376,0.001290257,0.018166258,0.016059641,0.003208684,0.00833272,1.24757937,-0.6643911,-0.109964275
2014-12-30,-0.000801949,-0.028326474,-0.01155458,-0.007892689,0.000868123,-0.010832805,-0.005224826,-0.037117632,-0.007579893,-0.003886519,-0.007332639,0.002819773,-0.017305747,0.000410634,0.00654994,0.96900249,-0.65653745,-0.011891245
2015-01-02,0.010638582,-0.009859265,0.001319904,0.006319193,-0.00041122,-0.004776664,0.006266396,0.010033537,-0.002176294,0.002333723,0.009907381,-0.000351985,0.00373367,-0.00304263,0.00535415,0.79394336,-0.71805775,0.089570261
2015-01-05,-0.000529216,-0.013537726,-0.008210953,-0.015073623,0.00041122,-0.014467966,-0.002606027,-0.0407527,0.006514724,-0.010152371,0.000857203,0.005617985,0.003719781,0.002631996,0.00544535,0.80590637,-0.72983823,0.016272909
2015-01-06,-0.013323047,-0.012270237,-0.019877142,-0.007220214,0.000912982,-0.03387748,-0.018436285,-0.027230493,0.010764332,-0.009463793,-0.010331773,-0.005970163,0.007398307,0.005488477,0.00520377,0.76057315,-0.53742368,-0.306036148
2015-01-07,0.005883899,-0.010219099,0.014008884,-0.003225894,0.001276636,-0.000718245,0.013203193,-0.053968214,0.008528788,-0.006359322,-0.005205944,0.000352179,0.019465335,-0.000490285,0.00520796,0.76877407,-0.55836676,0.038229263
2015-01-08,0.018494737,0.034610733,0.011702407,0.016025848,-0.000227174,0.012138547,0.013548949,0.018622435,-0.00478847,0.00079713,-0.002613271,-0.004234351,0.001204094,-0.001308603,0.00564186,0.82235095,-0.60548869,0.081019862
2015-01-09,0.011969957,0.013375914,0.016000059,0.030530791,0.000227174,0.025920977,0.019985381,0.01192131,0.002663057,0.002387586,0.0021782,0.011251793,-0.00361664,0.003268238,0.00614814,0.87892629,-0.66962687,0.100684763
2015-01-12,-0.000258633,-0.026932959,-0.003649445,-0.010073533,0.001093627,0.006891889,0.003545001,-0.021189179,0.011108283,-0.007980888,0.008234057,0.006968816,0.010810916,0.005937127,0.00614815,0.87968537,-0.60548869,-0.100684763
2015-01-13,-0.011449756,0.001435648,0.030098561,-0.010176263,0.000181819,-0.006200613,-0.008121741,-0.043774816,0.009424165,-0.012092046,0.000863021,0.008642986,0.009512557,0.001863363,0.00587043,0.83975632,-0.60810657,0.004314262
2015-01-14,-0.002095572,0.007860014,-0.016867035,0.015613095,0.001773936,0.000690876,-0.006647949,-0.004875708,-0.005748657,-0.087232591,-0.010839258,0.001376005,0.008249899,0.005649707,0.00601632,0.85769165,-0.54004156,-0.118704047
2015-01-15,0.0,-0.006426105,-0.002063936,-0.006995939,-0.001227626,0.005509737,-0.005144008,0.04304831,0.0,0.030503454,0.011269993,0.009238834,-0.004705891,-0.006540447,0.00614875,0.88362327,-0.57276512,0.05882962
2015-01-16,-0.017727809,-0.015885179,-0.012474324,-0.02208273,0.000818293,-0.020118612,0.002060604,-0.016045684,0.023822987,0.001715266,-0.005185596,-0.00683544,0.015213869,0.01047636,0.00567628,0.81794911,-0.44187087,-0.25945803
2015-01-19,0.009564375,0.018031876,0.001045486,0.018957863,-0.000363613,0.040513639,0.012784757,0.024437279,0.010689841,0.018676264,-0.000433374,0.005472031,0.037611271,-0.004338416,0.00646915,0.91721208,-0.51124482,0.145830885
2015-01-20,0.001321063,0.004279408,0.002608974,-0.003920031,0.000318442,0.008710268,0.004056735,-0.012143948,0.003033439,-0.015254533,0.021441585,0.005102976,0.0,0.00104617,0.00647107,0.91675633,-0.5413505,0.057218368
2015-01-21,0.020128891,0.00142248,-0.020798532,-0.013444276,-0.000636723,0.000666842,-0.00507348,-0.015151816,0.019990607,-0.000854336,0.001695848,0.001017478,0.035168459,0.0,0.00643803,0.91481071,-0.5413505,0.0
2015-01-22,-0.006230483,0.003547161,-0.003197468,0.011872017,-0.000500485,0.021109049,0.013138094,0.008551058,-0.006951366,0.01020417,0.01053289,-0.010221668,-0.005414198,-0.002819046,0.00628494,0.89557449,-0.53480579,-0.012163272
2015-01-23,0.004935762,0.016854591,0.001067023,0.032510489,0.000545948,0.00130454,-0.006547502,0.005660443,0.002985145,-0.023973751,0.010008438,0.011238111,0.003252035,0.006271615,0.00622165,0.88236867,-0.62643177,0.15813619
2015-01-26,0.000518002,0.00486272,-0.016667008,-0.002287199,0.001091002,-0.01048503,-0.021967578,-0.034453195,0.0,-0.029905483,0.00620456,0.003043012,-0.008695707,0.001361713,0.00648029,0.93537917,-0.55182204,-0.126814259
2015-01-27,0.006196808,-0.002080966,-0.000813647,0.009874583,-0.000454571,0.03876453,0.0,-0.003902447,-0.016529338,0.023821153,0.0,-0.007114933,-0.023192646,0.000640165,0.00647993,0.9356049,-0.61988706,0.116311697
2015-01-28,-0.010349451,-0.027457136,0.001084606,0.009778133,0.000999888,0.005687178,0.011299512,0.005848022,0.011549264,-0.018478308,0.003704512,0.002716365,0.012215588,0.002476713,0.00642441,0.93472149,-0.58716349,-0.054234001
2015-01-29,-0.006785013,0.009236433,0.005405457,-0.002248094,0.000544233,-0.010769784,0.004586006,-0.01962773,-0.009531086,-0.001777778,-0.001644472,0.00372318,-0.003316753,0.004061334,0.00602922,0.88447027,-0.54265945,-0.07882134
2015-01-30,0.001046689,-0.005673685,0.00296061,0.005237607,0.000635744,0.010139581,-0.017953832,0.002968807,-0.011150672,-0.003565066,0.009827914,0.008745394,-0.046467283,-0.001670343,0.00607598,0.90278868,-0.56491147,0.040187069
2015-02-02,-0.013429864,-0.001423703,-0.002152419,0.0,-0.000136446,0.016880553,0.010298867,0.04445175,0.012158186,0.017699577,-0.006541199,-0.012129462,0.012680285,-7.96e-05,0.00598504,0.8842749,-0.507318,-0.107531003
2015-02-03,-0.00026519,0.017649647,-0.02040606,-0.000746463,0.001133635,0.015380291,-0.006682183,0.056948352,-0.007074307,0.0104713,-0.000820879,0.021794568,0.0,0.003258752,0.00556937,0.81608952,-0.56491147,0.107531003
2015-02-04,0.003441442,0.004189859,0.008212631,0.012615938,-0.000453247,-0.002445025,0.009751142,0.049640119,-0.00712471,0.023167059,0.003278916,-0.000995465,0.002288331,-0.003975525,0.00565466,0.82059416,-0.63428543,0.11583003
2015-02-05,-0.00875917,-0.046353932,0.000545079,-0.001475848,-0.000498958,-0.023530458,-0.005120427,-0.071301633,0.008138451,-0.0042499,-0.001228169,0.012864977,0.003422707,-0.001514814,0.00607504,0.87511112,-0.60810657,-0.042148912
2015-02-06,0.00213062,0.007996943,-0.021760916,0.000738299,4.54e-05,0.021692706,-0.004115103,0.054163324,0.0,0.005097717,0.002863322,0.022684181,-0.002280503,-0.00063853,0.0057997,0.82970749,-0.64475697,0.058523309
2015-02-09,-0.000798423,-0.014587978,-0.025096503,-0.005179475,0.000136154,0.007330624,-0.016632382,0.002589538,-0.021506197,-0.006802747,-0.000817242,0.01557817,-0.017271587,-0.001278285,0.00599603,0.85512918,-0.65522851,0.01611059
2015-02-10,0.00398553,0.003667048,0.0,-0.011940443,-0.002133688,-0.001827607,-0.00209889,-0.00172567,-0.000517761,0.000852879,-0.002456025,-0.015257872,0.003478264,-0.005450887,0.00599907,0.85545415,-0.63690331,-0.028366191
2015-02-11,0.017611202,0.012367898,0.007396785,0.004494299,9.11e-05,-0.005503017,0.003146463,-0.014789256,-0.005192103,-0.00770222,0.00856992,0.002559147,-0.006968669,0.001526071,0.00573857,0.83134649,-0.65522851,0.028366191
2015-02-12,-0.002086828,-0.013833431,0.0,0.002239806,-0.000636637,-0.011717626,-0.000523713,-0.001754431,-0.010991993,-0.006896579,0.010106961,0.015219232,-0.015267472,-0.002893479,0.00573907,0.83485954,-0.68664313,0.046830651
2015-02-13,0.007802571,0.020320388,0.008467342,0.0,0.000500293,0.017220642,0.0,0.029413866,0.004725613,0.036522106,0.015962207,0.046720022,0.010594566,-0.000966293,0.00631547,0.89096779,-0.83848047,0.199776594
2015-02-16,0.0,-0.00359811,-0.00281424,0.007429443,-0.000681913,-0.006729994,0.002093144,0.006796973,0.004181947,-0.011745101,-0.006752922,0.040894284,0.024292693,-0.006141976,0.0056675,0.79813868,-0.83062681,-0.009410681
2015-02-17,-0.003113726,0.019985811,0.014549747,-0.00519485,0.001000167,0.008557601,0.000522554,0.004224788,0.007276537,0.002528446,-0.002793886,-0.003175901,0.0,0.007912854,0.0056956,0.80253481,-0.8240821,-0.007910448
2015-02-23,0.008797093,0.001412329,0.006644522,0.006674076,-0.000454704,0.00667277,0.004691248,-0.035181627,-0.029962838,0.0,0.009150752,0.037461552,-0.055210732,-0.002818819,0.00577566,0.81356077,-0.80183007,-0.027373458
2015-02-24,0.007442648,0.004225581,0.000275753,0.005895325,0.000363535,0.004223279,-0.001561327,-0.017621615,-0.002136767,-0.015267472,0.003558058,-0.003348144,0.0,-0.000403347,0.00577316,0.83650257,-0.81230161,0.012975009
2015-02-25,-0.007958063,0.006304768,0.006599114,0.027538092,0.000726936,0.033740902,0.016529474,-0.005347654,0.007458743,0.011894788,-0.005143582,-0.027771661,0.015578506,0.00442783,0.0058267,0.83821849,-0.8581146,0.054865945
2015-02-26,0.0,0.000697772,-0.003294147,0.0,0.0,0.012724183,0.006128529,0.025585911,-0.00159361,0.01258934,-0.010767645,-0.007209802,-0.002380954,0.000160645,0.0054668,0.78581869,-0.86858615,0.012129118
2015-02-27,0.00898025,-0.002794948,-0.00911474,0.015603168,0.000771316,-0.002301336,-0.009721208,-0.012270059,0.00159361,0.008305696,-0.002810621,0.002312719,0.001191185,0.001765336,0.00547404,0.79933984,-0.90000077,0.035528844
2015-03-02,0.01243841,-0.026233204,0.000554689,0.0,0.000635048,0.016567075,0.00512818,0.012270059,0.004237323,0.006595242,-0.010509322,-0.020420775,0.005934736,0.00208237,0.00547482,0.80016102,-0.89738288,-0.002913003
2015-03-03,0.007038631,0.007158247,0.02411086,-0.00423143,0.000679668,-0.006251872,0.012706655,-0.00611621,-0.007427087,-0.004116926,0.000812263,0.014047796,-0.014302985,-0.002322923,0.00541737,0.90380319,-0.9379601,0.044224795
2015-03-04,-0.00050121,-0.002857578,-0.00488481,-0.014235095,0.000226395,-0.025405572,-0.007604639,0.002625803,-0.001065485,-0.007453451,0.001217392,-0.001454254,-0.006020488,-8.02e-05,0.00550291,0.96713584,-0.93534222,-0.002794938
2015-03-05,0.003252858,-0.007898779,0.006507791,-0.005030485,0.0001359,0.013360755,0.0,0.000873766,-0.002134487,0.0,-0.000811368,0.001163249,-0.007272759,0.000240572,0.00542099,0.9528294,-0.92748856,-0.008432013
2015-03-06,0.012166731,-0.010873965,0.020861677,0.03608453,0.00134544,0.016027731,-0.008688985,-0.000873766,-0.00428269,-0.00500001,0.006472306,0.030067024,-0.004878058,0.003202046,0.00542465,0.95834142,-0.94319587,0.01679351
2015-03-09,-0.017677726,-0.004382781,-0.016008607,-0.027476428,-0.000590564,-0.003982914,-0.010319999,-0.017637155,-0.022241181,-0.012610508,-0.00931757,-0.016496575,-0.017263067,-0.004164619,0.00606691,1.02841881,-0.82539104,-0.133416709
2015-03-10,-0.013402625,0.002923987,0.005632007,-0.01005,0.00054466,-0.011467925,-0.000518506,-0.002672588,-0.008262261,0.011774737,-0.013109621,-0.006040415,-0.007490672,-0.000240804,0.00566893,0.96786827,-0.8057569,-0.024075178
2015-03-11,0.005078925,-0.014706081,0.006664186,-0.024837172,0.001044227,-0.011017812,-0.0036395,-0.018911001,0.000552975,-0.005029348,-0.00330446,-0.001732851,-0.001253919,0.004325495,0.00560948,0.96414521,-0.735074,-0.09181091
2015-03-12,-0.002790568,0.028479231,-0.016609223,0.005164294,0.00063537,-0.003504761,-0.018927862,0.008148557,-0.008884071,-0.000840689,-0.004145607,0.020312754,-0.011356589,-0.000559611,0.00543326,0.93410224,-0.68795207,-0.066252005
2015-03-13,0.007591315,-0.008676871,-0.005416974,-0.002947656,0.000181386,-0.004104285,0.013705955,-0.01270431,0.005007025,0.013366949,0.02421632,0.021295407,0.006325132,-0.002562507,0.00546224,0.95511684,-0.85549672,0.21796309
2015-03-16,0.002769071,0.006514594,0.010536457,-0.014121441,0.000362325,-0.04077309,-0.00841211,-0.043870787,0.001663416,0.001658375,0.012892685,0.015678889,0.0,0.004000974,0.00553719,0.96457414,-0.84109835,-0.016973662
2015-03-17,0.003513228,0.024939341,0.017053365,0.063789705,-9.05e-05,0.025379071,0.00945865,-0.014416383,-0.010582152,-0.004983399,0.016673763,0.005443624,-0.010139504,7.99e-05,0.00581483,0.99439219,-0.84109835,0.0
2015-03-18,0.001001457,0.002810868,0.000792246,0.018783172,0.000181217,-0.007185629,-0.002094112,-0.024499063,-0.001681127,-0.011725427,0.004321316,-0.008997898,0.002544531,0.002153688,0.004929,0.87339017,-0.75470814,-0.108377492
2015-03-19,-0.015891329,0.010471433,0.001582612,0.011647977,0.001177672,0.027268859,0.006269479,0.023530516,0.020539108,-0.001686341,0.021331185,0.046295766,0.020126466,0.005641466,0.00565029,0.96596146,-0.86465932,0.136004475
2015-03-20,0.002031912,0.000693999,-0.017548876,0.003400297,0.001085506,-0.001170127,-0.010471226,-0.007782146,-0.001649696,0.016736792,-0.002305147,0.026069338,0.011145626,0.001662478,0.00560651,0.95852907,-0.89214711,0.031295461
2015-03-23,0.01660842,-0.005567496,-0.009161852,0.036658497,0.000226201,0.003506677,0.010471226,0.004870958,0.008767238,0.039858875,-0.008885523,-0.021633639,0.026733062,0.002054562,0.00575483,0.97508246,-0.82669998,-0.076189192
2015-03-24,0.001246824,-0.021157207,-0.012256661,0.000654345,4.52e-05,0.001166099,0.010362903,0.006779668,0.003267945,0.004773279,0.013873119,0.000520671,0.010733556,-0.001817281,0.00573604,0.9812033,-0.83586258,0.011022374
2015-03-25,0.006459773,-0.020886566,-0.022167867,0.012995433,0.000406824,-0.014675698,0.0,0.001928595,0.001086911,0.0,0.016698776,0.088831113,0.001185537,0.001738338,0.00570291,0.97966987,-0.82146421,-0.017375852
2015-03-26,-0.031189707,0.017316291,0.003356536,-0.01495957,0.000180478,0.007658154,-0.003614942,0.055283417,0.005957247,0.003960401,-0.006418994,-0.081829841,0.009434032,0.000710268,0.00574561,0.98501004,-0.8149195,-0.007999035
2015-03-27,-0.002302034,-0.005019534,-0.002236393,0.006531783,0.000135662,-0.003527226,0.009781513,-0.009157535,0.003234579,-0.006344193,-0.001136848,0.004897397,0.0,-0.00189517,0.0057511,0.98653038,-0.87382192,0.069787267
2015-03-30,0.014743711,-0.004322572,-0.000279901,0.0451874,0.000270663,0.004113934,-0.012371467,-0.029880864,-0.008105989,0.0,0.006426186,-0.004897397,-0.010619569,0.00165847,0.00575281,0.98927966,-0.86989509,-0.004503984
2015-03-31,-0.000757625,0.015759578,0.004747898,0.004346425,0.001759558,0.007595709,-0.00259668,0.003784303,-0.004895364,0.002383791,0.001881937,0.002322804,-0.022796428,0.002128223,0.00575039,1.01688384,-0.90261865,0.036927532
2015-04-01,-0.014754645,-0.017928321,-0.01657574,0.002475401,-0.000180174,0.003486236,0.0,-0.012351734,0.000545138,-0.006369448,0.003004425,0.003345711,0.012062872,0.000787106,0.00567305,0.99950174,-0.8672772,-0.039941501
2015-04-02,-0.00849294,0.00361207,-0.005396892,-0.004335829,-0.000270409,0.011534323,0.000519774,0.024552671,0.012456215,-0.001598721,-0.001125591,0.015804634,0.019002947,0.001415169,0.0057408,1.02086303,-0.87774874,0.012001731
2015-04-03,0.00335431,0.00718332,0.009072992,0.059053345,0.000676015,0.00343448,0.006734105,-0.015985239,-0.001077066,-0.012072581,-0.001127119,-0.004816997,-0.015412279,0.002354277,0.00561447,1.02945481,-0.91178125,0.038039724
2015-04-06,0.011270419,-0.016600832,-0.016792832,0.009318405,9.03e-05,-0.00343448,0.000516019,0.015985239,0.011251119,0.00886745,-0.004142138,-0.00228971,0.021277398,0.002505073,0.00459729,0.8440147,-0.92487068,0.014253818
2015-04-07,-0.011528094,-0.008771905,0.001434096,0.003472399,-0.000315745,0.005147243,0.009756525,0.029413909,0.001597004,-0.002410608,-0.001510417,0.02341208,-0.003514942,-0.002818656,0.00442691,0.82309178,-0.92094385,-0.004254854
2015-04-08,-0.010360064,-0.008849422,0.002861899,0.024537541,-0.000676081,0.03970316,0.025726286,0.006320546,-0.00693888,0.004014457,-0.002270435,0.002236687,-0.004705891,-0.001647929,0.00417412,0.79338508,-0.8764398,-0.049531048
2015-04-09,0.007263429,-0.011173444,-0.006882576,-0.001127904,0.000856395,0.017391938,-0.004492218,-0.02275924,-0.007526915,-0.00643089,-0.003794938,0.02039656,-0.032357526,0.003449631,0.0043333,0.81982617,-0.89869182,0.025072153
2015-04-10,0.017422571,0.021490005,0.019943717,0.066582147,0.000856008,0.008583869,0.003495616,0.004593511,0.001078809,0.008032172,0.025156131,0.008959793,0.004860277,0.00211098,0.0050313,0.91224321,-0.86596826,-0.037091916
2015-04-13,-0.005603427,0.009485799,-0.004240404,0.034253441,-0.000810891,0.032065651,-0.005999829,0.016363969,0.003766481,-0.006420568,-0.001484161,0.04271038,0.004836769,-0.003755879,0.00492797,0.89879666,-0.77696017,-0.108459169
2015-04-14,-0.014407127,0.063993702,0.020191316,-0.016980029,-0.000225432,-0.005706782,0.009979991,0.008976684,-0.002150553,-0.010522153,-0.007080327,0.000230884,-0.010915815,-0.001255122,0.00475081,0.86874047,-0.7717244,-0.006761596
2015-04-15,0.000258926,-0.014408425,0.002218608,0.023083831,0.000225432,0.018046103,-0.006475626,0.014197233,-0.003774605,0.0,0.013373302,0.023509184,0.0,7.85e-05,0.00463202,0.85332535,-0.78874065,0.021810068
2015-04-16,0.009283319,0.009628715,-0.007507269,-0.00203044,-0.000315342,-0.018046103,0.008955244,0.031225458,0.00699865,0.008103772,0.022620358,0.003602746,0.008500355,-0.003459395,0.00412121,0.78959941,-0.71805775,-0.093887562
2015-04-17,-0.004115368,0.007501213,0.014683624,-0.012270131,0.001126233,-0.008359865,-0.000991049,-0.000854357,-0.002148243,0.01203384,0.022825531,0.022887246,-0.002421309,0.004714418,0.00410982,0.7861542,-0.74554554,0.037566221
2015-04-20,-0.009061517,0.002713412,0.002746618,-0.00619199,0.000359792,0.051634523,0.001486115,0.016108861,0.001611588,0.004773279,-0.002824892,0.011576015,-0.006079046,-0.002040213,0.00400455,0.76374119,-0.70365938,-0.057821815
2015-04-21,0.012149819,-0.010214624,-0.007985763,-0.017755068,-0.00053978,-0.007502007,0.000495122,-0.005058995,-0.005921968,-0.015194215,-0.001415444,0.001952598,-0.013505423,-0.002910513,0.00440158,0.8280686,-0.77957805,0.102458408
2015-04-22,-0.009552315,-0.011011742,-0.003045866,0.033673381,0.00022498,0.010983656,-0.014453401,-0.026554022,0.003772571,-0.008090659,-0.005325748,-0.013528613,0.001235331,0.0,0.0045339,0.85054136,-0.74161872,-0.049917555
2015-04-23,0.029898606,0.044000261,0.031124533,0.010136918,-0.001892961,0.015275094,0.033081341,0.01293678,-0.009186753,-0.007337986,0.009566084,-0.026715781,-0.011173301,-0.00711522,0.00460867,0.87333674,-0.58454561,-0.238000446
2015-04-24,-0.009358808,0.010540411,0.013616661,-0.032285873,-0.000677149,-0.008840968,0.003393865,0.020356953,0.001085248,0.001635323,0.002816772,-0.009293882,0.0,-0.001270205,0.00461212,0.87262543,-0.6395212,0.089884961
2015-04-27,-0.001525978,-0.008555523,0.00344125,0.004676599,0.00036148,-0.01541179,-0.001937924,-0.000840005,-0.005983169,0.017011346,0.009797247,0.019842591,0.002493767,-7.94e-05,0.0045773,0.86623867,-0.62512283,-0.022771613
2015-04-28,0.002795708,-0.010631361,-0.017057911,0.013899918,-0.001535461,0.008480995,0.012530067,-0.013536596,0.011391494,0.00240674,-0.003488089,0.002453188,0.020949626,-0.006296146,0.00456858,0.86822916,-0.72067563,0.142240989
2015-04-29,0.012893712,0.013522814,-0.00541999,-0.030400612,-0.000813984,-0.002002899,0.002900011,0.003401367,0.008058088,0.003200003,-0.005304938,0.003121519,0.006079046,-0.003203072,0.00439194,0.84058791,-0.74947237,0.039180305
2015-04-30,-0.007058182,-0.009446744,-0.008185729,-0.004801327,0.000361853,-0.007042248,-0.010186519,0.01349094,-0.004289579,0.013486916,-0.006403477,0.003111717,0.003629768,-0.000641797,0.00450067,0.86219779,-0.8149195,0.083719883
2015-05-04,-0.017094667,0.028735787,0.004919591,-0.028201431,-0.001357449,0.003024148,0.019314661,0.014137481,-0.015160003,0.034085407,0.005693822,-0.009364529,-0.01337406,-0.00474642,0.00451018,0.8703848,-0.77041545,-0.056159421
2015-05-06,-0.027920646,-0.004622034,-0.004919591,-0.078348204,-0.001404598,-0.001511044,0.000478001,0.03089675,0.010312103,0.009852296,-0.013216565,-0.023573141,0.0121656,-0.005255328,0.00500081,0.95393503,-0.73114718,-0.052315135
2015-05-07,0.015752475,-0.025470829,-0.001919543,0.024678216,-0.001043429,-0.02139665,-0.01881814,-0.014516435,-0.005957247,-0.004535155,-0.006855778,0.004348278,-0.003634165,-0.001703752,0.00520774,1.02393439,-0.76648862,0.047205071
2015-05-08,0.007784368,-0.005445501,0.006293685,-0.00116153,0.001270102,-0.002061747,0.002432449,-0.028008403,-0.005992842,0.001514005,-0.003990493,0.018328391,-0.00364742,0.009375298,0.0051738,1.02458235,-0.71282198,-0.07258814
2015-05-11,-0.002847447,0.000682026,-0.015393446,0.029203327,0.00113277,0.010777572,-0.001945603,0.006661146,0.004361979,-0.007593051,0.014435518,0.019758525,0.00364742,0.00056296,0.00507424,1.02053356,-0.69056996,-0.031714426
2015-05-12,-0.01094615,0.013550303,0.001937073,-0.022254939,-0.001313617,0.002549222,0.002916929,-0.000830241,-0.004361979,0.009859769,0.000358201,-0.016401003,-0.012210164,-0.011644982,0.00438505,0.87866586,-0.68926101,-0.001897262
2015-05-13,0.018692115,0.002688518,-0.008607415,0.017730166,0.001087027,0.015660746,0.007736941,0.029462056,0.007078678,0.001508296,0.008914464,0.016401003,0.020669429,0.003653641,0.00457025,0.89347212,-0.64475697,-0.066746569
2015-05-14,0.012523936,-0.006058747,-0.007277156,0.011274086,0.001131657,-0.02538221,0.0,-0.012987206,0.017213989,-0.002263298,0.00601664,0.008100806,0.028471674,0.004366834,0.00457127,0.89932082,-0.68402524,0.059121362
2015-05-15,0.019120204,-0.012228743,-0.008745768,-0.033051622,0.0,-0.018158764,-0.015534327,-0.011503793,0.00319486,0.0,0.004576691,0.004134522,0.008153802,-0.004285792,0.00465767,0.9542024,-0.76517968,0.112115865
2015-05-18,-0.003744852,-0.010996382,-0.011972797,0.004624322,-0.000407426,-0.007884162,-0.000489229,-0.000826809,0.008470197,-0.001511716,0.024975124,0.035622812,0.02406993,0.002751464,0.00460606,0.94178318,-0.8332447,0.085216674
2015-05-19,0.00648226,0.002070997,-0.002009363,0.003454262,-0.001177218,0.025014174,0.000489229,-0.009140059,-0.005285512,-0.000756716,-0.004463394,0.005642035,-0.009101314,-0.00315674,0.00454436,0.93072027,-0.86335037,0.035493243
2015-05-20,0.001986061,0.009609139,0.005730592,0.054793029,0.001901446,-0.027656222,-0.001468759,-0.020236794,-0.010119863,-0.026075097,0.015705292,0.037825369,-0.023122417,0.005175103,0.00444495,0.91675597,-0.83717152,-0.030791628
2015-05-21,-0.010471395,-0.023497904,-0.010916576,-0.027580564,-0.000181116,0.003696843,-0.005896702,0.003401367,0.002673023,0.003877477,0.001354062,0.006399954,0.008153802,-0.001452811,0.00434965,0.89090576,-0.83062681,-0.007848363
2015-05-22,0.007490561,0.020076645,0.01490865,0.024856488,0.000316585,0.035727352,0.018555192,0.016835428,-0.003208528,0.00231929,-0.006448439,-0.02054446,0.00115942,0.001130146,0.00458495,0.93152016,-0.8332447,0.003146748
2015-05-26,-0.010502609,-0.014497929,-0.014042472,-0.039504441,0.0,0.000508319,-0.003878007,-0.010067207,-0.001071766,-0.00853049,-0.009579029,-0.018277737,-0.015178342,0.001451171,0.00485683,0.94381225,-0.73638295,-0.123577061
2015-05-27,-0.006810357,-0.026781112,-0.015120872,-0.03523333,0.00185231,-0.024184052,-0.024085629,-0.017007226,-0.012952237,-0.014117882,-0.019438445,-0.017351725,-0.013025643,0.003377835,0.00601536,1.07522586,-0.6395212,-0.141030525
2015-05-28,0.00831762,0.013480258,0.000878467,0.0,0.000722007,-0.005222254,0.000497379,-0.014687037,-0.001086911,-0.006339165,-0.000701205,0.016522601,-0.003582093,0.002085313,0.00600041,1.0725698,-0.6735537,0.051847954
2015-05-29,0.0176644,0.010515082,0.008163418,-0.009450742,0.001622181,-0.006302325,0.017743249,0.006073755,0.005963706,0.009493742,-0.006686725,-0.0112644,0.009523882,0.008059752,0.00608817,1.08503271,-0.70627727,0.047440169
2015-06-01,-0.004944554,-0.0197186,-0.014919126,-0.002376728,0.0,0.010481956,-0.020731177,0.020548684,-0.002164517,-0.020684906,-0.003537354,0.016849086,-0.008328424,-0.002068619,0.00612133,1.09448884,-0.61334234,-0.141084647
2015-06-02,-0.005716496,-0.003562748,-0.068613981,-0.006565031,0.000450259,-0.004703241,-0.004499092,0.00169344,-0.003799189,-0.002414488,-0.015354577,0.009648144,0.002386636,0.002545386,0.00627705,1.10344857,-0.6028708,-0.017220335
2015-06-03,-0.012288265,0.005693865,-0.010471317,0.007754184,-0.000540249,0.013527766,-0.011083193,0.011774787,0.004340784,0.00482316,-0.003244056,-0.040013828,0.001191185,-0.008296178,0.00625689,1.10579827,-0.53480579,-0.11979924
2015-06-04,0.004029248,-0.022246586,-0.000319056,-0.001189152,-0.001171556,-0.009346068,-0.001013542,-0.015164623,-0.007608729,-0.006436064,-0.00108353,0.020415459,-0.019231362,-0.006509436,0.00617211,1.13899494,-0.45365135,-0.16457472
2015-06-05,0.015213971,-0.013884455,0.001912736,-0.01377674,0.000315557,-0.012070243,-0.018424508,-0.016260513,-0.004922137,-0.012997746,-0.001084788,0.028749412,-0.01467019,0.002415829,0.00616906,1.13680224,-0.46412289,0.022820415
2015-06-08,-0.007952286,0.012431572,-0.01443484,0.059133387,0.000743975,0.018829183,0.002579511,0.006021507,-0.005497523,0.003265309,0.004332274,0.023408124,-0.003701423,-0.001690448,0.00642986,1.18407876,-0.39082211,-0.171896871
2015-06-09,-0.003749637,-0.001454573,-0.000323258,-0.006273238,-4.54e-05,0.020005484,0.009741032,-0.003436432,0.002752593,0.001628665,0.009679167,0.006307858,-0.001236859,0.003458401,0.00636114,1.17136785,-0.32013921,-0.199496562
2015-06-10,-0.01437773,0.023022926,0.000646024,-0.013825055,0.000181727,0.003042779,0.002547782,0.040477733,0.00274493,0.004870139,-0.012204087,-0.025675675,0.001236859,-0.002653102,0.0063402,1.1701514,-0.3567896,0.10839032
2015-06-11,-0.007139274,0.0,0.034913212,-0.027640745,-0.001543226,-0.004567305,-0.002547782,-0.004971057,0.006557444,0.005652013,0.000360964,0.029989352,-0.00495664,-0.003952358,0.00583224,1.08355812,-0.54527733,0.424148275
2015-06-12,-0.002818562,-0.015771126,-0.009716389,-0.013205496,0.001179998,-0.015893831,-0.003577748,-0.00499581,-0.004366848,-0.023626354,0.000721948,0.008960024,-0.001243008,0.006043269,0.00584861,1.09270174,-0.61334234,0.117628719
2015-06-15,-0.020742413,-0.017493274,0.004086161,-0.023228358,0.000363228,0.001549279,0.007142987,-0.012599904,-0.001094644,-0.006617063,-0.002890267,0.006378715,-0.006238323,-0.002815644,0.0058702,1.08656767,-0.52695213,-0.151813537
2015-06-16,-0.013982613,-0.023057538,-0.017721987,-0.021882623,-0.000181727,0.0,-0.001526421,0.009255416,0.004371513,-0.00666114,0.007928138,-0.009486083,0.006238323,-0.000725322,0.00573376,1.098109,-0.49030174,-0.072088712
2015-06-17,0.015553183,0.00749599,0.00031926,0.020025598,-0.000635009,0.024466013,-0.010750129,-0.000837893,-0.003824095,-0.009232126,-0.005037871,0.019836908,-0.007490672,-0.002340735,0.00583478,1.11506421,-0.47459443,-0.03256039
2015-06-18,0.002873479,-0.012021298,-0.012849488,-0.006838664,0.000726135,0.024864554,-0.005677381,0.0,0.004369233,0.005884843,0.018939109,0.044750092,0.012453461,0.002340735,0.00602879,1.15974517,-0.49553751,0.043182444
2015-06-19,0.00312489,-0.007587434,0.001292358,0.033131787,0.000589403,0.005388197,0.007734081,0.005850398,0.010301027,-0.010109606,0.003180998,0.004366809,0.001236859,0.006108344,0.00616925,1.18101594,-0.53480579,0.076260619
2015-06-22,0.010861229,0.009098366,0.006437085,0.003614574,-0.000725448,-0.022228611,0.019329221,-0.011735224,-0.001619418,-0.010212855,-0.007793414,0.004167163,-0.00495664,-0.005624738,0.00576697,1.11087436,-0.49030174,-0.086882674
2015-06-23,0.006153967,0.020172296,-0.003213402,0.026114283,-0.000362878,0.00448536,0.0,0.00672272,-0.00868161,0.009365756,0.005674034,-0.008351547,0.0,0.001288412,0.00554615,1.06695778,-0.6395212,0.265698774
2015-06-24,-0.015196743,0.005164093,0.016914401,-0.008235405,-0.000590391,-0.000497418,-0.005050595,0.007509448,-0.006560922,0.003384098,0.010901989,0.017888292,-0.013758816,0.001286818,0.00432594,0.83254784,-0.68926101,0.074900252
2015-06-25,0.00025954,-0.003686192,-0.006349137,0.024505261,0.000816687,0.01824067,0.006560637,-0.010025154,-0.000548727,0.002530579,0.010784653,0.047731957,0.002515725,0.000241094,0.00458671,0.87315431,-0.67486264,-0.02111085
2015-06-26,-0.010433088,0.011748,0.002862071,0.000576207,-0.000589565,-0.005388197,-0.001510042,-0.005050561,-0.003298487,0.000842105,-0.001385086,0.004599527,-0.005037794,0.000482014,0.00448069,0.85234118,-0.69711467,0.032440743
2015-06-29,-0.011073131,-0.004389583,-0.011819228,-0.056277755,0.000816501,-0.040085654,-0.011145014,-0.018739874,0.008225906,0.0,-0.004514625,-0.021299356,0.007547206,0.001524783,0.0051071,0.93363516,-0.43139933,-0.479915736
2015-06-30,0.003176283,0.00146555,0.008957157,0.006075233,0.000181546,0.021745525,0.011145014,-0.003445312,-0.003282247,0.006711435,0.006591535,0.010019056,-0.00881063,0.000641346,0.00497521,0.91048346,-0.46281395,0.070290957
2015-07-01,0.007372254,-0.00219881,0.001591144,0.022163242,-0.000181546,0.017848709,0.006027017,0.005163569,-0.004943659,-0.006711435,0.006891808,0.04025802,-0.010165272,-0.00120286,0.0050939,0.92646645,-0.57407407,0.215433292
2015-07-02,-0.00684389,-0.012550564,-0.011191233,-0.015522574,-0.000816501,0.005391058,0.011946261,-0.020816032,-0.004968329,0.002522069,0.012964907,0.036792147,-0.008980176,-0.005067746,0.00496103,0.90254579,-0.63559437,0.101802147
2015-07-03,0.013120055,-0.002231518,-0.005158008,0.00360347,-4.54e-05,-0.004899639,-0.010445165,-0.009687424,0.0,0.005860209,0.008102857,0.019696576,0.00128783,0.00016128,0.00482566,0.8793334,-0.55443993,-0.136602108
2015-07-06,-0.03016897,-0.020309081,-0.018594598,-0.046634075,0.00068048,-0.036003773,-0.024292562,-0.031463271,-0.000553587,-0.047872388,-0.01490551,-0.008933671,0.005134799,0.004746039,0.00640198,1.06334731,-0.3384644,-0.493539552
2015-07-07,0.004556884,0.014334452,0.003615432,0.00875551,4.54e-05,-0.01384307,0.005619435,-0.026841081,0.0,-0.007029906,-0.03225506,-0.127790355,0.001279591,-0.002330015,0.00688388,1.10753153,-0.45496029,0.295791223
2015-07-08,-0.003482958,-0.017378541,-0.009559898,-0.033558072,0.000272258,-0.051918305,-0.024756408,-0.01989648,-0.011135937,-0.037740328,-0.004593021,-0.016049424,-0.053854115,0.000804067,0.0080772,1.24635128,-0.30574084,-0.397472325
2015-07-09,-0.005112269,-0.003818383,-0.012666991,0.006418469,0.000317511,0.012966125,0.008838121,0.018957929,0.003911711,0.037740328,0.015460532,0.045312886,0.029257406,0.001365432,0.00859713,1.30961789,-0.40129365,0.271955639
2015-07-10,0.008327815,-0.002297847,-0.031002148,-0.001921157,-0.000317511,0.029094652,-0.01670195,0.010275648,0.001671759,0.014010737,0.002785526,-0.006273934,0.006531702,-0.003940661,0.00856121,1.30599754,-0.33715546,-0.174149324
2015-07-13,0.014342752,0.027233108,0.007583503,0.042666347,-9.06e-05,0.012950382,0.010471465,-0.026366804,-0.00055687,-0.013129291,0.019625383,0.015439731,0.0,0.000483373,0.0087474,1.32394333,-0.40129365,0.174149324
2015-07-14,-0.018095061,0.014814932,0.002058488,-0.00987653,0.000181192,-0.00619507,0.015504119,0.004759581,-0.003907344,0.009644967,0.01186241,0.019603178,0.002600782,0.000724558,0.0087302,1.32739482,-0.4981554,0.216218623
2015-07-15,0.008023571,-0.048202134,0.014290679,0.019656552,0.000272245,0.025058718,-0.010309283,0.004737127,-0.001119257,-0.002621233,0.002691954,0.021377071,-0.006514681,-0.000160982,0.00870389,1.32693573,-0.60025292,0.186439023
2015-07-16,0.034043725,0.017591329,-0.004401518,0.014492955,0.000589136,-0.004555631,-0.008847319,-0.014279145,-0.006178073,0.004364913,-0.009453134,-0.016493587,-0.015810606,0.002813444,0.00858625,1.31652647,-0.69449678,0.145836426
2015-07-17,0.006671567,-0.025337448,-0.031365573,-0.001199687,0.00018109,0.007077737,-0.018997861,-0.01157198,-0.002820812,-0.002616661,0.001355975,0.003856192,-0.002659576,0.000802326,0.00855572,1.311282,-0.66831793,-0.038423522
2015-07-20,-0.013647431,-0.000777525,0.010449266,-0.019394617,-0.00031708,-0.004544244,-0.018822887,-0.00681266,-0.035071177,-0.018510886,0.012456024,0.01461821,-0.028361118,0.0,0.00868067,1.31872674,-0.621196,-0.073117351
2015-07-21,-0.004417381,0.010065806,0.032387303,-0.004293117,0.000724779,0.017557425,0.008648656,-0.002933966,-0.003516968,-0.001780944,-0.009074109,-0.011777546,0.004101168,0.001282486,0.00863202,1.33217313,-0.6303586,0.014642212
2015-07-22,-0.012315055,-0.008510793,-0.003696842,-0.020491238,0.000317195,-0.014021192,-0.00377466,0.001956901,-0.01062585,-0.015267472,-0.013938783,-0.012255597,0.0,0.001920587,0.00872115,1.3328096,-0.59109032,-0.064320032
2015-07-23,-0.0156775,0.003877606,0.02329563,0.00812257,0.001809165,-0.03646112,-0.024057726,-0.009823221,0.006506988,-0.000905387,0.017981812,0.016750716,0.010854923,0.005978302,0.00850389,1.3007675,-0.63559437,0.072591745
2015-07-24,-0.005639753,-0.021910294,-0.003294928,-0.024568272,0.000406409,-0.015283405,-0.006663321,-0.014918215,-0.012459367,-0.029413885,-0.010818337,0.016148117,-0.012220111,0.002381312,0.00865797,1.30624846,-0.61857811,-0.027137104
2015-07-27,-0.018758294,0.018809571,0.037251436,-0.031090383,-4.5e-05,-0.01336568,-0.010641228,-0.008048339,0.012459367,0.002794599,-0.00136051,-0.056658652,-0.001367054,-0.000713817,0.00843324,1.2694063,-0.5505131,-0.116572721
2015-07-28,-0.008543327,0.006963126,-0.002865792,0.009819761,-0.00076817,-0.014638451,-0.01132519,-0.005063331,-0.000589829,-0.00559703,0.015200485,0.023083838,0.001367054,-0.003974893,0.00830598,1.24978885,-0.50993588,-0.07656576
2015-07-29,0.002487905,-0.002315471,-0.005756418,-0.015097042,9.06e-05,-0.008776578,0.002275473,-0.00305031,-0.000590177,0.024943556,-0.011463354,-0.080211707,0.0,0.001512345,0.00810208,1.21372254,-0.56752935,0.107007474
2015-07-30,-0.037697656,0.028192148,0.012747116,0.00330154,-0.000543111,0.012048007,0.007358999,0.011139339,-0.003548166,-0.010087202,-0.008171752,-0.03674753,0.005449605,-0.000875289,0.0081018,1.22101573,-0.5413505,-0.047225523
2015-07-31,0.009700176,0.014914474,0.003161589,0.011795502,-9.03e-05,0.00651135,0.005063334,-0.004036336,-0.007731194,-0.008329525,0.017621619,0.025142057,-0.00272109,-0.001673074,0.00824885,1.23658551,-0.58192772,0.072279304
2015-08-03,-0.012284084,-0.005194644,-0.027197319,-0.016420588,-0.000361639,-0.061334653,-0.021555042,-0.012207689,0.007731194,-0.014981554,0.006028112,-0.041038337,0.0,0.000876691,0.00779258,1.13301222,-0.51778954,-0.116777381
2015-08-04,0.010863587,0.016968363,0.004530734,0.009228697,0.000226061,0.015406754,0.009132709,-0.021728782,-0.008328421,0.000942952,0.000333807,0.039926011,-0.01648389,0.000796383,0.00762627,1.10910067,-0.61072446,0.165077026
2015-08-05,0.005670512,-0.008817053,0.008680269,-0.006583264,-0.000588693,0.020180119,0.003403018,0.004175375,0.002386652,0.0,0.006321775,0.035532547,0.004146516,-0.004068137,0.00646455,0.93430993,-0.65653745,0.072333845
2015-08-06,-0.006239419,0.001474632,-0.025285022,0.038865034,0.000543468,0.003876966,-0.015981956,-0.010471257,-0.001192672,0.004701466,-0.005654344,0.016687754,0.00137836,0.001916509,0.0058114,0.85981118,-0.56491147,-0.150310708
2015-08-07,0.003408242,0.001472782,-0.00460669,-0.016656418,-9.05e-05,-0.012236072,-0.002880957,0.0,0.001192672,-0.012270093,0.009296282,-0.01026387,0.005494519,0.000797463,0.0057972,0.85992282,-0.58585455,0.036402522
2015-08-10,-0.010832618,0.020394491,0.002963788,-0.009084964,0.000678314,-0.04814673,-0.008693148,-0.018056824,0.00830865,0.0047371,0.007899999,-0.00284999,0.012253387,0.003898275,0.00535836,0.79610163,-0.56098464,-0.043378025
2015-08-11,0.006285829,-0.011603273,-0.009914018,-0.031118004,0.001129788,-0.001763057,0.007538438,0.022258514,0.00412858,0.011278315,-0.023554095,-0.043009577,0.021419828,0.003487638,0.00522194,0.78066916,-0.5413505,-0.035626582
2015-08-12,-0.022466482,0.0,0.035881171,-0.026577489,0.00099321,-0.013621709,-0.010453122,-0.019048157,0.007622399,-0.030362864,-0.016243987,-0.026416556,0.005284028,0.00442131,0.00526117,0.78138851,-0.45234241,-0.179627506
2015-08-13,0.012447782,-0.033373325,-0.009335168,0.016438762,-0.000451399,0.034577008,0.019081334,0.013793254,0.010459143,0.015296665,-0.003417513,0.025112167,0.013089192,-0.00268201,0.00577074,0.84447506,-0.53087896,0.160094611
2015-08-17,-0.019169897,0.004514764,0.000323312,-0.005449648,4.53e-05,0.016000391,-0.009206277,-0.009528853,-0.002314831,0.0,0.001710294,-0.011816625,-0.014407584,0.001736217,0.00573158,0.83886325,-0.47721232,-0.106572541
2015-08-18,-0.004408526,0.018594561,0.022063281,-0.007541996,0.000676777,-0.024097496,0.001732776,-0.011771225,0.0,-0.013371737,-0.018627768,-0.015209483,0.002635048,0.001339609,0.00559511,0.83297831,-0.50470011,0.056002904
2015-08-19,-0.024148007,0.000736823,0.009756215,-0.033592958,-0.001037907,-0.012858194,-0.004627075,-0.009734997,-0.000579574,-0.013552966,-0.009797211,-0.041260974,-0.026668247,-0.003470856,0.00590819,0.87350274,-0.44710664,-0.121167277
2015-08-20,-0.016121901,-0.012597281,-0.012923813,0.002132873,0.000947376,-0.01660772,-0.015187179,-0.026433277,0.018949791,0.003891055,0.004210666,-0.015897512,0.038440783,0.002288942,0.00578858,0.88863572,-0.40129365,-0.108103681
2015-08-21,-0.042279757,-0.01654204,-0.022782964,-0.033950602,0.000316136,-0.013245335,-0.019614328,-0.031748723,0.021385147,0.004842624,-0.011621982,-0.027556778,0.01420295,0.002441086,0.0061436,0.92274221,0.06861673,0.0
2015-08-24,-0.03615437,-0.038644738,-0.027308839,-0.017043691,0.000495861,-0.025784129,-0.016949504,-0.032789849,-0.004464213,-0.020498522,-0.033864663,-0.030484849,-0.035228692,0.004159654,0.00737759,1.03614524,1.3867219,3.006161513
2015-08-25,0.055794035,-0.001576972,0.031842584,0.031631957,-0.000315722,0.009900964,0.001220305,-0.005970084,-0.006171141,-0.001974334,-0.002568628,0.062090192,-0.020121403,-0.001097113,0.00807632,1.1036783,1.31734795,-0.05132203
2015-08-26,0.009676895,0.001576972,0.019517325,0.025733992,4.52e-05,0.040427857,0.022906405,0.01426898,-0.014739538,0.013739176,0.03643329,0.042904755,-0.013642776,-0.001883569,0.00892524,1.17815016,0.65502301,-0.698705501
2015-08-27,0.015719154,0.001574948,-0.009871163,-0.004243322,-0.00018056,0.00118217,-0.002984413,0.012903385,-0.008603466,-0.007827829,0.016512121,-0.003295524,-0.030685811,-0.003225932,0.00886453,1.170296,0.30684428,-0.758329977
2015-08-28,0.018182556,0.024097494,-0.000320001,0.02381074,0.0,0.035396674,0.026542641,0.077349442,0.00459774,0.024261258,0.0,0.007929544,0.025176155,-0.001261691,0.01004809,1.25332233,0.04636471,-1.889801778
2015-08-31,-0.004514676,-0.007710058,0.01839583,-0.028071947,-0.000225423,-0.009163897,0.010422649,-0.005408373,0.005147231,0.006688988,-0.003840357,-0.000578003,-0.00554018,0.001104059,0.00994543,1.24196679,0.23092561,1.605557015
2015-09-01,-0.019802756,-0.016387436,-0.013924349,-0.017953945,-4.49e-05,-0.013905055,-0.015090147,0.045582888,0.005120984,0.0,-0.01550958,-0.024981673,0.011049836,-0.002446418,0.00954807,1.20038907,0.53721817,0.844308664
2015-09-02,-0.000923502,0.007056274,0.022996749,-0.002176196,0.001126917,-0.008201528,-0.01769957,-0.052111698,0.0,-0.012458235,0.000355067,-0.002176448,-0.004129393,0.004886927,0.00948838,1.19414615,0.57779539,0.072815522
2015-09-03,0.015887927,-0.013370773,-0.000623029,-0.02351329,0.000450394,-0.013025683,-0.003577964,0.020530154,-0.008549525,0.018156256,-0.007842938,-0.009152404,0.006872879,-0.00031457,0.00936422,1.17933571,0.31731582,-0.599322254
2015-09-04,-0.016812218,-0.006353928,-0.008449371,-0.01422713,0.000450106,-0.011990589,-0.009603864,0.005333376,-0.006892551,0.0,-0.026474934,-0.064392137,0.001368926,0.002199853,0.00957504,1.19322771,0.62229944,0.673523836
2015-09-07,-0.009913482,-0.001594927,0.012802669,-0.014432467,0.000675036,-0.008479718,-0.017032061,-0.008547067,0.000576122,-0.011428696,0.003302212,0.007856802,-0.004112412,0.000784512,0.00957841,1.19545163,0.8055514,0.25810562
2015-09-08,-0.00405551,0.001594927,0.018749497,-0.020874308,-0.001146495,-0.013472383,0.005506246,-0.012959154,-0.004618863,0.008583744,-0.01253256,-0.058353561,-0.009661911,-0.001334038,0.00964485,1.20058025,0.43904748,-0.60691945
2015-09-09,0.028960823,0.019724701,0.006676916,0.060624781,-9.03e-05,0.051077479,0.051140783,0.028925419,0.004042741,0.052716782,0.029962085,0.054963511,0.027361488,-0.00031415,0.01205425,1.34053411,0.00316961,-4.93099901
2015-09-10,-0.007926948,0.01704122,0.013818157,0.001469316,0.000722381,0.017997477,0.024621758,-0.033282727,-0.013345196,-0.013605652,0.022424879,0.011814735,-0.013587166,0.001334456,0.01196027,1.33151693,0.36181987,4.737537939
2015-09-11,0.009140887,-0.006163126,-0.009291279,0.0,9.04e-05,-0.003458098,-0.014240976,0.011937183,0.003498512,0.005464494,-0.018114391,0.016226551,0.0,-0.000627758,0.01179427,1.31972446,0.24532398,-0.388566787
2015-09-14,-0.007917165,0.0,-0.005132144,-0.016284621,0.000135472,0.008050479,-0.019114353,-0.00866745,-0.003498512,-0.006378154,0.0,-0.018326223,-0.012388321,-0.002357545,0.0118501,1.32743321,0.50973038,0.731302215
2015-09-15,-0.00551816,0.003856221,0.009938361,0.011869669,9e-05,0.004571516,0.001168883,-0.016456748,0.000583974,-0.009182801,0.005718403,0.011493238,-0.011142177,0.001336598,0.01184261,1.32603351,0.52936452,0.037795349
2015-09-16,0.021591104,0.016037355,0.029235784,0.031932899,-0.000180361,0.033635564,0.019665264,0.012094687,-0.002337831,0.001843318,0.003912509,0.021378055,0.0,-0.001651366,0.01193768,1.31090483,0.42464911,-0.220414064
2015-09-17,-0.000601823,0.006795114,-0.005252288,0.002140582,-0.000722283,0.008781581,0.001716359,0.021622481,0.013368352,0.020055367,-0.003200225,-0.012071827,0.033060862,0.001101255,0.01197406,1.30805398,0.36312881,-0.156505585
2015-09-18,0.011373974,-0.028235621,0.0,-0.00930883,0.00225581,0.003817698,-0.005733567,-0.003213691,0.006904561,-0.009977407,0.018349238,0.05135498,0.014795159,0.006035195,0.01156371,1.26755982,-0.06358647,0.0
2015-09-21,-0.021357409,-0.002324894,-0.020095319,-0.02476465,0.000495261,-0.020902608,-0.020332021,-0.019502312,0.009700485,-0.021189185,-0.006313475,0.000586442,0.00399734,0.002575395,0.01047528,1.13978802,0.25186869,0.0
2015-09-22,0.00333911,0.006958082,0.032308342,0.023324754,-0.00054018,0.009405137,-0.002938526,0.008714659,-0.005694758,-0.002797205,0.018477147,0.000586176,0.006626929,-0.000389795,0.01034117,1.12927326,0.04243788,-1.780866521
2015-09-23,-0.021440546,-0.013964349,-0.030518968,-0.032213669,0.000765575,-0.008849519,-0.023222269,0.001084038,-0.005727374,-0.035158015,-0.015315387,-0.020521613,-0.030854225,0.002803074,0.01074633,1.15023389,0.22568984,1.671120308
2015-09-24,-0.010269127,-0.000781627,0.003866348,-0.002980755,-0.000405423,0.003881452,-0.0084694,-0.002169253,0.006868879,0.002897153,0.002452227,0.00695344,0.004078864,-0.001089113,0.01073383,1.1546482,0.20081993,-0.116753031
2015-09-30,-0.009744075,0.015515941,0.042423467,-0.000746346,0.002429903,0.025137889,-0.003042301,-0.015317545,-0.002856264,-0.009689998,0.009056109,-0.043084737,-0.004078864,0.007444792,0.00983545,1.05735396,0.32647842,0.485955216
2015-10-01,0.010682014,-0.000769966,0.018323283,0.014825979,-0.000584554,0.010201372,0.018116502,0.014231258,-0.01440533,0.032569929,0.00415215,0.000413191,-0.009582551,-0.004724137,0.00994711,1.06326399,0.05945414,-1.703158593
2015-10-02,-0.007528325,-0.010844617,-0.002517203,-0.018567231,0.000135138,-0.010201372,-0.011435849,-0.010929133,-0.00174265,-0.021916075,-0.001382057,0.011095198,-0.005517255,0.001008669,0.0099753,1.09789609,0.06338096,0.063958242
2015-10-05,0.012204803,-0.006249797,-0.015521602,0.0,0.000269623,0.030820576,0.00120997,0.004385975,0.01786274,0.01339733,0.008950193,0.018624044,0.040656006,0.004564941,0.0101149,1.11512381,-0.03871656,0.0
2015-10-06,0.01481971,0.006249797,-0.026806665,-0.00752455,-0.000314866,0.01402998,0.003018571,0.015201226,0.002281819,-0.00190295,0.006490057,-0.008256997,0.028797802,-0.000154407,0.01011563,1.1595817,-0.12117994,1.141009133
2015-10-07,0.03522872,-0.00703376,0.011617879,0.003016722,-0.000314624,0.004119598,0.013768628,0.038059488,0.011894783,0.010421695,-0.024820144,-0.039811479,0.020434938,-0.001158753,0.00973338,1.12923841,-0.27432622,0.817041434
2015-10-08,-0.00355661,0.009367585,0.014335178,-0.005284857,-0.000179683,-0.002572832,0.02698098,-0.013577166,-0.005080402,-0.005671093,-0.001047821,-0.006968454,-0.019145448,-0.003019155,0.00967674,1.12287168,-0.26385468,-0.038919485
2015-10-12,-0.00804905,0.024559961,-0.004851038,0.045142336,-0.000720166,0.005651172,0.037483013,0.021841682,0.018503401,0.029880841,-0.007716473,-0.014084982,0.019145448,-0.002173278,0.00963876,1.10833692,-0.233749,-0.121150607
2015-10-13,-0.003297689,0.000758153,0.020385994,-0.009450952,-0.00058564,-0.011852529,-0.008958443,-0.028170874,-0.00892858,-0.008314136,-0.006004052,0.001503361,-0.010165272,0.0,0.0074627,0.85746345,-0.26516362,0.126099179
2015-10-14,0.0,-0.006841826,0.007816736,-0.017686672,-0.000360531,-0.027860235,-0.002816256,-0.00956938,0.015021108,-0.000928074,0.004947243,-0.008620609,0.013950765,-0.000466318,0.00750281,0.86251058,-0.19578966,-0.30330615
2015-10-15,0.014903348,0.012130558,-0.005018073,0.022786905,0.001171017,0.036634423,0.002816256,0.003199979,0.01043683,0.00924221,0.006674739,0.012903416,0.010025147,0.005581449,0.00777014,0.88150409,-0.27039939,0.322859169
2015-10-16,-0.003853669,0.003761051,-0.020043024,0.002177675,0.000629915,-0.004119598,-0.0073385,0.00212761,-0.005479556,-0.006460567,0.01044935,0.037328624,-0.007509422,0.000154598,0.0075432,0.85797728,-0.28087093,0.037995152
2015-10-19,-0.005061873,0.003746523,0.006536956,-0.000725432,-0.000359585,0.003091144,-0.002836755,0.001062162,-0.004957274,-0.009302393,0.001385086,0.00431345,-0.005037794,-0.000850586,0.00755939,0.86490299,-0.21935063,-0.24722374
2015-10-20,0.001193358,0.012634628,0.008743368,0.008670743,-0.000225298,-0.00982174,-0.014883178,-0.016051695,-0.004427264,-0.014117882,0.003109328,0.029286103,-0.003795071,-0.00139343,0.00705985,0.80857663,-0.32668392,0.398321598
2015-10-21,-0.01532244,0.007358418,0.001122674,0.005738842,-0.000135015,0.014440499,0.014314709,0.001078195,0.006082421,0.000947418,-0.001726237,-0.004988628,-0.007633625,-0.002870323,0.00695973,0.80195051,-0.46804972,0.359581432
2015-10-22,-0.017407596,-0.001467166,-0.00534381,-0.027557857,-0.000269828,-0.020171044,-0.013161925,-0.010834404,-0.006637128,0.000946522,-0.011118983,-0.010658656,-0.002557546,0.001552582,0.00724517,0.82815268,-0.45626924,-0.025491456
2015-10-23,-0.001850202,0.006586157,-0.004805648,0.010241371,0.000224962,0.034406434,0.005744,0.008676851,0.002770789,0.010353034,0.011118983,0.033207282,0.011457796,-0.00054313,0.00708391,0.81004705,-0.52957002,0.14898232
2015-10-26,0.003081642,-0.005852252,0.018251185,0.007973908,0.000450284,-0.001515624,0.010823148,-0.011950152,-0.003881345,-0.010353034,0.010312849,0.009537631,-0.001266625,0.001705925,0.00695734,0.79741129,-0.49291963,-0.071719256
2015-10-27,0.00092265,-0.002203441,0.00166826,-0.00651925,0.000584298,-0.000505492,-0.018296649,-0.015418765,0.0,0.00189036,-0.003768754,-0.01208354,0.0,0.003634825,0.00572012,0.65470221,-0.48244809,-0.021472809
2015-10-28,0.002456268,-0.009604822,-0.01089266,-0.005100233,0.000899009,0.01156653,0.000576717,-0.011160894,0.003327758,-0.002836881,0.004452692,0.01247111,0.005056901,0.001619837,0.00572187,0.658327,-0.43139933,-0.111839149
2015-10-29,0.011282422,-0.013452716,-0.007045091,-0.008067682,-0.000718972,0.001498853,-0.017452445,0.028763014,-0.007224227,-0.001895735,-0.012033867,0.017278119,0.006285376,-0.001851457,0.00573676,0.66015309,-0.43009038,-0.003038808
2015-10-30,0.00242273,0.014194683,0.013483171,-0.012597319,-0.000629631,-0.027843024,-0.021353118,0.004352568,-0.006715125,0.0,-0.007639009,-0.005534839,-0.029245568,-0.003868186,0.0058252,0.66970751,-0.49291963,0.136350766
2015-11-02,0.014116412,0.0,0.00278632,-0.018059219,-0.000630199,0.007670821,-0.00240084,0.00864871,-0.010158112,-0.011450507,-0.00384138,-0.020300435,-0.002583981,-0.000542689,0.00563001,0.66169003,-0.44317981,-0.106370559
2015-11-03,-0.001791169,0.00812733,0.034726806,0.019549338,0.000135027,0.013158069,0.022579584,0.0,-0.003409173,-0.000960154,0.007668218,0.001366254,-0.006489315,-0.002173953,0.00544746,0.63846293,-0.58454561,0.276859231
2015-11-04,-0.003591614,0.0,0.005894946,0.002231435,-0.00049516,0.010005117,-0.001175755,0.019190422,-0.014908463,0.005747142,0.00554004,0.025610334,-0.009156375,-0.002801983,0.00544167,0.63896868,-0.56360253,-0.036485541
2015-11-05,0.004487537,-0.00664429,0.003467032,-0.001486898,-9e-05,-0.011514528,-0.008269365,-0.015966264,-0.010453069,-0.010561788,-0.001727869,0.022929089,-0.014560151,0.001868902,0.00542205,0.63575635,-0.56229358,-0.002325171
2015-11-06,-0.017768691,-0.004454433,-0.011245118,0.002971691,-0.000765558,-0.015221099,-0.016746821,-0.003224158,0.000583633,-0.017527226,0.006550472,0.105360501,-0.002670229,-0.003350869,0.00541348,0.63511715,-0.52433425,-0.069894735
2015-11-09,-0.008850978,0.00815131,0.008846136,-0.028594576,-0.002753579,-0.024845844,-0.020719833,-0.010822572,-0.014693193,-0.010864304,-0.007588707,-0.035748555,-0.016172859,-0.006264263,0.00547656,0.63210974,-0.51648059,-0.015091655
2015-11-10,-0.026718021,-0.01787114,-0.003743305,-0.027081276,0.0,-0.009478714,-0.019901198,-0.006550193,-0.0011849,-0.011988156,-0.01922809,-0.021016486,-0.020590981,0.000392672,0.00609199,0.69065087,-0.34370017,-0.40726803
2015-11-11,0.014379706,-0.011333644,-0.006180183,-0.003142102,-0.000497369,-0.006369647,0.007509495,-0.00439079,0.000592626,-0.002012073,0.006333709,0.020669904,0.0,-0.003933615,0.00609458,0.69543939,-0.43270827,0.230294081
2015-11-12,0.002789464,0.004548773,0.001077351,-0.00552263,0.000587633,0.0,-0.010655001,-0.016639414,-0.004750634,0.003016594,-0.003513818,0.003979353,-0.00695897,0.000394065,0.00551641,0.63378476,-0.4183099,-0.033841214
2015-11-13,-0.010578785,-0.016012454,-0.01601331,-0.006349277,0.000858214,0.0,-0.005687331,-0.020339645,-0.00417537,-0.025420789,-0.003526289,-0.013910702,-0.007007737,-0.001024829,0.00576939,0.65772585,-0.40391153,-0.035026677
2015-11-16,-0.013224294,-0.02097164,-0.006312753,-0.024991422,0.0010834,0.005840494,-0.015325888,-0.004576671,0.011292885,-0.003094381,0.001764779,-0.014284567,0.002808991,0.004799908,0.00581254,0.66150882,-0.15913927,-0.931416138
2015-11-17,0.016970652,0.007818454,-0.004691459,0.021801712,-0.00027089,0.032294394,0.015959388,0.003434437,-0.016086216,-0.037899273,0.011568935,0.029058472,-0.011283618,-0.001256735,0.00600292,0.69211994,-0.39213105,0.901816364
2015-11-18,0.003732505,-0.017282194,0.01127786,-0.009630968,0.00022559,-0.003594453,-0.009545052,-0.011494332,-0.009656026,-0.001073537,-0.009807425,-0.016701949,0.001417435,-0.000235825,0.00599661,0.69015557,-0.39474894,0.006653873
2015-11-19,0.009270892,0.014943366,0.009798549,0.019169955,0.000270743,0.03587146,0.016487495,0.010350905,0.007852616,-0.001074691,0.016408199,0.019458573,-0.001417435,0.002198816,0.00649935,0.75062393,-0.56360253,0.356099301
2015-11-20,0.011924912,-0.000780903,-0.007339994,0.010232361,-0.000812021,0.002478352,0.001256894,-0.006888723,0.00659674,0.00643089,-0.000346371,0.002920772,0.005657724,0.002272262,0.00610061,0.75022279,-0.6028708,0.067353643
2015-11-23,-0.005486141,-0.001563751,-0.011249812,-0.006284546,0.000812021,0.007398192,-0.001886086,-0.01392135,-0.013237286,-0.043675064,0.014784481,0.02891387,-0.024269571,-0.003292568,0.00609629,0.75696692,-0.64083014,0.061061518
2015-11-24,-0.00367422,0.0,-0.001104585,0.027973857,0.0,0.02187228,-0.000629588,0.0219535,0.001210721,0.008888947,0.002726663,-0.008031954,0.011494379,0.000314051,0.0063232,0.80180529,-0.70889515,0.100943202
2015-11-25,0.013103917,-0.008644443,-0.011390325,-0.010785907,-0.000360922,-0.013065768,-0.000629832,0.02259985,0.007233234,0.018630676,-0.006487997,-0.005390858,0.007117468,0.001176815,0.00633512,0.80367855,-0.70758621,-0.001848158
2015-11-26,0.032467494,-0.00078965,0.004460389,-0.000775114,0.000135479,0.005828106,0.011901232,0.0,-0.006628423,0.014016402,0.005807163,0.00286743,0.0,0.002584067,0.00649791,0.8639766,-0.69580573,-0.016788976
2015-11-27,-0.019533008,0.003154635,-0.005858652,0.000775114,-0.000451296,0.0,-0.003118418,-0.019177056,-0.003634249,-0.003217161,0.004756823,-0.004388828,-0.005689916,-0.002819319,0.00644795,0.85536358,-0.67093582,-0.036397014
2015-11-30,-0.016574095,-0.01108504,-0.011537911,-0.020345041,0.000135521,-0.020054564,-0.006894201,-0.009153389,-0.01098237,-0.012973155,-0.010906522,-0.023796429,-0.007158227,0.000862321,0.00685399,0.89597821,-0.47328549,-0.348974705
2015-12-01,0.005756566,0.005557476,0.026534317,0.007089491,0.000496184,0.020054564,0.021773728,0.009153389,0.012801086,0.004343112,0.010228459,0.006389905,0.007158227,0.001174633,0.00709282,0.91718782,-0.56752935,0.181593687
2015-12-02,-0.000604306,-0.009546213,-0.005250903,-0.011049703,8.99e-05,-0.011200623,-0.000615636,-0.012607711,-0.001818716,-0.001084011,-0.003057412,-0.003621835,0.004270469,-7.83e-05,0.00704234,0.90869759,-0.5321879,-0.064295844
2015-12-03,-0.005456207,-0.01206304,-0.007788803,-0.013584125,0.000135338,-0.001960791,0.0,-0.0104348,-0.014670167,-0.017505918,-0.008199826,0.002588168,-0.017192401,-0.002037114,0.00716374,0.93299714,-0.4091473,-0.262921385
2015-12-04,-0.003044182,-0.007308035,-0.005600674,-0.012140967,-0.000676531,-0.013834257,-0.014263891,0.0104348,0.007361985,0.010977059,-0.013121758,-0.014406063,0.005763705,-0.004244303,0.00712888,0.92811993,-0.33322863,-0.205246407
2015-12-07,0.0,-0.004902003,-0.007893937,-0.008176612,-9.04e-05,-0.002989492,-0.005637307,-0.02451955,0.020569406,0.011937201,-0.00173937,-0.009485364,0.032511697,0.001023439,0.0067327,0.88412226,-0.38296845,0.139123779
2015-12-08,-0.009804012,-0.006573749,-0.005676982,-0.017391649,0.000898113,-0.005504131,-0.01966435,-0.02756321,-0.009626975,-0.016313575,-0.005236415,-0.026286787,-0.016830692,0.006196815,0.00657625,0.97830042,-0.2952693,-0.260064789
2015-12-09,-0.000307907,-0.004130488,-0.002850588,-0.005025408,-0.000317231,0.006501585,-0.00128218,-0.001215777,0.003018346,0.005467482,0.001748414,-0.007274041,-0.007097262,0.001328512,0.00655678,0.97652709,-0.3044319,0.030559596
2015-12-10,0.0033821,0.01560624,0.010506887,0.010856143,0.000589357,-0.012035952,0.000641295,-0.004878062,-0.001809938,0.003266198,-0.00666078,-0.018234249,0.0,0.0,0.00656364,0.97750089,-0.27563516,-0.09936931
2015-12-11,-0.010800983,-0.004083441,-0.010506887,-0.007503221,0.000815506,0.0165125,0.003200015,-0.007362002,-0.004236011,0.019376279,0.00035157,-0.029999452,-0.004282662,-0.000859424,0.0063125,0.94584932,-0.33977335,0.20920067
2015-12-14,-0.02164116,-0.004099885,0.015578892,-0.01858153,0.000180886,-0.019544516,-0.023271889,-0.030002274,0.004236011,0.0,-0.004934635,-0.02541108,-0.015861904,0.002809856,0.00656124,0.96653878,-0.1107084,-1.12137906
2015-12-15,0.008524051,-0.001644588,-0.001125086,0.012706751,-0.000407724,-0.015812758,0.005868981,-0.003814344,-0.009708819,-0.00320342,-0.00495943,0.025027895,-0.010226532,-0.002028531,0.00641077,0.98038306,-0.05180598,-0.759394131
2015-12-16,0.021459495,0.015516721,0.018952773,0.023295401,0.000135955,0.044742378,0.026941966,0.018927994,0.001827579,-0.018349139,0.015504276,0.012566797,0.007315322,0.000312359,0.0071711,1.06458535,-0.2245864,1.466754902
2015-12-17,0.003072239,-0.009772248,0.007700711,0.0,0.000543208,0.014157008,0.001264996,-0.026600672,0.001216553,0.0,0.008356621,0.009228733,0.015907783,0.004284951,0.00663235,0.98750991,-0.47721232,0.753701019
2015-12-18,0.012195367,-0.009042387,0.003555344,0.005740006,0.00090455,-0.001940812,-0.003165573,-0.002570698,-0.00977406,0.0,0.001039675,0.024994404,-0.023223105,0.003492303,0.00658924,0.99758809,-0.50077328,0.048191957
2015-12-21,0.010250095,0.006584629,-0.008499126,0.024234012,0.001626983,0.008222481,0.015104046,-0.022121902,0.010381812,0.020485892,0.005526802,0.000182998,0.024656797,0.002785136,0.0067667,1.02401703,-0.35940749,-0.331696649
2015-12-22,0.001798147,-0.006584629,0.004395838,-0.005602411,-0.000542005,0.005763723,0.005605856,0.001314893,0.008469497,0.009559287,0.001376823,-0.005132121,0.007137789,-0.000772871,0.0066216,1.05699162,-0.43925298,0.200618697
2015-12-23,0.014858997,0.006584629,-0.003845152,0.006400183,0.000270741,0.007633649,0.023934747,-0.006591955,-0.000602625,-0.003176286,0.00583091,-0.010529204,0.002840911,-0.000231978,0.00666852,1.06209788,-0.60941552,0.327424823
2015-12-24,-0.011272687,0.002457758,-0.003583767,0.003184631,-4.48e-05,-0.005719981,0.001212243,0.014445404,-0.001809938,0.002118645,-0.004799457,-0.015344793,0.002832863,0.0003866,0.00652727,1.03967111,-0.60417975,-0.008628581
2015-12-28,-0.005684357,-0.009042387,-0.008597998,0.0,0.0,-0.014443936,-0.017104821,0.01166576,-0.001208408,-0.010638398,-0.006550472,-0.008141543,-0.005673774,0.000231888,0.00656207,1.05029682,-0.45103347,-0.292330203
2015-12-29,0.021372182,0.009042387,0.00693962,0.014990645,0.000722104,0.014922077,0.001846537,-0.00906159,-0.001209989,0.00320342,0.015445705,0.082788258,-0.011445046,0.002470073,0.00659416,1.03659923,-0.53480579,0.170362122
2015-12-30,0.011098193,-0.004099885,0.000276543,-0.01578588,9.03e-05,-0.006230488,-0.006169,0.007772066,-0.001211336,0.01165885,0.0,0.005410598,-0.002881846,-0.0013887,0.00617655,0.99000349,-0.4981554,-0.070991595
2016-01-04,-0.036980915,-0.024117865,-0.03089255,-0.044741226,0.000766723,0.000961133,-0.023162206,0.02296021,-0.003643015,-0.01165885,-0.010614861,0.004342179,-0.002890175,0.004390889,0.00658256,1.03248118,-0.22720429,-0.785062508
2016-01-05,0.00690786,0.011715715,0.004553117,0.01404424,9.01e-05,-0.001923191,0.013212003,-0.011414179,0.010287572,-0.008565363,0.006177135,0.022280348,0.001446132,-0.00207746,0.00648035,1.01791748,-0.27039939,0.17405052
2016-01-06,-0.003598202,-0.006677581,-0.020654745,-0.008237344,-0.000180221,0.006236466,-0.002503154,-0.014130014,0.0,0.0,0.014940863,0.051208451,0.0,0.001539258,0.00642714,1.00898641,-0.17746447,-0.421129668
2016-01-07,-0.014219102,-0.014340517,-0.00348426,-0.030229008,0.000270362,-0.02812981,-0.017062057,-0.055865567,0.017900182,-0.010810916,-0.005068402,-0.000644275,0.008633147,0.001920822,0.00687401,1.0908082,0.13537281,0.0
2016-01-08,0.00121826,0.005084914,-0.005249504,-0.005985529,-0.000585849,0.02812981,0.001910258,0.012236703,0.006483974,-0.018651117,0.010781809,0.03390156,0.005714301,-0.002536265,0.00647151,1.02364219,-0.0217003,0.0
2016-01-11,-0.02558308,-0.022222866,0.013360756,-0.027827985,0.000856308,-0.022244647,-0.019268411,-0.026011036,0.000587404,-0.01675081,-0.013495678,-0.019980231,-0.011461444,0.002382735,0.0071696,1.09802007,0.27150283,0.0
2016-01-12,-0.012883206,0.000863507,0.002880906,-0.007079487,0.0,0.010700579,-0.013055143,-0.054144249,-0.007662953,-0.012464751,0.001697099,-0.023148511,-0.013053122,-0.001844201,0.00744465,1.15379432,0.32647842,0.184391289
2016-01-13,0.012570776,0.013722662,0.003446373,0.028022888,0.000225469,0.017741988,0.006548915,0.004382736,-0.010110087,0.002277905,0.013807195,0.030747074,0.0,0.001153024,0.00772515,1.17399405,0.00840538,-3.659491875
2016-01-14,0.003429484,-0.01718275,0.001718709,-0.027135175,-0.000135275,-0.019194398,-0.023779183,-0.022108472,0.007147189,-0.004561011,-0.013129362,-0.011260022,0.018800265,0.000614403,0.00757959,1.14238091,0.14060858,2.817108025
2016-01-15,-0.000934012,-0.034379572,-0.004302185,-0.021525415,-0.00018014,-0.021548403,-0.002677323,0.005943558,-0.008941967,0.001142205,-0.010560387,-0.008971734,-0.015884811,-7.68e-05,0.00782991,1.16760304,0.35527516,0.926912586
2016-01-18,-0.008761042,0.008038912,-0.013601852,-0.018298852,-9.04e-05,-0.004962861,0.00801064,-0.048568005,0.007754253,-0.003430535,-0.001370689,0.048529786,0.005805532,-0.001075536,0.00710933,1.06151461,0.42334017,0.175283452
2016-01-19,0.015900488,-0.012533189,0.001455726,0.008275974,-4.47e-05,-0.010502671,-0.005333317,0.013899886,-0.00118901,0.014781395,0.004106678,0.026026592,0.004332137,-0.000999749,0.007174,1.07730244,0.26495812,-0.468604264
2016-01-20,-0.025373303,-0.033901715,-0.025638555,-0.044951348,0.00094599,-0.025975424,-0.040237187,-0.039098012,0.00118901,-0.012493064,-0.003763907,0.002089047,0.0,0.003686363,0.00803577,1.17383691,0.79246198,1.095572754
2016-01-21,-0.004770238,0.010199494,-0.00059717,-0.007692406,0.000450307,0.025975424,-0.006983294,-0.006400027,0.00946199,0.004561011,-0.009991432,-0.006130104,0.010035927,-0.00015333,0.00779197,1.1390991,0.80686034,0.018006063
2016-01-22,0.007305114,0.019187522,0.020106992,0.050810432,-0.000315202,0.008011974,0.017367474,0.05920729,-0.001767288,0.010186845,0.0,-0.010250401,-0.005722476,-0.001995371,0.00840582,1.18982814,0.29375486,-1.010404983
2016-01-25,0.017877269,0.013483013,0.009324279,0.005489599,0.00018014,0.012884208,0.035851144,0.041487463,0.002943709,0.0,0.006557254,0.009650154,0.001433692,0.001688641,0.00884622,1.220316,0.14715329,-0.691270777
2016-01-26,-0.01377181,-0.021661378,-0.009909838,-0.020277224,0.000629766,-0.031002528,-0.010017056,-0.043001432,0.00994449,0.0,0.004462097,0.003595022,0.014224991,0.002221667,0.00897778,1.22893925,0.31731582,0.768422723
2016-01-27,0.008473355,0.016289798,0.017134155,0.022100267,-0.000134656,0.011111318,0.016639461,0.037178995,0.006960631,0.018963201,-0.00068511,-0.026361092,0.011236073,-0.002375068,0.00928181,1.25152793,0.15762483,-0.69967984
2016-01-28,-0.003757045,0.02307136,0.012305249,0.018051236,-0.00027013,0.004010043,0.007234662,0.010167089,-0.000578234,0.008800937,0.010567664,0.012054627,-0.001397624,0.000536799,0.00907111,1.21144956,0.10264924,-0.428899976
2016-01-29,-0.002512584,0.011338747,-0.02359828,0.006241463,0.001304431,0.009955315,0.01818218,0.043823266,-0.004056799,0.002188185,0.009785767,-0.005780295,-0.012667305,0.002067815,0.00914155,1.22678338,-0.00730193,0.0
2016-02-01,0.018074684,-0.006089421,-0.018516358,0.021109009,0.001617155,0.000495201,-0.003222624,0.0,0.004635033,-0.006578971,0.01400511,0.033749238,0.004240289,0.005341053,0.00889947,1.19095246,-0.07536695,2.334230153
2016-02-02,0.002775571,-0.014059928,-0.020680982,-0.013140959,0.000359135,-0.008950802,-0.013649983,-0.026630852,0.003462174,0.006578971,-0.013669475,-0.002954312,0.0,0.000152187,0.00895645,1.19262233,-0.07929378,0.050790839
2016-02-03,-0.016770563,-0.026907564,0.003627579,-0.028624414,0.000672344,0.008455601,-0.009865292,-0.020086774,0.003450342,0.001092299,-0.000335635,0.00545819,0.0,0.005084793,0.00900192,1.19641121,0.05814519,0.0
2016-02-04,0.000313048,0.016231236,0.01378503,0.017986239,0.000134414,0.047869922,0.041429886,0.035590938,0.01198302,0.023733584,0.001677586,-0.014821355,0.023694488,-0.0012119,0.00941898,1.22676948,-0.1630661,0.0
2016-02-05,0.001876889,0.033424317,0.000892531,0.023779135,-8.97e-05,-0.009011422,0.008209845,0.006968709,0.010158112,0.00106553,-0.013839975,-0.004940023,0.015037877,-0.001061671,0.00941901,1.25093534,0.0214948,0.0
2016-02-11,-0.053598618,-0.037906769,-0.015583295,-0.054550911,0.001926036,-0.045318198,-0.014571213,-0.071973556,0.04393894,-0.047991761,-0.016104278,-0.057917782,0.030730541,0.010566088,0.01040489,1.28428944,0.59742953,3.32482529
2016-02-12,-0.016957996,-0.005405455,0.037057714,-0.050906185,-0.000581919,-0.025241142,-0.005118423,0.014815098,0.027035783,-0.001117943,-0.032651853,-0.089776037,0.020834087,-0.003911496,0.01041389,1.27337109,0.71785225,0.183627433
2016-02-15,0.026147464,0.034624162,0.004356186,0.034223616,-0.000402877,0.009666943,0.041463364,0.024692597,-0.014752633,0.035168459,0.002495138,0.011414849,-0.014276686,-0.000904857,0.01069717,1.28644926,0.40763286,-0.565896852
2016-02-16,0.020052421,0.001743776,0.006930239,0.019436213,0.001298262,0.033850911,0.011624538,0.026894812,-0.020376018,-0.002162163,0.004617249,0.026138622,-0.014483466,0.003689691,0.01069792,1.2785389,0.14322646,-1.045939902
2016-02-17,0.005428672,0.035091103,0.019943806,-0.012915411,0.000223193,-0.004906741,-0.014706215,-0.045722285,0.008092869,-0.011976191,-0.023665349,-0.046113362,0.00924099,-0.001052809,0.0105815,1.26359355,0.0738525,-0.662357153
2016-02-18,0.022048225,-0.010993666,-0.00282482,0.021131011,-0.000312806,0.019966446,0.02378889,0.038714508,0.002683064,0.007637789,0.024373837,0.038545658,-0.001314925,-0.001355242,0.01089378,1.27806699,-0.08583849,0.0
2016-02-19,0.006520678,-0.01111606,0.012649454,0.0,-0.000492293,0.015311459,0.0,-0.012739001,0.014365839,0.002171554,0.00951559,0.012747556,0.001314925,-0.000226052,0.01088768,1.29540888,-0.11332628,0.277803584
2016-02-22,0.003090213,-0.006037091,-0.004760101,0.006343398,-0.000223711,0.005681745,0.003009342,-0.00858375,-0.006891167,0.017204725,0.007338715,0.016037557,-0.003949972,-0.000980151,0.00992005,1.18057951,-0.14212302,0.226421929
2016-02-23,-0.002780781,0.000864946,0.00531865,-0.001808396,-0.000447911,0.00986624,0.019637529,0.00430105,0.000531803,-0.004273511,-0.012614043,-0.024069511,-0.001320132,-0.000603588,0.00994143,1.18678563,-0.18008235,0.236721226
2016-02-24,0.01778645,-0.006068999,0.003344357,0.000904638,0.000537334,-0.008450622,0.002354492,-0.026088385,0.00794288,-0.010764367,-0.003886327,-0.008605642,0.00395518,0.000679019,0.00971348,1.164369,-0.11201734,-0.474760566
2016-02-25,0.006664707,-0.006105228,-0.007540626,0.005410273,0.000178906,0.0014133,0.000587563,0.018909633,0.007356835,0.011834458,0.021709665,0.011625215,-0.005277057,0.001130773,0.00948513,1.13367193,-0.13557831,0.190895726
2016-02-26,0.000905449,0.0,0.0,0.008952619,0.000670973,-0.00661323,-0.010038404,0.004313418,0.002614321,-0.00643779,0.003803024,0.001673697,-0.006635724,0.002633509,0.00922055,1.1058632,-0.15259456,0.118235063
2016-02-29,0.000904504,-0.009670458,-0.001402903,0.020291745,4.48e-05,0.008964546,0.008274252,0.001433728,-0.008390144,0.00643779,-0.003456653,-0.00671153,-0.028361118,-0.000902136,0.0090503,1.0875187,-0.05573281,-1.007215447
2016-03-02,0.023530453,0.007919111,0.006715268,0.030956966,-0.000402529,0.032350269,0.027287755,0.01704588,-0.002636481,0.026386755,0.014779321,0.034092323,0.00273598,-0.002937576,0.00951401,1.12831444,-0.35024489,1.838063574
2016-03-03,0.000882618,0.013925573,-0.005873465,0.004224796,-0.000760906,-0.00638716,0.004001066,0.001407426,0.010504368,0.009331327,-0.006846902,0.019336875,0.013568729,-0.002794871,0.00951252,1.13907843,-0.47852126,0.312068045
2016-03-04,0.0,0.025598337,-0.004498008,0.021685412,-0.000671724,-0.012433561,0.013035045,0.012578826,0.01812112,0.016377029,-0.007586405,-0.001757121,0.021334142,-0.001438216,0.0095645,1.14120341,-0.507318,0.058437385
2016-03-07,-0.008862555,0.010892645,0.006179626,0.023645694,0.000313719,0.013805904,0.005614791,0.044814016,-0.002054457,0.015113638,-0.011488225,-0.029857714,0.015707129,0.000302967,0.00935757,1.12142873,-0.52695213,0.037971684
2016-03-08,-0.008941929,-0.00668893,0.001399236,-0.017066557,0.000610747,-0.004580926,0.016107123,0.00925318,0.006661536,-0.004008021,-0.010913825,-0.001318693,0.002594035,0.00272252,0.00921399,1.10655916,-0.51124482,-0.030261134
2016-03-09,-0.006006039,0.000838346,0.015538475,-0.012371274,-9e-05,-0.012939223,-0.014987817,-0.014579428,-0.010783156,-0.009077218,0.018587472,0.007722074,-0.016982773,-0.000302143,0.00881164,1.05560951,-0.49030174,-0.041827578
2016-03-10,0.017910971,0.002511499,-0.00275693,0.003313916,-8.99e-05,0.019802664,0.009462655,0.017207553,-0.004657143,0.004044495,0.003814578,0.007500516,-0.001318392,-0.00105822,0.00881641,1.07244538,-0.57014724,0.150873646
2016-03-11,0.000591561,0.011637801,-0.008317223,-0.000827479,-0.001258227,-0.001369007,0.002213836,0.007843184,0.02002635,0.003022672,-0.000692385,-0.007500516,0.018301164,-0.003864383,0.0065073,0.7914546,-0.58454561,0.024940167
2016-03-14,-0.006526436,0.014766567,-0.003346356,-0.007478283,-4.49e-05,0.001825029,-0.024623551,-0.007843184,-0.01588553,0.005017572,0.003112475,-0.003278673,0.001294499,-7.59e-05,0.0059975,0.72808403,-0.53480579,-0.088931139
2016-03-15,-0.003577818,-0.003262945,-0.007851943,-0.018518726,0.00035984,0.003639585,-0.002836755,-0.026597333,-0.022989568,-0.012084739,0.004135216,-0.007747532,-0.020915795,-0.000835472,0.00604063,0.72667772,-0.52564319,-0.017281035
2016-03-16,-0.002991367,0.005702712,-0.002819313,0.005084444,-0.00053964,-0.008208058,-0.018349315,-0.001348586,0.004219443,0.009077218,0.016033092,0.012498023,0.001320132,-0.000304003,0.0058643,0.71591686,-0.50470011,-0.040658225
2016-03-17,0.013095621,0.003244066,0.013182139,0.047863958,0.001078735,0.031991891,0.031893398,0.026632688,0.022893768,0.008000043,0.0,-0.000326876,0.018301164,0.005004151,0.00633011,0.75224564,-0.61857811,0.203459062
2016-03-18,-0.004742129,0.000809463,0.002782244,0.004020835,0.000718313,-0.003998954,0.013363156,0.013055026,0.007175836,0.020700591,-0.002032508,0.010246491,0.030614636,0.002341815,0.00595822,0.71853239,-0.66046428,0.065519569
2016-03-21,-0.004764974,0.003231081,0.01352322,-0.008057902,0.000224679,0.001779365,-0.002214795,-0.011741795,-0.019598337,-0.012764042,-0.006122584,-0.002105821,-0.019024036,0.001357286,0.00618379,0.74279366,-0.58585455,-0.119871492
2016-03-22,0.005952539,-0.006472282,0.026509424,-0.009756139,-0.000269046,-0.007136739,-0.004444361,0.018205978,0.00208118,0.003944778,-0.007534052,-0.003248255,0.007653099,-0.001734577,0.00618489,0.74294478,-0.69449678,0.170115975
2016-03-23,0.00237103,-0.004882118,-0.010465633,0.001632666,-0.000584055,0.003574736,-0.001114385,-0.001289524,-0.010449382,-0.004933409,-0.000343948,-0.001791103,-0.007653099,-0.003023886,0.00625982,0.75420208,-0.69056996,-0.00567024
2016-03-24,-0.01521287,-0.008190028,-0.008125735,-0.018107633,0.000269288,0.006668369,-0.017998003,-0.016916455,-0.013217225,-0.018972112,0.004802827,-0.010649635,-0.031211896,0.002797407,0.00680802,0.80837802,-0.69973255,0.013180905
2016-03-25,0.004797711,-0.009087326,-0.009015238,-0.006666513,0.000449215,0.011015712,0.002267323,-0.009228781,0.0147916,-0.006066753,0.003416423,0.016013284,0.006583302,0.001508832,0.00677011,0.80439363,-0.74685449,0.065172183
2016-03-28,-0.005699893,0.005791948,0.001097182,-0.006711487,0.000493777,0.0,0.003955981,0.009228781,-0.015856622,0.003037977,-0.004101219,-0.009937391,-0.010554188,-0.00037701,0.00680948,0.80864915,-0.68140736,-0.091710067
2016-03-29,0.004202966,0.017989497,0.007646036,0.031485633,0.00053785,0.011762095,0.006745386,-0.010554196,0.002128807,0.001010612,0.002735988,0.011718921,-0.002656044,0.002636087,0.00686201,0.81546567,-0.7442366,0.088198689
2016-03-30,0.00567593,-0.013051001,0.002173896,0.0097403,0.001165475,0.020999362,0.016116076,-0.002656046,0.014775989,-0.014242357,0.001023981,0.00161687,0.010582109,0.002854073,0.00609583,0.7324825,-0.7965943,0.06798652
2016-03-31,0.005644081,0.009804303,-0.015042038,-0.019576522,-0.000134237,-0.007662849,-0.004973991,-0.010695298,-0.005778857,-0.007197975,-0.005130659,-0.000969821,0.0,-0.001125563,0.00619691,0.74229499,-0.74030977,-0.073276809
2016-04-01,0.00177561,-0.01722068,-0.027092916,-0.014102146,-0.000403409,-0.024660466,-0.023543547,-0.00404038,0.001579348,0.0,0.006153826,0.018584331,0.0,-0.000676018,0.00619429,0.75060232,-0.57930984,-0.245231243
2016-04-04,0.002657672,-0.007471973,-0.020306524,-0.007547264,0.000179247,0.009590093,0.006783653,-0.021828987,-0.013238119,-0.009331327,0.000340745,0.017309664,-0.022622389,0.002476382,0.00612491,0.74138021,-0.61988706,0.067699836
2016-04-05,-0.009184108,0.004157906,-0.00173518,-0.010152333,0.000313458,-0.011782825,0.00561781,-0.023727545,0.007434975,-0.003129893,-0.002387894,0.005600407,0.004029555,-0.002250992,0.00614624,0.74310043,-0.54396839,-0.130646162
2016-04-06,0.0,-0.004157906,0.00086807,-0.007682556,-0.000403204,0.006999372,0.030890456,0.015417242,0.00369686,-0.00313972,0.004769944,-0.02832143,0.0,0.000825877,0.006098,0.74928354,-0.6120334,0.117895718
2016-04-07,0.0,0.008298716,0.006054518,0.010230231,-4.45e-05,0.00174197,0.001628255,0.023368746,0.000526935,0.0,-0.000339857,0.013001511,0.002677378,-0.001577375,0.00606573,0.74571874,-0.64475697,0.052086599
2016-04-08,-0.002085421,-0.010802015,-0.002590444,-0.005102092,8.96e-05,0.000434994,-0.0010851,-0.004084387,0.004206133,-0.030869934,0.007452536,-0.004262299,0.00666225,7.52e-05,0.00605558,0.76289571,-0.64344802,-0.002032208
2016-04-11,-0.001791169,-0.00586523,0.007750946,-0.012870114,0.0,-0.004358973,0.018822887,0.02957207,0.009919203,0.007539077,-0.013591748,-0.026612819,0.011881328,0.000300644,0.00603613,0.7711797,-0.60679763,-0.058645905
2016-04-12,0.005957796,0.00586523,0.002570333,0.003448127,-4.5e-05,0.011726433,0.008487877,0.01837317,0.004664384,-0.003224076,-0.000342067,-0.005866029,0.023347364,0.000901272,0.00582651,0.74885761,-0.71674881,0.166530103
2016-04-14,0.006217569,0.048909473,0.024233313,0.051981704,-0.000851724,0.030195668,0.03273897,0.019318097,-0.014059036,0.029694653,0.005460626,-0.002454344,0.012739026,-0.004439564,0.0069132,0.86724783,-0.72067563,0.005463703
2016-04-15,0.000885333,0.003177418,0.00027838,-0.002454008,4.49e-05,-0.025887015,-0.010794333,0.0,-0.004203923,0.001044387,0.005092416,0.004250484,0.011328,0.000678515,0.00600653,0.76349176,-0.76910651,0.065040317
2016-04-18,0.0,0.007111803,0.014368837,-0.00739848,0.000313908,0.005145728,-0.006220795,-0.059111112,0.001578517,-0.009438979,0.008094582,-0.011650064,-0.002506267,7.54e-05,0.00589825,0.74731798,-0.66177322,-0.150306535
2016-04-19,-0.000590114,0.01096294,0.003560212,0.012300376,-0.00035882,-0.013781776,-0.00312519,0.030648626,0.001051031,0.009438979,-0.005388973,0.007235721,0.002506267,-0.000301483,0.00585755,0.74231071,-0.72852929,0.096104901
2016-04-20,0.002357815,0.007758362,-0.010166358,0.016168517,0.000851724,-0.016174998,-0.002611596,0.003929249,0.009929468,0.012448294,-0.00033783,-0.00839163,0.040471495,0.003311321,0.00591699,0.78891282,-0.68795207,-0.057308661
2016-04-21,0.00029419,0.009996033,0.007428919,0.018276268,0.0,0.006151329,0.024794589,0.055923127,0.005703943,0.026451186,0.00908029,-0.005135428,0.028437935,-0.001052413,0.00651953,0.85275153,-0.75863497,0.097801556
2016-04-22,-0.005015206,0.004579914,-0.00219557,-0.000787718,0.000582279,-0.014115848,-0.006140957,-0.007444209,-0.005703943,-0.003016594,0.007670592,-0.007167247,-0.02005967,0.00045117,0.00607835,0.80350454,-0.74030977,-0.02445202
2016-04-25,-0.00088789,0.005317628,-0.008275791,-0.01189073,8.99e-05,0.007523772,-0.023371825,-0.007500041,-0.008355093,0.006024115,-0.002994645,0.002005244,0.005941788,-0.000300757,0.0061495,0.82230967,-0.67486264,-0.092559533
2016-04-26,0.012356783,-0.009897542,0.021647638,-0.008006511,0.000134357,-0.019141403,-0.00579719,0.003757021,0.0,-0.012084739,0.00664232,0.007153072,-0.007134394,0.000375932,0.00611587,0.8291708,-0.71936669,0.063862054
2016-04-27,-0.004395607,0.002292801,-0.017501181,-0.00726097,4.46e-05,0.0,-0.000528479,0.022250627,0.004708307,-0.001013685,0.003634718,-0.021953218,0.020083368,0.001352069,0.00601383,0.82376712,-0.68664313,-0.046556532
2016-04-28,-0.010740047,-0.015026042,0.002524255,-0.004168431,0.000223991,-0.01239407,0.01388148,0.010942397,0.007280321,-0.007124712,-0.00336583,-0.003407087,0.004667453,0.000900444,0.00599179,0.82433997,-0.68664313,0.0
2016-04-29,-0.000299865,-0.006394823,-0.005899584,0.004168431,8.92e-05,-0.010680425,0.011597411,0.020347727,0.017463272,0.013191465,-0.003377349,-0.004618147,0.021877672,0.000374946,0.00589694,0.81121011,-0.72852929,0.059213135
2016-05-02,-0.00843638,-0.027644315,-0.007069113,-0.026982953,-4.46e-05,-0.002805146,-0.028170861,-0.017932325,0.015159413,0.009031672,0.003039983,-0.030637665,0.004545462,-0.001200322,0.00608538,0.82648304,-0.68140736,-0.066867524
2016-05-03,0.002719483,-0.001650203,-0.005977091,0.000854202,0.00053708,0.001870937,-0.002158742,-0.003625355,-0.004020133,-0.010040245,0.010067222,0.021336893,-0.013698844,0.001275294,0.00594927,0.81667934,-0.71674881,0.050565138
2016-05-04,-0.006660665,-0.01330011,-0.008889096,-0.027707499,0.000581147,-0.025078088,-0.036307557,-0.020795842,-0.007074307,-0.009123226,-0.00167086,-0.00729434,-0.018562018,0.001947309,0.00670164,0.8981297,-0.67617159,-0.058278569
2016-05-09,-0.014688095,-0.01347957,-0.01362929,-0.020399797,0.000134315,-0.026707159,-0.015810452,0.023214166,-0.000507157,-0.046908026,0.018555899,0.004348292,0.004672906,0.001121725,0.00693385,0.95138625,-0.63428543,-0.063947817
2016-05-10,0.006452524,0.01347957,0.022232786,0.014234988,0.000312743,0.017561373,-0.00685337,-0.026929374,-0.010711651,-0.002136753,0.003277575,0.024176087,-0.021202208,-0.000672884,0.00687831,0.94637868,-0.70365938,0.103795346
2016-05-11,-0.005836311,0.005008471,0.0,0.003527383,8.96e-05,0.02057989,-0.004019524,0.014778606,0.004094098,-0.001070091,-0.009865279,-0.002544429,0.011834458,0.000224345,0.00685067,1.04672985,-0.68009842,-0.034056881
2016-05-12,-0.00835264,-0.006683432,-0.002859616,-0.006180842,-0.000223611,0.001892968,0.004592532,0.030104674,0.001020986,0.004273511,0.002640291,0.004575108,0.00936775,-7.48e-05,0.00686048,1.07211824,-0.77696017,0.133151565
2016-05-13,0.000621062,-0.014352378,-0.004880199,0.007939937,-0.000268096,-0.01861179,-0.02669926,0.009445062,0.00203875,-0.018289913,0.003619055,-0.002878147,-0.016451605,-0.000224362,0.0069011,1.10524287,-0.79266748,0.020014727
2016-05-16,0.000620741,0.002547769,-0.011286465,0.036242131,-0.000670891,0.002405539,0.00878472,0.010520298,0.001526315,-0.002173914,0.000984673,0.000169524,0.010607053,0.000224362,0.00573359,0.92758115,-0.80444796,0.014752464
2016-05-17,-0.000620741,-0.007662683,0.000582016,-0.021414092,0.000313318,0.00048067,-0.002919558,0.019574647,0.002031502,0.005425949,0.000656106,-0.013826259,-0.001173021,-0.001796306,0.00573549,0.93655146,-0.82277316,0.022524259
2016-05-18,-0.002486825,-0.000855146,-0.010232478,-0.006078914,-0.000537104,-0.015489306,-0.009991374,0.004550637,-0.005596567,-0.0108815,-0.008892035,-0.022949603,-0.008249899,-0.00149939,0.0058647,0.97688983,-0.78481382,-0.047234019
2016-05-19,-0.007811168,0.029500671,0.002347944,-0.012270298,-0.000581725,-0.013258193,-0.007113371,-0.021802343,-0.013354114,-0.008791265,-0.008971663,-0.000879617,-0.027596232,-0.002854931,0.00590584,0.97388661,-0.77303334,-0.015124339
2016-05-20,0.003756971,-0.018441427,-0.002642076,0.0,0.000224001,0.005422686,-0.006565099,0.020666596,-0.002070408,0.007696575,0.001000844,0.021420005,-0.009780029,0.003004971,0.00580765,0.95784756,-0.77041545,-0.003392264
2016-05-23,0.007782183,-0.003390271,0.000587901,-0.007079522,0.000670607,0.006859352,0.008941967,-0.014882971,-0.002074703,-0.012121361,0.004989323,0.022319757,-0.008636698,0.000225018,0.00470137,0.77556638,-0.72329352,-0.0631148
2016-05-24,0.004331621,-0.00852473,0.002640457,-0.013411089,0.00044772,-0.019226561,-0.017964471,-0.001153984,-0.003120097,0.00221484,-0.002325219,-0.00591472,-0.003724399,0.003070184,0.00470929,0.77351063,-0.67878947,-0.063504094
2016-05-25,0.014406388,0.022016263,0.013676951,0.020490611,-8.99e-05,0.011875411,0.007824031,0.022831948,-0.015748307,0.016456762,0.008609481,0.008606935,0.0,-0.001196999,0.0053384,0.86541039,-0.79528536,0.158389973
2016-05-26,-0.001827559,-0.00419667,0.008633138,-0.011530111,-4.44e-05,0.007839238,0.001198473,0.011223527,0.00369686,0.014046692,-0.008942097,-0.002860777,0.01113184,-0.000524138,0.00539141,0.87372731,-0.82146421,0.032387376
2016-05-27,0.008500346,0.005033562,0.004859275,0.004450589,-8.92e-05,0.024585507,0.006565099,-0.01235275,-0.008470197,-0.002148229,0.004977511,0.004372027,-0.008647367,0.000748685,0.00544372,0.88204109,-0.84240729,0.025175245
2016-05-30,0.005125905,-0.009247679,-0.008878912,-0.006236085,-0.000805596,-0.003338715,-0.015587603,0.0,-0.015537439,-0.006472515,0.007256113,0.003851599,-0.020050797,-0.002547818,0.00551628,0.93582193,-0.79397642,-0.059209852
2016-05-31,0.006893387,0.018410739,0.017114055,0.006236085,4.46e-05,-0.003829753,0.003016508,0.010118055,0.00699499,0.005396667,0.002953124,0.013117593,0.00756624,-7.5e-05,0.00567986,0.95699528,-0.80837479,0.017972037
2016-06-01,0.013056684,-0.00916306,-0.001132083,-0.004450589,0.001654717,-0.015953878,-0.003621032,-0.013513619,0.003746323,-0.016278167,-0.005915217,0.006249005,-0.005037794,0.004342702,0.00544402,0.92529989,-0.82669998,0.022416048
2016-06-02,0.000294772,-0.005875098,-0.012535609,-0.000892379,0.000223551,-0.001463162,-0.00484853,0.003395564,-0.001603834,0.0,0.000988462,0.004906005,-0.002528446,-0.000448372,0.00544141,0.93240285,-0.83586258,0.011022374
2016-06-03,0.003236587,-0.003372582,0.007141883,-0.003577804,-0.000133889,-0.011288611,-0.00792931,0.003384073,-0.003215511,0.002185793,0.002630593,0.000978384,0.002528446,0.002314307,0.0046804,0.8021831,-0.80837479,-0.033438422
2016-06-07,0.010520285,0.010919958,0.002274709,0.025653989,0.000759111,0.015671366,0.042559605,0.008968677,0.025961714,0.013015368,0.002951334,0.021762788,0.020000667,0.002457871,0.00548577,0.89884799,-0.7442366,-0.082666805
2016-06-08,-0.002619744,0.017391608,0.016617721,0.011289613,0.000869969,0.009671404,0.007600243,0.018795509,0.005216582,-0.018488836,0.009450888,0.004137436,0.008626055,0.000743618,0.00562348,0.91915471,-0.75863497,0.019161731
2016-06-09,-0.002042092,0.013860712,-0.012366621,0.012870142,0.00147837,-0.003857345,-0.000582689,0.01844864,0.009321572,0.006564575,0.00032431,0.003804052,0.039692523,0.003487501,0.00575315,0.93372892,-0.77303334,0.018801452
2016-06-10,-0.000292345,-0.013860712,0.006764129,-0.00256065,0.000492389,0.002412503,-0.005844525,-0.01516818,0.005654101,-0.018712709,-0.008139397,0.007093975,0.002355714,0.001406443,0.00580342,0.94235434,-0.80052113,0.03494075
2016-06-13,-0.018873759,-0.017391608,-0.018140961,-0.029490723,0.000312961,-0.018974105,-0.015357486,-0.028794979,0.01121319,0.007747687,-0.015815748,-0.019670749,0.0,0.001552192,0.00627842,1.00534943,-0.38035057,-0.744169548
2016-06-14,0.009481437,-0.010075462,0.004281436,-0.013292188,-0.000536827,-0.013349862,-0.01741279,-0.004504516,-0.003045658,0.0,0.0,-0.006751325,0.002350177,-0.001256351,0.00628215,1.00239212,-0.24683842,-0.432359428
2016-06-15,0.028203609,-0.024777136,-0.00370954,-0.003574366,-4.47e-05,-0.017574939,-0.003033049,-0.01707496,0.008101264,-0.00552793,-0.009007655,-0.000806728,0.008182395,0.0,0.00630905,1.06340301,-0.23244006,-0.060101567
2016-06-16,-0.013566447,-0.003466286,-0.010922619,-0.01715629,0.000491859,0.0,-0.010995769,-0.009227293,0.01053433,0.014309545,-0.011459548,-0.029486128,0.02073807,0.003543287,0.00616428,1.0472458,-0.07144012,-1.179772769
2016-06-17,-0.001163024,0.0,-0.003184161,0.003636411,-0.00053654,-0.004569793,-0.005543743,-0.00581051,-0.01204832,-0.005479466,-0.003055313,-0.006839743,-0.025405523,-0.001474844,0.00608222,1.03242465,-0.03348079,-0.757887775
2016-06-20,0.013582009,0.028243422,0.017531505,0.023319418,-0.000492459,0.018154751,0.026213248,0.029852929,-0.004048615,0.001098298,0.011830345,0.018574258,-0.00468934,-0.002882218,0.00667868,1.09214619,-0.20757015,1.824497513
2016-06-21,0.0,-0.009326021,-0.002853021,-0.000886899,0.000358069,-0.02223437,-0.007852817,0.010129554,0.003543409,0.007654493,0.005696242,0.010461173,0.011682376,0.000665865,0.00667807,1.09387225,-0.24683842,0.173264598
2016-06-22,0.008574049,0.011012161,0.004276553,0.013221826,-8.97e-05,0.021734349,0.003632135,0.010027865,-0.018873247,0.010834342,-0.00066853,-0.00293133,-0.014035318,-0.001184066,0.00658016,1.10284227,-0.16699293,-0.390782476
2016-06-23,-0.005707975,0.00755371,-0.000853849,0.010453181,0.0,-0.01460607,0.000604016,-0.008908752,0.003598049,0.006444705,-0.005699912,-0.011151093,0.003527341,0.001036135,0.00631039,1.05767825,0.02411269,0.0
2016-06-24,-0.021406719,-0.046201735,-0.02742279,-0.05705655,0.002861124,-0.04461326,-0.043820708,-0.036450421,0.044652539,-0.008602204,-0.021754902,-0.038324158,0.027779564,0.010961311,0.0076164,1.18414431,0.59481165,3.205506543
2016-06-27,-0.000584853,-0.015887658,0.006708675,-0.011998348,0.000892556,-0.001592775,0.013784704,0.00347421,0.00684599,0.004310352,0.007872709,0.001369983,-0.001142205,0.000950576,0.0075985,1.19093636,0.19427522,-1.118968987
2016-06-28,0.000584853,0.001778008,-0.002036978,0.002781645,-0.000178447,0.003712458,0.007439422,-0.009291595,-0.00930243,0.019169916,0.021919672,0.021666346,-0.002288331,0.00014618,0.00757358,1.18713098,-0.07798483,0.0
2016-06-29,0.010760939,0.012356949,0.006677171,0.018349173,0.0,0.03126908,0.013497381,0.025346943,0.001965616,0.001054296,0.013583098,0.016935447,0.020408872,0.001606572,0.00793686,1.21053836,-0.43401721,1.716569867
2016-06-30,0.020329487,0.002628119,-0.01398623,0.001816553,0.0,0.006137881,0.002434445,0.019155558,-0.005908476,0.014644613,0.000657901,0.002302439,0.014484933,-0.00072994,0.00794329,1.21610267,-0.53480579,0.208819484
2016-07-01,0.012394815,0.001748168,0.005559721,0.017986009,0.001025137,-0.00255293,0.00606074,-0.01235275,0.015192628,0.0,0.000985967,0.014998452,0.047525142,0.005098313,0.00809276,1.23029483,-0.6643911,0.21696731
2016-07-04,0.005583564,0.004356972,-0.002044713,0.002670171,0.0,0.026237588,0.016182491,0.01235275,0.009680682,0.021572485,0.000985143,0.002908467,0.06037639,-0.000217972,0.0084,1.25102063,-0.73376506,0.099317914
2016-07-05,-0.001671683,-0.008733259,-0.009400742,-0.000889265,0.000178265,-0.007999833,0.000594111,-0.016882772,-0.001446118,-0.019497796,-0.002958051,0.004186129,-0.027178321,-0.000654086,0.00803289,1.18476955,-0.67878947,-0.077877875
2016-07-06,-0.024274742,-0.020381951,-0.021178972,-0.024314467,0.000713074,-0.028515268,-0.021622267,-0.020643008,0.018638538,-0.003113651,-0.001976955,-0.015381276,0.032131278,0.002614123,0.00820329,1.19368654,-0.43270827,-0.450247261
2016-07-07,0.021481954,0.009799665,0.011092915,0.009977495,8.87e-05,0.0,0.007862172,0.005777057,-0.000473623,-0.017829523,0.005263074,0.021148579,-0.018953186,0.000652493,0.00811667,1.18088539,-0.5413505,0.224003184
2016-07-08,0.001118074,-0.011591567,-0.011696027,-0.012716036,4.46e-05,-0.009862417,-0.009077248,-0.024490953,-0.00808564,-0.016000341,-0.009559933,-0.003841128,-0.023434593,7.25e-05,0.00839143,1.19837916,-0.42485461,-0.242319927
2016-07-11,0.017444671,0.013363275,0.019122187,0.027053008,8.9e-05,0.021162088,0.031121614,-0.001181365,0.002861204,0.017057983,-0.002321363,-0.002408267,0.033454716,0.00014493,0.00846265,1.18321261,-0.51124482,0.185101559
2016-07-12,-0.007162664,0.015803646,0.012060639,0.0,-0.000489679,-0.001533459,0.011133922,-0.003552375,-0.007168514,-0.001057642,-0.000996522,-0.0014478,0.001992033,-0.000942422,0.008395,1.23288478,-0.47852126,-0.066147935
2016-07-13,0.009630086,0.013840933,0.003794051,0.017637175,0.000177987,0.012706649,0.041101838,0.012964216,-0.010123004,0.047529607,-0.002995538,-0.008893297,-0.004987542,-0.000435264,0.00854978,1.2371447,-0.46804972,-0.022126111
2016-07-14,0.006550445,-0.009495261,-0.007015514,0.006968636,0.000534103,0.015038051,-0.001679373,-0.009411841,-0.004369957,-0.008105414,-0.002001948,-0.001625518,-0.0010005,0.002463992,0.0084706,1.22998215,-0.52826108,0.121016102
2016-07-15,0.001087337,0.024840874,0.008179882,0.011221515,-0.000534103,-0.002490837,-0.005054641,-0.002366925,0.000486431,0.001016777,0.003667243,-0.00882344,-0.004012041,-0.002463992,0.00831787,1.21003181,-0.60679763,0.138604711
2016-07-18,0.00190045,-0.003390271,-0.014654457,0.000858214,-0.000222613,0.00596707,0.010641288,0.005906725,-0.004875665,-0.006116227,0.002658718,-0.005430898,-0.013151429,-0.001016352,0.00796698,1.16156651,-0.59632609,-0.017407693
2016-07-19,0.004599981,0.007611383,-0.005922265,-0.007748819,4.46e-05,-0.005468516,-0.023106128,-0.014235127,0.000488666,0.001021972,-0.003324504,0.000329959,-0.003059666,-0.001017271,0.00804086,1.20781643,-0.58847244,-0.013257554
2016-07-20,0.002157528,-0.005914391,0.002373089,0.017987594,0.000177987,-0.000498554,0.003415007,0.0,-0.002445627,0.007124712,-0.00099951,0.007232133,0.0,0.000363356,0.00802983,1.20913091,-0.64737485,0.095395398
2016-07-21,0.02527063,0.004228251,-0.003561818,0.00676841,-0.000311456,-0.011537775,-0.006269895,0.009512564,-0.008853882,0.006066753,-0.0087043,0.00327011,-0.027966608,-0.001381779,0.0080296,1.2105505,-0.6735537,0.039642232
2016-07-22,-0.003947675,0.018395282,0.008291306,0.01920719,0.000222466,0.004028154,0.00513281,-0.013103206,0.007874012,-0.007081466,0.00402674,-0.004581206,0.018731037,0.001599798,0.00658558,0.98986688,-0.67224476,-0.001945225
2016-07-25,-0.007145767,0.036604055,0.010560439,0.017220555,8.9e-05,0.002509589,-0.002277922,-0.012062882,-0.007380132,-0.004069182,-0.007394913,-0.009225729,-0.012448294,-0.000145341,0.00659428,0.99117017,-0.64999274,-0.033661307
2016-07-26,0.005562104,0.002393297,0.005528844,0.0,0.000133427,0.002503086,0.006251808,-0.008531412,0.000987222,-0.007161156,0.010738237,0.005611489,0.003126631,0.000871729,0.00658041,0.98882873,-0.69973255,0.073736997
2016-07-27,0.006581823,0.004769479,0.010392761,0.004866302,4.47e-05,-0.006018054,0.005649773,-0.00613879,-0.000987222,0.001026167,-0.015811788,-0.024322483,-0.003126631,0.000580731,0.00615552,0.92715212,-0.66831793,-0.045934187
2016-07-28,-0.001575761,-0.010362965,0.013691083,-0.017136349,0.00057876,-0.007573858,-0.002820863,-0.024938968,0.01665079,-0.002053389,-0.001018049,0.005046495,0.040905498,0.003621945,0.00611015,0.93404528,-0.69449678,0.038423522
2016-07-29,0.022350081,-0.003209893,-0.022923729,0.017944848,-0.000356236,0.01309164,-0.002262662,-0.017834819,-0.000485818,-0.005151995,-0.010578373,0.005688342,-0.007038742,-0.002606477,0.00590314,0.90216058,-0.70496832,0.01496534
2016-08-01,0.0160617,0.004010929,0.00865819,0.00483894,-4.44e-05,0.021282964,0.012380798,0.017834819,0.004847304,0.014359221,-0.012426852,-0.029630493,0.019980685,0.002317204,0.00549418,0.8650029,-0.70627727,0.001855028
2016-08-02,-0.009657027,-0.010462824,-0.013306608,-0.030218716,0.00053383,-0.013807027,0.003907274,-0.024282331,0.005305064,-0.013326696,0.004159569,0.003602424,-0.008941937,-0.001375192,0.00557432,0.87597707,-0.70758621,0.00185158
2016-08-03,0.001020943,-0.011391525,-0.01142199,-0.015037888,-0.001513717,-0.015007738,-0.017421091,-0.014332472,0.009574002,-0.001032525,-0.003812128,-0.004461996,0.011904903,-0.003991399,0.00530238,0.82755317,-0.63428543,-0.109360416
2016-08-04,-0.004602475,-0.001637807,-0.003540868,0.012547169,0.000578974,0.005528987,-0.012550103,0.019493778,-0.012464149,-0.006217637,-0.001389868,0.013835705,-0.018915447,0.001525798,0.00524669,0.81950134,-0.68926101,0.083120965
2016-08-05,0.011466659,0.013838256,0.01058521,0.002490719,0.000712162,0.007490869,0.008004675,0.007692352,0.011033888,-0.003123376,-0.014358484,-0.010573053,0.005012542,0.001886006,0.0046934,0.7320446,-0.71020409,0.029932356
2016-08-08,-0.003807805,0.024751584,-0.004690664,0.002484419,-0.000534032,-0.000497782,-0.020714218,0.005095556,-0.020728648,-0.001043297,0.015400911,0.013283511,-0.033556784,-0.003702719,0.00386046,0.60603212,-0.75209026,0.057303964
2016-08-09,0.00050863,0.016425741,0.011976087,0.00412692,-0.00026704,0.01971465,0.02185253,0.005069723,-0.005862197,-0.011548685,0.002428627,0.01093643,0.002066116,0.000654438,0.00403289,0.63163221,-0.85287883,0.125761142
2016-08-10,-0.009963019,-0.006225622,0.002030547,-0.000823823,0.001067981,0.009713679,-0.007422263,0.0,0.017965961,-0.003172927,0.017857483,0.023156943,0.02042972,0.002758357,0.00360794,0.56345151,-0.82539104,-0.032760224
2016-08-11,-0.0103226,-0.004694729,-0.006103845,-0.014950568,8.91e-05,-0.013135637,-0.008633244,-0.005069723,-0.009185407,0.014721612,-0.00820222,0.001143815,-0.001011634,-0.000435043,0.00377105,0.5927574,-0.86465932,0.046478318
2016-08-12,0.001296033,0.002350175,0.008130141,0.009991653,-0.000356057,0.008776235,0.016624144,0.02757069,-0.001458162,0.001043297,-0.00309327,0.002283842,-0.011196046,-0.000652919,0.00387461,0.61446998,-0.88822028,0.026884196
2016-08-16,-0.008847327,0.00078224,-0.009297161,0.004958915,0.000266909,0.002908379,-0.001706949,0.020795842,0.007752028,-0.014706147,0.005492532,-0.00293729,0.005104656,0.001015468,0.00385406,0.6113045,-0.7965943,-0.10887426
2016-08-17,-0.013154477,-0.003132414,0.007270866,-0.01746413,-0.000400265,0.005791504,-0.003422529,0.016807073,-0.00580838,0.009478744,-0.012401244,-0.009029009,-0.010235504,-0.003194834,0.00381604,0.60365536,-0.80706584,0.013059736
2016-08-18,0.029743885,-0.010248366,-0.009023575,-0.00252001,0.000400265,-0.014054159,-0.002861422,0.010657332,0.006290916,-0.001048768,-0.010102798,-0.007282472,-0.002059733,0.002179366,0.00379943,0.60432421,-0.83062681,0.028775357
2016-08-19,0.018844402,-0.003174902,0.00437637,-0.010993758,-0.000177487,0.003896801,-0.003444277,0.027876391,0.0,-0.001049869,-0.011267835,0.0,-0.006204777,-0.001234456,0.0037939,0.61296626,-0.81884633,-0.014284174
2016-08-22,-0.004551167,0.001588936,-0.003499494,-0.017153171,-0.000445189,-0.001946395,-0.008083175,-0.015003207,-0.013599038,-0.004210533,-0.012470933,-0.015737785,-0.042379223,-0.000726748,0.00431667,0.6813364,-0.73769189,-0.104370191
2016-08-23,0.000253445,0.010264326,-0.004098339,-0.001731331,0.000578349,-0.013239018,0.004049754,-0.01523162,0.003417136,-0.003169575,0.014240002,0.007062385,0.004319661,0.001307858,0.00431884,0.68215185,-0.80052113,0.081736684
2016-08-24,-0.009674343,-0.011853262,0.011085192,-0.005212873,-4.44e-05,0.000493715,0.013761648,0.003535628,-0.002439661,-0.019231362,-0.003541194,0.00133957,0.0,-0.000217877,0.00429181,0.68193692,-0.77957805,-0.026510116
2016-08-25,-0.001023818,0.017337421,0.010963859,0.00780898,-0.00017817,-0.010912809,-0.003422529,-0.001177193,-0.008339497,-0.009756175,-0.001775112,-0.005705591,-0.021787354,-0.000435896,0.00429861,0.68784521,-0.79397642,0.018300951
2016-08-26,-0.0115906,-0.014162519,-0.003737402,-0.006938533,-8.89e-05,0.001993056,-0.007456456,0.003527314,-0.002466133,0.002176279,0.006022948,0.004701131,0.005491502,0.000508527,0.00429078,0.6880488,-0.78219594,-0.014948491
2016-08-29,-0.008063569,0.021944283,-0.008097157,-0.010498556,-0.000712142,-0.022653916,-0.002882664,-0.003527314,-0.002967332,-0.006543099,-0.003893001,-0.020647227,-0.013230623,-0.002108325,0.00445493,0.70863344,-0.78612276,0.005007692
2016-08-30,-0.001829798,0.005411754,0.008673141,0.005263056,-0.000311581,0.005078977,0.01319204,0.002352886,0.000990057,-0.003287674,-0.00177472,0.000512833,0.016511107,-0.000218368,0.00428652,0.68040856,-0.85026095,0.078430339
2016-08-31,-0.004983523,0.001540758,0.005740516,-0.00878733,-0.000712955,0.008072262,-0.006287543,-0.014201317,-0.005457631,-0.001098298,-0.006772344,-0.012901085,0.003269758,-0.002624147,0.00402773,0.66715445,-0.84109835,-0.010834705
2016-09-01,-0.008715293,0.013002334,-0.003727757,0.006159147,-0.000535175,0.007509621,0.002862654,-0.022906413,-0.000995576,0.007662873,0.001072397,0.010162794,-0.012041744,-0.003802517,0.00387277,0.64749446,-0.82931787,-0.014105078
2016-09-02,0.007925956,-0.01069553,0.00572914,-0.000877559,-0.000267611,-0.008515,0.003424889,-0.023443381,-0.00099647,-0.002183407,0.007119832,0.001370015,0.015300845,-0.000366401,0.00387279,0.65415021,-0.81622844,-0.015909253
2016-09-05,0.006296016,0.006888546,0.022872706,0.015679776,0.000312304,0.018440572,0.025317823,0.016099401,0.013369812,-0.001093494,0.006717432,0.004610464,0.024639704,0.001757501,0.00464524,0.76178682,-0.85680566,0.048516858
2016-09-06,0.006516631,-0.001526536,0.013861992,0.001727079,0.000623981,-0.020958674,0.003881473,0.00856272,0.0,0.001093494,-0.006008047,-0.001705129,0.006329135,0.000731266,0.00462908,0.78427675,-0.93534222,0.087701348
2016-09-07,-0.010709458,0.009882101,0.006039014,-0.00086305,0.000830981,0.0,0.011554251,-0.002438968,0.018519027,0.006535971,-0.004262766,-0.013399896,0.023897241,0.003794585,0.00452086,0.76752072,-0.90392759,-0.034163215
2016-09-08,-0.008438766,-0.004548581,0.01034602,0.0,0.000134037,-0.002019326,-0.020448401,0.025317739,-0.002417157,-0.003262646,0.007094575,-0.010780942,-0.005146692,-0.000874396,0.00437435,0.74428886,-0.89738288,-0.007266642
2016-09-09,0.001058666,0.004548581,-0.010893364,-0.003460136,-0.001743301,0.001514653,-0.00111726,0.013010218,-0.007774629,-0.001089918,-0.006738875,-0.000874593,-0.013506699,-0.004236946,0.00428004,0.73061668,-0.84109835,-0.064774019
2016-09-12,-0.030622838,0.0,-0.001918552,-0.017483172,-0.000491886,-0.013204787,-0.026622952,-0.03588899,-0.008819274,-0.009863094,-0.004994548,-0.017296445,-0.036212689,-0.003887558,0.0052306,0.85145665,-0.19840755,-1.444385349
2016-09-13,0.007337919,-0.025278995,0.0,-0.007968176,-0.000134588,-0.00872913,-0.010966898,0.009697053,0.000983823,0.006586193,-0.007899579,0.000355907,0.008639363,-0.000294015,0.00521044,0.87777322,-0.29788718,0.406391576
2016-09-19,0.030139663,-0.001552831,0.004925985,0.000888654,0.000134588,0.004117299,-0.008743683,-0.009697053,-0.007897428,0.019502243,0.0050343,0.003730479,0.005361943,-0.000882564,0.00529625,0.89023203,-0.52040742,0.557897181
2016-09-20,0.003409832,-0.004672791,-0.000546063,0.001774585,0.000134235,-0.001027594,-0.001171863,-0.014724144,0.000495445,0.006417134,0.008215719,0.021053314,0.001068947,7.36e-05,0.005326,0.89692981,-0.52695213,0.012497705
2016-09-21,0.001308351,0.017795677,-0.004105654,0.007067014,-0.000223931,0.011247564,0.015702641,0.011063398,0.0004952,0.004255326,0.002487066,0.006920435,0.009569451,-0.000956804,0.00552503,0.92354343,-0.51648059,-0.020072002
2016-09-22,0.024794787,-0.012346004,0.007922363,0.001759096,0.001833603,0.007596649,-0.000577171,0.004878062,0.013277763,0.004237294,0.013044556,0.006530435,0.019906367,0.005434777,0.0053398,0.96839114,-0.7533992,0.377557525
2016-09-23,-0.005115171,0.005420244,0.009479032,0.003508818,0.0,0.005032968,0.006330968,-0.001217316,-0.000488666,0.005271493,0.006284842,0.01225749,0.001036807,0.001902451,0.00539408,0.97605981,-0.79921219,0.059031247
2016-09-26,-0.003338894,0.000771647,-0.002699075,-0.00702999,-0.000178669,0.007501776,-0.011540892,-0.006108729,0.0,0.005243851,0.001043748,-0.002710917,-0.009370188,0.000511612,0.00540251,0.97869288,-0.69449678,-0.140438954
2016-09-27,0.008454065,0.004618941,0.011821641,0.0,-0.000670731,0.00695153,0.022949976,0.007326046,0.000977094,-0.005243851,0.008655071,0.007100593,-0.005243851,0.000219182,0.00546801,1.02604918,-0.71282198,0.026044186
2016-09-28,0.000254914,-0.007709875,-0.012092033,-0.008857441,0.000759861,-0.006453473,0.0,-0.008552258,-0.007351197,-0.005271493,-0.003107231,-0.001854773,-0.022329476,0.001824651,0.00563365,1.05064469,-0.68009842,-0.046994189
2016-09-29,0.001274549,0.005403071,-0.003520863,0.00620849,0.000357775,0.027991156,-0.002840091,0.030213713,-0.001969487,0.011560822,-0.004505414,0.000674904,0.007498696,0.000437421,0.00553922,1.04315767,-0.74030977,0.084831184
2016-09-30,0.002797691,-0.012393603,-0.026668049,-0.010666656,0.001517533,-0.00680269,-0.006849256,-0.004773283,0.002952729,-0.005238357,-0.018580515,-0.046785196,-0.003206844,0.00581396,0.00594431,1.13405222,-0.507318,-0.377930681
2016-10-04,0.00985757,0.010852845,0.007494692,0.002677259,-0.000892569,-0.00195231,-0.001719737,0.023641782,-0.014851711,0.002098637,-0.002835057,-0.009054529,-0.017279048,-0.004794053,0.00588533,1.13811034,-0.53742368,0.057648733
2016-10-05,0.00751674,-0.005411754,0.000552922,-0.006258266,-0.001116687,0.000488435,-0.013283537,0.012768582,-0.030382086,-0.008421102,-0.012138469,-0.014913602,-0.0468313,-0.004597792,0.0062362,1.20855044,-0.52957002,-0.014721365
2016-10-06,-0.004503344,0.005411754,-0.013635754,-0.003593998,-0.000625913,-0.008827777,0.001162124,0.00804149,-0.002058687,0.0,-0.014107722,-0.010189492,-0.009174376,-0.002270074,0.00629856,1.22104582,-0.54396839,0.026825744
2016-10-07,-0.005279732,-0.006187321,-0.00308683,0.0,0.00026838,-0.002466267,-0.015803605,0.010244749,-0.011399112,-0.01169604,-0.026953915,-0.03574451,-0.0304117,0.000806141,0.00602667,1.16907448,-0.49030174,-0.103870141
2016-10-10,-0.017033561,0.023007236,0.00084255,0.00806812,-8.96e-05,0.007380085,0.012895795,-0.018286239,0.009336179,0.01169604,0.010794841,0.014115189,0.026949493,-0.001686309,0.00623941,1.26033749,-0.46019606,-0.063368381
2016-10-11,-0.002053417,0.017287288,0.002524321,0.002675113,-0.001297424,0.012180525,0.004648502,0.021677964,-0.005695084,0.008421102,-0.002966207,-0.007315049,0.003462208,-0.005592346,0.00623566,1.25479309,-0.33061075,-0.330710915
2016-10-12,-0.006961418,0.0,0.001958753,0.001779201,0.000492581,-0.009243457,0.008083175,-0.001129223,-0.003120097,-0.004201687,0.008872519,0.004320434,-0.012753796,0.00199038,0.00623565,1.29685502,-0.42354567,0.247719646
2016-10-13,-0.01617146,-0.009734212,-0.018623547,-0.008032118,0.001341352,-0.012789297,-0.018572926,-0.019395973,0.006230591,-0.006335818,-0.011103025,-0.018158193,0.002331003,0.004335494,0.00648545,1.31439584,-0.3659522,-0.146158624
2016-10-14,0.01072314,0.003005223,-0.005999021,0.01158153,0.000223467,0.005923,-0.004109049,0.013730204,-0.006751589,-0.012793351,-0.001862479,-0.008241497,-0.008182395,-0.000366696,0.0056412,1.14525599,-0.507318,0.326635302
2016-10-17,0.000260169,0.014152886,-0.001433668,0.0,-0.001251576,0.008819344,0.003523084,-0.005698054,-0.000521167,-0.00645858,-0.002239831,-0.020022223,0.0,-0.005885389,0.00563301,1.14380103,-0.44972452,-0.120502808
2016-10-18,-0.003647571,0.029156723,-0.004601558,0.007939937,8.93e-05,0.015489306,0.023748652,0.004561015,0.002603431,0.002157498,0.006332816,0.01597248,0.010507978,0.000811314,0.00588751,1.17153706,-0.5321879,0.168361405
2016-10-19,-0.008388216,0.006444596,-0.010723402,-0.001759096,0.00022351,-0.001923213,-0.001145484,0.007932032,0.003633535,-0.007571697,-0.007080404,0.003664705,-0.004656586,0.0,0.00588079,1.17213766,-0.56752935,0.064295844
2016-10-20,-0.010318675,0.004983951,-0.001166065,0.003514985,-0.00013405,0.010055011,-0.0005732,0.00112806,0.008256036,0.001085187,-0.004873618,-0.015522217,0.003494471,-7.37e-05,0.00569531,1.13527714,-0.60679763,0.066902876
2016-10-21,-0.004531646,0.005665665,0.000874625,-0.000877559,-0.000760457,-0.004775473,0.003434623,-0.010198313,-0.005151978,-0.004347833,-0.00414214,-0.000586916,-0.01169604,-0.000958967,0.00541414,1.08495091,-0.62904965,0.036014847
2016-10-24,-0.011554601,0.023037743,-0.002042189,0.003505742,-0.000224128,-0.000957816,0.001141942,0.005678528,-0.001033649,0.0,0.008641796,-0.010819235,0.00936775,0.000663998,0.00534854,1.07018548,-0.67878947,0.076100832
2016-10-25,-0.001081793,0.001379342,0.021953442,-0.002628184,-0.000402821,-0.000958841,0.002280587,0.004519785,0.002582022,0.009756175,-0.024618033,-0.023210423,-0.004672906,-0.002215044,0.0053455,1.07153397,-0.70235044,0.034121461
2016-10-26,0.004050117,-0.020188852,-0.012940498,-0.016807172,4.49e-05,-0.022799813,-0.016652714,-0.015909383,0.006169625,0.003231021,0.001532754,0.006858998,0.007001195,0.001772427,0.00522355,1.03930688,-0.60156186,-0.154903109
2016-10-27,0.033910785,-0.000703349,0.003178776,0.004450589,-0.000493,0.0,0.00057891,-0.008050625,-0.005654101,0.004291852,0.011419851,0.023446331,-0.004662013,-0.003844237,0.0052863,1.04498058,-0.64213908,0.065275543
2016-10-28,-0.002608388,-0.005645773,0.003168433,-0.006236085,-0.000851715,-0.000490832,-0.010471237,0.003458191,0.0,0.010649728,-0.017564237,-0.042115618,0.003498546,-0.004677209,0.00509404,1.000427,-0.62250494,-0.031053352
2016-10-31,-0.01951522,0.01055975,0.0,-0.008075359,0.000314015,-0.008380672,-0.002928315,-0.017411916,0.009235582,0.007387896,-0.012403206,-0.024887275,0.016166634,0.00356566,0.00480104,0.95455899,-0.44187087,-0.342733874
2016-11-01,0.002393914,-0.011976112,-0.005190047,-0.003610216,-0.000627962,0.00641504,0.0,-0.01415119,-0.001021929,0.011500388,0.002726154,0.005862557,0.0,-0.004384584,0.00478723,0.9680778,-0.4183099,-0.054795145
2016-11-02,-0.022841169,-0.014994808,-0.006089685,-0.021938801,0.001076121,-0.007405699,-0.009428471,-0.01074641,0.012700205,-0.002081166,-0.014495725,-0.030523692,0.024888162,0.00371699,0.00466549,0.93790602,-0.09631003,-1.468650078
2016-11-03,-0.001360177,0.003590495,0.000581609,0.004610452,0.000313441,0.006421487,0.007667273,-0.006020522,0.005537403,0.009331327,0.012938771,0.018975041,0.00334635,0.000964159,0.00482295,0.9601872,-0.13688725,0.351585127
2016-11-04,0.006240723,-0.000717068,-0.004954152,0.016423678,-0.000134284,-0.008405535,0.001761198,-0.012150768,-0.003520244,0.005146692,-0.001559382,-0.0019026,-0.013453118,-0.001632198,0.00435262,0.87179794,0.05552731,0.0
2016-11-07,0.016631292,0.002149664,0.010462228,0.007213703,-0.000492864,0.022583262,0.018018463,-0.002447984,-0.007077883,0.027343476,-0.003126167,0.010105487,-0.007932053,-0.00029705,0.00438366,0.86358075,-0.03740761,0.0
2016-11-08,0.000797832,-0.002149664,0.004614763,0.008053802,0.000403248,0.000970256,0.001151419,0.001224771,-0.005596567,0.000998502,0.004685549,0.010211572,0.005672165,-7.43e-05,0.0043341,0.86224318,-0.19186284,1.634906582
2016-11-09,-0.031045856,-0.013723532,-0.031275331,-0.023445658,0.001298612,-0.034035128,-0.027414983,-0.016039868,0.028666802,0.0275608,-0.010180121,-0.041703565,0.033373509,0.004964232,0.00477035,0.9339172,0.16678743,0.0
2016-11-10,0.017127032,0.042710973,-0.035664017,0.022553894,-0.00237472,0.027710595,0.037718458,0.02335692,-0.023070235,0.071191101,0.022953702,0.075342432,-0.005485477,-0.014142421,0.00614193,1.08560983,-0.49161069,0.0
2016-11-11,-0.013022497,0.018640494,0.001229963,0.004450589,-0.001481301,-0.005382773,0.021966519,-0.009768035,-0.018950681,0.026763417,-0.017850775,-0.007647466,-0.002202644,-0.009717221,0.00614735,1.09318017,-0.38558634,-0.242921986
2016-11-14,-0.003282324,-0.019337766,-0.007093363,0.001774585,-0.00269897,0.00733318,0.006663169,-0.01857643,-0.0363293,-0.026763417,-0.006284274,-0.008520935,-0.08031838,-0.008742953,0.00697539,1.18177612,-0.1630661,-0.860609497
2016-11-15,0.000274109,-0.00139531,-0.015281693,0.006186482,-0.001081867,0.00872931,0.009911655,0.00374302,0.006946295,-0.020092,0.001574819,-0.016020145,-0.013229297,-0.000458268,0.00670364,1.13633801,-0.22982217,0.343150196
2016-11-16,0.016030712,-0.007007995,0.011871466,0.002639627,-0.00212168,-0.000966038,-0.001096499,0.025815806,0.004250832,0.002763705,-0.000787011,0.014592648,0.007237667,-0.000534912,0.00683556,1.14916054,-0.39998471,0.554120485
2016-11-17,0.005644217,-0.01630625,-0.005918264,-0.005286479,-0.000180611,-0.007763272,-0.006604235,-0.012210173,-0.005316317,-0.016697976,-0.007905167,-0.00552422,-0.008449054,-0.002219057,0.00697435,1.16322735,-0.51124482,0.245422254
2016-11-18,-0.008072906,0.008540765,-0.008470409,-0.023235875,-0.000361574,-0.01225205,-0.005536956,-0.003692284,-0.019376301,0.00838384,-0.002384081,-0.020940046,-0.020821328,-0.004299117,0.00714808,1.20078197,-0.5596757,0.090508934
2016-11-21,-0.017719063,-0.013556961,0.013456416,-0.024715235,-0.000180878,-0.002963065,-0.008363743,0.020745027,0.008658014,0.022019238,-0.015634508,-0.019463104,0.003705996,0.000999672,0.00711848,1.1955508,-0.54004156,-0.035711409
2016-11-22,0.015825698,0.000718098,0.000621625,0.0,-0.000135807,0.016188786,0.024337466,0.037919266,0.00430111,0.017094433,-0.000404036,-0.000213555,0.00981603,0.000537871,0.00748769,1.23032948,-0.67224476,0.218976401
2016-11-23,-0.003797182,0.019900998,0.004030263,0.001851625,-0.000814383,0.005822522,0.006536147,-0.017595747,-0.00699865,-0.005366739,-0.006895247,-0.028390849,-0.011049836,-0.000691602,0.00743349,1.22023897,-0.75078131,0.110491911
2016-11-24,-0.002448512,-0.002113419,-0.000618833,-0.010227732,-0.0012681,-0.023000877,-0.003807516,0.002364127,-0.023504793,0.050710165,-0.008994608,-0.00661656,-0.022472856,-0.004159626,0.00737695,1.20804428,-0.72852929,-0.03008658
2016-11-25,0.003535006,-0.004240285,0.0027825,-0.003745178,0.000362358,0.00197838,-0.004916637,-0.013072179,-0.001660654,-0.00770222,0.005324752,0.007934669,0.005037794,0.000694484,0.00732088,1.20686459,-0.71674881,-0.016302386
2016-11-28,-0.005170911,-0.006394432,0.000617186,0.002810182,0.000905742,-0.00594648,0.006550095,-0.015672396,0.007726305,0.016191236,-0.000408493,-0.007934669,0.024815169,0.001002292,0.00731434,1.20962569,-0.68140736,-0.050565138
2016-11-29,0.008963865,-0.002854765,-0.000926141,0.0,0.00122141,0.0039681,-0.007098121,0.008469537,0.001647883,-0.036148514,0.018624109,0.004636263,-0.008615438,0.001770769,0.00731433,1.21161073,-0.65784639,-0.035188852
2016-11-30,0.002700552,0.008540765,0.002467587,-0.008454603,0.000677814,-0.00496259,-0.014348875,-0.01212137,-0.00384933,-0.015011319,-0.005228295,0.006805096,0.002469137,0.000230747,0.00718183,1.18822289,-0.67878947,0.031339566
2016-12-01,-0.000539639,-0.002128413,-0.003394296,0.002826256,-0.000994132,0.01285208,0.008854707,0.060337598,-0.009410512,0.024605811,-0.010539316,-0.008127563,-0.007425777,-0.006403595,0.00716511,1.17899195,-0.66046428,-0.027367978
2016-12-02,-0.007583882,0.002128413,0.001852849,-0.002826256,-0.000407241,-0.00788949,-0.007743522,0.0,-0.002784787,-0.013986242,-0.013125553,-0.016007543,-0.00498133,-0.003023134,0.00725033,1.22909857,-0.58847244,-0.115412948
2016-12-05,-0.005999442,-0.004973328,-0.002780854,-0.024834235,0.000361887,0.000495072,0.012689623,0.020455331,0.003340728,0.015720848,-0.002894478,-0.015356997,0.011173301,0.006268633,0.00705741,1.19635466,-0.63166754,0.070833117
2016-12-06,0.013313395,-0.003567437,0.008932724,0.009624764,0.000587661,0.021537683,0.040821976,0.010072758,-0.007252439,0.007768705,0.008657871,0.009738446,0.004926118,0.0,0.0073694,1.22687376,-0.74554554,0.165753007
2016-12-07,-0.009491447,0.019115403,-0.012652356,-0.001917698,0.000236149,0.000484179,0.006295975,-0.011198279,0.000559785,0.007708818,-0.007002818,-0.022334657,-0.004926118,-0.001080683,0.00708723,1.17896235,-0.82539104,0.101741043
2016-12-08,0.024493165,0.032427718,0.031185478,0.025581774,9.11e-05,0.02107379,0.026324261,-0.009049843,0.006136713,-0.01634445,0.007413431,0.005516108,0.023185907,0.002237264,0.00636938,1.01770659,-0.82539104,0.0
2016-12-09,-0.001330281,-0.006812073,0.007796322,0.002802496,-0.00027259,-0.004750938,-0.008184126,0.011299509,-0.007816899,0.0,0.013450325,0.017719509,-0.010915815,-0.002855261,0.00637492,1.06779457,-0.80444796,-0.025700984
2016-12-12,0.006634,0.010200787,0.004470275,0.008360233,-0.000136407,-0.002861118,0.005633525,0.033152288,-0.009574821,0.004327138,0.000809397,0.018958973,-0.007343974,-0.004569953,0.00555662,0.92592579,-0.80313902,-0.001628453
2016-12-13,0.023782593,-0.013624208,0.004450381,-0.001851625,0.001135175,0.009032528,-0.011299517,-0.010929133,0.003953689,-0.022708399,0.00926128,0.028533002,0.012210164,0.004724503,0.00553913,0.92380009,-0.86335037,0.072292775
2016-12-14,0.011810206,0.0,0.000591798,0.001851625,0.001632122,-0.009510125,-0.003622128,-0.007722025,-0.000563888,-0.00531445,0.004798136,-0.003657217,0.002424244,0.00493292,0.00544102,0.90797723,-0.87382192,0.012056003
2016-12-15,0.015700506,-0.003435181,-0.000591798,0.02286361,-0.001405494,0.017053888,0.006201615,-0.003327765,-0.015345644,0.009721685,0.005172132,0.012635606,-0.018326719,-0.003543101,0.00519201,0.87181737,-0.90916336,0.03964819
2016-12-16,0.006261588,0.022457443,-0.013711244,-0.003623175,0.000544354,-0.011336988,-0.018721431,-0.004454354,-0.009205997,-0.005291018,-0.005970314,-0.000425855,-0.040257008,0.002543045,0.00500876,0.84573275,-0.92487068,0.01712913
2016-12-19,-0.007518729,-0.005398055,0.008368336,-0.005459649,0.000362822,0.000949525,-0.006319245,0.015504144,0.007486323,-0.021448543,-0.004400841,-0.006621771,0.003843695,0.000307816,0.00498014,0.84394135,-0.87774874,-0.052293543
2016-12-20,-0.00960587,0.001352296,0.002971791,0.0,-0.000408068,-0.00332771,0.003691072,-0.007722025,-0.004024149,-0.020995751,-0.001203533,-0.00990738,-0.014166367,-0.000538741,0.0047654,0.80476211,-0.91047231,0.036603107
2016-12-21,0.013873487,-0.004062194,0.002371118,-0.007326005,0.000408068,0.009007151,0.016184205,0.017563583,0.000575903,0.006436804,-0.004425719,-0.005643602,0.011605546,0.004684952,0.0047662,0.80585181,-0.90392759,-0.007214229
2016-12-22,0.005994003,-0.004078956,-0.005342909,-0.005529972,0.000453279,-0.00047217,-0.005191911,-0.010940983,-0.006352908,-0.011987234,-0.001614131,-0.010943452,-0.015504187,-0.000843218,0.00483436,0.81855011,-0.90261865,-0.001449108
2016-12-23,0.007195319,-0.006835354,0.006230613,0.000923768,0.00049784,0.005180192,-0.002606377,0.002197751,0.001158142,0.011070224,0.008445468,0.015720845,0.0,0.001838832,0.00486566,0.82798852,-0.90261865,0.0
2016-12-26,-0.013439806,0.000685797,0.002658256,0.004606205,-0.000271824,-0.002822194,-0.021097794,-0.004400451,0.021185963,-0.002756088,0.004794125,0.009486856,-0.005221944,-0.001148874,0.00487625,0.8457316,-0.86596826,-0.041451893
2016-12-27,0.0059955,-0.003433016,0.005295683,0.003669773,0.000407625,0.007508258,0.006376326,0.00659349,-0.01196936,-0.010171146,-0.00159537,0.000214726,0.003919012,7.66e-05,0.00486631,0.8437183,-0.84895201,-0.019845597
2016-12-28,0.007197001,0.007537081,0.004391884,0.009115881,0.000271545,0.011619723,0.008963724,0.011976173,0.001718689,0.015675747,0.008348459,0.037064432,0.006497749,0.002907638,0.00513755,0.88541792,-0.8856024,0.042265432
2016-12-29,0.011555042,-0.011672162,0.014789293,-0.001816553,0.00117635,0.002768798,0.001049326,0.004319664,0.005138526,0.0,-0.006753089,-0.00206933,0.009026496,0.002137118,0.00509859,0.88093487,-0.84764306,-0.043808464
2017-01-02,0.009487948,-0.002766218,0.013154197,0.007246495,-0.000768834,0.003679914,0.016641048,-0.005402529,0.013574848,0.003652972,-0.015666001,-0.009366379,0.002564104,-0.000228759,0.00483575,0.85587537,-0.82539104,-0.026602365
2017-01-03,0.009158924,0.012388211,0.018576566,0.010771923,0.001039818,0.020000772,-0.004134342,0.012917305,-0.006198963,0.002730999,-0.00162058,-0.00041838,-0.003848626,-0.000381381,0.00488336,0.86737158,-0.88298451,0.067450396
2017-01-04,-0.016449358,0.004776596,0.007777765,0.022076185,-0.000677936,-0.00180183,-0.002592863,-0.015086558,0.005074673,-0.010050336,0.0,0.011647504,0.016571444,-0.002291343,0.00460694,0.82029062,-0.92748856,0.049172802
2017-01-05,-0.000975897,-0.02341709,0.004141802,0.009560808,0.00090384,-0.008603184,-0.013591342,0.007571782,0.011185873,0.027175585,0.010086838,0.012126259,0.012562979,0.002748982,0.00451417,0.80133685,-0.89869182,-0.031540288
2017-01-06,0.008750482,0.008327688,-0.008301157,0.000864776,0.000406583,0.004084404,0.006295975,0.002152802,0.0,-0.014401689,0.001604419,-0.004914967,-0.008777486,0.001143122,0.00373309,0.67816757,-0.91439914,0.017326999
2017-01-09,0.019413452,-0.003461143,-0.00361841,-0.005199323,-0.001627074,-0.000906372,-0.011043949,0.004291855,-0.002784787,0.001811595,-0.018200882,-0.013226247,0.002515725,-0.007569088,0.00384635,0.69683808,-0.89738288,-0.018784556
2017-01-10,-0.010258841,-0.002083002,0.008607395,-0.002609658,0.000361614,-0.008192911,0.003694906,-0.018369007,0.010541056,0.006314861,-0.003679903,-0.013403278,0.007509422,0.002988616,0.00378079,0.68488132,-0.91832596,0.023069788
2017-01-11,0.01428576,0.009682078,-0.008328813,0.040961157,0.000135719,0.027942411,0.054843363,-0.015384877,0.001654244,0.02311214,0.005718751,0.003157624,0.007453451,-0.001071831,0.00448795,0.79722812,-0.86335037,-0.061731804
2017-01-12,-0.009023974,0.005490678,-0.001674106,-0.003350014,0.001536495,0.005319047,0.009431788,0.012108001,0.007136972,-0.002639685,0.004876124,-0.01503462,0.001236859,0.004356657,0.00447464,0.79545435,-0.77957805,-0.102067788
2017-01-13,-0.006461711,-0.007557504,0.010279374,0.014987691,-0.000632482,0.000441922,0.005911273,0.014123032,-0.00548546,0.007898242,0.014487225,0.007015909,-0.006199648,-0.00175569,0.00448034,0.79473771,-0.91963491,0.165223943
2017-01-16,-0.022336252,0.021829075,0.000552617,-0.007465655,-0.000361406,-0.003097958,-0.003937041,-0.005408373,0.00548546,0.012163486,0.002792679,-0.00021179,0.01113184,-0.001605658,0.00415541,0.7391731,-0.80968373,-0.12733304
2017-01-17,0.0,0.013405043,0.007156752,0.029534353,0.000225978,0.001328998,-0.002468516,-0.004347836,0.00871471,-0.016543695,-0.003192372,-0.009795561,0.004907985,0.001529253,0.00408842,0.72705413,-0.80837479,-0.001617915
2017-01-18,0.006606982,0.004649496,0.004924766,-0.002428006,-0.000316518,-0.009339697,-0.005452139,0.0,0.003248482,0.001754386,-0.006013306,0.000855563,0.010955679,-0.001758852,0.0038138,0.67881581,-0.75078131,-0.073911389
2017-01-19,0.001705834,-0.003983971,-0.012910589,-0.01059072,-0.000768744,-0.002236597,0.016757243,-0.013158095,-0.009231651,0.0,-0.000804333,-0.005144649,-0.010955679,-0.004218622,0.00400921,0.71635598,-0.71020409,-0.055562032
2017-01-20,-0.009541235,-0.001997906,-0.00916545,-0.009049972,0.000135995,-0.013979924,-0.011799516,-0.005533971,0.004354856,-0.011458918,0.007616777,-0.00409184,0.002444989,0.003376308,0.00392581,0.69965334,-0.68926101,-0.029932356
2017-01-23,0.006370894,-0.014099194,-0.012917777,-0.001654113,0.001129945,0.00317391,-0.003467862,0.009939268,0.00811476,0.018445846,-0.001998731,-0.012595269,0.009720611,0.000382958,0.00390693,0.70204676,-0.6643911,-0.036749042
2017-01-24,0.003170341,-0.001353115,-0.015667611,-0.011657281,0.000135488,-0.000452828,-0.000496611,-0.001099425,-0.001078121,-0.001742161,0.002397927,-0.011870684,-0.002421309,0.002752916,0.00400517,0.72041446,-0.71936669,0.079500246
2017-01-25,0.003160422,0.017450215,-0.019131136,-0.008410296,4.5e-05,-0.000906372,-0.018036455,-0.003305872,-0.01302948,0.022414732,-0.011240513,-0.012013645,-0.009744291,-0.003212483,0.00419103,0.7500118,-0.76779757,0.06515489
2017-01-26,0.016847504,0.013875331,-0.000585457,0.037302156,-0.001581928,0.009474539,0.011060849,0.002205129,-0.006579015,0.005102052,0.0,0.005802295,-0.006138755,-0.005300136,0.0038782,0.70004186,-0.83717152,0.086502854
2017-01-31,0.008318593,-0.000656445,-0.035164448,0.000813431,0.000542852,-0.022707401,-0.012072431,-0.011074373,0.008762329,-0.019700851,0.00161357,-0.000445022,0.018304355,0.003306295,0.00405073,0.72963961,-0.71413092,-0.158962665
2017-02-01,-0.001421246,0.009800787,0.005444725,0.004866302,0.0,0.014592062,0.017060186,0.001112994,0.001089979,0.017153079,-0.000403148,0.018745637,0.017975319,-0.000844772,0.00430873,0.76711749,-0.77041545,0.075863608
2017-02-02,-0.020836523,-0.002604319,-0.013667624,-0.020433889,0.000271105,0.006767431,-0.011005872,0.012161548,0.008676795,0.001699236,-0.015850648,-0.000437037,0.009456335,0.001381922,0.00429551,0.76918607,-0.75601708,-0.018865946
2017-02-03,0.00651315,0.00520169,-0.001224157,-0.00082631,-0.00022607,-0.015405717,-0.011127868,0.002195446,0.0,-0.024056143,0.008160057,-0.00438125,-0.014218249,-0.002227408,0.00439636,0.78408257,-0.79266748,0.047339846
2017-02-06,-0.01087897,0.007108292,-0.009846127,0.034122049,0.000678057,0.0,-0.008684755,0.006557352,0.00699499,-0.00873368,0.00728728,0.008743215,0.011862535,0.002610954,0.00438637,0.80281716,-0.78874065,-0.004966255
2017-02-07,-0.014938295,-0.004517559,0.017471691,-0.003199825,0.000315984,-0.015646977,-0.009796336,-0.014262377,0.00588081,0.005249356,0.006433448,0.007804114,0.007050558,0.001838973,0.00439154,0.88969057,-0.82146421,0.04065081
2017-02-08,0.014452126,-0.000646917,0.006662528,-0.007237943,0.000180865,0.005550515,-0.009370257,-0.016713576,0.002129836,0.010416761,-0.010070677,-0.007586437,-0.001171646,-0.001148962,0.00434197,0.87955572,-0.87382192,0.061788232
2017-02-09,-0.00805783,0.010302507,-0.001812617,0.004027521,0.000541728,0.005519674,0.011440788,0.004484316,0.00530514,-0.000863931,-0.006091358,-0.006548847,0.003510829,0.002831661,0.00433183,0.95412753,-0.92487068,0.05677732
2017-02-10,-0.023063393,0.007658065,0.000906826,0.00481156,-0.001219448,0.021330413,-0.001034975,0.006689048,-0.013852152,-0.004330886,0.005281577,0.002406241,-0.011751017,-0.004058617,0.00344762,0.76124026,-0.99424463,0.072329361
2017-02-13,0.008493488,-0.00318391,0.006924579,0.007968211,0.000271126,0.008495574,0.01947795,0.012148116,0.005350451,0.053244515,0.011681658,0.001964476,0.01641303,0.001303594,0.00420676,0.89930911,-0.98115521,-0.01325262
2017-02-14,-0.013775979,0.005089275,0.011336533,-0.003179691,0.000406594,-0.005357139,0.011607612,-0.012148116,-0.003742318,0.002466092,-0.000400565,-0.000217979,-0.001163467,0.001072323,0.004153,0.90750801,-0.98377309,0.002664608
2017-02-15,-0.002778012,-0.012771309,0.014431194,0.003179691,-4.53e-05,0.007136526,0.007498007,-0.006689048,-0.003218856,-0.022416879,0.006787785,0.024772266,-0.001164822,-0.001685596,0.00415487,0.93898068,-1.02042348,0.036577726
2017-02-16,0.022259312,-0.00580103,0.010181942,-0.003179691,-4.52e-05,-0.013873761,-0.009004451,0.001117971,0.008560732,-0.002522069,-0.003987107,-0.003196652,0.008125407,0.000613273,0.00413115,0.93823592,-1.0269682,0.006393249
2017-02-17,0.015462185,0.008368392,0.005771926,-0.001593806,9.05e-05,0.004047766,0.002008166,-0.010106804,0.0,-0.009302393,-0.000399694,0.004897482,0.00230947,0.000919205,0.00414329,0.96867231,-1.04267551,0.015179049
2017-02-20,0.005828068,-0.007076464,-0.005771926,-0.026668105,-0.000180865,-0.012646956,-0.007045757,0.013453129,-0.000532832,0.003392709,0.003590881,-0.01024788,-0.005783706,-0.00314405,0.00413326,0.96372359,-1.02304137,-0.019010089
2017-02-21,0.003384145,0.006434992,0.00346707,0.029852859,-0.000496855,0.004987794,0.013543935,-0.002229602,0.000532832,0.0,0.0019891,0.007269548,-0.002322881,-0.001460385,0.00410993,0.96350078,-1.04529339,0.021517676
2017-02-22,-0.001690591,-0.001283817,-0.00404629,0.010280931,-0.000678264,0.001807229,0.001991055,0.0,-0.002133348,0.000846382,0.003966812,-0.006197227,0.00464038,-0.003158583,0.00411054,0.96456467,-1.08194378,0.034461618
2017-02-23,-0.009715922,0.001283817,-0.004062455,0.000786456,0.000497444,-0.001355216,-0.008990957,-0.003353807,0.003198371,-0.011915035,0.002767285,0.00321042,-0.003478264,0.003158583,0.00407853,0.95297374,-1.07278119,-0.0085047
2017-02-24,-0.024460742,-0.003856042,0.005798838,-0.01345492,0.001310014,-0.012739121,-0.024893363,0.006696404,0.011114161,-0.01119254,0.018772469,0.006601943,0.013841051,0.003455297,0.00396926,0.92534495,-1.02042348,-0.050036802
2017-02-27,-0.003005952,-0.027416832,0.002021614,-0.007197104,-0.00013548,0.000915498,0.007175647,-0.002227119,0.005249339,-0.002600782,0.000387375,0.003178955,0.011389645,-0.001457412,0.00380326,0.89120209,-0.96413895,-0.056737573
2017-02-28,0.003005952,0.016409903,-0.003468208,0.000802121,0.000180356,0.00774672,0.008645008,0.001114125,-0.004197306,0.00778214,-0.003491793,-0.003815759,-0.004540303,0.002223651,0.00364776,0.85873347,-0.96152107,-0.002718945
2017-03-02,0.001749213,0.018065231,-0.0204744,0.016700363,-0.000857694,0.002719747,0.012578665,-0.006703886,-0.005271477,0.016232736,-0.016458125,-0.010033154,0.00113701,-0.005606968,0.00328392,0.78865547,-0.97330155,0.012177473
2017-03-03,-0.00902922,-0.007058302,-0.029387578,-0.026369959,-4.53e-05,-0.008638286,-0.016637433,-0.01127403,-0.012230893,-0.017956874,-0.022777982,-0.0129565,-0.032335381,-0.000616391,0.00468308,1.00875547,-0.91832596,-0.058141548
2017-03-06,0.027582934,-0.007757072,0.002431514,-0.009764121,-0.000677744,-0.007332867,-0.00458624,0.006779637,-0.001070724,-0.00345722,-0.0032389,-0.002175846,0.003514942,-0.002932998,0.00460995,1.01989004,-0.87774874,-0.045192024
2017-03-07,0.002203229,0.009044284,0.006656552,0.012190163,-0.000904794,0.010068737,0.002550601,0.002249666,-0.004294184,-0.007822726,0.002429977,0.003044878,-0.005865119,-0.00348446,0.00456542,1.01392472,-0.88952923,0.013331988
2017-03-08,-0.004166169,0.015316171,-0.001810904,-0.00323607,-0.000144809,-0.002279523,0.008623081,-0.005633739,-0.005393739,-0.009644967,0.007255242,-0.010478214,-0.011834458,0.000775327,0.00457637,1.0841342,-0.87513086,-0.016318938
2017-03-09,-0.002704813,-0.005716109,0.003016614,0.002428006,-0.000363209,-0.010091832,-0.009132971,-0.028655306,-0.010328921,-0.02137214,0.007202893,0.000438936,-0.020445691,-0.000310022,0.00481667,1.11318364,-0.78874065,-0.10393587
2017-03-10,0.014423758,0.006981781,0.004208044,0.008051616,-0.000135964,-0.003232537,-0.005109608,-0.01996536,-0.00383247,0.000899685,0.00039847,0.005904785,-0.010995835,0.0,0.00479024,1.11731696,-0.95759424,0.19398658
2017-03-13,0.015175489,0.029908914,-0.001500942,0.019849903,0.001269483,0.010582145,-0.009263974,-0.028882896,0.007650307,0.014285957,0.006753089,0.001089615,0.001227747,0.000852436,0.0049411,1.14412141,-0.95366741,-0.004109155
2017-03-14,-0.007920318,0.012808857,0.012834232,0.001571058,0.000498288,0.000457695,-0.002588774,0.006086421,-0.004364466,0.004422829,-0.001188543,-0.011391146,-0.001227747,0.001702817,0.00422751,0.97889823,-0.90000077,-0.057919365
2017-03-15,-0.012365211,0.001816615,-0.008039408,0.004698419,4.54e-05,0.006383816,-0.000518572,0.002424245,0.00109285,0.00615928,0.00474519,-0.014200302,-0.003692312,0.001391,0.00422736,0.98181914,-0.86465932,-0.040060039
2017-03-16,-0.001220723,-0.00302967,0.008039408,0.039070546,0.001584044,0.016231146,0.029135837,0.007237614,0.016788998,0.013937508,-0.006331878,0.008234104,0.032750046,0.007846214,0.00511258,1.13734037,-0.87905769,0.016514947
2017-03-17,-0.016252534,0.009662044,0.000889144,0.000751118,0.000451968,0.00267986,0.006527842,-0.009661859,0.003752348,-0.007815932,0.006725928,-0.006894301,-0.008388306,-0.000229898,0.0051144,1.13808315,-0.88167557,0.002973627
2017-03-20,0.000248286,-0.013309289,0.010316934,-0.015891533,0.00076807,-0.000892423,0.003497198,-0.007308199,0.003738321,-0.00087222,-0.001578283,-0.007166627,0.007194276,0.0,0.00510204,1.14610419,-0.81753738,-0.075527527
2017-03-21,-0.001738887,-0.008562937,0.036283953,0.014389037,9.05e-05,0.019452333,-0.010529099,0.006093839,-0.005344836,-0.012291639,0.0,0.006720137,-0.009603915,7.66e-05,0.00507777,1.1458211,-0.69973255,-0.155598436
2017-03-22,0.004465462,-0.019851603,-0.0033993,-0.025896706,-0.000316026,-0.01855991,-0.028113206,-0.013455841,0.009600085,-0.007982304,0.007867849,-0.002682691,0.014371505,0.002984271,0.00510004,1.14714548,-0.63166754,-0.102334979
2017-03-23,-0.002974861,0.014308102,-0.013427223,0.006920708,9.03e-05,0.000445962,0.004654844,0.00858378,0.002650456,0.007098521,0.004691219,-0.003812893,-0.005963047,-7.64e-05,0.00512188,1.15613145,-0.68533419,0.081543376
2017-03-24,0.013072313,-0.001854625,-0.003457082,0.004586961,4.49e-05,-0.003573082,-0.010373488,-0.012285176,-0.001589389,0.0,0.008156874,0.004036718,0.005963047,-0.001682442,0.00511219,1.15445365,-0.73638295,0.071843708
2017-03-27,0.006837525,-0.016848965,-0.008986816,-0.022368778,0.000587165,-0.007635282,-0.013120417,-0.002475251,0.013691566,-0.010666768,0.005016287,0.009356236,0.018846259,0.002369923,0.00511442,1.15222421,-0.65653745,-0.114770559
2017-03-28,0.005339792,0.001257801,-0.004377647,0.002337414,0.000180635,0.019201375,0.007368571,0.007407447,-0.007349112,0.008896856,0.0,0.006189209,0.006976772,-0.000840319,0.00519822,1.20854528,-0.75078131,0.134134674
2017-03-29,0.012748046,-0.005041082,-0.017109708,0.000777891,-0.000316008,0.009683079,0.013024289,0.002457006,-0.002637768,0.014072352,-0.007728003,0.000881178,0.001158078,-0.000993955,0.00518745,1.20698466,-0.84240729,0.115149204
2017-03-30,-0.000956295,-0.00633712,0.001189507,-0.007023107,0.000586649,0.001313291,0.00413239,0.014616593,0.000528048,-0.002623526,-0.005055301,0.0,0.004618946,-0.00114817,0.00518748,1.20954216,-0.88822028,0.052956161
2017-03-31,0.0,-0.001908822,0.011229537,0.0,-4.53e-05,0.010876667,0.011786058,0.013213386,-0.008483566,0.006980831,-0.003123813,0.010512465,-0.002306806,0.001759929,0.0039562,0.92741697,-0.90654548,0.020421425
2017-04-03,0.021068406,0.002544227,-0.00707758,0.003127484,-0.000180176,-0.000865766,-0.027894262,0.010682631,0.004780839,-0.006105558,0.012823044,0.019845425,0.004608303,0.0,0.00397515,0.93000117,-0.91309019,0.00719346
2017-04-04,0.005140172,-0.010859277,-0.018217691,-0.007050511,0.000856656,-0.017475302,-0.005779042,-0.010682631,0.01001858,-0.0203277,0.0,0.003411564,0.008013781,0.002901039,0.00412207,0.95992824,-0.92225279,0.009984702
2017-04-05,-0.006077612,0.017192385,-0.014266549,-0.008685432,-0.000947217,0.003080236,0.006302587,0.028237191,-0.000524826,0.01594365,-0.007362933,0.001063652,-0.004571437,-0.001144142,0.00410405,0.95449796,-0.90130971,-0.022970423
2017-04-06,-0.005643168,-0.001263274,-0.007364176,-0.000793212,0.000451467,-0.000879183,0.003658156,-0.01049576,-0.005263153,0.009619663,0.001554708,-0.000425325,0.002288331,-0.002827766,0.00373684,0.8720703,-0.80706584,-0.110443688
2017-04-07,0.007517073,-0.001897953,-0.009593157,-0.003179691,-0.001354676,0.000439786,-0.002611699,0.023176026,0.009453863,-0.006110888,-0.000777008,0.00509242,0.005698021,-0.000535895,0.00373154,0.87109725,-0.7010415,-0.140838165
2017-04-10,-0.017231625,-0.021120942,-0.004050428,-0.021731417,-0.00076811,-0.015504203,-0.007349043,-0.001146161,-0.006818772,-0.010563479,-0.008587178,-0.019878885,-0.022989518,-0.004912911,0.00456857,1.06368293,-0.42092779,-0.510105788
2017-04-11,0.004987561,-0.000646917,-0.00972573,0.006488232,0.000497223,0.004454369,-0.001581842,0.015927484,0.003152888,-0.007996489,-0.007080873,0.007313416,-0.00232829,0.004146848,0.00457249,1.06479918,-0.17091976,-0.901267092
2017-04-12,0.004491118,-0.008450168,0.009100999,-0.004050031,0.000496892,0.002663011,0.003161061,0.004504516,0.011994982,-0.001785715,-0.007927278,-0.005587979,0.023042494,-7.66e-05,0.00458762,1.07141652,-0.29265141,0.537787967
2017-04-13,0.001649654,0.025774931,0.004053174,0.012903558,0.000677205,-0.010247296,-0.017511569,-0.001124145,0.009287902,-0.008976721,0.014616155,0.004944778,0.006810469,0.00367198,0.00374284,0.86984196,-0.45234241,0.435457264
2017-04-14,-0.004956854,-0.004462835,-0.003428442,-0.011281533,0.000902478,-0.004488357,-0.002680299,-0.020455331,-0.003601752,0.009869977,-0.00511104,-0.002791799,-0.003399437,-0.002523019,0.00384772,0.88931711,-0.20757015,-0.778970082
2017-04-17,0.010826039,0.019614533,0.003117231,0.016077385,-0.000586472,0.006724954,0.0,0.012550173,0.007190578,-0.008068175,0.014478794,0.018959039,0.004530019,0.002675728,0.0042164,0.94913414,-0.28479776,0.31630996
2017-04-18,0.023367159,-0.00376639,-0.010323873,-0.000797749,-0.000360871,-0.004478307,-0.001074122,0.001133062,-0.005645295,-0.009950331,0.003103213,0.004421507,-0.005665738,-0.00114589,0.00418914,0.94929203,-0.34108229,0.180344453
2017-04-19,-0.001372922,0.0,-0.018087175,-0.017713771,0.001262897,-0.001796874,-0.020082136,-0.006818158,0.002056469,-0.003642991,0.008100498,0.002308202,-0.010279931,0.003205128,0.00410246,0.92858771,-0.40783836,0.178747152
2017-04-20,-0.000687169,0.0,0.024356757,0.008896378,-0.000766566,0.006275181,0.003284099,-0.024236664,-0.003601752,-0.011932221,0.015249815,0.007725299,0.001147447,-0.000838401,0.00410483,0.92814391,-0.61334234,0.408052327
2017-04-21,0.002060091,0.00938973,0.00093706,0.005620017,-0.000541784,0.002677271,0.006536147,-0.003510803,-0.000515524,0.015575212,0.00565938,-0.001665261,-0.011534153,-0.001373546,0.00412686,0.93505161,-0.66700899,0.083880277
2017-04-24,-0.004813592,0.027045371,0.00653502,0.019818324,-0.000451292,0.00089103,0.011336012,-0.014167899,-0.007246406,-0.003642991,-0.00225991,-0.015536879,-0.014018921,-0.00367198,0.00409827,0.93575113,-0.6827163,0.023275876
2017-04-25,0.007097772,0.011456048,0.009876372,0.027101865,0.000180793,0.015024475,0.000536724,-0.011961815,-0.000519644,0.005459522,-0.010614219,0.00695838,0.0,0.001990696,0.00413228,0.94910852,-0.78088699,0.13435104
2017-04-26,0.016966907,-0.005410202,0.016448941,0.02340613,0.000766854,0.009168437,0.002143575,0.0,-0.005211043,0.009033485,-0.002671274,-0.00315671,-0.007083855,-0.001607562,0.00419464,0.96720371,-0.75994391,-0.027185812
2017-04-27,-0.008599483,-0.00186411,-0.014833467,0.003039639,0.00058642,-0.000444255,-0.00108821,-0.002409701,0.001566156,-0.004506542,-0.001947361,0.000423052,-0.011919092,0.001148522,0.00426467,1.00276795,-0.80706584,0.060160623
2017-04-28,0.003176979,-0.00811723,-0.014424734,-0.020698275,-9e-05,-0.012972742,0.001088337,0.001205576,0.003644887,-0.002713706,0.00116906,-0.001693532,-0.002400962,0.000229546,0.00428756,1.00615386,-0.74816343,-0.075783808
2017-05-02,0.010367405,0.00936047,0.01877394,0.024484652,-0.000315821,0.005388595,0.010816516,-0.014563375,-0.012552447,0.016172859,-0.004292935,-0.00318303,-0.025564387,-0.003755808,0.0042741,1.00824504,-0.62904965,-0.173411255
2017-05-04,0.01336329,0.009273494,-0.003726711,0.007530212,-0.000225635,-0.00313976,-0.007017397,-0.017263081,-0.013778742,-0.038151766,0.013980843,0.008465668,-0.027501733,0.002454349,0.00425846,1.00120958,-0.55182204,-0.130984585
2017-05-08,0.01253174,0.024917526,0.036656507,0.014892223,-0.000902632,0.009389571,0.001623732,-0.015037889,-0.005887105,-0.006502577,0.027388615,0.037841802,-0.0063573,-0.001456579,0.00471904,1.07005521,-0.29396036,-0.629780675
2017-05-10,-0.008998115,-0.007833445,0.00598097,-0.023178484,0.000451292,-0.002673737,0.005931542,-0.011428674,-0.004303318,-0.002799815,0.002623101,0.001824619,-0.012837147,-0.004459446,0.00482697,1.08502692,-0.24029371,-0.201582962
2017-05-11,0.020511226,0.028624496,0.016851664,0.029808489,-0.000812892,0.0194437,0.006964949,0.028951038,0.0,0.002799815,0.009683566,0.009274207,0.006439172,-0.000462472,0.00557793,1.17971547,-0.4274725,0.576027992
2017-05-12,-0.008241311,-0.010638429,-0.014469477,0.004395547,0.000497092,0.006108395,-0.000534018,0.003715208,0.004303318,0.000931532,-0.012306667,-0.003417468,0.010217203,0.001694624,0.00479709,1.01398294,-0.74161872,0.550945298
2017-05-15,0.008241311,0.007104928,0.001189244,-0.003661694,0.000586812,-0.003049486,-0.004282689,0.008615414,0.003215511,0.010189991,0.00112497,0.001006499,0.010113866,-0.000615856,0.00481025,1.05845661,-0.66700899,-0.106031733
2017-05-16,-0.017209811,-0.008889055,0.007989285,0.031771577,0.0,0.006089608,0.002678798,0.006108729,0.002137804,-0.005545301,-0.003002765,-0.015406863,0.006269613,0.000231013,0.00480591,1.05765225,-0.71674881,0.07192192
2017-05-17,-0.000659593,-0.011976116,0.001472526,-0.012156028,0.00045105,-0.01353426,-0.01129947,-0.011022748,0.00638644,0.01014301,0.008609365,-0.001431007,0.007472015,0.003688852,0.00482403,1.06008761,-0.67486264,-0.060216271
2017-05-18,0.006574722,-0.004225823,0.026714663,-0.007945017,0.000270733,0.0,0.003241451,0.007362002,0.010029156,-0.008291158,-0.00673157,-0.009455309,-0.006222795,0.000460166,0.00466811,1.02575214,-0.62904965,-0.070298985
2017-05-19,-0.006354809,-0.000605257,0.014789779,0.01582769,0.000450725,0.003072144,0.004305614,0.010942397,-0.004738155,0.004614683,0.008593282,0.006792301,-0.008777486,-0.000153365,0.00445075,0.97461559,-0.66831793,0.060553815
2017-05-22,0.011148941,0.00483108,0.008714114,0.00640339,0.000315579,0.019097861,0.037422108,0.019162277,0.002635091,0.014625489,0.002971696,-0.00782563,0.016240207,-0.001150929,0.00481674,1.02713174,-0.68009842,0.01747352
2017-05-23,-0.003048142,0.011976116,0.007528297,0.0049522,-4.51e-05,0.010265221,0.0025833,-0.003565157,0.003152888,-0.000907853,0.000741689,0.009874652,0.009864445,0.00038381,0.00462103,0.98766526,-0.66831793,-0.01747352
2017-05-24,0.000871808,-0.013181638,-0.010330967,-0.004243413,-0.000405626,-0.000851345,-0.003618503,0.011834525,-0.006315853,-0.002728515,0.011424651,0.015236631,-0.008626055,-0.00038381,0.00466326,0.99604253,-0.65915533,-0.013804791
2017-05-25,-0.008093711,0.004813143,0.008384684,0.026575098,0.000315371,0.01395657,0.014396167,0.002350121,0.003689068,0.004543397,0.002561743,-0.005053232,0.012300278,0.001610954,0.00474938,1.00599963,-0.57930984,-0.129121748
2017-05-26,0.007657857,0.007177251,-0.005861941,0.007562829,0.000180334,0.006280103,-0.003579704,-0.051787562,-0.002106283,0.008126456,0.005467314,0.006261958,-0.002447982,0.00107257,0.00478181,1.01364888,-0.58585455,0.011234087
2017-05-29,0.009976354,-0.004778721,-0.001400681,-0.024264619,0.000135355,0.00914019,-0.006166434,0.014724144,0.01048774,-0.018149319,-0.004736706,-0.003226971,0.010969031,-0.000766004,0.00477734,1.01314471,-0.51909848,-0.120977936
2017-05-30,0.009450074,-0.00239853,0.006706001,0.012552559,0.000405286,-0.002484685,0.0,-0.00121874,0.001042709,0.001829827,0.002553334,0.012048351,0.003629768,0.002219736,0.00476813,1.00920414,-0.57407407,0.100664815
2017-05-31,-0.000855401,-0.002403469,-0.008389502,-0.006954182,0.000225042,-0.005404185,0.00770212,-0.006116202,-0.003131496,0.000913659,0.012310143,0.025422374,-0.008490045,0.001069865,0.00465437,0.98516228,-0.62904965,0.091451759
2017-06-01,-0.000428019,-0.007246512,0.005041832,-0.019021309,0.0,-0.003758576,-0.010799715,-0.007389202,0.003131496,0.0,-0.00180109,0.004659593,-0.002439026,7.64e-05,0.00460091,1.07164358,-0.6827163,0.081869212
2017-06-02,0.014449976,0.023953256,-0.011521758,0.019718815,0.000540227,-0.011784617,-0.001552434,-0.016199775,-0.008898235,0.003646312,0.003957778,0.005215775,-0.002444989,0.000305442,0.00460192,1.07231341,-0.69449678,0.017108126
2017-06-05,-0.009326062,0.002363939,0.003104332,-0.005594462,0.000359684,-0.008503655,-0.008320312,0.005012546,0.019266463,-0.000910332,-0.002156688,0.015675997,0.020594307,0.002592439,0.00439,1.0223901,-0.65653745,-0.056207789
2017-06-07,0.008270626,0.002358364,-0.008773368,0.015310086,0.000253061,-0.00342159,0.006246624,-0.007528272,0.005657008,-0.010068735,-0.006136368,0.004164341,0.005977304,0.001521866,0.00407238,0.95123548,-0.66700899,0.015823787
2017-06-08,0.020071887,0.0029407,0.007645611,0.01235422,-0.000225783,-0.003863545,0.001555654,-0.030692908,-0.001539732,0.002756088,0.012592528,0.002075685,0.003569308,-0.001902695,0.0038017,0.91421919,-0.76779757,0.140722594
2017-06-09,0.016220308,0.016307866,0.003379267,0.045992856,-0.000135478,0.006858145,0.012358629,-0.009132523,-0.011363682,0.017281012,-0.012592528,0.007137499,-0.019185241,0.000761512,0.00298579,0.7126269,-0.8581146,0.111211539
2017-06-12,-0.028927603,0.010916332,-0.004508167,-0.017746244,-0.000904016,-0.006428032,0.001534055,0.009132523,-0.002080098,0.011654099,-0.007632117,-0.015275993,-0.012180419,-0.004807117,0.00326511,0.77182407,-0.7717244,-0.106110166
2017-06-13,0.009804859,-0.002861372,0.009835606,0.023592272,0.000677901,0.010265221,0.008142591,0.003888505,-0.002084434,-0.002677378,0.005820329,0.021247383,-0.008615438,0.004350279,0.00339137,0.79323776,-0.84371624,0.089188738
2017-06-14,0.005589572,0.00228991,0.01663938,-0.012382048,-0.000180679,-0.017167746,-0.004572076,-0.007792253,0.003124972,-0.007174919,-0.003269706,0.006490453,-0.001236859,0.000685178,0.00345717,0.80761447,-0.83193575,-0.014061015
2017-06-15,-0.000412824,-0.01034487,-0.016080165,-0.010547222,0.000542272,-0.01263365,-0.015392731,-0.02241358,-0.005736665,-0.004510608,-0.004010853,-0.006862645,0.003705996,0.003191247,0.00392674,0.94358423,-0.82146421,-0.012666844
2017-06-16,0.001238388,0.007482017,0.005851946,0.001324426,-0.000632498,0.007425237,0.0,-0.001334191,-0.006822351,-0.009082715,-0.002194793,-0.015379268,-0.014907108,-0.002810795,0.00400148,0.95956105,-0.85418778,0.039062683
2017-06-19,0.026260911,0.000572943,0.004712594,0.00264395,0.000903399,0.004342225,-0.009872746,0.0,-0.001581013,0.007272759,-0.005507545,0.016123367,-0.005018831,0.000228202,0.00398668,0.95634177,-0.81753738,-0.043854426
2017-06-20,-0.009285278,-0.009211325,-0.009726467,-0.005958441,4.55e-05,-0.006520429,-0.000522363,-0.009389781,-0.003698814,0.0,-0.008133192,-0.008779252,-0.003780723,0.001140228,0.00370222,0.87399898,-0.82146421,0.004791743
2017-06-21,-0.005898621,-0.01868117,-0.019741101,-0.019444093,-0.000948931,0.002613276,-0.007867819,-0.01904821,-0.00052955,-0.010013739,0.003335299,0.001687118,-0.006333143,0.000151872,0.00397511,0.92957922,-0.83193575,0.012666844
2017-06-22,0.001426855,0.012298634,0.013016374,0.012113204,0.000767957,0.005638778,0.005252207,-0.023628603,0.00052955,0.010919126,0.007739078,0.002245048,0.008855213,0.00106288,0.00408545,0.9505087,-0.89083817,0.068407569
2017-06-23,0.012349698,0.010998884,0.001966157,0.020523704,-0.000135459,-0.000865437,0.00886549,0.009797181,0.004753066,0.005415176,-0.002573044,0.006890763,0.001258653,7.59e-05,0.00406959,0.93673286,-0.87382192,-0.019286182
2017-06-26,0.031295919,-0.004038038,-0.004781387,0.004576701,-0.000542272,-0.00477334,0.007758131,0.013831422,0.001053245,0.009852296,0.000368006,0.003150225,0.001257071,0.00030345,0.00416069,0.95586394,-0.80052113,-0.087613674
2017-06-27,0.01298077,-0.00463507,-0.012196945,-0.002612692,-0.000180711,0.000869576,-0.001030934,-0.001374538,-0.002107496,-0.001784122,0.004039076,0.003693525,-0.002515725,7.58e-05,0.00415966,0.95840962,-0.81753738,0.021033698
2017-06-28,-0.017476055,0.033127083,-0.003144262,0.006518804,-0.001040163,-0.004792055,0.035464698,0.012303617,-0.001055468,0.007117468,-0.006249067,-0.015792263,0.007528266,-0.004942005,0.00416299,0.95657206,-0.78612276,-0.039183663
2017-06-29,0.007999271,0.021673522,0.00570956,0.038245615,0.000271546,0.004792055,0.006450105,0.018843103,-0.000528048,0.019315789,-0.006659349,0.009134181,0.0,7.62e-05,0.00458457,1.02462914,-0.82931787,0.053490556
2017-06-30,-0.006237931,-0.001100012,-0.004565024,-0.003131794,0.000678124,0.012953529,0.016675161,0.00266312,-0.005827844,0.0,0.002965331,0.001853841,-0.00250313,-0.002518205,0.00450354,1.00944044,-0.78350488,-0.056826229
2017-07-03,-0.02695367,-0.001101527,0.017574166,-0.011356506,-9.05e-05,0.009393594,0.026399338,0.01844586,-0.00693148,0.0,0.004799745,-0.013613176,-0.010075652,-0.002065066,0.0045048,1.01082648,-0.7442366,-0.051418295
2017-07-04,-0.011109968,0.006042458,-0.017574166,-0.00317774,-0.000994885,-0.011540835,-0.024455804,0.010389712,-0.008058088,-0.016659745,-0.006652046,-0.001691388,-0.019169916,-0.002990449,0.00487926,1.07360589,-0.51778954,-0.362790129
2017-07-05,0.027448267,-0.009906625,-0.006886683,0.002542932,0.000225962,0.003433431,0.006773227,0.0,0.001078121,0.009678914,-0.002970592,-0.000564358,-0.005174656,7.68e-05,0.0048882,1.07573946,-0.62904965,0.194641322
2017-07-06,0.003354154,0.005515624,-0.003750128,-0.009569353,-0.000407086,-0.004293844,-0.00483335,-0.020888504,-0.000538863,-0.012334958,-0.005967954,0.009365129,-0.00781254,-7.68e-05,0.00496158,1.08452339,-0.65391956,0.038774159
2017-07-07,-0.005926515,-0.008285001,-0.010751305,-0.009661982,-0.000407335,-0.000430391,0.007722096,-0.010610187,-0.003780721,0.003539827,-0.007133414,0.001117959,-0.011834458,-0.003924148,0.00490572,1.06169638,-0.65653745,0.00399539
2017-07-10,0.001979301,0.018137478,-0.01619834,-0.004541073,-0.000407585,0.007291663,-0.004819261,-0.016129395,-0.013072168,-0.009764836,-0.008324066,-0.00954247,-0.032260862,0.002694681,0.00497445,1.12529039,-0.71151304,0.080414008
2017-07-11,0.008467153,0.002719444,0.0,0.029470306,0.000452657,0.011894757,0.012959199,0.013459164,0.004376404,0.006225009,0.001897836,-0.005467135,0.014915531,0.001383045,0.00508472,1.12996807,-0.7717244,0.081233747
2017-07-12,-0.002159296,-0.009276788,-0.001783061,-0.010152196,0.00031729,-0.002960497,-0.006218695,0.015915468,0.007070978,0.014958484,-0.006085746,-0.016775293,0.016021705,0.000537335,0.00507873,1.12908616,-0.81884633,0.059268944
2017-07-13,0.026947603,-0.003845063,0.001486231,0.018325999,0.000587828,0.012208174,0.014765755,-0.013245237,0.001624786,-0.000873744,-0.001145406,-0.004624048,0.001323627,0.00352377,0.00488167,1.08335872,-0.92356173,0.120341206
2017-07-14,0.005341369,0.010947023,0.014740716,-0.003764148,0.0,0.017420553,0.001417416,0.00664458,-0.00325211,-0.008779688,0.004192783,-0.003094875,-0.009302393,-0.001377375,0.00486262,1.09036843,-0.98900886,0.068465649
2017-07-17,0.004934548,0.002174828,0.002338521,0.004390048,0.0,0.005331228,0.013599167,0.005283967,0.009186753,0.017482963,0.002659056,0.015379021,0.011944402,-0.001532712,0.00502666,1.13354883,-0.94319587,-0.04742932
2017-07-18,0.008671153,0.002712292,-0.007914413,-0.012594719,4.55e-05,0.004488945,-0.000931809,-0.005283967,0.005364908,0.003460211,0.00113734,-0.001336292,0.007884404,0.001838973,0.00482432,1.08933101,-0.94843164,0.005535745
2017-07-19,0.018410598,-0.004343026,0.005575892,0.004426385,4.51e-05,-0.004488945,-0.000932896,-0.002652523,0.002137804,0.001725626,0.011678506,0.013471441,0.003919012,0.000459215,0.00444223,1.01401037,-0.96413895,0.016425708
2017-07-20,0.003862065,0.009206749,-0.009113631,0.013162057,0.000542512,0.014213444,0.012059538,0.01450254,-0.002137804,-0.008658063,0.0,0.011989651,0.010376228,0.000535485,0.0044734,1.01459273,-0.99424463,0.03074786
2017-07-21,-0.004046396,0.028694569,-0.00355023,0.011761206,0.000678143,-0.003231238,-0.010194832,-0.003934467,0.005868156,0.008658063,0.003365229,-0.005227696,-0.003878479,0.001757374,0.00437216,0.99175976,-1.06885436,0.072359379
2017-07-24,0.011361527,0.005225071,-0.000296439,0.0,0.0,0.007255352,-0.017857567,-0.01456013,0.005834026,-0.000862441,0.013348474,0.000561475,0.0115906,0.000229003,0.00432237,0.98104363,-1.03743974,-0.029831494
2017-07-25,-0.032783449,0.0,0.007089995,-0.011761206,0.00013549,-0.001607738,0.010846646,0.005319166,0.001057141,0.012007005,0.001472054,-0.00356112,-0.00128123,0.000839229,0.00433167,0.98604688,-0.99817146,-0.038586103
2017-07-26,-0.026327688,0.014999006,0.00879262,-0.003742932,-0.000542154,0.001205959,0.013510467,0.020998163,-0.006359364,0.039286289,0.004769727,0.012686575,-0.009014871,-0.003208066,0.00437848,0.99391095,-0.97722838,-0.021204684
2017-07-27,0.012487114,-0.005146871,-0.003214887,0.001249229,-0.00013573,0.008003347,0.017886371,0.003888505,0.013203265,0.001638002,0.003653688,-0.004831772,0.019219041,0.002750392,0.0040996,0.93154626,-0.99555357,0.018578553
2017-07-28,-0.044703409,-0.017174411,0.01654846,-0.047293172,0.000361657,-0.010819546,-0.005012547,0.003873506,-0.002626785,-0.012350919,-0.001094754,-0.021465568,-0.007643349,-0.001909233,0.00489591,1.05836666,-0.66177322,-0.408376005
2017-07-31,0.012301662,0.012001126,-0.029809399,0.016872601,0.0,0.016780128,0.000913195,0.005141403,0.006292669,0.020500923,-0.01360046,-0.009177864,0.011443227,0.000993256,0.00494246,1.06636952,-0.68009842,0.027314594
2017-08-01,-0.009112536,0.009292673,0.004735182,0.017857414,0.000767701,0.012598585,0.018091761,0.011472379,-0.00209316,-0.009788006,-0.000370267,-0.001537993,0.003785493,-0.002217021,0.00456609,0.99331291,-0.82800893,0.196786416
2017-08-02,0.022822218,-0.014492931,0.00706086,-0.002531582,0.0,0.000391165,-0.012175866,-0.019194431,-0.001572724,-0.002462045,0.004433131,-0.001154973,-0.008855213,0.000917949,0.00461994,1.02761963,-0.86073249,0.03875982
2017-08-03,-0.04292341,-0.004703662,0.006720382,-0.052027299,0.000180766,-0.020146671,-0.009573795,0.002580649,-0.003679372,0.008183352,-0.011119527,-0.022595548,-0.008934329,-7.65e-05,0.00529766,1.12199081,-0.58978138,-0.378031833
2017-08-04,-0.007745668,0.00209332,0.006385997,0.007978738,-9.05e-05,0.030263536,0.015454792,-0.005167974,0.007345256,0.0,-0.00673157,-0.008109893,0.014004048,-0.000458874,0.005204,1.16090948,-0.68140736,0.144408381
2017-08-07,0.0042879,0.009882956,-0.009302413,-0.00331669,-0.000677183,-0.006603165,0.0134412,0.014148125,-0.006818772,-0.002447982,0.002248841,0.024135377,-0.023018919,-0.002144483,0.00492001,1.09969879,-0.70235044,0.030272175
2017-08-08,0.021367566,-0.003110146,-0.017381481,0.001991299,-0.000768569,0.0,-0.009839297,-0.002557548,0.0,0.009756175,-0.006384868,-0.000193755,-0.003888534,-0.003071486,0.00475028,1.06192673,-0.71282198,0.01479923
2017-08-09,-0.024428389,-0.015171786,0.006811869,-0.012679435,-0.001583738,-0.011366047,-0.000899024,-0.005134804,0.003677439,0.009661911,-0.001508465,-0.015437609,0.018018506,-0.002001515,0.00486605,1.07853657,-0.29919613,-0.8681324
2017-08-10,-0.004095952,-0.002110922,0.000295127,-0.018983673,0.000135893,-0.001972802,-0.009491789,0.012787908,0.010951865,-0.004819286,0.000754641,0.006281881,0.023945694,-0.001542405,0.0048086,1.06855379,-0.18793601,-0.464997779
2017-08-11,-0.02978444,-0.024600048,-0.00770155,-0.014478037,0.000769348,-0.007532257,-0.037478085,-0.027046068,0.006204717,-0.014598799,-0.008710775,-0.02156152,0.003729029,0.004312692,0.00565697,1.17165205,0.12751915,0.0
2017-08-14,0.025877905,0.015046026,0.004746557,0.016529425,0.000678498,0.016183367,0.00329456,0.006506177,0.001030454,0.009756175,-0.00152257,0.003393591,0.003715175,0.002456044,0.00572555,1.16820116,-0.16175716,0.0
2017-08-16,0.011878029,0.002663101,-0.006830212,0.004089926,-0.000814035,-0.013401602,-0.015151904,-0.018325135,-0.011914207,-0.008939515,0.003422736,0.016601097,-0.021237525,-0.00430209,0.00581101,1.21055346,-0.50993588,1.148188794
2017-08-17,0.011939755,-0.003730462,-0.004180242,0.008130097,9.06e-05,0.005539995,0.036078087,-0.0173222,0.008819856,0.025787086,-0.002661245,0.006836793,0.021237525,0.001692339,0.00597878,1.23122153,-0.75863497,0.397235734
2017-08-18,0.007814872,-0.005353151,0.005668991,-0.002702635,0.000723452,0.002365115,-0.006463429,0.005361947,0.004123643,-0.003187254,0.000761079,0.005048575,-0.006199648,0.000537871,0.00586218,1.20792169,-0.6395212,-0.170800955
2017-08-21,-0.002397995,-0.007543433,0.008001329,-0.012253388,-0.000361452,0.003537005,0.007383452,0.02377921,-0.000514463,0.003982482,-0.007253153,0.001161304,-0.003738322,0.000460802,0.0058483,1.21792437,-0.59894398,-0.0655517
2017-08-22,0.005188613,0.000540862,-0.0053271,0.017651552,-4.55e-05,0.014411088,0.005959284,-0.013140804,-0.003092857,0.004758137,0.000765866,0.011731984,-0.001249219,0.0,0.00587348,1.22195096,-0.69842361,0.153657739
2017-08-23,0.007140039,0.00054057,-0.005952351,-0.008108213,4.55e-05,-0.004651148,-0.016590239,-0.001323595,-0.001033014,-0.004758137,-0.001149103,-0.004407379,0.003742986,-0.000307178,0.00589662,1.22297893,-0.70365938,0.007468594
2017-08-24,0.0,-0.009772092,0.001789373,-0.006124597,0.000271018,0.012739024,-0.003258083,0.009228781,0.003095948,0.010280834,0.011432786,-0.001537471,0.001244555,0.001841594,0.00580697,1.20660776,-0.76125285,0.078671159
2017-08-25,0.002762999,0.02744299,0.009490078,0.002726585,0.000813697,-0.001151259,0.007431356,-0.00658334,0.000515094,0.016387413,-0.00189623,0.008236709,-0.003738322,0.002756077,0.00578818,1.19501298,-0.75994391,-0.001720935
2017-08-28,-0.009107205,-0.001062041,0.002652809,-0.004776482,0.0004066,0.007269739,0.004616897,-0.001321846,0.007694344,0.006172859,0.007187385,0.021327593,0.00993797,0.000382197,0.00531293,1.09761017,-0.64606591,-0.162343101
2017-08-29,-0.004385061,-0.00907399,-0.009464679,-0.006863223,-0.0004066,-0.001907976,0.005970125,-0.020040734,0.015213227,-0.000769527,-0.006428495,0.004843473,0.024421238,-0.000382197,0.00525624,1.08554046,-0.55836676,-0.145885504
2017-08-30,0.006769011,-0.000536363,-0.004467582,-0.001378461,0.000542041,0.015915498,-0.002292151,-0.008130132,-0.006057606,0.007668749,0.003030396,-0.001673866,-0.00847976,0.001375225,0.00518091,1.07131591,-0.66046428,0.16792702
2017-08-31,0.008101857,-0.017316551,-0.023253191,-0.004146547,0.000225555,0.003377791,0.003664816,-0.009569492,-0.005585101,-0.006130287,-0.011028871,0.002973925,-0.003656311,-0.001069456,0.00526037,1.07807887,-0.5688383,-0.149346831
2017-09-01,0.009792566,-0.003828241,0.010636556,-0.012543812,0.000406372,-0.004129964,-0.001372666,0.016349151,0.012145879,0.006130287,-0.00344748,0.007212303,0.009720611,-0.000917528,0.00462481,0.94585588,-0.60548869,0.062439673
2017-09-04,-0.022269101,-0.018806023,-0.017688683,-0.014124353,-0.000812658,-0.002259836,-0.004589138,0.0107528,0.014977766,0.013657268,-0.0142999,-0.016160815,0.017975319,-0.003371651,0.00465397,0.9532232,-0.36071643,-0.517943747
2017-09-05,0.003580578,-0.049208902,-0.007722056,-0.022295131,-0.000225647,-0.007570075,-0.004610511,0.00400271,-0.004469793,0.00675932,-0.008600413,-0.006764422,0.00237248,-0.00015353,0.00489018,0.99316274,-0.24422054,-0.390020468
2017-09-06,0.012824401,-0.010020555,-0.020360905,-0.017608706,0.000496607,0.001518623,-0.020070457,0.017162118,0.001989074,-0.005253295,-0.007883299,0.008074382,0.0,0.002912987,0.00491436,1.00646462,-0.22196852,-0.0955361
2017-09-07,0.008977457,0.021102836,0.004735567,0.039903837,-2.72e-05,0.005296846,0.00564147,0.003918983,-0.002985145,-0.01135086,0.009060357,0.012821806,0.001184133,-0.000306237,0.00511499,1.03161132,-0.43532615,0.67355995
2017-09-08,0.002328817,-0.00932405,-0.027136548,-0.009289262,0.000678971,-0.006055787,-0.004699232,0.005201576,0.013363292,-0.003048783,-0.013423009,-0.00536881,0.021078064,0.003821182,0.00513922,1.05501495,-0.39213105,-0.104499425
2017-09-11,0.014432932,0.012219827,-0.006493478,0.003582881,4.53e-05,0.031024641,-0.010416661,-0.013055026,-0.009881569,-0.023167059,-0.003184811,0.001113115,-0.024634677,-0.000839421,0.00422204,0.86679402,-0.53611473,0.312752092
2017-09-12,0.017049216,0.002310917,0.004549918,0.002857355,0.0,-0.00516613,0.01182874,0.002624676,-0.007976069,0.00623055,0.003582037,0.000926845,-0.004761914,-0.000458163,0.0039012,0.80163615,-0.59239926,0.099832647
2017-09-13,0.009347538,0.0,-0.008466447,-0.007877029,0.000225878,0.017965648,-0.009926794,0.0,0.002000014,-0.014861439,-0.008378221,-0.006878099,0.005948858,0.000381817,0.00376752,0.78218711,-0.60025292,0.013170266
2017-09-14,0.008338845,0.006900408,0.006518952,0.008589858,0.000317109,-0.00510026,-0.014354237,0.0,-0.008024169,-0.017488522,0.003200186,0.016465015,-0.008338345,0.000305349,0.00342909,0.72757016,-0.84502518,0.342015326
2017-09-15,0.002027782,0.013094501,0.012590925,0.010634707,0.000451959,-0.015458416,-0.016521318,0.010430351,0.009022629,0.0,0.009934472,0.025542667,0.002389487,-0.000152663,0.00357593,0.7578159,-0.89869182,0.061573747
2017-09-18,0.009348488,0.017937882,-0.00385721,0.043470067,-0.000678348,0.0,-0.001961759,0.007751983,-0.009526209,0.007191401,-0.008338474,0.007661487,-0.00718566,-0.000916467,0.00369072,0.78568306,-0.86989509,-0.032567554
2017-09-19,-0.009716828,0.0,0.008338675,-0.008816581,-0.000724073,0.002593028,0.016070487,-0.006455774,-0.006063727,-0.007191401,-0.000797724,0.017070274,-0.024332101,-0.001988504,0.00367261,0.78488608,-0.86989509,0.0
2017-09-20,-0.005171828,0.003327723,0.003507084,-0.006149616,-0.000633755,-0.012658319,-0.009708762,0.0,0.0,0.006394906,0.001595075,0.012657355,0.004914015,-0.00015313,0.00361437,0.77258719,-0.8240821,-0.054102457
2017-09-21,-0.004640344,0.007172415,-0.008630349,-0.020776342,0.000316928,-0.003753807,-0.019705081,0.001294468,-0.008653638,-0.020121403,0.000398175,-0.006915665,-0.011090687,0.000765418,0.00390658,0.82221902,-0.84109835,0.020438436
2017-09-25,0.00018608,-0.015513001,0.0,-0.045088189,0.000543047,-0.03210058,-0.031844991,0.001292858,-0.00358515,0.006483005,-0.029913243,-0.024055153,-0.012468989,0.000611852,0.00471472,0.95764747,-0.73638295,-0.132958301
2017-09-26,-0.010471457,-0.013490661,0.032530973,0.001463069,-0.000995867,0.009662119,0.024855461,0.0115608,0.013251916,0.00483482,0.008987054,-0.000355521,0.018645661,-0.003063253,0.00493977,0.98674749,-0.69842361,-0.052924486
2017-09-27,0.005810195,-0.010810895,0.000621263,-0.01621271,-0.001677445,-0.001154694,-0.019732586,0.006365368,-0.013251916,-0.007261024,0.003653462,0.010610121,-0.016139394,-0.00353439,0.0050042,0.99312539,-0.735074,0.051145365
2017-09-28,0.005404852,0.022625489,0.00186162,0.002967482,-0.000771785,0.00881725,0.019231309,-0.003814344,-0.014470531,-0.008130126,0.006864413,-0.013636951,-0.008799554,-0.003933166,0.00501888,1.01576294,-0.69842361,-0.051145365
2017-09-29,0.002784295,-0.000559699,0.015380206,0.009583534,0.001089454,0.009874794,0.005498762,-0.006389772,0.004155878,0.022599832,0.011602324,0.00427039,0.005037794,0.001621402,0.00519419,1.03900741,-0.59894398,-0.153657739
2017-10-10,0.02760434,0.022137133,0.005175824,0.017455023,-0.001271201,0.007905282,0.024619642,-0.018111764,0.00568615,0.022100347,0.008318568,0.010245752,0.010000083,-0.003477728,0.00563723,1.09911978,-0.54004156,-0.103521972
2017-10-11,0.009332621,-0.008796074,0.006658595,-0.004335108,-0.000136102,-0.009418079,-0.001460304,0.011680837,0.00051536,0.004672906,-0.007126069,0.006656024,0.009901071,0.000619158,0.00556925,1.09336555,-0.62643177,0.148393762
2017-10-12,-0.001788069,0.009890219,-0.000301716,0.059047154,0.00063568,0.010542321,0.001460304,0.005148021,0.005138741,0.013122535,0.011456007,0.027040437,0.0,0.001623408,0.00575674,1.11257424,-0.75994391,0.193204766
2017-10-13,-0.02244032,-0.011548217,0.001808864,-0.003418742,0.000544535,-0.006010533,0.010162177,0.0,-0.001025598,0.006116227,0.022141197,0.019019334,0.009804,0.001235162,0.00569844,1.11663197,-0.85418778,0.116906425
2017-10-16,-0.014192473,-0.006659235,-0.000602544,0.001368845,-0.000726141,-0.006046878,0.033612707,0.010217211,0.006138067,0.027069322,0.015628185,0.00681231,-0.003665245,-0.000308648,0.00560433,1.09198842,-0.79397642,-0.073097289
2017-10-17,0.008502932,-0.007264601,-0.017941775,0.003414163,-0.000181555,0.006423601,-0.00373148,-0.005095556,-0.010251211,0.000741565,0.000378165,0.035941739,-0.013555352,-0.000540363,0.00555835,1.08682399,-0.78350488,-0.013276473
2017-10-18,-0.010546917,-0.007317684,0.024849733,-0.024147336,0.000181555,0.001881411,-0.01554038,0.0,-0.004647523,-0.011931536,-0.001134924,0.000159807,-0.007472015,0.000386003,0.00563093,1.09472334,-0.77303334,-0.013455112
2017-10-19,0.00796665,0.012352751,0.013674384,-0.003497756,-0.002227181,0.008236688,0.001896314,0.0,-0.008316111,0.0,0.004154858,-0.018050559,0.0,-0.002472937,0.00562242,1.10657833,-0.73114718,-0.055707398
2017-10-20,0.003500017,0.00111558,0.002064604,0.002100029,-0.002597255,-0.001865964,0.001420211,-0.006406145,0.006243558,0.005983563,-0.000754108,0.012444645,0.009950331,-0.002323942,0.00559709,1.10048009,-0.79266748,0.080789035
2017-10-23,0.011336747,-0.009521369,0.007631473,-0.005610155,0.000182568,0.009665386,-0.015252903,0.006406145,-0.004158038,-0.006734032,-0.00719291,-0.000803407,-0.007453451,-7.76e-05,0.00562281,1.1076612,-0.7533992,-0.050808581
2017-10-24,-0.004921245,0.01618785,-0.010286698,-0.012026932,0.000182198,-0.003706341,0.009084481,-0.007692352,0.003120097,0.015642777,0.012835197,0.022412103,0.007453451,-0.001552462,0.00558977,1.10589598,-0.74554554,-0.010479015
2017-10-25,0.010360956,0.0137478,-0.016381679,0.007092187,-0.000730002,-0.003347719,-0.002860054,0.010243375,-0.004683804,-0.019403594,-0.001125979,-0.012336062,-0.01370738,-0.002333159,0.00558895,1.1037109,-0.735074,-0.014145044
2017-10-26,-0.027499535,-0.005476355,0.036850202,-0.017825823,-0.001644371,-0.004106754,-0.03102513,-0.001274667,0.004164531,0.006010537,0.008227564,-0.025464716,0.002506267,-0.00155851,0.00567381,1.1140877,-0.70889515,-0.036263543
2017-10-27,0.002228071,-0.003851485,-0.005514463,0.011445226,-0.002746866,0.013378058,0.039107023,0.005089011,-0.010969027,-0.015855372,-0.003731315,0.019719452,-0.008799554,-0.003437235,0.00568772,1.11519974,-0.75601708,0.064356337
2017-10-30,0.008678854,0.002202373,-0.004959813,-0.012885026,0.003021046,-0.004068698,-0.009992926,0.012610518,0.000524998,-0.012251302,0.001494132,-0.010296163,0.0,0.003593195,0.00544323,1.0735996,-0.73245612,-0.031660534
2017-10-31,0.020022568,-0.014962919,0.025412764,0.01074883,0.000730834,-0.006694131,-0.012512218,0.002503132,0.006801039,0.005378422,0.000373143,0.00917515,0.003780723,-0.002967353,0.0043062,0.85312423,-0.77565122,0.057299526
2017-11-01,-0.000180278,0.002231161,-0.002283713,0.021855012,-0.000913668,0.020680394,-0.00680262,0.004987545,-0.001565441,0.018975901,-0.001867275,0.01067828,0.001257071,0.000469125,0.00419722,0.86090455,-0.69318784,-0.112401945
2017-11-02,-0.011785181,-0.006707702,0.000856987,-0.015460439,0.001461738,-0.00219534,0.002434799,-0.010000091,0.003648789,-0.010582109,-0.002994977,-0.003812003,0.014962873,0.000547034,0.0040838,0.83796639,-0.65391956,-0.058316669
2017-11-03,0.00799286,0.009489404,0.005410882,0.004945109,0.000273922,0.001464069,0.008716761,0.010000091,-0.002604889,0.00075959,0.019309637,0.023434286,-0.002478316,0.002496863,0.00420375,0.8551073,-0.64083014,-0.020219917
2017-11-06,0.0,-0.024178794,-0.005696418,-0.013480074,0.0,-0.002930522,-0.009203065,0.016039868,-0.004705948,0.000759013,0.004403607,0.007433872,-0.012484557,0.0,0.00424019,0.86042946,-0.54920416,-0.154294181
2017-11-07,0.003071107,-0.008000196,-0.00745425,0.000714036,-0.000502094,-0.001101054,0.004854126,0.022989447,0.007310837,0.003786449,-0.002933475,-0.01790351,0.010000083,-0.000935616,0.00376515,0.80306553,-0.5321879,-0.031473626
2017-11-08,0.003780715,-0.013283488,-0.0080901,0.000713527,0.000365268,0.001101054,-0.004854126,-0.004796176,-0.002604889,-0.02371048,0.009139121,0.018212021,-0.002490661,-7.8e-05,0.00382591,0.81819923,-0.62381388,0.158855432
2017-11-09,-0.008843906,0.003482232,0.010389634,-0.004289005,-0.000365268,0.004757619,0.006789423,0.0,0.003124972,-0.001549187,0.00109109,-0.001389079,0.001246106,7.8e-05,0.0031525,0.67416961,-0.78743171,0.232924595
2017-11-10,0.00866422,-0.006393344,-0.004027645,-0.001433608,0.000410991,-0.005491494,-0.001935298,0.003599375,0.003115339,0.003868477,-0.006198778,0.004315525,-0.003742986,0.000311969,0.00314168,0.67221867,-0.90000077,0.133618969
2017-11-13,0.007876883,-0.009373373,0.022235803,0.030380243,-0.000776224,-0.029430301,-0.009732386,-0.002398143,-0.00571877,-0.000772499,0.005471384,0.042162326,-0.006269613,-0.00375001,0.00301865,0.6488258,-0.80837479,-0.107369819
2017-11-14,0.019424926,0.009373373,-0.012767906,0.0,-0.000319762,0.006782248,0.001953864,-0.006020522,0.0,0.007698267,-0.000363696,0.033065556,0.006269613,-0.002193992,0.00315522,0.67408831,-0.83062681,0.027154809
2017-11-15,-0.017999388,0.012170332,-0.003432563,0.03083497,-0.000137156,-0.014372433,-0.020212366,-0.029413849,0.003123345,-0.017015105,0.008695648,0.048586502,-0.00250313,0.000705757,0.00297812,0.68565126,-0.77957805,-0.063427797
2017-11-16,0.015372652,0.015433568,-0.007477633,0.004712262,0.000548429,0.019989365,-0.000996577,0.007434984,-0.004688786,-0.004691174,-0.000721802,0.011618264,-0.001253919,0.004536177,0.00308084,0.72098906,-0.87120403,0.111123386
2017-11-17,-0.003513106,-0.022369794,-0.016885449,-0.008769004,0.0,0.003727143,0.00497275,-0.001235301,0.005727703,0.005470901,-0.00144509,-0.00863327,0.006253929,-0.001171148,0.00316687,0.74634243,-0.8764398,0.005991822
2017-11-20,-0.005646827,0.002895777,0.000293568,-0.006798173,0.000273723,-0.006344409,0.004948029,0.020795842,0.005695084,-0.000779727,0.008639462,0.029239137,0.007453451,0.001639248,0.00322971,0.77053613,-0.81099267,-0.077609004
2017-11-21,0.010386578,-0.008713333,0.00088005,-0.002048406,0.000456459,0.009316218,-0.012916365,-0.003638606,-0.010900701,0.009316838,0.001074674,0.007994192,-0.009950331,0.000155985,0.00319772,0.76227698,-0.84502518,0.04110741
2017-11-22,0.015121558,0.009869698,-0.002936768,0.046084938,-0.000319584,0.006654374,-0.002001899,0.01925458,0.003646786,0.015337724,-0.007907921,-0.046078684,0.00249688,0.000311896,0.00318885,0.75565209,-0.85287883,0.00925106
2017-11-23,-0.003456113,0.001731528,0.006157439,0.009743487,0.001049905,0.003677795,0.016890548,0.003569281,0.006220901,-0.002285715,0.005039579,0.032939603,-0.001247661,0.002258345,0.00310567,0.72825749,-0.84895201,-0.004614826
2017-11-24,0.00758763,-0.005203843,0.00233579,-0.004535275,-0.000182929,0.005856608,-0.001972285,0.010632036,-0.001551576,0.008355537,0.001076524,-0.020578024,0.003738322,-0.000155584,0.00310843,0.73291046,-0.85026095,0.001540643
2017-11-27,-0.015407549,0.010954333,0.000291599,-0.019010703,-0.000319157,0.0,0.006886388,0.002347479,0.002068267,0.006033201,0.008927155,-0.000675213,-0.006238323,-0.000622579,0.00305488,0.72049874,-0.72722035,-0.156313776
2017-11-28,-0.011581156,0.007426531,0.001747743,-0.014666863,0.001185382,-0.000365114,0.000489993,-0.012979514,0.001548372,-0.027440746,-0.001067107,-0.033240204,-0.001252348,-0.000622967,0.00350784,0.81357814,-0.78350488,0.074547764
2017-11-29,0.00685964,0.003409104,0.006382426,-0.003363634,0.000182268,0.004008152,0.0,-0.002378183,0.0,-0.006979478,0.002132765,0.010420336,-0.002509412,0.004275021,0.00339863,0.79129563,-0.7533992,-0.039182057
2017-11-30,-0.039325927,0.003962602,0.016917819,-0.017675463,0.001274944,-0.004738622,0.011205893,-0.004773283,-0.00776605,-0.010168253,-0.008559118,-0.013637834,-0.024158835,0.000310203,0.00374304,0.85051735,-0.62643177,-0.184555372
2017-12-01,0.005091885,-0.028074375,-0.009714272,-0.007573242,4.56e-05,-0.008070422,-0.012676823,0.003582184,-0.005211043,0.003923112,0.005001926,0.035782033,-0.003868477,-0.000310203,0.00352492,0.79953338,-0.61857811,-0.012616389
2017-12-04,0.000725268,0.018993593,-0.003739274,0.012362797,0.000227487,0.012081576,0.008793412,0.003569281,-0.001568612,0.015540328,0.010634612,-0.005014446,-0.0038835,-0.000698309,0.00356674,0.81141499,-0.62250494,0.006328091
2017-12-05,-0.007824657,0.00511818,0.011746288,0.02294297,0.0,0.001454328,0.019745445,-0.007151465,0.000523076,-0.01632372,0.008776567,-0.030207239,-0.00389864,0.000930971,0.00356662,0.814019,-0.65522851,0.051232481
2017-12-06,-0.020486123,0.003397443,-0.005999325,-0.009383429,0.000227519,-0.00839255,-0.026088546,-0.001196801,-0.007876047,-0.032659215,-0.01443446,-0.016520063,-0.013106348,0.001936683,0.00436385,0.95249222,-0.57669195,-0.127675803
2017-12-07,-0.014650792,-0.013660135,-0.015884684,-0.008113606,-0.000183033,-0.020359866,-0.011321733,-0.021792646,-0.00422613,0.000809389,-0.012129842,-0.030647038,-0.011944402,-0.00054191,0.00511359,1.07509438,-0.56622041,-0.018324822
2017-12-08,0.00584856,0.005714502,-0.018510983,-0.008864678,0.0,0.002987345,-0.010950726,0.007317052,-0.009040192,0.003231021,-0.01591941,-0.005593992,-0.008042939,-0.000619686,0.00516771,1.08316853,-0.64737485,0.133942074
2017-12-11,0.015677701,-0.00686111,-0.0243146,0.011576564,-9.13e-05,0.009647454,0.014903095,0.012077451,0.00053397,-0.004850454,0.020574619,0.034245939,0.004029555,0.0,0.00533778,1.12288123,-0.72329352,0.110889622
2017-12-12,-0.009489383,-0.006330948,0.006058811,-0.010891952,0.000594016,-0.013757277,-0.008915132,0.019025559,-0.00374432,0.010479741,-0.014756407,-0.003715729,-0.004029555,0.001625857,0.00523152,1.0995385,-0.7625618,0.05286844
2017-12-13,0.004104526,0.024523632,0.012008594,0.016293672,0.0,0.014495647,0.016773884,-0.009467534,-0.002145833,0.007987263,0.020456549,0.01900481,-0.004045859,0.00100516,0.0056395,1.15890046,-0.89083817,0.155479229
2017-12-14,0.002045886,0.016760217,-0.007789156,0.003361462,0.000776245,-0.000369157,-0.006380344,-0.015578548,0.012806985,0.007134394,0.001064979,-0.011871311,0.022713067,0.0,0.00555899,1.14318327,-0.8149195,-0.089073448
2017-12-15,-0.003909519,0.007726229,0.016701869,-0.009440464,-0.000182833,0.004787483,0.012234057,0.003616732,-0.001061067,0.013338762,0.006014713,0.002272264,-0.006626929,0.001158485,0.00559428,1.14884993,-0.90654548,0.106551865
2017-12-18,-0.008241144,-0.001100012,0.005897935,-0.042913111,-0.000730493,0.000367235,-0.022130408,0.008388282,0.0,0.010081512,-0.001058822,-0.013135689,0.002656044,0.000540196,0.00556012,1.13229755,-0.86204143,-0.050337868
2017-12-19,0.017339896,0.001100012,-0.006193761,0.00564162,0.0,-0.000367235,-0.002489234,-0.005984492,0.005293802,0.0,-0.00957964,0.0004311,0.003970885,-0.00061739,0.00556667,1.14039274,-0.81622844,-0.054609065
2017-12-21,-0.034985778,0.010391105,-0.016105255,-0.019169872,-0.000822632,-0.005156696,0.015335401,0.011933384,-0.000528048,0.024391453,-0.011834505,-0.027674387,0.00395518,-0.004564941,0.00549606,1.12494842,-0.68926101,-0.169074243
2017-12-22,0.028122985,0.004343026,0.00689133,0.008565333,-0.000640209,0.001844862,-0.000982497,0.002369613,0.001583516,0.000752729,0.005755425,0.036114349,-0.002635048,0.001162525,0.00554973,1.12172955,-0.79397642,0.141433739
2017-12-26,-0.009161466,0.007555424,0.008029816,0.004255357,0.000228346,0.010997003,0.003923637,0.005899756,0.012578763,0.014195233,0.002865338,0.002134643,0.018301164,-0.001938334,0.00573908,1.14935413,-0.66177322,-0.182130834
2017-12-27,0.021921591,0.006964907,0.024288003,0.018233368,-4.54e-05,0.012679275,0.014577554,0.020955324,0.001041182,0.002962965,0.008192388,0.07038504,0.00516797,-0.000621081,0.00669484,1.28036431,-0.66570005,0.005916264
2017-12-28,0.009692028,-0.001068428,0.00375121,0.011744518,4.54e-05,0.016068725,0.00768881,0.0,0.007773998,0.011764842,0.004247726,0.012376672,0.012804272,0.002481952,0.00667883,1.3495835,-0.77565122,0.152863767
2018-01-02,-0.009140837,0.004266881,-0.019779536,0.000686583,0.000457625,0.004241843,0.009053955,0.01600041,0.012314144,-0.005865119,0.004933189,0.030033796,0.015151805,-0.001550475,0.00672424,1.36982121,-0.69711467,-0.106753044
2018-01-03,0.006224959,0.005307616,0.002054168,0.001371753,0.000594289,-0.002118672,0.014131108,-0.006826026,0.003055062,-0.005160351,-0.006700779,0.025451188,0.00375235,-0.001319848,0.00647274,1.33282951,-0.69973255,0.003748274
2018-01-04,-0.018420282,-0.006905417,-0.027643202,0.004103913,-0.000640051,-0.019993631,-0.003748857,0.028139216,-0.003055062,0.004424786,-0.014973537,-0.026848901,0.002493767,7.77e-05,0.00664951,1.34459727,-0.75470814,0.075632914
2018-01-05,0.008884146,0.01743731,0.00660866,0.024942319,0.000411359,0.016807182,0.011204888,-0.003335274,0.006607463,-0.005904076,0.002152819,0.040984585,-0.003742986,-0.000854882,0.00681571,1.36326443,-0.79397642,0.050722658
2018-01-08,-0.021794689,0.02687539,0.0,0.039169532,0.0,0.011984713,0.006939562,-0.004464297,0.0,-0.012663111,0.004648707,0.046619751,0.004987542,-0.000855552,0.00693408,1.40555751,-0.74292766,-0.066455085
2018-01-09,-0.004530009,0.010147017,0.005969981,-0.011590601,-0.00064003,-0.002455743,0.022790397,0.010016814,-0.0035524,0.007468295,0.006401136,-0.011010871,-0.004987542,-0.003273578,0.00628289,1.27353326,-0.77957805,0.048154134
2018-01-10,-0.021802387,-0.003033378,0.010951725,0.003878508,-0.001098064,0.011524484,0.005841464,0.018651158,-0.003565065,-0.00447428,0.010578518,0.003057806,-0.01131376,-0.006658071,0.00535584,1.1183372,-0.76779757,-0.015226694
2018-01-11,0.021423932,0.009072463,-0.009167397,-0.00064546,0.000686525,-0.006968684,-0.017627873,0.0,0.003565065,0.009669097,0.003151534,0.036094986,0.002525254,0.004078386,0.00511838,1.06563454,-0.88952923,0.14716625
2018-01-12,-0.006074443,0.007498458,-0.012857044,0.044199193,9.14e-05,0.005578812,0.018523273,0.002171502,0.011122386,-0.008175445,-0.00139943,0.066066499,0.008788506,-0.002350894,0.0052656,1.07432255,-0.91439914,0.027574804
2018-01-15,-0.005154069,-0.003492317,0.001503452,0.018966593,-0.001327463,0.006584756,-0.006286283,0.012931225,0.011000135,0.017751945,0.00209845,0.037661762,0.018576386,-0.002671054,0.00512999,1.03208148,-0.81230161,-0.11839546
2018-01-16,0.034979044,-0.018154586,0.016686868,-0.006079011,-0.001283067,-0.006932526,-0.00723335,0.00320682,-0.002988021,-0.014771317,-0.00069902,-0.006967232,-0.004920059,0.001100673,0.00512951,1.03996066,-0.80837479,-0.004845912
2018-01-17,0.000739011,0.00659396,-0.002366887,-0.008573376,0.001558036,-0.007331099,0.0,-0.012889555,-0.004498839,-0.008218201,-0.003853328,-0.048343051,-0.007425777,0.001178016,0.00561056,1.11333455,-0.75601708,-0.066961831
2018-01-18,0.015211351,-0.009652566,-0.00653782,0.023702289,0.0,-0.019102041,-0.004547612,0.003238077,-0.004519269,-0.006019582,0.004901943,0.00902363,-0.009987599,0.00133341,0.00566028,1.12286643,-0.71413092,-0.056997662
2018-01-19,-0.012076823,0.020713568,0.033424317,0.001200489,0.001006706,0.011363521,0.010879597,-0.01192435,-0.000503426,0.00301432,0.001047057,-0.055857144,0.0,-0.001411901,0.00543903,1.08119305,-0.69580573,-0.025995809
2018-01-22,-0.028381333,-0.01714609,0.002591827,-0.010856641,4.58e-05,0.010886992,-0.010423883,0.003266281,0.003016663,-0.002259888,-0.002795103,-0.007719317,0.001253919,-0.002672313,0.00567273,1.11821542,-0.64083014,-0.082306068
2018-01-23,0.011299608,0.026601161,0.000862341,0.058303278,-0.000457478,0.010424059,0.00272972,0.01188559,0.003507895,0.006015056,0.004190113,0.041737715,-0.001253919,0.002750805,0.00583373,1.1070373,-0.68533419,0.067142158
2018-01-24,0.005974561,-0.009955014,0.00458734,0.000571847,0.000366066,0.002071701,0.008144946,0.007490651,0.000999958,-0.025817683,-0.004190113,0.000546402,0.0,0.000156964,0.00587261,1.12344649,-0.68402524,-0.00191177
2018-01-25,0.017712527,-0.010561059,0.009111502,0.007972767,-0.000320258,0.009270573,0.016536716,0.025264521,0.020772253,0.035515633,-0.001751108,-0.006136391,0.034528708,-0.000392456,0.00611248,1.13637274,-0.72067563,0.052194329
2018-01-26,0.001462086,-0.000505714,-0.037544085,0.009596458,-4.58e-05,-0.004796234,-0.007563966,-0.013605688,-0.009837726,-0.008948606,0.013577246,0.01764939,-0.014652277,-0.001099636,0.00575464,1.06335449,-0.71543986,-0.007291605
2018-01-29,0.001824456,0.001010963,0.006161188,0.023870089,-0.001878152,0.030105531,0.004456208,0.013605688,-0.004458818,-0.00224972,0.005173386,0.040217104,0.001229256,-0.005595671,0.00579889,1.05939705,-0.59763503,-0.179917292
2018-01-30,-0.021371464,0.005040648,-0.004103124,-0.015478517,-0.000641891,-0.005680957,-0.009830191,-0.019948157,-0.009980091,-0.013605652,-0.003100652,0.004450691,-0.014851758,-0.00507089,0.00627798,1.12157018,-0.49161069,-0.195293127
2018-01-31,-0.001863904,0.0,0.013129186,-0.014025507,-4.61e-05,-0.0053765,-0.009927995,-0.016034536,0.006498368,0.012103022,-0.009360598,-0.020554823,-0.001247661,0.002934753,0.00638575,1.14003498,-0.45103347,-0.086145573
2018-02-01,0.011869524,-0.008076957,0.002605332,0.004509699,0.000825491,-0.004389512,0.017978127,0.014973501,-0.002494332,-0.002258187,-0.002790228,-0.038908698,0.00993797,0.001345484,0.00613066,1.10197337,-0.52433425,0.150587813
2018-02-02,-0.023504187,0.001519237,0.023994158,-0.033164866,0.000458442,-0.022242139,-0.032136697,0.01788584,0.004485386,0.008255206,-0.009828111,-0.002414155,-0.00495664,-0.000316436,0.00613716,1.09673976,-0.47721232,-0.094167855
2018-02-07,0.005428516,-0.023654044,-0.021140084,-0.020694746,-0.000137517,-0.027915502,-0.012304848,0.00324849,-0.009018108,0.008336539,-0.023841294,-0.056089446,-0.008900249,0.002760786,0.00679076,1.15212357,0.66156772,0.0
2018-02-08,0.035517906,-0.00479889,0.005622227,0.011009449,0.0,0.001836571,0.002378054,-0.029623667,-0.014702443,-0.025995348,0.000371311,0.045026775,-0.023256862,-0.001103425,0.00678695,1.15362811,0.02934846,-3.115372277
2018-02-09,-0.016557231,-0.022157048,-0.016662043,-0.027128706,0.000503549,-0.005889021,-0.016283934,-0.02138516,0.004586051,-0.012470933,-0.012696365,-0.003401465,0.002610968,-0.001815354,0.0072193,1.18904395,0.75188476,3.243342993
2018-02-12,0.007371721,0.035957782,-0.02000066,0.027128706,-0.000641001,0.004787483,0.000965314,-0.013745932,0.005070989,0.004694844,-0.000751923,0.018509265,0.006497749,-0.002452029,0.00726248,1.19128651,0.48224259,-0.444135781
2018-02-13,0.000376602,-0.002110922,-0.016667119,-0.023385774,0.000183209,0.001468289,-0.006776506,-0.002309415,0.002525834,0.011641575,-0.004900913,-0.019214632,0.0115906,0.000237562,0.00692922,1.13304296,0.28197437,-0.536631106
2018-02-14,0.01938903,-0.002644788,0.003727869,0.001244647,0.000549426,0.004757619,0.005328298,-0.00347421,0.004530644,0.012270093,0.0,0.033642894,-0.002564104,0.002767334,0.00681186,1.11129486,0.06992568,-1.394383217
2018-02-19,0.009006542,0.026654601,0.013551198,0.022141127,-0.000824336,0.029143983,0.008658062,0.049783963,0.011485723,0.020370376,0.006404111,0.029572028,0.0,-0.002925703,0.00777517,1.20898762,-0.17353764,0.0
2018-02-20,-0.01716373,-0.006208218,-0.012621362,-0.021519425,-0.000183091,-0.007474617,-0.001917558,-0.002209893,-0.006975611,-0.009756175,-0.001126918,-0.025034721,-0.005148017,-0.000792219,0.00786441,1.20383698,-0.11594417,-0.403285739
2018-02-21,0.016980832,-0.004681355,0.025991237,0.009279279,0.000595344,0.002497881,-0.000479769,-0.013363238,-0.010050304,-0.012903405,0.010843135,0.011365609,-0.006472515,0.001504617,0.00788115,1.20912936,-0.18662707,0.476003565
2018-02-22,-0.010116842,-0.003133315,-0.003931596,-0.018018476,9.18e-05,-0.008949522,-0.006260735,-0.004494393,-0.005063286,0.004573179,-0.002979689,-0.001119483,0.001297859,-0.001029211,0.00793849,1.2147091,-0.14866773,-0.227398532
2018-02-23,0.002584879,0.012990775,0.014142009,0.016786181,0.000777876,0.022049311,0.004819261,0.027764186,0.003041027,0.014345282,0.009651296,0.019523449,0.007751977,0.000237619,0.00826089,1.23893248,-0.32668392,0.787279282
2018-02-26,-0.002030402,-0.004657202,0.00417401,-0.000616718,0.000182907,0.019850784,0.007185566,0.01844864,0.011072105,-0.001500375,0.002582536,0.0120116,0.00641439,0.002610023,0.00784468,1.17453553,-0.37642374,0.141722379
2018-02-27,0.005344095,-0.00624375,0.000297498,-0.004327624,0.000686212,-0.003108239,0.003811368,-0.002152802,-0.003509654,-0.000751033,-0.007025271,0.023598591,-0.003843695,0.00268201,0.00784199,1.17944839,-0.45234241,0.18372396
2018-02-28,-0.01332109,-0.005232626,0.001189244,-0.027639991,0.000182581,-0.013231336,-0.012440264,-0.015201226,-0.013144818,-0.023566275,-0.014953831,-0.018618099,-0.014221313,-0.000315165,0.0078675,1.14672246,-0.31883027,-0.349780545
2018-03-07,-0.007799466,-0.017573239,-0.031412917,-0.020540028,0.000486298,-0.003205898,-0.001000332,-0.009928412,0.006063727,-0.006172859,-0.006146534,-0.055304695,0.006464147,0.001890841,0.00812024,1.159055,-0.05049704,-1.842744172
2018-03-08,0.004835435,0.011567148,0.006926881,0.003883615,0.000917108,-0.003215976,0.01440996,-0.008908752,-0.006063727,-0.003100778,0.009205902,0.032037728,-0.006464147,0.000393475,0.00792318,1.13869647,-0.32668392,1.867078377
2018-03-09,0.013086611,0.000547447,0.009058446,0.043608877,0.0,0.021597785,-0.012410063,-0.015783825,-0.007121085,-0.017228304,0.001526306,-0.013261011,-0.002597404,-0.000944601,0.00778208,1.11846986,-0.41700096,0.244095426
2018-03-12,0.01760627,0.029659801,0.002484353,0.030453006,-0.000412527,0.011492224,0.012903199,0.026907474,0.006614086,0.018779895,0.006460002,0.015741578,0.003893581,-0.000945495,0.00835414,1.18329941,-0.37380585,-0.109351979
2018-03-13,0.023823324,-0.022026328,-0.006222746,-0.014501872,-0.000229125,-0.004859421,-0.007423611,-0.012242761,-0.005083879,-0.003105593,-0.010662648,-0.004750642,-0.002594035,0.001181729,0.00842092,1.18702619,-0.38427739,0.027628117
2018-03-14,-0.004048888,-0.013121851,0.011173226,-0.013480616,0.001145519,0.002085534,-0.01501545,-0.004489349,0.004576722,0.009287992,-0.009617182,-0.003252039,0.003888534,0.001966388,0.00835733,1.17929993,-0.36987903,-0.038188655
2018-03-15,-0.00194221,0.0,-0.00495048,-0.005567559,0.00091589,0.003466253,-0.002019196,0.004489349,0.002533513,-0.004633213,0.018004636,0.017329907,-0.005188079,0.002276248,0.00779115,1.09931183,-0.32275709,-0.136276009
2018-03-16,-0.003895846,0.012578718,0.000620179,0.004950542,-0.000411942,-0.012885445,-0.004558064,0.001119113,-0.009151066,-0.000774293,0.002653849,0.00234502,0.0,-0.001490749,0.0077951,1.12589932,-0.32275709,0.0
2018-03-19,0.00088671,0.004879172,-0.022254539,-0.015552447,-0.00036649,-0.003159525,0.007081452,0.01222926,-0.004607079,-0.01561312,-0.009893434,-0.010380517,-0.013089192,-0.001335653,0.00747159,1.10438217,-0.22065957,-0.38027889
2018-03-20,-0.005867192,-0.002165706,0.009149831,0.003129916,-0.000137458,-0.000703491,-0.004546669,0.008800943,0.005628065,0.000786473,0.001146636,0.021286396,0.005256254,-0.000393197,0.00741655,1.10074391,-0.19840755,-0.106297858
2018-03-21,-0.007337923,0.001083626,0.008132619,-0.003129916,0.000183412,-0.000352008,0.005050724,0.015217643,-0.00153177,-0.015049789,-0.004594115,0.001893726,-0.003939598,0.000786239,0.00736012,1.09698261,-0.16437504,-0.188172602
2018-03-22,-0.00920318,0.016111663,0.00031149,0.016169463,0.001144333,0.011548683,-0.003532791,0.024508412,0.00966185,0.007157088,-0.003844731,-0.022319924,0.013072082,0.001413613,0.00732197,1.09243175,-0.22851323,0.329443462
2018-03-23,-0.062076041,-0.034691513,-0.01759394,-0.057775435,0.000823203,-0.027157343,-0.037079544,-0.001053213,0.011072105,-0.017586385,-0.022201483,-0.051496992,-0.001299545,0.004775919,0.00810614,1.11076284,0.29113697,0.0
2018-03-26,0.028336936,-0.008308021,0.003164681,0.010403292,0.000730955,0.013494544,0.015100648,0.007349095,0.002998474,-0.014622519,0.005498805,0.020275158,0.003893581,-0.001954611,0.00807609,1.10181729,0.17071425,-0.533802738
2018-03-27,-0.009609175,0.011061992,0.017538761,0.003873415,-0.000730955,0.000352752,0.020967079,-0.001046496,0.003486926,0.015428645,0.007025678,0.002878943,0.009026496,0.0,0.00817483,1.1122254,0.02280374,-2.013066549
2018-03-28,-0.017571105,-0.027887938,0.020587613,-0.018862402,0.000913672,-0.02066332,-0.013757999,-0.013706102,-0.006986054,-0.007278641,-0.008201524,-0.025079659,-0.010322672,0.004139188,0.00843995,1.13106967,0.23877927,2.348615011
2018-03-29,0.009969518,0.005640448,-0.034027497,0.020150242,0.000228163,0.007173491,0.00562782,-0.001062162,-0.011584067,0.012101802,0.025170734,0.04619531,-0.013055016,0.000311702,0.0081008,1.08251185,0.12490126,-0.648016064
2018-03-30,0.007980186,0.00168564,-0.011074296,0.003212192,4.56e-05,0.004635398,-0.010771897,-0.004259861,0.007569985,0.004001606,0.003816849,-0.003470364,0.011757157,7.79e-05,0.00798089,1.07029699,-0.05835069,0.0
2018-04-02,-0.015063705,-0.019847265,0.022338565,-0.010964312,-0.000273805,-0.002136781,-0.007246394,0.011671204,-0.004535111,0.003985657,0.010610121,-0.00511898,-0.002600782,-0.001091297,0.00797344,1.07382386,0.04112894,0.0
2018-04-03,-0.00346412,-0.027287905,0.021545895,-0.021632998,0.000912922,-0.001070028,-0.008346293,-0.02672521,0.006042354,0.001589825,0.012362073,0.000655088,0.009073296,0.000467845,0.0075548,1.01952651,0.08170616,0.686417387
2018-04-04,-0.017895977,-0.002947309,0.021091582,-0.009320954,0.000502031,-0.015102808,-0.009473814,-0.002169253,-0.003016663,-0.001589825,-0.006349181,0.005332591,-0.010376228,0.002024801,0.00724778,1.00737594,0.11442972,0.336831439
2018-04-05,0.019821908,0.005885715,-0.013205633,0.017241846,-9.16e-05,0.017597786,0.0026406,0.00864871,-0.00555418,-0.00718566,-0.004506297,0.000976396,-0.010485024,-0.002336674,0.00719885,1.00759951,-0.12510677,0.0
2018-04-06,-0.010833846,-0.001174052,-0.011240991,-0.001315799,0.000228111,-0.010377523,-0.006349268,-0.007563495,-0.000506386,0.001601281,-0.001883371,0.006054045,0.003944778,0.002336674,0.0072,1.00915476,-0.0832206,-0.407672619
2018-04-09,0.004270077,-0.003531665,-0.008591761,-0.005942704,0.000683687,-0.006133883,-0.01282077,-0.00980927,0.003539825,0.004788517,0.020157298,0.029209144,0.002621233,0.000622131,0.0064733,0.90816193,-0.19448072,0.848838119
2018-04-10,-0.00290935,0.022735022,0.008286031,0.001323637,-0.000592774,-0.012748313,0.010695233,0.025947315,0.000504597,0.014229489,0.007730532,0.011138477,0.001308045,-0.001089029,0.00661704,0.92886561,-0.37642374,0.660382445
2018-04-11,0.017522207,-0.002886146,-0.007362066,0.001982351,0.000319422,0.000366586,0.0,0.014830844,0.010040312,0.003916965,-0.008100332,-0.000310551,0.006514681,0.002487547,0.00665365,0.94422801,-0.30574084,-0.207977662
2018-04-12,0.020218038,0.009778547,-0.010523057,-0.004631379,0.00041,0.020312657,0.0,0.029017501,0.001497365,-0.00627453,-0.01414725,-0.02346892,0.002594035,0.001086386,0.00665512,0.95204432,-0.35940749,0.161718999
2018-04-13,0.007082908,0.010817286,-0.008436266,0.025533407,0.000273074,-0.012646968,-0.004798729,-0.006147515,-0.008012114,-0.007106228,-0.001876715,0.001059631,-0.003893581,-7.76e-05,0.00665506,0.95222794,-0.54658627,0.41923534
2018-04-16,0.00092827,0.002827161,-0.000313836,-0.003886044,-9.1e-05,-0.013914562,-0.009127482,-0.001028304,0.004514735,0.001583532,0.000750993,0.000317671,0.005188079,-0.002640621,0.00656776,0.93959869,-0.53349685,-0.024238988
2018-04-17,-0.000556843,-0.004527287,0.013715947,-0.003250032,-0.000501043,0.002577749,0.002155124,-0.002059684,-0.00100146,0.009448889,-0.002631154,-0.010215173,0.001292825,-0.001400742,0.00652594,0.93609265,-0.60679763,0.128742175
2018-04-18,0.001113377,0.002831809,0.002782467,0.023803167,0.000227695,0.012063673,0.017605292,0.008213605,-0.000501155,0.007028533,-0.003392892,-0.02162249,0.006439172,0.001089683,0.00660331,0.95955706,-0.66308216,0.088703562
2018-04-19,0.019831752,0.011248951,-0.013677501,0.003173454,-0.001367614,-0.003275751,0.027641817,0.023245102,0.005498651,0.018504769,-0.022532967,-0.041391344,0.027849901,-0.002882459,0.00657823,0.96396937,-0.70496832,0.061253962
2018-04-20,-0.017238658,-0.003922864,0.00156371,-0.00635718,0.000364835,-0.003286358,0.002568761,-0.008024121,-0.003996036,-0.016949558,0.00539298,0.004432666,-0.00375235,-0.002812491,0.00413667,0.60485357,-0.6643911,-0.059281884
2018-04-23,-0.013970503,0.028779149,0.000624901,-0.007040081,-0.000638549,0.001827096,0.005117691,0.0,-0.007031669,0.005424267,-0.015876479,-0.048325237,-0.001253919,-0.002192961,0.00405196,0.59556653,-0.57669195,-0.14156274
2018-04-24,-0.023535122,0.009231522,0.007157249,0.029739671,0.000501668,-0.002558902,0.000510129,0.015984368,-0.008605452,-0.00853711,0.002728414,-0.010048074,-0.022843633,0.0,0.00384231,0.56471325,-0.48244809,-0.178434912
2018-04-25,-0.005198807,-0.008686316,-0.00934586,-0.009395609,-0.000775791,-0.031229386,-0.009740963,-0.022045048,0.001523989,0.0,-0.005855867,0.007426007,-0.005148017,-0.002983896,0.00345139,0.50267959,-0.4091473,-0.164798092
2018-04-26,0.020445983,0.003266282,-0.015137319,0.009395609,-0.000136923,0.009022653,0.001544382,0.00907725,-0.005089053,-0.001560063,0.004297709,0.019849613,-0.003878479,0.0002359,0.00334643,0.48765338,-0.44710664,0.088721896
2018-04-27,0.001328866,0.001677334,0.012191179,0.020735918,0.001505618,-0.006130226,-0.008921636,-0.005032752,-0.00153177,0.001560063,0.019219961,0.026119669,-0.005194817,0.004549699,0.00348533,0.52177771,-0.51517165,0.141703012
2018-04-30,-0.016450359,0.010005567,0.018638998,0.001863877,0.00031906,0.0197875,0.054871651,-0.002020155,-0.00204605,-0.018089365,0.008125455,-0.026119761,-0.002607563,7.83e-05,0.00353255,0.52762846,-0.57538301,0.110535777
2018-05-02,-0.008133042,-0.00777334,0.000938513,-0.018797543,-0.001048698,0.00037679,-0.010030253,-0.006085266,-0.007194273,-0.003179653,-0.009680622,-0.032489386,-0.007863736,-0.00423492,0.00398048,0.60278595,-0.57014724,-0.00914128
2018-05-03,-0.005459171,-0.012903393,0.000625257,-0.006345253,0.000182501,-0.000753642,-0.007589094,0.004060923,0.002060808,-0.001593626,-0.012923621,-0.00825939,0.006557401,0.00078556,0.00395582,0.59979165,-0.56622041,-0.006911224
2018-05-04,-0.01021819,-0.010215826,-0.012262338,0.023278919,-0.001232216,-0.023647192,0.014620751,0.008072704,0.00308322,0.007151401,-0.011496705,-0.041971264,0.001306336,-0.001099981,0.00402573,0.61819489,-0.6120334,0.077803437
2018-05-08,-0.012721355,-0.005720898,-0.006347336,-0.016301374,-0.000776879,-0.012036611,-0.016145693,0.02579515,0.0,-0.003172088,-0.012437454,-0.042614792,0.001304632,-0.002913096,0.00431304,0.66367585,-0.60156186,-0.017257483
2018-05-09,0.014300165,0.0,-0.006387663,-0.009526863,0.000456899,0.01434967,-0.015893715,0.007804923,-0.002568757,-0.007174204,0.01681403,0.064131996,-0.002610968,-0.000394251,0.00448037,0.68563228,-0.68795207,0.134189797
2018-05-10,0.010592403,0.008000185,-0.004174116,0.018963902,0.000730638,0.004993173,0.030536846,0.01447202,0.003081737,0.00079968,0.002774928,-0.005868128,0.005215136,0.001103623,0.00450593,0.68304408,-0.79004959,0.138376546
2018-05-11,0.010867571,0.001705949,0.010243362,0.036881862,-0.000136923,0.008393922,0.0040019,-0.002877773,0.005115084,0.016647233,0.002372457,0.014050678,0.006480904,0.000630131,0.00484107,0.72698513,-0.88167557,0.109728438
2018-05-14,-0.01379878,0.003969417,-0.002870315,0.016163151,-0.000273735,0.00870068,0.034833112,-0.011594247,0.0,0.003923112,-0.006736793,-0.024877861,0.0,-0.000315016,0.00482445,0.74922128,-0.82146421,-0.070735784
2018-05-15,0.002150393,-0.010238995,-0.00995033,-0.014956915,-9.16e-05,-0.00870068,-0.006773225,0.007744478,-0.006654816,-0.01260852,0.00317595,0.021786114,-0.009085072,-0.002128895,0.00488013,0.75618604,-0.67878947,-0.190777349
2018-05-16,-0.002150393,0.010238995,0.004827043,-0.003018323,0.0,-0.011848077,-0.040619753,0.0,-0.013964506,-0.004769484,0.004350527,0.016216595,-0.010485024,-0.001026672,0.00494305,0.78189325,-0.69318784,0.020989995
2018-05-17,0.001564461,-0.009096172,0.004803854,-0.014616769,0.000913047,0.003837377,0.005545706,0.010551641,-0.007318378,0.003182182,-0.007526477,-0.0036624,0.001316656,0.003313087,0.004942,0.78621503,-0.64083014,-0.078536586
2018-05-18,0.013198947,-0.012644084,0.000638837,0.009160487,0.001049187,0.011424321,0.005515236,-0.001910269,0.003665884,-0.002385687,0.006736793,0.011068451,-0.001316656,0.001101948,0.00490418,0.78044842,-0.69318784,0.078536586
2018-05-21,0.003657046,0.006342103,0.001913775,-0.003654052,4.55e-05,0.0,-0.012072491,0.003816802,-0.00419071,0.003179653,0.003154575,0.003863543,-0.006609409,0.000864965,0.0048124,0.7711111,-0.66046428,-0.048357974
2018-05-23,0.036779193,-0.011560786,-0.014767599,-0.004280072,0.000501218,-0.005695725,-0.020967332,0.001902998,0.003667805,0.012618464,-0.014274575,-0.023283986,0.017094433,0.001256735,0.00476042,0.80929486,-0.67617159,0.023503833
2018-05-24,-0.002967298,0.001162313,-0.020585369,0.001224782,0.001638821,-0.011875389,-0.006220814,-0.0057198,0.001567793,-0.012618464,0.008351572,0.019662417,-0.002610968,0.003526236,0.00470283,0.81250119,-0.6735537,-0.00387915
2018-05-25,-0.000371704,-0.010508287,-0.014298,-0.007371135,-0.00036384,-0.003087624,-0.026879069,-0.014444148,0.008838197,0.003960401,0.007103525,0.024371038,0.002610968,0.000547419,0.00471982,0.81590179,-0.71805775,0.063982272
2018-05-28,-0.002418301,-0.004116398,-0.003018496,0.029163729,-0.00054634,0.016104595,0.054067215,-0.059957963,-0.005189409,-0.000790826,-0.000786888,-0.007225432,-0.00522877,-0.00078212,0.00443748,0.77009207,-0.71151304,-0.009156253
2018-05-29,-0.000559013,-0.004133255,-0.012506469,-0.002998412,0.000227539,-0.010323088,-0.029270519,0.004111006,-0.002083348,0.0,-0.002758525,-0.007277737,0.0,0.00117295,0.00447114,0.7991273,-0.66177322,-0.072470816
2018-05-30,0.001303852,-0.034309894,-0.022704848,-0.037324666,0.000909973,-0.025692408,-0.019469174,0.0,0.002083348,-0.01836379,-0.010313645,0.003108439,-0.003939598,0.000312554,0.00498277,0.86990719,-0.32275709,-0.718022932
2018-05-31,-0.000186215,-0.004911098,-0.002438644,-0.001247704,4.55e-05,0.016425902,-0.005327522,0.018293157,0.003635422,0.012014562,-0.001596039,-0.002988991,0.007863736,0.001639248,0.00496586,0.86425978,-0.44972452,0.331735221
2018-06-01,-0.007473794,0.006746467,0.020370129,-0.006261814,0.00022727,-0.006616109,0.002667462,-0.015220981,-0.004676604,-0.001593626,0.012698404,0.018740999,-0.003924138,-0.0011706,0.00470459,0.84807948,-0.62904965,0.335574971
2018-06-04,-0.008286316,0.034248045,0.037563081,0.0,-0.000545785,0.022776393,0.013756707,-0.014418437,-0.006269655,0.006359322,-0.009508611,-0.027640486,-0.002624673,-0.002502001,0.00474966,0.87758146,-0.69580573,0.100860309
2018-06-05,0.017619787,0.004714148,-0.01092175,0.008755667,-0.000318201,0.004189749,0.011494434,-0.011476375,0.002617161,0.014162314,0.002782822,-0.007396172,0.001313198,-0.000313191,0.00472678,0.87585483,-0.71674881,0.029654947
2018-06-07,0.009247389,0.024965117,0.00762473,0.023385686,-0.000430276,0.005685013,0.03018903,-0.001049896,0.002088787,0.042819997,0.016145259,0.012577235,0.010443959,-0.000940099,0.00525422,0.9282124,-0.73769189,0.0288008
2018-06-08,-0.015958719,0.001718578,-0.005298098,-0.015323711,0.000228844,0.005652956,-0.02397466,0.008368257,-0.001566156,-0.008267616,0.0,-0.009054235,0.002594035,0.002348686,0.00526532,0.97166154,-0.65784639,-0.11455479
2018-06-11,-0.000187002,0.011383202,-0.008669635,0.012277649,0.001188962,0.007860849,0.016385566,0.0,0.005211043,0.009015839,0.006230293,-0.002185205,0.007741974,-0.001095396,0.00516724,0.95279762,-0.61988706,-0.059434154
2018-06-12,0.000934968,-0.000566074,0.001338898,-0.003667453,0.0,0.005577288,-0.015353543,0.006230606,-0.001039998,-0.005249356,0.009658516,0.013040548,0.003848626,0.001251783,0.00483328,0.8917059,-0.67748053,0.088843514
2018-06-14,-0.020775066,-0.021174182,-0.015164729,-0.036798674,-0.000274276,-0.019091093,-0.031432723,0.00413224,0.003635422,-0.008305068,-0.003080727,0.008124198,0.010191171,0.000547163,0.00524995,0.94766946,-0.62904965,-0.074170626
2018-06-15,-0.010166072,-0.016914764,-0.00852523,-0.011501788,0.000456863,0.002642109,-0.003198273,0.005141429,-0.00571877,-0.009139439,0.001926379,0.01535044,0.002531647,0.001405555,0.00523146,0.94308055,-0.56752935,-0.102917722
2018-06-18,-0.039721911,0.011114456,-0.000685156,-0.030008793,0.001232962,-0.01099119,-0.012896374,-0.045104664,-0.011536597,-0.022438079,0.006522103,-0.014874529,-0.029508235,0.002960941,0.00601194,1.03833609,-0.37904162,-0.403646452
2018-06-19,-0.013124934,-0.012880747,-0.014150314,-0.023451555,0.0,-0.032535774,-0.038031812,0.018075919,-0.001583516,-0.014184635,-0.030676035,-0.05049238,-0.007843177,0.003184836,0.00683238,1.12229588,-0.1630661,-0.843490374
2018-06-20,0.030229508,0.01113384,-0.008026606,0.019470165,0.000638753,0.005496549,0.001123,0.003156213,-0.003704687,-0.003179653,0.020297455,0.039850702,-0.003944778,-0.000310276,0.00709456,1.14550303,-0.34108229,0.737968128
2018-06-21,-0.003358047,-0.039220417,-0.016961528,-0.020148428,0.000273141,-0.006678322,-0.019836194,0.00209869,-0.009054637,-0.011209085,-0.01165973,-0.02003348,-0.009265453,0.002169848,0.00743278,1.17701967,-0.27956199,-0.198899711
2018-06-22,0.00454042,0.006644505,0.008870055,-0.011600267,0.000638171,-0.005137384,0.0,0.014568376,0.004803806,0.000804829,0.017054709,0.016541449,0.005305052,0.0,0.00757776,1.33159093,-0.36857008,0.276406813
2018-06-25,-0.014083277,0.011968986,0.003878046,0.010921632,-0.000501172,0.014943246,0.028218604,0.031522692,-0.003199972,-0.00322321,-0.005394979,0.001928136,0.001321877,0.000154814,0.00775611,1.36550943,-0.32799286,-0.11663903
2018-06-26,-0.004605047,0.002376797,0.005264175,-0.009549842,-0.000182254,0.004284313,-0.016269889,-0.002003961,-0.001069007,-0.012997746,0.000772519,0.00396526,-0.002645504,-0.000929241,0.00775761,1.37901389,-0.29396036,-0.109546912
2018-06-27,-0.007655136,-0.011340159,-0.021224797,-0.006877664,0.000774702,-0.027582551,-0.036283653,0.037405916,-0.006437728,-0.007386164,-0.002706433,0.002993455,-0.002652521,0.002321485,0.00781122,1.41276768,-0.24945631,-0.164161139
2018-06-28,-0.023944708,-0.021232153,-0.005736918,-0.011801596,0.001092511,0.001995649,-0.01596252,0.021978901,-0.003234579,0.000823384,-0.001549661,-0.019924613,-0.00666225,0.003318031,0.00783519,1.42034532,-0.16830187,-0.393524577
2018-06-29,0.009892867,0.012793214,-0.002159796,0.012491468,-0.000181864,0.0,0.020643706,0.009407461,-0.001080451,0.000822707,0.003483574,0.008138523,-0.001337793,-0.002313786,0.00761327,1.36875027,-0.25469208,0.414296074
2018-07-02,-0.03548696,-0.005462673,-0.017448634,-0.050930489,0.000136691,-0.048610754,-0.036259638,0.00280503,-0.002706406,-0.016584128,-0.011268781,-0.018066782,-0.00806456,0.003237743,0.00838807,1.40513952,0.04636471,0.0
2018-07-03,0.02081886,-0.014097677,-0.006622611,0.002174918,-0.000637279,-0.005877294,-0.011567869,0.018501929,-0.005979917,-0.002511512,-0.009817394,0.000369261,-0.009491597,-0.002697381,0.00835747,1.40054126,-0.02955396,0.0
2018-07-04,0.000624003,0.002465936,-0.029595534,-0.00872744,0.000819201,0.0,-0.011703252,-0.005514769,0.013001353,-0.007572607,-0.009516322,-0.002465713,0.013532006,0.001465228,0.00826774,1.38618276,-0.06489541,0.786559152
2018-07-05,0.0056001,0.0043012,0.012844802,-0.005126182,0.000727607,0.003362593,-0.000619719,-0.011121532,0.0,-0.023068088,-0.012427829,-0.009924494,0.0,0.000462258,0.00817935,1.37370437,-0.08452955,0.26432428
2018-07-06,0.013149862,0.026022599,0.031772193,0.03108299,-0.000272656,0.015820467,0.015990429,-0.002799794,0.0,-0.00868061,0.011231777,0.020972971,0.0,7.7e-05,0.00798371,1.29836027,-0.22327746,0.971314036
2018-07-09,0.012576358,0.017762401,0.003991962,-0.01289414,0.0,0.003298896,-0.022209332,0.009302354,0.004296385,0.018143046,-0.003196079,0.004871565,0.001343184,-0.000616344,0.00806741,1.30993296,-0.41569202,0.621529436
2018-07-10,0.006829954,-0.011212687,-0.011657769,0.004316515,-0.000136108,0.00369847,0.016089525,0.009216708,-0.004834773,-0.006011182,-0.002403911,-0.007560961,-0.005383593,0.000924373,0.00790683,1.29814326,-0.53611473,0.254403537
2018-07-11,-0.005218626,-0.002376797,-0.004406846,-0.023239922,0.00163587,-0.007410319,-0.008631426,-0.00644271,-0.005941159,-0.044921687,-0.005631788,-0.022155745,-0.008130126,0.002383957,0.00801156,1.29549832,-0.41307413,-0.260721118
2018-07-12,0.008217137,-0.01558778,0.008429632,-0.002206627,-0.001227106,0.002476213,0.006172907,-0.033806062,-0.004343141,0.017857617,0.013622021,0.01700107,-0.001361471,-0.001075949,0.00793939,1.28503232,-0.507318,0.205510958
2018-07-13,0.018980406,0.030350171,0.016648956,0.021130034,9.11e-05,0.016758898,0.004298432,-0.004787016,0.001630863,-0.006213957,0.003575074,0.004052226,0.006788892,-0.001154089,0.00829959,1.31964324,-0.64475697,0.239735429
2018-07-16,-0.001764241,-0.014167702,0.025165359,-0.02260402,4.54e-05,-0.002435096,-0.004298432,0.001917595,-0.002175004,-0.00267499,-0.000396428,0.008541919,-0.006788892,-0.000384932,0.00782708,1.24441784,-0.57800089,-0.109298047
2018-07-17,0.000588507,0.007108981,0.002447089,-0.012616124,0.00027304,-0.017213402,0.007357427,-0.03409975,-0.001089385,0.009773512,-0.003178645,-0.004505951,-0.001363327,0.001077545,0.00712921,1.13259716,-0.54789522,-0.053491344
2018-07-18,0.003523223,-0.01008613,-0.011236227,-0.005241432,0.000454103,0.000413387,-0.00797302,-0.003972203,-0.016483837,-0.023256862,-0.013622021,-0.011292601,-0.024863159,0.000845876,0.0069949,1.10403331,-0.52171636,-0.048959996
2018-07-19,0.0,-0.01320532,0.000705875,-0.013605629,0.0,0.011503731,-0.009901163,0.011869585,0.001107373,0.00451468,-0.011358835,-0.013671523,-0.005610113,-0.000461298,0.00661362,1.04895257,-0.48637491,-0.070144322
2018-07-20,-0.01873645,0.003016745,0.00913259,0.0,4.57e-05,-0.007380197,-0.010000105,0.009784773,-0.001661574,-0.003610112,0.002444789,-0.007410771,-0.005641764,0.001383257,0.00646516,1.02653746,-0.53087896,0.087554302
2018-07-23,-0.055040971,0.011380435,0.010434961,-0.016110826,-0.000590835,-0.004123534,0.010000105,-0.003902447,0.006629902,0.009000961,-0.00899431,-0.050550323,0.007047246,-0.000998827,0.00629259,0.99565195,-0.43532615,-0.198438528
2018-07-24,0.015238902,-0.006572798,-0.012184637,0.003859301,4.52e-05,-0.000413387,0.03182643,-0.004899597,-0.008849674,0.003577821,0.005733084,-0.005318604,-0.001405482,-0.002616983,0.0063445,1.00247569,-0.50993588,0.158189472
2018-07-25,-0.022204753,0.016057353,0.009412515,0.006144525,0.000454785,0.022886153,0.004807781,0.015594871,0.006092527,0.017699577,-0.016467954,-0.048483628,0.007007737,0.002155649,0.00632037,1.00469794,-0.53611473,0.050063194
2018-07-26,0.029223646,-0.013064324,-0.001041312,0.020463173,0.000590457,0.024741902,0.017236599,0.009624768,0.002206303,0.005249356,-0.005411186,0.017478682,0.005571045,-0.000615443,0.00660638,1.03675396,-0.6303586,0.161940677
2018-07-27,0.034970773,0.006553378,0.008646036,-0.005265184,-0.000590457,0.001181773,-0.002950748,0.001913831,-0.006079059,-0.005249356,0.000834579,0.002472232,-0.00836825,-0.00015392,0.00649184,1.02331392,-0.69580573,0.098781634
2018-07-30,-0.002784965,-0.004761771,-0.002068301,-0.005293053,-0.000318286,0.007843162,0.011166741,-0.008641372,-0.002219771,-0.013245227,0.002082685,-0.001372588,-0.001401542,-0.001694624,0.00525333,0.83160478,-0.62643177,-0.105030636
2018-07-31,0.001990028,0.002978763,-0.00034512,0.003028017,0.000227181,-0.000781537,0.005246324,0.010551641,0.001110556,0.008849615,0.012407167,0.030971392,0.002801122,0.001848544,0.00541779,0.85821662,-0.64606591,0.030861665
2018-08-01,0.005551168,0.003563239,-0.001381672,0.006779676,-0.000545238,-0.011006479,0.006375182,-0.019268433,-0.000555124,0.000880669,0.011848924,0.025507531,0.001397624,-0.00331445,0.00538462,0.85227483,-0.71674881,0.103823918
2018-08-02,-0.017551262,-0.019755655,-0.020252188,-0.025857155,0.000408853,-0.015133519,-0.032289321,-0.005853728,-0.001667114,-0.024054612,-0.004886044,-0.006250908,-0.002797205,0.001851314,0.0060619,0.93544181,-0.59109032,-0.192756613
2018-08-03,0.002010029,0.003621381,-0.001765199,0.006910104,-0.000227294,0.019078373,0.007134272,0.013605711,-0.01062357,-0.003613373,0.006914908,0.008455458,-0.009852296,-0.00115667,0.0055095,0.85484241,-0.73114718,0.212645949
2018-08-06,-0.022952098,0.000602049,0.011942681,0.002292633,0.001090558,-0.009493858,0.018779867,0.001928595,0.005605378,0.007213737,-0.001622673,-0.009893566,0.008450755,0.001618963,0.00547175,0.85489334,-0.71936669,-0.016243552
2018-08-07,0.007981118,-0.010895989,0.002441116,-0.001528036,0.000181823,0.007917767,0.008682992,0.005763756,-0.003920474,0.004482302,-0.005292234,0.010799929,0.0,0.001539376,0.00550741,0.86901938,-0.77826911,0.078701136
2018-08-08,-0.001223694,0.010895989,0.013492638,-0.007674701,0.000589645,-0.007520398,-0.009846361,-0.001917595,0.003361425,0.002679769,0.001223949,0.009146567,0.0,-0.001077296,0.0050508,0.81111321,-0.78088699,0.003358076
2018-08-09,-0.009432044,-0.010287631,-0.00344245,-0.008510532,0.000771038,0.007914717,-0.002914627,-0.024284773,0.002234543,0.008881053,0.005690958,0.002433489,0.001401542,0.003535416,0.00505799,0.8126862,-0.85680566,0.092780685
2018-08-10,-0.022711757,-0.003045906,0.007215415,-0.018823918,0.000996719,-0.004741276,-0.000583892,-0.00591723,-0.006718885,-0.017841686,-0.002028863,-0.00320326,-0.005617992,0.001839678,0.00480674,0.76952056,-0.76517968,-0.113100443
2018-08-13,-0.029948784,-0.01723109,-0.005836918,-0.039569305,-0.000634161,-0.009550528,-0.028438062,0.009842655,0.001122917,-0.002703922,-0.019274628,-0.043006181,-0.005649733,0.000306284,0.0055811,0.86654333,-0.49422857,-0.43711258
2018-08-14,0.002602374,0.007420962,-0.006910933,0.01634037,0.000135925,0.014291803,0.008378249,0.000978881,-0.013559509,0.002703922,-0.000414354,0.006942552,-0.017143277,0.00030619,0.00560792,0.86928996,-0.63559437,0.251562474
2018-08-16,-0.003471399,-0.001233091,0.012405371,-0.008954112,0.000452951,-0.003553805,-0.014405973,-0.032822392,-0.014900032,-0.054567396,-0.006233124,-0.00828312,-0.02924185,0.001147319,0.00584543,0.89137653,-0.4798302,-0.281128286
2018-08-17,-0.008074213,0.001233091,-0.004806059,0.01461052,0.000905535,0.001975765,0.001812128,0.003028753,0.0,0.005687219,0.005404259,0.028174501,0.004441162,0.003053199,0.00596533,0.90438142,-0.54920416,0.135037957
2018-08-20,-0.008802867,0.005530049,0.015027694,0.001610362,0.000859265,0.003153428,0.02385323,0.006030223,0.008050645,0.013145729,-0.002906363,-0.004444449,0.005891033,0.001599237,0.00610843,0.91880078,-0.5688383,0.035125962
2018-08-21,0.031762573,0.001836411,-0.009536793,0.039437313,0.001536038,-0.005129193,0.00117796,0.003001481,0.009689538,0.014815086,0.007869462,0.0256094,0.007315322,0.003797385,0.00638044,0.93878209,-0.72722035,0.245633316
2018-08-22,-0.003861953,-0.009834001,-0.009628777,-0.006984883,-0.0005871,-0.022805614,0.0,0.00696865,-0.002840151,-0.011090687,-0.004963099,-0.003197624,-0.007315322,-0.000379096,0.00648761,0.95161727,-0.74554554,0.024886692
2018-08-23,-0.000645023,-0.010555759,-0.012867393,0.0038864,0.000180879,-0.003242819,-0.015421556,0.02932759,-0.000569022,-0.009337136,0.011131868,0.006512231,-0.005891033,-0.001517824,0.00647351,0.95014769,-0.78219594,0.047989053
2018-08-24,0.003649964,0.007462664,0.002796026,0.003871555,9.01e-05,0.014110223,0.001791773,0.008633178,-0.003420723,0.010266072,0.00979217,0.017911712,-0.008902136,0.000910971,0.00629571,0.91972568,-0.83455364,0.064791747
2018-08-27,0.014890822,0.016590321,-0.001047574,0.030443713,0.000180583,0.007974678,0.015393822,-0.00095559,0.014739538,0.019310945,0.003242631,0.008093099,0.022108491,0.001819456,0.00678459,0.98663034,-0.81753738,-0.020600393
2018-08-28,-0.00232532,0.005469474,0.015601025,0.00299402,-0.000496765,-0.002385716,0.014002726,0.001910269,0.00224847,-0.005479466,-0.008126598,-0.012980783,0.001456664,0.001589253,0.00677937,0.98780774,-0.82800893,0.012727313
2018-08-29,0.013245192,0.001816396,-0.007596845,0.002985083,0.000406642,0.006744647,0.012093348,-0.001910269,-0.004502007,0.006389798,-0.002042209,0.003761891,-0.011713165,-7.56e-05,0.00665233,0.96903882,-0.86465932,0.04331164
2018-08-30,0.0,-0.015854007,-0.009052852,-0.002238001,-4.52e-05,-0.015942913,0.002857918,0.017062085,-0.002824109,-0.006389798,-0.004096618,-0.002255495,-0.004428052,-0.000832245,0.00666422,0.97256225,-0.8581146,-0.007597923
2018-08-31,0.010388595,0.002455586,0.005580598,0.001492589,0.000902632,0.005608944,-0.014372175,0.00842301,0.002824109,-0.00643089,0.004505288,0.031607684,-0.002962965,0.004078877,0.00609697,0.88816967,-0.83062681,-0.032557048
2018-09-03,-0.002276154,-0.003685644,-0.003135298,-0.008236605,0.000991947,0.000399347,-0.015757565,-0.009363326,-0.002824109,0.0,-0.003274664,-0.002921118,-0.01194044,0.002108472,0.00614972,0.92779786,-0.78481382,-0.056734091
2018-09-04,0.001449084,0.0,0.004178376,0.000751379,4.52e-05,-0.001598684,-0.005899633,0.008430901,-0.003967133,-0.019544596,0.00979217,0.024561774,-0.00150263,0.0,0.00615053,0.92860162,-0.83193575,0.058308697
2018-09-05,-0.006225394,-0.018007362,0.011057387,-0.018195846,0.000180143,-0.013287844,-0.010708002,-0.014091344,-0.003412939,-0.015151805,-0.006517507,-0.013169129,-0.018209911,-0.000451441,0.00644648,0.96833372,-0.70496832,-0.165602349
2018-09-06,-0.010252172,-0.006915885,0.023098898,-0.012317446,0.000813559,-0.006914739,0.005963025,-0.009505736,0.003980669,0.000953744,0.000408679,-0.004105787,-0.001532567,0.005927599,0.00643772,0.9680927,-0.72591141,0.029275117
2018-09-07,-0.026423873,0.008794182,0.007693518,0.0107859,-0.000451977,-0.000816641,0.009467614,-0.0067082,0.003399404,0.005703438,0.004890202,0.003382416,0.001532567,-0.00314707,0.00644502,0.97998215,-0.68926101,-0.051807959
2018-09-10,0.003018547,0.003121899,-0.011057231,0.00763369,-0.000271153,0.00651453,0.008795065,0.004796105,-0.006810403,-0.004750603,-0.008573545,-0.007748156,-0.003067487,-7.51e-05,0.00632323,0.96176824,-0.71020409,0.029932356
2018-09-11,0.00021518,0.000623312,-0.015277768,0.005309209,0.000587584,0.000405839,-0.022433067,-0.006721083,0.002843269,0.011363759,0.006131301,0.005937672,0.0,0.000750257,0.00548921,0.86382473,-0.74554554,0.048563839
2018-09-12,-0.008646916,0.004971977,0.001367501,-0.007593213,-0.000180513,-0.00081167,0.002385218,0.028492024,-0.002843269,-0.009460809,0.011748208,0.01950158,-0.004618946,0.000374918,0.00550292,0.90639209,-0.78219594,0.047989053
2018-09-13,-0.008722068,0.014769387,-0.011338368,0.00304405,-0.000543044,0.002433121,0.022380216,-0.000936792,0.007941048,0.023486284,0.008821114,0.021218949,0.009216655,-0.000975079,0.00485298,0.80381631,-0.84764306,0.080354356
2018-09-14,0.01283885,-0.008589,0.01270408,0.0269882,-0.000723425,0.008067797,0.009852201,-0.013207796,0.001129258,0.002781643,0.004381806,-0.001044708,0.001527884,-0.00278032,0.00484584,0.82285163,-0.95890318,0.123330483
2018-09-17,-0.01305798,-0.006800524,-0.008910295,-0.017158257,-0.000407505,-0.010095087,-0.009269941,0.002845024,-0.006227036,-0.023420274,0.007523239,0.007749829,-0.009202519,-0.001129411,0.0050541,0.856442,-0.84109835,-0.131081513
2018-09-18,0.001094724,-0.011856843,0.004464994,-0.003769208,-0.000135817,0.01049685,0.00290609,-0.007604605,-0.001705014,0.017849229,0.000394239,0.006202655,0.004611845,-0.000226035,0.00462817,0.79075634,-0.8332447,-0.009381241
2018-09-19,-0.002190557,-0.000627673,0.001712089,0.014992814,-0.000543371,-0.010091011,0.013260511,0.019839992,0.00397389,0.022100347,-0.002368711,-0.001145838,-0.004611845,-0.003396616,0.0044651,0.76016239,-0.85942355,0.030934517
2018-09-20,-0.004175316,0.02113179,0.011564816,0.011098843,-0.000951755,-0.006512052,-0.001146233,0.02128724,0.00395816,-0.004564134,-0.006742137,0.000573173,0.007674635,-0.005078626,0.00448595,0.76705166,-0.91832596,0.06629053
2018-09-21,-0.009070037,0.01828215,0.001351634,0.007331378,0.0,0.006917639,0.010268453,-0.013831468,0.003942555,0.019030932,0.006346792,0.008215346,0.010646488,0.0,0.00448747,0.76780181,-0.90261865,-0.017252254
2018-09-27,-0.006241574,0.006020388,0.007737673,0.015223208,0.000317434,0.014892605,0.012408369,0.027474233,-0.011874605,0.011602094,0.011010765,0.004648391,0.00302115,0.003035129,0.0041117,0.69908216,-0.86858615,-0.038433375
2018-09-28,-0.009210443,0.011340159,0.001339642,0.001437958,0.00122313,0.007165723,-0.011841237,0.0,-0.012017308,-0.008912715,0.003513663,-0.013551547,-0.012139755,0.001665376,0.00419523,0.77144515,-0.88298451,0.016440883
2018-10-01,-0.005431177,0.012971729,-0.013477247,-0.003598497,-0.000498296,0.003958825,-0.002271312,0.017017955,0.006312804,-0.001792115,-0.007824718,-0.018164347,0.016654435,-0.000832371,0.00419295,0.77195917,-0.83586258,-0.054843436
2018-10-02,-0.020401808,-0.005286434,-0.006807355,-0.031492889,-0.000407747,-0.007137226,-0.00913785,0.028022785,0.003996578,0.000896459,-0.017433205,-0.040262785,0.007479466,0.001588471,0.00444564,0.80957256,-0.80837479,-0.033438422
2018-10-04,-0.017050449,0.015196333,-0.029108206,-0.027151141,-0.000725212,-0.030709543,-0.029105762,0.005168017,0.003412939,0.017762456,-0.014898651,0.007145891,-0.002985077,-0.006673264,0.00473176,0.84859717,-0.66177322,-0.200102871
2018-10-05,-0.016867128,-0.001160654,0.00421055,-0.007674701,-0.000589771,0.001230236,-0.002957527,-0.01123125,0.002268876,-0.017762456,-0.004472404,-0.02517534,0.001493652,-0.000685022,0.00480528,0.8850771,-0.64475697,-0.026049474
2018-10-08,-0.00143835,-0.001743938,-0.009852231,-0.010844184,-0.000136296,-0.013616828,-0.014320084,-0.016645142,-0.003405192,-0.009000961,-0.00531143,-0.010950846,-0.005988042,0.000608932,0.00504573,0.91912094,-0.52040742,-0.21426145
2018-10-10,-0.023793421,-0.002913053,-0.020000696,-0.030844657,0.000952696,-0.009601364,-0.022486439,0.014906052,-0.005701251,0.012578782,-0.011537131,-0.01538309,-0.006024115,0.003342452,0.00498736,0.89342048,-0.4274725,-0.196722046
2018-10-11,-0.052975643,-0.051477543,-0.027799809,-0.059571077,0.000996836,-0.040227997,-0.051713916,-0.039952104,0.004563531,-0.021661497,-0.048396535,-0.047621788,-0.012158204,0.003331317,0.00856864,1.26376393,0.19689311,0.0
2018-10-12,0.032121056,-0.004308979,-0.002599947,0.008489197,-0.000498253,0.016028063,0.011583055,-0.001813194,0.017489956,0.027892047,0.010815505,0.027989375,0.024170361,-0.00227013,0.00909661,1.30440377,-0.10547263,0.0
2018-10-15,-0.020786655,0.002464582,-0.021045443,-0.016191405,4.55e-05,0.003860273,-0.008997547,-0.002726015,0.006688923,-0.001776199,-0.014737943,-0.038168967,0.004467617,0.001211349,0.00918734,1.32572275,0.05421837,0.0
2018-10-16,0.025541848,-0.004935088,0.010578041,0.0,0.000588724,-0.003430638,0.000645464,-0.000910355,0.000555432,-0.009825894,0.001745059,0.006708685,0.001484781,0.00105878,0.00923,1.32962501,0.00840538,-1.864147804
2018-10-17,0.018553457,0.009233647,0.008978774,0.020408912,4.54e-05,0.019566854,0.010269615,0.005449564,-0.002780142,-0.002696631,0.008248583,0.002670965,-0.001484781,0.002943503,0.0094001,1.34039108,-0.24945631,0.0
2018-10-18,-0.014069112,-0.00861551,-0.020696746,-0.011003067,0.001583674,-0.00931041,-0.01609302,-0.030347112,-0.001671759,-0.003606857,-0.003464704,-0.016947361,-0.007457156,0.003385686,0.00937079,1.33189436,-0.20757015,-0.183814435
2018-10-19,0.016517067,-0.002475175,-0.003427958,-0.0008514,0.000316516,-0.005970029,-0.001298742,-0.015052036,0.004451901,-0.002713706,0.015497456,0.026768318,0.005970167,-0.001879522,0.00932963,1.32434241,-0.26516362,0.244877715
2018-10-22,-0.008101228,0.022059795,0.008736954,0.014376569,0.000180693,0.012327452,0.005184728,0.011310214,0.001109831,0.014388737,0.008083368,0.001187904,-0.001489204,-0.001581533,0.00948272,1.33553245,-0.22851323,-0.148752961
2018-10-23,-0.03231344,-0.023299684,-0.034240628,-0.030693119,0.0,-0.03176241,-0.026196557,-0.007525911,0.001108709,-0.012578782,-0.040204285,-0.059372277,-0.001491425,0.00203294,0.0103708,1.37355852,0.13799069,0.0
2018-10-24,-0.01229508,0.017830209,0.013219458,0.01375788,-0.000180693,0.004785813,0.007931245,-0.034585607,0.002213629,0.006309169,-0.012427786,-0.037654358,0.011869576,0.000902204,0.01026255,1.3601349,0.12359232,-0.110197812
2018-10-25,-0.022414312,-0.022805361,-0.042207107,-0.01809615,0.000813064,0.01507676,-0.008595132,-0.005882326,0.00661153,-0.012658397,0.00844987,-0.002328127,-0.005917177,0.003301017,0.01018074,1.34174906,0.35265727,1.048508272
2018-10-26,-0.004490963,-0.00374755,0.001610282,-0.002612138,0.000541867,-0.041463462,-0.021477305,0.002945488,-0.002749458,-0.001821494,-0.031948597,-0.042863803,0.0,0.003961953,0.01006031,1.32637728,0.58041328,0.498243723
2018-10-29,-0.016012865,0.001875364,-0.011733911,-0.019366784,0.001578613,-0.012556212,-0.021948643,0.009756135,-0.002757147,-0.002738477,-0.026408758,-0.033712559,-0.001484781,0.002682096,0.00972668,1.27256629,0.66025878,0.128891448
2018-10-30,0.036454012,-0.043401646,0.006895263,-0.002670263,0.000631042,0.009431885,-0.008356612,0.000970427,-0.006092527,-0.002745997,0.003748729,0.032495419,-0.011958289,-0.000893272,0.00981867,1.28337892,0.51365721,-0.251075713
2018-10-31,0.002331766,0.000651822,0.00403383,0.008873248,-0.000766247,0.029944953,-0.000699567,-0.009746625,-0.006129874,-0.019436058,-0.009398509,-0.027631676,-0.004521485,-0.003132633,0.00975772,1.28534086,0.32778736,-0.449191031
2018-11-01,-0.006230417,-0.002610715,-0.006462055,0.012291606,-0.0005861,-0.022374207,-0.007022556,-0.022784534,0.002791005,-0.00938974,0.013599226,0.01614694,-0.004542021,-0.001196015,0.00976717,1.28873641,0.2243809,-0.379020051
2018-11-02,0.05176182,0.019418109,0.017671247,0.072361333,-0.001037952,0.042134207,0.052842456,-0.018200768,0.009431396,0.03794995,0.014794728,0.059491483,0.021021795,-0.00164686,0.01208954,1.45501569,0.01625903,-2.624696607
2018-11-05,-0.025038898,-0.011605716,-0.024583239,-0.021329862,-4.5e-05,-0.008114313,-0.020939663,-0.015424457,-0.000552364,0.009041653,0.002749548,0.018119651,0.004447746,0.000449413,0.01210098,1.4539322,0.22830773,2.642045965
2018-11-06,-0.008146406,0.003237373,0.028952504,0.016447666,0.000180489,-0.006453147,0.018932317,0.0,-0.004429607,-0.009041653,0.012733373,0.005825987,-0.005934736,-0.000374496,0.01216567,1.4583605,0.24925081,0.087765247
2018-11-07,-0.022490534,-0.003886072,-0.01719013,0.0089323,-0.000135507,-0.011721433,-0.014165392,-0.016719316,0.001663416,0.000907853,-0.006801188,-0.015276129,-0.005970167,-0.002550184,0.0121483,1.45123364,0.16547848,-0.409618502
2018-11-08,0.020955358,0.005823288,0.004024091,0.01683397,0.000947752,0.004792067,0.015504045,0.001053213,-0.004442013,-0.001816531,0.008155834,0.007595686,0.001495887,0.003748079,0.01019695,1.21093218,-0.1813913,0.0
2018-11-09,0.007397167,-0.001937215,0.002807442,-0.012799888,0.000315582,-0.011363773,-0.000668987,-0.015915441,-0.003902986,-0.009132484,-0.018674907,-0.032651811,-0.013544225,0.00269003,0.00983872,1.16281178,-0.28741564,0.460272815
2018-11-12,0.007594785,0.005800853,-0.025554009,0.003215234,4.53e-05,0.0,-0.006042424,0.004268953,-0.010671305,-0.008291158,-0.033188536,-0.072010871,-0.016807118,0.001789224,0.00995811,1.16765729,-0.16961081,-0.527422932
2018-11-13,-0.027875265,-0.004508988,0.005735472,-0.004826998,0.000586023,-0.000439647,0.015369511,-0.031370931,-0.002261069,0.000924642,-0.00237942,0.019155823,-0.004633213,-0.000223493,0.00990881,1.18258089,0.0830151,0.0
2018-11-14,-0.014629427,-0.004529238,0.008541904,-0.013804418,-0.000180416,-0.008833962,-0.012008137,-0.067032498,-0.000566123,-0.006490519,0.01372169,0.020016174,-0.010895049,0.002381351,0.0096969,1.15437091,0.12490126,0.408500986
2018-11-15,0.011512555,0.0,0.019254402,0.012190157,-0.00013513,0.010591391,0.007355506,0.015160681,0.007896259,0.02025852,0.023224464,0.019623259,0.010895049,-0.002828486,0.01004195,1.18968391,0.04374683,-1.049104352
2018-11-16,-0.001041156,0.001296311,-0.000397553,-0.000808056,-4.49e-05,0.0,0.008623487,0.012651099,0.000561671,0.005454559,0.007775128,0.022319876,0.009245058,-0.000298201,0.01010281,1.19602975,0.0214948,-0.710608108
2018-11-19,-0.000781793,-0.004543938,0.0,0.015243031,0.000360457,0.010045991,0.00985885,0.001142234,0.001683013,0.003619913,0.01087459,0.032077671,0.007639457,0.002829328,0.01010976,1.19396486,-0.03478973,0.0
2018-11-20,-0.037980875,0.001949893,-0.029852798,-0.016861105,0.000405532,-0.005665791,-0.007879243,-0.006872828,0.003916087,-0.001808319,-0.000450962,-0.00795911,0.001520913,-0.000371823,0.00915832,1.09060212,0.0738525,0.0
2018-11-21,0.009698533,0.0,0.006530539,-0.005684178,-9.01e-05,0.002618885,0.00197562,-0.047067546,0.0,-0.002718624,0.003600362,0.00356109,-0.003044142,-0.000595205,0.00916131,1.09318314,0.12097444,0.493509423
2018-11-22,-0.006994905,0.000649034,-0.045784001,-0.004079849,0.0,-0.003493465,-0.011247191,0.003607915,0.006123049,0.012624153,0.003587833,-0.007277999,0.009104767,0.000446437,0.0090499,1.07949917,0.05552731,-0.778704312
2018-11-23,-0.005414361,-0.004552979,-0.002558696,-0.017320027,0.00063035,-0.014540848,-0.008016092,-0.025533292,-0.000555124,-0.00809721,-0.013520067,-0.010076349,0.003016594,0.003193643,0.0089149,1.06377866,0.06468991,0.152730267
2018-11-26,0.016689436,0.005850044,0.014833897,0.025463251,0.000585045,0.002216753,-0.006054541,-0.037645567,-0.002223473,0.001805055,0.025975398,0.032593742,-0.010598131,0.0,0.00876263,1.06007498,-0.0217003,0.0
2018-11-27,0.005590493,0.007746999,0.029432307,0.006467295,0.0001797,0.008818476,0.006054541,0.003828949,-0.002786339,-0.007239851,0.005730731,-0.0015417,-0.006106889,0.00155587,0.00881134,1.06258406,-0.06882224,1.154200863
2018-11-28,0.012399517,-0.012294063,0.003669581,0.002414519,-0.0001797,-0.00439947,-0.011467286,0.016424862,-0.005595968,-0.001818182,0.009188574,-0.00252767,-0.006144413,-0.000222136,0.00879069,1.06091941,-0.05835069,-0.165055765
2018-11-29,-0.004467144,0.007136071,-0.004078249,0.023044345,0.000629503,0.003521142,0.013477399,-0.03442022,0.008938666,0.015350189,-0.004365028,-0.006913567,0.009202519,0.003622052,0.00877454,1.05757747,0.00055172,0.0
2018-11-30,-0.008463347,-0.021562383,0.02939614,0.000785316,4.5e-05,0.006568735,0.004007915,0.017995358,-0.002227187,-0.005390849,0.005670642,-0.001275081,-0.001527884,0.001695633,0.00617927,0.74637819,0.07647039,4.931618215
2018-12-03,0.018682099,0.0,0.009478694,0.0255729,-0.000404803,0.036009291,0.035367181,0.042400399,0.002783128,0.020508967,0.003040163,0.023814076,-0.00306279,-0.003394147,0.00696664,0.81577656,-0.17877341,0.0
2018-12-04,-0.012856072,0.001320269,-0.009875501,-0.009996333,0.0,-0.015701659,-0.001932353,-0.002444991,0.008854572,-0.010647838,0.001300143,0.006347248,0.019742479,0.002657268,0.0069285,0.81181322,-0.16175716,-0.10002294
2018-12-05,-0.0135586,0.001318264,-0.009172592,-0.017147714,0.000674771,-0.010318268,-0.018217849,-0.017284394,-0.002758668,-0.020730801,0.003458713,-0.007455312,-0.006033201,0.003605412,0.00696302,0.81711855,-0.11594417,-0.332987416
2018-12-06,-0.032647055,-0.007936311,0.015109588,-0.023867371,0.002086998,-0.01567977,-0.012553856,-0.006246152,0.002207521,-0.001823155,-0.010848357,-0.028107545,-0.001514005,0.00636968,0.00703454,0.82084553,0.12751915,0.0
2018-12-07,0.000552848,-0.001994403,-0.005540188,0.004819243,4.5e-05,-0.005723067,0.001328869,-0.021533434,0.0,-0.003656311,0.007389644,0.019618224,0.001514005,-0.000584037,0.00684577,0.79934446,0.0214948,-1.780455504
2018-12-10,-0.036879458,-0.022881161,-0.005571144,-0.016155576,0.000360864,-0.023225727,-0.003991992,0.026533448,0.009327895,-0.005509656,0.006905504,-0.0054657,0.009036206,-0.000365197,0.00649933,0.75788081,0.24008821,2.413195352
2018-12-11,-0.001147811,-0.002726664,-0.00159733,-0.000814639,9.03e-05,0.002707424,-0.010723986,-0.027814648,-0.00109285,0.006424988,-0.010376128,-0.029376089,0.004487666,-0.000146116,0.00657449,0.76547212,0.0830151,-1.061983879
2018-12-12,0.018771747,0.014232912,0.047228212,0.024950861,-0.000180562,0.009865703,0.014715978,0.022814633,-0.006032387,0.010919126,0.009084845,0.021333727,-0.001493652,-0.002047753,0.00703102,0.80075358,-0.09631003,0.0
2018-12-13,0.012321776,0.00536898,0.02149812,0.003966976,-0.000496287,0.00755719,0.009253263,-0.016424862,0.000549934,0.0,0.000430675,0.010428548,0.00447428,-0.0010988,0.0066555,0.76059844,-0.2769441,1.056243214
2018-12-14,-0.035697868,0.008000337,-0.011257159,-0.008747613,0.000676849,-0.002216753,0.005249217,0.012658407,-0.00385569,-0.007266154,-0.012998324,-0.04004539,-0.001489204,0.001025584,0.00676382,0.7728341,-0.04395233,-1.840710043
2018-12-17,-0.000865583,0.005957954,0.01386574,0.001596017,-0.000135398,0.001773795,0.010416933,-0.013933074,0.000551647,0.005454559,0.003482805,-0.010119711,-0.007479466,0.000366025,0.0065887,0.7543321,-0.07144012,0.485753979
2018-12-18,-0.021004304,0.009852441,0.000743952,-0.005597813,0.000541158,-0.022402327,-0.002594041,-0.044335848,0.004402898,-0.013692592,-0.002611036,0.000884213,0.007479466,0.001754944,0.00650887,0.74413527,-0.00075722,-4.546961063
2018-12-19,0.007050709,-0.004585524,0.027871264,0.007987331,0.000901387,0.015734309,0.007117464,-0.050591792,0.002742027,-0.015748357,0.015135356,0.02745471,0.001489204,0.003792095,0.00654425,0.748449,-0.01777348,3.155808906
2018-12-20,-0.024297672,0.005891646,-0.011274813,-0.020901072,-0.000450673,-0.006264142,-0.00581964,0.002801124,-0.002742027,-0.002805051,-0.007755149,-0.009936097,-0.00896867,0.000145563,0.00667481,0.76343837,0.07647039,0.0
2018-12-21,0.014885616,0.009097215,-0.014738694,-0.002440049,-0.000991872,0.013375118,-0.027615188,-0.018349118,0.012008904,0.004670723,-0.003900527,0.007927867,0.01194044,-0.003061282,0.00646277,0.74257688,0.08955982,0.158003175
2018-12-24,0.008533303,-0.002590944,0.003705025,-0.003262546,-4.52e-05,0.000885421,0.010610202,-0.00858375,0.002709339,-0.007483664,-0.012232514,-0.015336126,-0.001484781,-0.001534162,0.00637144,0.73872177,0.19689311,0.787754211
2018-12-26,-0.017139868,-0.016345612,-0.026988088,-0.023141573,0.00076694,-0.007104755,-0.005291029,-0.066840034,0.009157061,-0.008486614,0.003071996,0.018919162,0.007401958,0.003357483,0.00658221,0.75874444,0.49140518,0.914608009
2018-12-27,0.02239994,0.001975752,0.016952843,0.021506194,4.49e-05,0.011519764,0.013175299,0.071141084,-0.004298799,0.012235447,0.012195502,0.006559259,0.01173034,0.000655582,0.00739402,0.82904356,0.16678743,-1.080548874
2018-12-28,0.013030478,0.007211003,0.007443169,0.005711796,0.0,0.000880742,-0.005249217,-0.001431605,0.006976116,-0.000935892,0.010764371,0.010743585,0.017341475,-0.00050986,0.00747343,0.8361744,0.13144598,-0.238124159
2019-01-02,-0.012156692,-0.012488256,-0.02325686,-0.028054652,0.000631028,-0.033567783,-0.015915489,-0.02465678,0.005333329,-0.014144507,-0.017715061,-0.019881316,0.014224991,0.000218543,0.00799004,0.88558913,0.22961667,0.557815298
2019-01-03,-0.040712623,-0.002648752,0.013944039,-0.014327993,0.000855232,-0.025819871,0.004668299,0.018909633,0.004246319,-0.006669868,0.002177379,-0.023363133,-0.002828856,-0.000218543,0.00710752,0.7881038,0.16547848,-0.32757011
2019-01-04,-0.020530815,-0.006653541,0.03204107,0.007611128,-0.000315073,0.0,0.015186835,0.033997635,0.002116417,-0.014444161,0.017249324,0.032074425,0.015460603,-0.002626252,0.00743492,0.81958778,-0.00337511,0.0
2019-01-07,0.018101532,-0.014795167,-0.002903687,0.036397696,-4.5e-05,0.034881991,0.008482809,0.027474209,-0.003706648,0.022063245,-0.004713989,-0.004132101,0.005563297,0.00036517,0.0075824,0.83142682,-0.1722287,3.932395328
2019-01-09,0.054723041,0.010781904,0.006521583,0.008896284,-0.000765555,0.016551576,0.03071258,0.032002756,-0.007989417,0.007561473,-0.004304712,-0.003862344,-0.018195044,-0.002851753,0.00765017,0.92343353,-0.33191969,0.656069797
2019-01-10,0.015991214,-0.006725044,-0.012720401,-0.004842791,0.000810551,0.000443359,0.00125963,0.018205978,0.011696065,0.0,-0.002159419,0.007852034,0.012631747,0.002632667,0.0076741,0.94248055,-0.38951316,0.16000461
2019-01-11,0.001415471,-0.002702804,0.001096759,-0.004866252,0.000134974,0.007510729,0.001257756,0.011531175,-0.001057597,-0.007561473,-0.003031041,-0.004846651,0.0,-0.001315525,0.00757105,0.93571479,-0.43401721,0.108186536
2019-01-14,-0.020000561,-0.006107834,-0.002927395,-0.00162729,0.000180099,-0.007954088,-0.015838204,-0.024501535,-0.001588651,-0.007619084,0.000866762,-0.010919674,-0.008403411,0.002264551,0.00768229,0.9445516,-0.39474894,-0.09483422
2019-01-15,0.015463984,0.026202487,0.03067184,0.037559347,-4.5e-05,0.01015223,0.015838204,0.002607565,-0.000530008,0.008567401,0.001731929,-0.001879704,0.002808991,0.000875225,0.00749091,0.91301321,-0.38296845,-0.030297358
2019-01-16,0.012426054,0.016442365,0.002484437,0.022490404,-0.000405003,0.006129568,0.001256176,0.011650594,0.0,0.004728141,-0.008688193,-0.012379031,-0.002808991,-0.000948196,0.00748165,0.92016095,-0.44056193,0.140098416
2019-01-17,0.007827949,0.0058535,0.01092915,-0.006925857,8.99e-05,0.004355584,-0.006929086,0.0,0.0,0.005644418,-0.012733578,-0.017443215,-0.00140746,0.000583611,0.00728568,0.89703504,-0.39343999,-0.113122473
2019-01-18,0.005000046,-0.0058535,0.028005265,0.016086046,0.000135061,0.009945889,0.00567291,0.011516482,0.0,0.00747667,0.008360726,0.023724752,0.0,-0.002702062,0.00744342,0.91404099,-0.4798302,0.198503738
2019-01-21,0.030561631,-0.005232295,-0.014077512,-0.004569557,-4.52e-05,0.009848304,0.016828158,0.010126614,-0.006383043,0.000930665,-0.012345591,-0.011423909,-0.01991531,-0.001756485,0.00725346,0.94545309,-0.43794404,-0.091341152
2019-01-22,-0.00836591,-0.007899738,-0.004852624,-0.009973326,0.000180034,-0.004697924,-0.00744429,-0.012674388,-0.006423942,-0.010285271,0.004868281,0.001030708,-0.007209837,0.002341334,0.00738413,0.95920059,-0.39998471,-0.090664818
2019-01-23,0.003786861,-0.000661579,0.025387234,-0.004636753,0.000180326,0.001710825,0.003108513,0.010152317,0.006957448,-0.000940292,0.004844695,-0.00324257,0.005772022,0.00131466,0.00718078,0.93861635,-0.41700096,0.041662203
2019-01-24,0.024534424,0.015097355,-0.003393389,0.037252454,0.000494696,-0.005141462,-0.009981461,-0.015267422,-0.003740318,-0.003770033,0.002632615,0.023489372,0.005738897,-0.001022364,0.00720755,0.95460872,-0.51778954,0.216480342
2019-01-25,0.030356417,0.005198124,-0.015413832,0.001491476,-0.000224795,0.017458443,0.008739258,0.017789493,0.001604692,0.005649733,0.007857174,0.007613144,-0.007178782,-0.000950275,0.00720362,0.964434,-0.46674078,-0.103794838
2019-01-28,-0.002558722,0.0,0.003446009,-0.01048696,-0.00031504,0.000843773,-0.00560934,-0.013950745,0.015380863,0.013986242,0.0004347,0.003285947,0.029810582,-0.001024268,0.0066882,0.89503098,-0.39867576,-0.157625574
2019-01-29,0.018027675,0.003235192,0.006172767,-0.004528171,0.0,0.009236056,0.001873302,-0.010269675,0.001052033,-0.00464038,-0.006102868,-0.003715316,0.0,-0.001465228,0.00613948,0.82287551,-0.36726114,-0.082075307
2019-01-30,0.026813808,0.003224845,0.017621649,0.009036028,-0.000180172,0.009151619,0.023428952,0.0191699,0.007855526,0.006490519,0.002183847,0.007132871,0.009742596,-0.001834559,0.00635812,0.84294517,-0.13034254,-1.03590724
2019-01-31,-0.014061967,0.017236214,0.00368813,0.008955302,0.000674971,-0.000828481,0.002434507,0.008821771,0.004164531,0.015589495,0.011711286,0.020680301,0.006901339,0.00425092,0.00529351,0.78269403,-0.32406604,0.910781414
2019-02-01,0.001985562,0.010702039,-0.012799061,-0.000743196,0.000269942,-0.002074475,0.000607667,-0.008821771,-0.001039559,-0.002733487,-0.009532386,-0.008389271,-0.001376463,0.001826784,0.00509005,0.75878563,-0.4091473,0.233127916
2019-02-07,0.031725401,0.00250149,-0.007485541,0.017686473,0.000134903,0.002074475,0.003033087,0.018809378,-0.011506429,0.022553956,-0.005675404,0.000139949,-0.016667052,-0.000657258,0.00498228,0.74241243,-0.42354567,0.03458611
2019-02-08,-0.025792259,-0.001249712,-0.003078537,-0.030406435,0.000179896,-0.014190668,-0.020190195,-0.025158579,0.002101959,-0.000892459,0.002623406,0.007831225,-0.001401542,0.002407837,0.00536247,0.79874487,-0.41307413,-0.025034279
2019-02-11,-0.003209478,-0.010688748,0.010564077,-0.001507113,0.000763835,0.000420157,-0.004335777,0.002544533,0.00419071,-0.008068175,0.003051998,0.01149535,0.006988149,0.002183923,0.00512,0.76692399,-0.40783836,-0.012756149
2019-02-12,0.015945365,-0.014003969,0.005071941,0.003012056,-0.000314316,-0.001261091,0.000620488,0.006333117,-0.002617161,-0.004510608,-0.008305711,-0.010798946,-0.001393728,-0.003058829,0.00515716,0.78228453,-0.40652942,-0.003214619
2019-02-13,0.03138354,0.017159447,-0.007787604,-0.006033114,-0.000269493,0.013372402,-0.001862691,0.016280929,0.003139792,0.001806685,0.003067956,0.004305887,-0.001395674,0.0,0.00518976,0.80502199,-0.29003353,-0.337659763
2019-02-14,0.019617741,0.010031635,-0.015759071,0.006784493,0.0,0.004968927,0.00557798,0.012345845,-0.004188516,-0.002711253,0.006977876,-0.003471105,-0.012649501,-0.00036477,0.00468442,0.72839036,-0.55313099,0.645598308
2019-02-15,-0.031957601,-0.007514486,-0.007277851,-0.018961425,0.000853549,-0.004554001,-0.01118732,0.004895974,0.002096451,-0.00544466,-0.004355522,-0.000278074,0.0,0.002186629,0.00462386,0.72094311,-0.49030174,-0.120573848
2019-02-18,0.011868036,0.003764343,-0.003833289,0.011420042,-0.000943477,0.02620953,0.008092205,0.021739944,0.008861129,0.019820469,0.006959572,0.009002012,0.014045175,-0.002551533,0.00493478,0.77380628,-0.48375703,-0.013438221
2019-02-19,-0.001889427,-0.012602521,-0.004900342,-0.003792274,0.000224845,-0.000808716,0.008027105,0.002386696,0.001037402,0.002672607,0.000866574,0.011787454,0.0,7.3e-05,0.00491174,0.772345,-0.37118797,-0.264874185
2019-02-20,0.019199841,-0.001269083,0.004201704,0.010582278,-0.000314943,0.014856895,0.024902665,-0.001192636,0.011340251,0.021998247,0.012053657,-0.002319024,0.015225208,0.000291912,0.00501878,0.78280141,-0.43794404,0.165382548
2019-02-21,-0.001392286,-0.004454217,0.003487998,0.0,4.49e-05,-0.010014126,0.001798078,0.005948891,-0.000512617,0.004342169,-0.004718219,-0.014305687,-0.001374571,-0.001460414,0.00505471,0.7998715,-0.45234241,0.032348298
2019-02-22,-0.000929491,-0.002554374,0.006939629,0.0,4.52e-05,-0.011336062,-0.001798078,0.00118545,-0.011346201,-0.003472226,0.005145945,-0.003191561,-0.009675266,7.31e-05,0.00487684,0.77174762,-0.49553751,0.091203615
2019-02-25,0.022979076,0.007643376,0.005173398,0.005996934,-4.52e-05,0.005684008,0.005384564,0.001184163,0.006204717,0.018949749,-0.002141019,-0.005714518,0.001387925,-0.00021923,0.00490928,0.77704583,-0.44448875,-0.108718307
2019-02-26,-0.011883213,-0.01405766,0.00480433,0.012625494,9.02e-05,-0.006498653,0.010682581,-0.033697499,-0.003614772,-0.001707942,-0.003004926,-0.001258851,-0.001387925,0.00021923,0.00503424,0.80576277,-0.43925298,-0.011849234
2019-02-27,-0.006920461,-0.005161233,0.022343417,-0.000738257,0.000449215,0.015366239,-0.010086219,0.016990713,-0.000517392,-0.00686109,0.006001034,0.009194838,-0.001389854,0.00160622,0.00495979,0.79578177,-0.45103347,0.026466038
2019-02-28,-0.032226712,0.004517458,-0.003353331,-0.024674173,-8.97e-05,-0.008058302,-0.012601402,0.008388282,-0.008838197,0.002578429,-0.002139095,0.006220856,-0.008379937,0.000145892,0.00521976,0.83087748,-0.32668392,-0.322548452
2019-03-04,0.006196485,-0.019506319,-0.024827004,0.008292587,-0.000629549,-0.008939394,-0.001208497,-0.007185724,-0.017914037,0.0,0.008953426,0.029066386,-0.029895465,-0.003507185,0.00537244,0.85010334,-0.38951316,0.175904554
2019-03-05,-0.015322367,-0.00328856,-0.011428684,-0.010566206,0.00013496,-0.009844159,-0.017073693,0.002401022,-0.006935178,0.0,0.000848467,0.006671195,-0.008708328,0.000365918,0.0051145,0.80319642,-0.42354567,0.083763696
2019-03-06,-0.007263974,-0.001318264,0.009705384,0.002273619,0.000359453,0.002470096,0.0,0.001198353,0.003206813,-0.001718213,-0.005528362,-0.010157822,-0.004382768,0.0006582,0.00491033,0.77088334,-0.45234241,0.06577809
2019-03-07,-0.009032132,-0.001320269,-0.007965371,-0.009889867,0.00049611,-0.017839122,-0.008647279,0.001196801,-0.002136767,-0.003445309,-0.006417211,-0.01679779,0.0,0.001826384,0.00505056,0.82212174,-0.44972452,-0.00580422
2019-03-08,-0.010600487,-0.016650437,-0.024640495,-0.01929798,0.000630866,-0.006719913,-0.023220294,-0.004796176,0.005333329,-0.004323396,-0.00387015,0.000136378,-0.004402061,0.002769731,0.00521966,0.83772788,-0.36857008,-0.199004348
2019-03-11,0.01987571,0.014666848,0.007456149,0.000779096,-0.000270265,-0.011443051,0.002536323,0.002401022,0.00530514,-0.00608433,-0.002156531,0.0,0.021819047,-0.000946676,0.00505574,0.82268779,-0.31490344,-0.157364818
2019-03-12,0.023055581,0.008566958,0.014398791,0.008530431,-4.52e-05,0.013127402,0.008827279,0.005977338,-0.003179726,0.013853035,0.0,0.018272142,0.0,-0.000364345,0.00537147,0.8796022,-0.44317981,0.341709527
2019-03-13,0.008275505,-0.003944836,-0.006997905,-0.000772476,0.000540642,-0.005907322,0.008127692,0.005941705,0.007930283,-0.002582868,0.004738449,-0.000134225,0.004307257,0.001965888,0.00537239,0.87991413,-0.4183099,-0.057753034
2019-03-14,0.012866989,0.006566253,-0.020575253,0.012288965,0.00027005,0.013868717,0.008679446,0.011778766,-0.003164529,0.0,-0.000430027,-0.009975648,-0.004307257,-0.001820134,0.00525989,0.86792285,-0.52695213,0.230887164
2019-03-15,-0.008168985,0.0168724,0.012466664,0.016654418,-0.000360164,0.009140212,0.01043926,0.00117019,-0.000528431,-0.006920443,0.006855392,-0.01845975,-0.005772022,-0.000364425,0.0052685,0.87679322,-0.57407407,0.08564872
2019-03-18,0.003509195,0.001928497,0.023093996,0.013423094,-0.000360455,-0.00331428,-0.009822147,-0.00117019,-0.001057597,0.006920443,0.001280078,-0.005396656,-0.004350986,-0.001021096,0.00508852,0.87765642,-0.53480579,-0.070854758
2019-03-19,-0.005855487,-0.003216719,-0.000692031,-0.005943662,0.0,0.002072756,-0.001234606,0.003506699,0.004223795,-0.000862441,-0.002134436,-0.003753567,0.007241161,0.001385521,0.00461388,0.79760212,-0.57407407,0.070854758
2019-03-20,0.014922234,0.0,0.002420096,-0.002238001,0.0,-0.010405944,-0.000617662,0.002330948,0.000526761,-0.000863185,-0.003853671,-0.001114749,-0.001444044,0.0,0.00461353,0.80978955,-0.52826108,-0.083167799
2019-03-21,0.015614456,-0.014930224,-0.009715566,0.003727255,0.000900692,0.009991613,-0.004956792,0.008116078,0.009955585,0.012870191,-0.01512872,-0.015739618,0.011494379,0.004290098,0.00408069,0.71625968,-0.58978138,0.110161295
2019-03-22,0.009749552,-0.015821085,-0.004893411,-0.011223606,-0.000180074,-0.009991613,-0.006855742,-0.003470306,-0.005751662,-0.017197328,-0.001307509,-0.002552429,-0.001429593,-0.000653251,0.00420691,0.74116433,-0.6395212,0.080967846
2019-03-25,-0.03747143,-0.016075421,-0.022679747,-0.024372826,0.001304779,-0.019861374,-0.011320864,-0.022262186,0.004186221,-0.021921088,-0.0087605,-0.01950183,0.001429593,0.004563819,0.00513061,0.85832891,-0.38296845,-0.512767162
2019-03-26,0.007235537,-0.008135577,0.0,0.003847721,-9.01e-05,-0.00513468,-0.001899322,0.00943404,0.002607606,0.002656044,0.003951432,0.009367998,0.0,-0.001591349,0.00495615,0.83987267,-0.41438307,0.078838226
2019-03-27,0.000929733,0.004076152,0.002148033,-0.006936432,0.001078806,-0.001287891,0.003795115,0.004683853,-0.005745654,0.005291018,-0.011458554,-0.028224128,-0.002861232,0.004045622,0.00493548,0.83463398,-0.43401721,0.046293352
2019-03-28,-0.021132565,-0.01227846,-0.003582896,-0.014018999,0.001749938,-0.007761917,-0.002528452,-0.007033974,-0.002622549,-0.001760564,-0.009352352,-0.012920563,-0.008633147,0.002592214,0.00499422,0.83359879,-0.40129365,-0.078390734
2019-03-29,0.015540775,0.013633433,0.005012549,0.022490404,-0.000179057,0.001730064,0.005050454,0.005865038,-0.018018573,0.012259348,0.000894671,0.008928473,-0.020438668,-7.19e-05,0.00505749,0.86298021,-0.48375703,0.186889323
2019-04-01,0.025148398,0.033292183,0.009242892,0.028724484,-0.001301603,0.015863046,0.027331023,0.011628104,0.002670273,0.018966086,0.008014117,0.007527324,0.00147384,-0.002952988,0.00595672,1.02203633,-0.55705781,0.141086246
2019-04-02,-0.003194893,0.01752722,-0.006389865,0.011115292,0.000718257,0.000425251,0.003669701,0.010350905,-0.0032051,-0.007715426,0.003541392,0.013291531,0.002941179,0.001153423,0.00589913,1.0154344,-0.60810657,0.087681124
2019-04-03,0.025054927,0.009606105,0.024623238,0.028334611,-0.000538403,0.013513854,0.013943718,0.013636474,0.004803806,0.000860215,-0.000884101,0.007516813,-0.002941179,-0.002741442,0.00627708,1.11556091,-0.61465129,0.010704953
2019-04-04,0.008214028,0.001274018,0.017906628,0.001431689,-4.51e-05,0.000838644,0.004804893,-0.006794993,-0.000532653,0.00343348,-0.000884979,-0.002162436,0.00440853,0.001010807,0.00611489,1.09868299,-0.57407407,-0.068296669
2019-04-05,0.010337754,0.001907564,0.018262299,0.01702163,-4.48e-05,0.005433534,0.002991214,-0.00455582,-0.003201679,-0.008605905,-0.007107881,-0.013366554,0.00292826,-0.001805821,0.0057601,1.04756787,-0.57538301,0.002277494
2019-04-08,-0.018997726,-0.002544285,0.011992124,-0.004228299,0.000493672,-0.000416918,-0.002392213,0.021457617,0.006393245,0.0,0.00622231,0.004960613,0.0,0.002527282,0.00573152,1.05945749,-0.63297648,0.095397342
2019-04-09,0.007332589,-0.005749147,0.0,-0.004246253,-0.000269121,0.00623585,-0.002998527,0.013318742,0.001061526,0.006890639,0.009261419,0.009415493,0.00583092,-0.000793636,0.00553638,1.04232987,-0.69580573,0.094637233
2019-04-10,0.002873878,0.006385868,0.012177257,0.004246253,8.98e-05,-0.002489746,0.002998527,-0.002207454,0.004763128,0.002571797,0.006126811,0.008470565,-0.00291121,0.000721514,0.0055557,1.0460873,1.62494945,0.0
2019-04-11,0.006161995,-0.003826591,0.004243605,-0.000706351,0.000179298,-0.001247113,-0.003599326,0.001104282,0.001582784,-0.00773532,-0.002183847,0.010240183,-0.00291971,0.00028846,0.00555678,1.04648603,-0.74554554,0.0
2019-04-12,0.0,0.002552573,-0.004243605,0.006340271,-0.000179298,-0.000832362,0.0012011,-0.003316728,-0.010066351,-0.004323396,0.006537285,0.001979163,-0.011764842,-0.001443132,0.00556929,1.07077896,-0.72983823,-0.021293312
2019-04-15,0.00350409,0.002546244,-0.009201374,0.02222309,-0.00080837,0.004569221,-0.002403714,-0.003327765,-0.005339024,0.007768705,0.003036206,-0.010648251,-0.002962965,-0.003327014,0.00556624,1.10265449,-0.66308216,-0.095924003
2019-04-16,-0.006360289,-0.000635996,0.01799488,-0.013831506,-8.99e-05,-0.005402188,0.0,-0.006689048,-0.002680292,0.005145809,0.003458713,0.000998687,0.0,-0.000507274,0.00556906,1.10518556,-0.69711467,0.050051013
2019-04-17,0.017880981,-0.004462822,0.017358088,0.003475831,-0.000404345,-0.002503072,-0.001204131,0.021030203,-0.005921968,0.004268039,-0.001295651,0.001282642,0.007391017,-0.001741181,0.00561038,1.11111718,-0.69842361,0.001875893
2019-04-18,-0.017001344,-0.0089861,0.012036928,-0.025299973,0.001392103,-0.013456844,-0.006042223,-0.01101339,-0.007044158,-0.005123837,-0.014802201,-0.019993542,-0.005908437,0.005647675,0.00597497,1.16916651,-0.67224476,-0.038203309
2019-04-19,0.011583552,-0.005171243,-0.007268127,0.001422432,-0.000313942,0.000846272,-0.00425151,0.0,0.004882087,-0.003430535,0.014370037,0.032025612,0.002958582,-0.001083525,0.00585619,1.14408909,-0.72460246,0.075000673
2019-04-22,-0.008510587,-0.005198124,-0.003494934,0.002838808,-0.000494113,-0.000846272,-0.005492872,0.022989563,0.003780721,-0.007762005,0.005604539,0.005332665,0.002949855,-0.002822969,0.00473609,0.93597966,-0.66700899,-0.082819649
2019-04-23,0.005463792,0.007140702,0.010133149,-0.007826383,8.97e-05,0.0,-0.00306455,0.009693057,-0.005947584,-0.003469214,-0.000429933,-0.001260438,-0.004428052,0.000652162,0.00474293,0.94005983,-0.68926101,0.0328165
2019-04-24,-0.006779621,-0.013021148,0.005028292,-0.007168457,0.000404395,-0.008930593,-0.013597378,-0.001072308,-0.002171568,-0.005226493,-0.006039774,-0.015677414,-0.011904903,0.000941262,0.00497995,0.97725272,-0.66570005,-0.03478083
2019-04-25,0.013730158,0.004576705,-0.018029927,-0.000719661,0.000987253,-0.006858172,0.001243891,-0.001073565,0.00542005,0.002616661,-0.013943384,-0.017084436,0.002989539,0.003251275,0.00462915,0.91481243,-0.66831793,0.00392481
2019-04-26,-0.028764707,-0.011151241,-0.010911518,-0.00072018,8.96e-05,-0.016041962,-0.013767564,-0.01515187,0.003776642,-0.005240187,-0.000438802,0.002025029,0.004467617,0.0,0.00494483,0.9628293,-0.65522851,-0.019779958
2019-04-29,0.02385045,0.019721513,0.042696326,0.016188669,0.000493338,0.011992189,0.014664092,-0.033262463,0.002688941,-0.00087604,0.008419862,0.011797084,0.004447746,0.000865255,0.0044474,0.84703194,-0.62381388,-0.04913199
2019-04-30,0.002639677,-0.009472249,-0.007254387,-0.019904741,0.000627284,-0.008423807,-0.008900283,0.007860772,-0.001074751,0.002625822,-0.009756049,-0.002004293,-0.007423939,0.001656315,0.0045542,0.88693115,-0.61596023,-0.012669655
2019-05-02,0.009402151,0.01417511,0.004737037,0.007418388,-0.000761799,0.003111692,-0.003838749,-0.001119113,-0.00918179,-0.030170878,-0.004018638,-0.006469626,-0.016529302,-0.003098822,0.00406373,0.79945977,-0.55836676,-0.098166377
2019-05-03,-0.000653183,-0.005376261,-0.020369878,-0.007418388,-0.000493565,-0.002221768,-0.008368385,-0.024944679,-0.001629091,-0.003610112,-0.001791428,-0.004916189,0.0,-0.001661346,0.00422448,0.82277021,-0.58192772,0.041330225
2019-05-07,-0.018018575,0.005376261,-0.008719578,-0.01879056,0.000448589,-0.014788485,-0.012357845,0.010279967,0.010810882,0.011685526,-0.005393332,-0.01577833,0.010550211,0.002815518,0.00423404,0.82659121,-0.44187087,-0.275328558
2019-05-08,-0.017671752,0.000669876,0.001620365,0.007558666,0.000493263,-0.001355512,-0.000654562,-0.005698054,0.001611588,-0.007174919,-0.001804165,-0.017528702,0.004487666,-0.000432659,0.00420948,0.83594737,-0.28217987,-0.448472986
2019-05-09,-0.037714337,-0.016886417,-0.03358883,-0.026708888,4.47e-05,-0.030757318,-0.023858048,-0.005730595,-0.00268739,-0.014506147,-0.016386532,-0.013123241,-0.007490672,0.001369444,0.00531175,0.97353982,0.03851106,0.0
2019-05-10,0.00163918,0.002721129,-0.008407639,0.010769348,-0.000224068,0.004651058,-0.00201401,0.009153389,0.001613322,0.007279377,-0.001837314,-0.013143947,0.003003005,-0.000720526,0.00522716,0.95779255,0.07123462,0.615033463
2019-05-13,-0.030647379,-0.006816712,-0.011548928,-0.013092274,8.95e-05,-0.027282934,-0.016260559,-0.00571107,-0.00053752,-0.016453753,-0.019968261,-0.029666594,-0.009036206,-7.21e-05,0.00577779,1.01965181,0.05160048,-0.322447961
2019-05-14,0.005293484,-0.004112514,-0.003079686,-0.001551621,0.000224048,0.00238166,0.005449516,-0.010362823,0.011227059,-0.006472515,0.001874536,0.006791528,0.007535831,-7.21e-05,0.00583156,1.03009977,0.00840538,-1.814658998
2019-05-15,0.019252071,0.010249528,-0.00068557,0.019223951,4.51e-05,0.023508284,0.012154243,0.002312198,-0.00319486,0.001853569,0.003738364,0.024105025,0.0,0.001224762,0.00627752,1.09615161,-0.17746447,0.0
2019-05-16,-0.029382375,-0.002722806,0.002397481,-0.006878072,0.001387739,-0.011215011,-0.020339848,0.020572113,0.001598706,-0.000926355,-0.0056129,-0.014393129,-0.00150263,0.003163024,0.00628765,1.12244932,-0.1813913,0.021886156
2019-05-17,-0.005103799,-0.002730591,-0.008244466,0.006116152,0.000178962,-0.002823638,0.000684821,0.007887343,-0.006946295,0.002776494,-0.009898371,-0.009554494,-0.015151805,0.000215183,0.00610963,1.08906853,-0.25600102,0.344524853
2019-05-20,-0.015222612,0.006812069,0.007560222,-0.001525487,-0.000402689,-0.01328294,-0.000684821,0.008938614,-0.009157061,-0.000924642,-0.005700791,-0.027766283,-0.009202519,-0.002442636,0.00598726,1.09259954,-0.27301728,0.064353661
2019-05-21,0.00542821,0.008113577,-0.018311251,0.006846677,0.000447324,0.007612025,-0.004118028,-0.003342597,-0.001082897,0.001848429,-0.00909312,-0.009102782,0.001539646,0.002155676,0.00584398,1.06663991,-0.3044319,0.108912327
2019-05-22,-0.008897811,-0.001347599,-0.00454292,0.000757782,4.47e-05,0.003311924,0.003432815,-0.016882772,-0.002169213,-0.013947227,-0.00096196,0.011849838,0.0,-0.000215359,0.0057924,1.05730282,-0.24683842,-0.209713464
2019-05-23,-0.021074582,0.000674199,0.001400015,-0.000757782,0.000536806,-0.006635052,-0.006877377,-0.027619728,0.001627324,-0.011299555,-0.007729489,-0.018567432,0.003072199,0.001936447,0.00578991,1.05854217,-0.20757015,-0.173264598
2019-05-24,-0.020233839,0.010723857,0.009399547,0.0,0.000536438,-0.01195911,-0.000690572,-0.038054562,0.006483048,0.007547206,-0.003400861,-0.001151345,0.004590674,0.001861298,0.00575259,1.05291697,-0.17353764,-0.179074834
2019-05-27,-0.00155349,-0.005347596,0.024641854,-0.002277085,-0.000536438,0.000481085,0.006882499,0.001211418,0.002688941,0.009354605,-0.005367002,-0.014088234,0.001525553,-0.000930216,0.00582355,1.06902331,-0.119871,-0.369978357
2019-05-28,0.016958325,0.004013312,-0.006103732,0.001518633,0.000134217,-0.001444048,0.004789473,0.009638636,-0.002688941,-0.001863933,0.007311708,0.027493728,-0.003053437,-0.00085943,0.00595202,1.09180542,-0.12772465,0.06346061
2019-05-29,-0.005620882,-0.019548942,-0.007168532,-0.013751245,0.001027488,-0.009680583,-0.013054002,-0.012062882,0.0,-0.00937214,-0.005356755,-0.026993009,-0.010761057,0.005430509,0.00550531,0.99448759,-0.08714743,-0.382275493
2019-05-30,0.008673534,0.002040217,0.00886772,0.012232613,8.93e-05,0.00775207,0.005517165,0.012062882,-0.004858262,-0.006613156,-0.000488432,-0.007872181,0.001544402,0.0,0.00566295,1.0244628,-0.1722287,0.681221963
2019-05-31,0.001269262,-0.016438695,-0.024752065,0.003792266,0.001026502,0.011993334,0.000687413,-0.051672051,0.011834378,-0.009523882,0.011173297,0.025074029,0.007686433,0.004621328,0.00566972,1.0254882,-0.08714743,-0.681221963
2019-06-03,0.005060793,0.011671784,0.00624571,0.013534018,8.91e-05,0.001429598,0.01973544,-0.053155686,0.014862264,0.0,0.005780428,0.006049112,0.006106889,-0.00099356,0.0057478,1.04346818,-0.08714743,0.0
2019-06-04,-0.004553704,0.008834727,0.011350191,0.005214171,0.000624204,0.004750783,-0.002023595,-0.00400271,0.011003513,0.004773279,0.002877681,0.006822758,0.009090972,0.001135416,0.00592297,1.0848639,-0.07667589,-0.128013965
2019-06-05,0.007829426,-0.00951741,0.010884337,0.000742681,0.00096862,-0.00379872,-0.004737836,-0.001337761,0.002602178,0.005698021,0.0,-0.004543371,0.00301205,0.002974237,0.00595622,1.09639752,-0.19971649,0.957311494
2019-06-07,0.006769367,0.000682683,-0.004067718,0.005183284,0.000224052,-0.007640907,-0.002717425,0.004007992,-0.001560453,-0.006650856,0.000478946,0.00130025,0.005997019,-0.000282891,0.00491489,0.92410607,-0.28741564,0.36403058
2019-06-10,0.013649544,0.008834727,0.032745864,0.008091225,-0.000313879,0.010491275,0.012170679,0.018494597,-0.002606247,-0.005736153,0.0057278,0.009215163,-0.002994014,-0.001628175,0.00527098,0.97297348,-0.39867576,0.327219064
2019-06-11,0.021941338,0.000676219,-0.000657616,0.001464065,-0.000179278,0.007561269,0.014676662,-0.00524936,0.001564522,0.018993923,0.006168459,0.014220926,-0.009036206,-0.001772656,0.00451266,0.82698865,-0.41045625,0.029120891
2019-06-12,-0.021941338,0.004048516,-0.003955172,-0.000731626,0.002015207,-0.006612916,0.004625067,-0.028020501,0.006233828,-0.011353007,0.005189848,-0.002382724,0.00302115,0.006296672,0.00456318,0.83672966,-0.39605788,-0.035708984
2019-06-13,-0.012650512,-0.006756575,-0.009623597,0.005839269,-8.94e-05,0.013650461,0.001317465,-0.01088447,0.001552379,-0.001904762,0.006099104,0.002699938,-0.001509434,-0.000846696,0.00413496,0.75935418,-0.40522048,0.022870952
2019-06-14,-0.013065613,-0.003395659,-0.001668417,-0.002915418,0.000178694,-0.011756843,-0.003296996,0.013587176,0.00823903,0.000952835,-0.014605716,-0.007003062,0.012012156,0.001128768,0.00403414,0.74069236,-0.46935866,0.146935896
2019-06-17,-0.003293046,0.005427499,0.003999922,0.007272717,-0.000313054,-0.004741478,-0.005962215,0.001348586,-0.006689058,-0.005730675,0.005679208,-0.005605838,-0.001493652,-0.002258812,0.00398787,0.73227798,-0.43270827,-0.08130345
2019-06-18,-0.002286289,0.0053982,0.004646618,0.00505974,8.94e-05,-0.002855597,0.003316679,-0.016304722,0.005662833,0.002869442,0.005177633,-0.00386221,0.00447428,0.000423916,0.00386715,0.71033992,-0.45103347,0.04147779
2019-06-19,0.01914404,0.006037937,-0.004646618,0.020692803,0.000178861,0.009487604,0.003965683,0.045523291,-0.002055513,0.017045867,0.007949752,0.010745054,0.00297177,0.000564942,0.00444069,0.79604277,-0.46935866,0.03982566
2019-06-20,0.010424589,-0.008733481,0.000665126,0.006335764,0.001832483,0.011734573,0.000659384,0.016872542,0.027399007,0.006551263,0.002790582,0.015354386,0.02201116,0.005210528,0.00473434,0.87423409,-0.56491147,0.185301819
2019-06-21,-0.014675183,-0.005412897,0.002656088,0.009776715,-0.000491324,-0.00749427,0.003290635,0.026668237,0.008968681,-0.001867414,-0.006523712,-0.004408124,0.004344685,-0.001898035,0.00438731,0.81056664,-0.55182204,-0.023443426
2019-06-24,0.003002449,0.001355995,0.01546334,0.021313951,4.48e-05,-0.000470323,0.003934256,0.019851784,0.00692044,-0.002807676,-0.006566851,-0.011425011,-0.004344685,0.000773708,0.00430867,0.79444387,-0.52302531,-0.053595746
2019-06-25,-0.013328634,-0.001355995,-0.000326463,-0.01369885,-0.000893866,0.001879771,-0.003277545,-0.004926122,0.0156406,0.002807676,-0.002827404,-0.00528041,0.004344685,-0.001970507,0.00437356,0.81783445,-0.50993588,-0.025344864
2019-06-26,0.010827254,0.004737874,-0.004582662,0.002066868,-0.000849738,-0.004234318,0.000656428,0.019560541,-0.013672083,0.00652075,-0.000472063,0.002883725,-0.014556298,-0.0022569,0.00434191,0.81517356,-0.51517165,0.010215154
2019-06-27,0.013433202,0.006729553,0.004582662,0.008224758,0.000134133,0.005641685,-0.002628228,0.002418323,-0.002461277,-0.00652075,-0.004258419,-0.028394895,0.0,0.000141206,0.00360837,0.71651689,-0.52957002,0.027565248
2019-06-28,-0.001978891,-0.001342344,0.001957472,-0.010981532,0.000715605,0.002809194,-0.001316597,-0.001208371,0.007365636,-0.001870908,-0.0004742,-0.012587091,0.00584797,0.000917351,0.0036503,0.7275045,-0.46543183,-0.129099753
2019-07-01,0.006908505,0.005358342,-0.006540135,0.002068293,-0.000223352,0.01161984,-0.001318333,0.019162277,-0.022261594,0.017633868,0.003787623,0.025017778,-0.013206355,-0.000634999,0.00358264,0.73535852,-0.51778954,0.106603225
2019-07-02,0.003436486,-0.006702404,-0.01387543,0.006179163,0.000312807,0.004150354,-0.00529108,-0.013134615,0.003993943,-0.019508282,-0.005686879,-0.003908886,0.001476015,0.001340081,0.00376633,0.77270069,-0.59894398,0.145599205
2019-07-03,-0.006884623,-0.017639655,-0.013058867,-0.039795714,0.001117028,0.004591264,-0.007989334,-0.049271029,0.025093614,-0.016075996,-0.005241986,-0.004415662,0.01464155,0.004430511,0.00427427,0.86154001,-0.58716349,-0.019864772
2019-07-04,0.016395604,0.005460842,0.011394189,0.020444792,0.000625179,0.019955316,0.005333184,0.005037798,-0.007315346,0.008543004,-0.008637336,-0.030116262,-0.00291121,0.000280648,0.00430077,0.86438735,-0.63297648,0.075129966
2019-07-05,-0.013685283,-0.002726694,0.015212038,-0.009817763,0.000133694,-0.005854449,0.00464355,-0.003775936,-0.001959837,-0.0047371,0.011023455,0.015088206,-0.004382768,0.000140294,0.00430309,0.86916008,-0.63166754,-0.002070054
2019-07-08,-0.056174692,-0.016517807,-0.015545247,-0.022088513,-0.000222993,-0.020995693,-0.022081858,0.016260503,-0.006396056,-0.001901141,-0.012470172,-0.021357764,-0.011782169,-0.000842061,0.00517105,0.99341883,-0.45888712,-0.319558958
2019-07-09,0.005191965,-0.004172482,-0.003338882,-0.007956613,0.000267474,-0.018152854,-0.008152162,0.0,-0.00743132,-0.000951928,-0.026903028,-0.047694542,-0.00445435,0.000561453,0.00539211,1.01703411,-0.46543183,0.014161387
2019-07-10,0.025059049,0.0,-0.000334585,0.010834368,-0.000401597,-0.002351323,-0.002048544,0.019656668,-0.001492894,-0.004773279,-0.003476655,0.008167689,0.001486989,-0.002036769,0.00543243,1.0185351,-0.43925298,-0.05789013
2019-07-11,0.028871975,0.006252124,0.007001237,0.016387925,0.000580298,0.014489637,0.007490645,0.034671673,0.019236112,0.012363448,0.009408418,0.012127797,0.013284328,0.000983786,0.00619656,1.10019216,-0.52695213,0.182034198
2019-07-12,0.005870941,0.006901392,0.002322846,-0.003539895,-0.000401604,0.005553018,-0.002037261,-0.003531467,-0.00784698,0.007532992,0.000985285,-0.009302352,-0.00588237,-0.002109298,0.00618286,1.09772656,-0.67748053,0.251271105
2019-07-15,0.00680597,0.003433049,-0.006984936,-0.009262623,-8.94e-05,0.01420415,-0.007506133,-0.01066985,0.004911585,0.004679466,-0.008405397,-0.01349217,0.00294551,-0.000281576,0.00618997,1.10557397,-0.64868379,-0.043435443
2019-07-16,0.002902948,0.00342104,-0.012426674,0.005710243,4.48e-05,0.001363951,0.008864845,-0.00837836,-0.000980447,-0.000934143,0.009389608,0.01613379,0.013148473,0.000492706,0.00621162,1.12276271,-0.70889515,0.08876226
2019-07-17,-0.022472956,0.000682683,0.011758958,0.004261273,0.000847539,-0.000909126,-0.012982873,-0.026798155,-0.005902567,-0.002807676,-0.011875476,-0.010253089,0.012977832,0.002179072,0.00589648,1.06676573,-0.64737485,-0.090782138
2019-07-18,0.013495476,-0.008224799,-0.008048317,-0.019320647,0.001782395,-0.006844582,-0.006209092,-0.017435076,0.010794929,0.00467509,-0.002491851,-0.013595749,0.029642255,0.006369229,0.0055314,1.0012794,-0.54789522,-0.166841429
2019-07-19,0.013796622,0.010270581,0.012713365,0.024974482,0.000622966,0.006844582,0.01579168,-0.016466472,0.015977136,0.016651634,0.010918186,0.024200399,0.024726534,0.001464104,0.00617129,1.07305223,-0.63821225,0.152586844
2019-07-22,0.010997005,-0.001363565,-0.009352112,-0.001410376,-0.000178041,0.003631459,0.0,0.007633631,-0.011594315,-0.008291158,-0.004452118,0.007705759,-0.006807378,-0.001185062,0.00611865,1.07213642,-0.56491147,-0.12200188
2019-07-23,-0.003811268,0.015567351,0.003015633,0.011228139,-8.92e-05,0.009470133,0.008141177,0.002531649,-0.006825962,-0.00370714,0.002970174,-0.007881593,-0.004106782,-0.000139511,0.00612997,1.07283183,-0.63166754,0.111694183
2019-07-24,-0.011280604,-0.008091605,0.008992567,-0.014762939,0.000533838,-0.01083028,-0.004062342,0.008810606,0.002443141,-0.007455766,-0.011434481,-0.01185116,0.01091416,0.000836777,0.00616893,1.08775782,-0.55443993,-0.130404742
2019-07-25,-0.000724275,-0.019139523,0.004631172,-0.010680175,0.000533791,-0.0266684,-0.012286758,-0.016424862,0.001950282,0.001869159,-0.008032156,-0.012713856,0.006761351,0.002436497,0.00631064,1.12940247,-0.50993588,-0.083673477
2019-07-26,-0.005571193,-0.013199206,0.001319209,-0.008626926,-4.43e-05,-0.010775238,-0.020819717,0.003814344,-0.005862197,-0.001869159,-0.005052856,-0.002165012,-0.012203541,0.000278092,0.00641314,1.14359403,-0.47721232,-0.066323485
2019-07-29,-0.044451704,-0.008426956,-0.019637796,-0.030794168,4.43e-05,-0.018061519,-0.020546205,-0.006365368,0.000489767,-0.005628533,-0.010183611,-0.030811056,0.0,0.001736324,0.0069331,1.18497824,-0.38035057,-0.226868127
2019-07-30,0.016620733,-0.006367491,0.010033546,-0.005974647,0.000311247,0.006692241,0.002145222,0.022728269,0.004885288,0.008430963,0.0,-0.001491228,0.006798123,0.000277532,0.00706633,1.20667009,-0.39605788,0.040466982
2019-07-31,-0.003001393,-0.002842606,-0.008689964,-0.005257247,0.000177733,0.002854238,-0.00501256,0.019778163,0.004861443,-0.010314203,-0.006675024,-0.007677201,0.004056801,0.00104006,0.00689763,1.17929767,-0.35286277,-0.115481134
2019-08-01,-0.016925994,0.004969702,-0.006060575,-0.009837384,-0.000222507,-0.004761699,-0.023975156,-0.009840185,-0.01613336,-0.010421695,-0.008277429,0.003939593,-0.027361488,-0.001248202,0.00704277,1.18523346,-0.36202537,0.025635064
2019-08-02,-0.007159339,-0.037522324,0.002698192,-0.030106576,0.001332562,-0.011039199,-0.023057647,-0.050707987,0.017587186,-0.014388737,-0.008870188,-0.046172336,0.006910878,0.004569036,0.0075487,1.29092213,-0.25861891,-0.336358704
2019-08-05,-0.04460335,-0.003683416,-0.007776931,-0.02942555,0.002659255,-0.030877238,-0.028235578,-0.001301205,0.018710075,-0.029413885,-0.035203626,-0.110603125,0.02314603,0.008254317,0.0080616,1.27856593,0.14322646,0.0
2019-08-06,-0.041638625,-0.014121079,-0.021963802,-0.003233593,0.000309609,-0.013530695,-0.013245164,0.006489289,0.001899348,0.004962789,-0.009820214,-0.019237581,-0.008108153,-6.85e-05,0.00808603,1.30542081,0.34480362,0.878548024
2019-08-07,0.031119231,-0.012048411,0.005881373,-0.008946753,0.000221395,0.006537705,0.003913901,-0.031540025,0.017865993,-0.000990589,-0.005497543,0.005565952,0.017485314,-0.000205546,0.00803793,1.2961262,0.16416954,-0.742075363
2019-08-08,0.021194708,-0.004555734,0.016421973,0.02181906,-0.000265427,0.004501044,0.025454513,-0.016151104,0.006965457,0.014756785,0.006045791,0.030610138,0.022413595,-0.000822609,0.00779672,1.24326288,-0.19840755,0.0
2019-08-09,0.008722006,0.0,0.016490183,0.021353038,-0.000752479,-0.004501044,0.007587294,0.0013559,0.00138727,-0.001955035,0.007641753,0.016656451,-0.006540246,-0.002059487,0.00796065,1.26454603,-0.27170833,0.314405926
2019-08-12,0.002628044,-0.006873197,-0.00737019,-0.010224134,0.000309917,-0.005025222,-0.006065206,0.026739582,-0.004631767,0.001955035,-0.00108821,0.00717452,-0.00790518,0.001030274,0.00796811,1.26706994,-0.34631806,0.242628427
2019-08-13,0.0,-0.017781614,-0.005732551,-0.012729036,0.000929255,-0.0208711,-0.006867673,0.00788441,0.017943896,-0.001955035,-0.001089163,-0.009294545,0.028685148,0.00424724,0.00787788,1.25642951,-0.09631003,-1.279785134
2019-08-14,0.018979055,-0.003124846,0.001013893,0.003197607,4.42e-05,0.026397208,-0.002299717,0.033465119,-0.016552121,0.008767713,-0.002182357,0.014328224,-0.023408091,0.000205055,0.00801653,1.27197415,-0.24814737,0.946450336
2019-08-16,-0.008794686,-0.009434065,-0.003045147,-0.020153929,0.001369993,-0.008553366,-0.001536203,-0.023048351,0.011065103,-0.002914038,-0.008225932,-0.003143099,0.0104713,0.005180638,0.00802346,1.26999884,-0.12117994,-0.716746255
2019-08-19,0.0,0.02187598,0.003045147,0.020951611,0.00013247,0.011554983,0.015255921,0.006455774,-0.006901362,0.0,0.005491505,0.00335213,-0.009156375,-0.000884279,0.00753891,1.19401663,-0.20626121,0.531866827
2019-08-20,0.021334837,-0.003096021,-0.004401334,0.010313458,-0.0001765,0.008455618,0.004531783,0.016592577,-0.005091436,0.0,0.007094156,0.020290689,-0.005270104,-0.001498257,0.00772843,1.21762435,-0.39213105,0.64245272
2019-08-21,0.010624912,-0.002328298,-0.00442125,0.003938639,-0.001502729,0.011327351,0.003009735,-0.001266594,0.003242995,-0.008793413,0.005423125,0.014447289,0.005270104,-0.006015467,0.0077432,1.21867594,-0.36726114,-0.065522947
2019-08-22,-0.019052876,0.001552469,-0.010277524,-0.003938639,-0.000177349,-0.008853896,-0.006784751,-0.016613782,-0.000462577,-0.005905529,-0.005423125,-0.009132506,0.001313198,0.003422378,0.00777556,1.22160179,-0.36071643,-0.017981011
2019-08-23,0.001281416,-0.0038863,0.005837024,-0.003954114,-0.000486766,0.004436798,-0.012176768,0.002574006,-0.006499556,-0.003956484,-0.00490583,-0.011070268,-0.001313198,-0.002462931,0.00772616,1.23183328,-0.31883027,-0.123433245
2019-08-26,-0.047740662,-0.009389572,-0.00997773,-0.022436765,0.001725103,-0.022886613,-0.01854763,-0.032661289,0.032534382,-0.016991913,-0.022100596,-0.052911108,0.033594891,0.006486223,0.00805044,1.24577471,-0.08583849,-1.312191385
2019-08-27,0.01493375,-0.009478979,-0.007287946,-0.005688869,-0.001193997,-0.004034241,-0.003124951,0.002652523,-0.004518835,0.008032172,0.006126723,0.006499087,0.008855213,-0.003476904,0.00764899,1.18351768,-0.17353764,0.703927014
2019-08-28,0.016277622,0.004750721,0.027483614,0.006498827,-0.000442385,0.006547584,0.010120656,0.030008765,0.003165274,0.008959741,0.017611747,0.049910276,0.028555634,-0.001845512,0.00841842,1.24660661,-0.19971649,0.14050429
2019-08-29,-0.011261089,0.003941648,0.00135473,-0.008946753,0.000309595,-0.002010023,-0.005437015,-0.001286206,0.003605255,0.0,0.005983079,-0.001644747,0.01458106,0.00027364,0.00842491,1.25216277,-0.1539035,-0.260573028
2019-08-30,0.027790378,0.027164804,0.012109028,0.037679727,-0.000176843,0.028757515,0.023095902,0.010243375,-0.009945854,0.008880177,0.005408346,0.008196815,-0.00847976,-0.002122672,0.00874449,1.2638228,-0.29265141,0.642656391
2019-09-02,0.016260509,0.0,0.008986581,-0.000787008,-0.001727622,-0.008343668,0.008336594,-0.016699149,-0.004097394,-0.000982801,0.002693301,0.011162017,0.0,-0.005774398,0.00814151,1.17652427,-0.24029371,-0.197120207
2019-09-03,-0.002523267,-0.001532343,-0.007316342,-0.014274603,0.000221649,-0.001973333,-0.005297128,-0.005194821,0.001367664,-0.015857617,0.010168644,0.001411716,0.0060643,0.001171344,0.006781,0.99039808,-0.19055389,-0.231926925
2019-09-04,0.037197339,0.010678977,0.003997332,0.007162722,-0.000531913,-0.000988077,0.012066484,-0.009156415,0.007262815,0.00994044,0.013224384,0.017579381,0.041450576,-0.001861012,0.00661819,0.95106018,-0.26385468,0.325463455
2019-09-05,0.033041171,-0.002278583,-0.003663604,0.011825058,-0.000399121,0.015694171,0.006723923,0.029775718,0.0049628,0.009842599,-0.006854751,-0.00039614,0.006936444,-0.001933604,0.00672112,0.9573705,-0.38165951,0.369130379
2019-09-06,-0.000706986,0.012844724,-0.004347028,-0.004713177,0.000106717,-0.001460926,-0.008975316,0.0038192,-0.020000621,0.016513246,-0.002118442,-0.004168735,-0.04838702,-0.000691371,0.0065959,0.93675385,-0.45103347,0.167012674
2019-09-09,-0.002359439,0.008224246,-0.006050464,0.001573595,0.000533571,0.001947393,0.003000788,0.013880329,-0.004140843,-0.001928641,0.003704475,-0.006185818,-0.025720953,0.00186579,0.00657785,0.93440258,-0.47328549,0.04815723
2019-09-10,-0.004024203,0.022092287,0.009396048,0.013276121,-8.88e-05,0.005819528,0.012653542,0.0161595,-0.012526229,0.007692346,0.004217126,-0.011474708,-0.008722797,-0.001243546,0.00658087,0.93233881,-0.59632609,0.231088869
2019-09-11,-0.000474559,0.013743237,0.01425984,0.014632521,-0.000400246,0.00962478,0.023392911,-0.003706029,0.000933323,-0.005763705,0.010465604,0.026177882,0.016139394,-0.00200664,0.00671332,0.93985124,-0.58716349,-0.015484349
2019-09-16,-0.002851705,0.017094496,-0.004620548,0.032345863,-0.002672411,0.010481477,0.012922084,0.03526201,0.009747114,0.012446307,0.005192344,0.017208189,-0.018645661,-0.012125582,0.00682877,0.96131268,-0.46804972,-0.226728769
2019-09-17,-0.001190583,-0.008510446,0.0,-0.00519473,0.000579523,0.002839379,-0.003572791,0.043256367,-0.006952543,-0.014374948,0.008765217,0.022619362,-0.002512564,0.001891144,0.0066497,0.94675639,-0.43925298,-0.063499018
2019-09-18,0.009249513,-0.008584049,0.002313017,0.00519473,0.000356633,-0.006638099,-0.002149834,-0.05890989,0.001858749,0.000964785,-0.000513402,-0.002467089,0.001257071,0.004050641,0.00677423,0.96250823,-0.42223673,-0.039509383
2019-09-19,0.014530298,-0.003598311,-0.002974692,-0.016418314,0.000133665,-0.00238166,-0.012270035,-0.010982395,-0.003255059,-0.005802724,-0.006182579,-0.011465853,-0.00756624,0.000557424,0.00691476,0.98133691,-0.48768386,0.14410124
2019-09-20,0.004410843,0.023513994,0.011191729,0.003005414,-0.000401207,0.006654072,0.003624508,0.007334942,0.005573578,0.0,0.010282982,0.008421113,0.012578782,0.000417864,0.00701225,0.9867292,-0.51124482,0.047181207
2019-09-23,-0.00860762,-0.008486733,0.022334575,-0.010558276,-4.43e-05,-0.006177147,-0.005078013,0.001217316,0.008302641,-0.008767713,-0.004614289,-0.021187261,0.018576386,-0.000557191,0.00683623,0.96172324,-0.43009038,-0.172853203
2019-09-24,0.002333654,-0.004270575,0.006699698,0.00302807,0.00013339,0.00380585,0.000726976,-0.009780037,0.004125657,0.00779731,0.002566243,-0.037687963,0.009768087,0.000626818,0.0067804,0.95383931,-0.43139933,0.003038808
2019-09-25,-0.009838326,-0.00500533,-0.005420086,-0.018307115,0.000801945,-0.029881874,-0.013904317,-0.024876925,0.005019325,-0.006819315,-0.006169754,-0.013636142,0.003638573,0.002503239,0.00633297,0.8806997,-0.30966767,-0.331534491
2019-09-26,0.006101824,0.00856521,-0.013518077,0.002306754,8.92e-05,-0.003921519,-0.002213191,-0.007585378,-0.013287641,0.00292826,-0.002065183,0.0059252,-0.031983046,-0.00041679,0.00645999,0.8992178,-0.38296845,0.21245292
2019-09-27,-0.002577075,-0.03030518,-0.004221541,-0.010034916,0.00031153,-0.007889682,-0.010393432,-0.005089011,-0.003696886,-0.007827829,-0.00155147,-0.006335062,-0.010050336,-0.000903641,0.00605934,0.83852275,-0.41045625,0.069316736
2019-09-30,0.003746221,0.011653424,0.005516827,0.010034916,0.00026696,0.005430926,0.005952217,-0.003833905,-0.010237431,0.007827829,-0.001553992,-0.014454167,-0.022989518,-0.001322067,0.00606202,0.84634624,-0.37118797,-0.100560754
2019-10-01,0.003033416,-0.00508173,-0.012373965,-0.001537406,-0.000712077,0.005401285,0.003702256,-0.025941813,-0.018409779,-0.021675725,0.015432303,0.052073016,-0.024854124,-0.003627554,0.00552766,0.77300696,-0.40522048,0.087722722
2019-10-02,-0.024529432,-0.017621569,-0.020523622,-0.014723136,0.000445118,-0.018784429,-0.031534097,0.0,0.009483301,0.00496772,-0.015950875,-0.019336758,0.015769052,0.000139765,0.00594567,0.82105245,-0.27825305,-0.375900363
2019-10-04,0.002623069,-0.01042433,-0.022663128,-0.015735972,0.002844638,0.001495788,-0.008425738,-0.030689525,0.02101406,-0.009960242,-0.005721768,-0.000805442,0.020645895,0.010565162,0.00596527,0.84656663,-0.21935063,-0.237859452
2019-10-07,-0.002623069,-0.00224833,0.00307435,-0.000793351,4.44e-05,-0.003493763,-0.011605727,0.004056837,-0.00138727,0.010950831,0.009862607,0.047792076,-0.003838776,-0.00048401,0.00548561,0.78576794,-0.22720429,0.035178069
2019-10-08,0.017749795,0.000750133,0.006798312,0.007117406,-0.00119877,0.019802658,0.013142851,0.006724947,-0.011168175,0.009852296,0.011810036,0.008414596,-0.011605546,-0.004993165,0.0053418,0.76296695,-0.34239123,0.410104462
2019-10-10,-0.007062061,-0.028128073,-0.015705527,-0.01029702,-0.000222474,-0.009852466,-0.011587622,-0.013495492,0.009778978,-0.00294551,-0.009230774,-0.003816055,0.020539875,-0.001530566,0.00540925,0.79397392,-0.30835873,-0.104690218
2019-10-11,0.008468527,0.022113126,0.002062754,0.003972965,-0.000266718,0.012300489,0.013889276,0.0373377,-0.003714049,0.00685941,0.001029823,-0.009218478,-0.006373508,-0.004746046,0.00561195,0.81733413,-0.41176519,0.289189447
2019-10-14,0.016033948,0.02678712,-0.015225384,0.018853727,-8.88e-05,0.016969992,0.01897574,-0.00524936,-0.007001219,0.006812678,0.006668503,0.005963301,0.001277955,0.002026804,0.00575635,0.83102317,-0.48244809,0.15842007
2019-10-15,0.022113987,-0.001469482,0.014194616,-0.006245262,-8.9e-05,-0.010633258,-0.003766315,-0.018592848,0.00093629,0.000969462,0.007639406,0.008213281,-0.001277955,-0.000488853,0.00540018,0.78078892,-0.54789522,0.127210735
2019-10-16,0.013438197,0.0,0.004116635,0.006245262,-0.000978803,-0.004382783,-0.006056108,-0.004029526,-0.007515259,-0.00778214,0.007077911,0.01510304,-0.020672571,-0.003148233,0.00500823,0.72615726,-0.61726917,0.119221121
2019-10-17,-0.00804121,0.008055885,-0.007215329,-0.014106891,-0.001336284,0.002923988,-0.005329219,-0.001346836,0.008450765,-0.005876608,0.003017984,-0.007900783,0.009096879,-0.003931832,0.00493188,0.71493548,-0.60810657,-0.014955039
2019-10-18,-0.017419298,-0.005852424,-0.003800379,-0.008719802,-0.000401289,-0.009779994,-0.000763875,0.016043137,-0.001403495,0.001962709,-0.008574992,-0.015415538,0.006447476,-0.000774144,0.00492163,0.73162159,-0.5413505,-0.116283203
2019-10-21,0.007276108,0.012395172,0.0,-0.010404254,-0.001070601,-0.003445813,-0.006899001,0.0,0.000935852,0.015564517,-0.00101375,0.008403347,0.011501724,-0.005931378,0.00489429,0.72670136,-0.54265945,0.002415016
2019-10-22,0.001358384,0.014388759,0.001383628,0.009607743,0.000446388,0.012739001,0.012992095,-0.009327157,-0.004688226,0.001928641,0.01309841,0.023309423,-0.008934329,-0.000495883,0.00474102,0.70091655,-0.64083014,0.16628247
2019-10-23,-0.002265031,-0.00644907,-0.007633596,-0.005593209,-4.44e-05,-0.012739001,-0.019939373,0.011976168,0.003284074,-0.009680618,0.008472425,0.051952548,-0.001282874,0.000566703,0.00475385,0.70369509,-0.62381388,-0.026912375
2019-10-24,0.009254136,0.007163226,0.007979127,0.003199963,-0.000223219,0.006389887,0.003865401,0.029969661,0.001404152,0.012566623,0.0,-0.011710583,0.0,0.001344634,0.00493764,0.73169663,-0.62643177,0.004187807
2019-10-25,0.011837128,-0.012931074,0.000690935,-0.002399189,-0.000669877,0.003423699,-0.018692092,0.003843729,0.008847591,0.003835096,-0.000496116,-0.008063788,0.024097552,-0.002478249,0.00455747,0.6791524,-0.59763503,-0.047059612
2019-10-28,0.005093533,-0.01971593,0.005166122,-0.001602596,-0.003041039,0.0,0.0,0.011443205,-0.000927696,0.0028667,0.0,0.006098726,0.00250313,-0.007757797,0.00448696,0.69366235,-0.5688383,-0.049384039
2019-10-29,-0.000884005,0.002945457,0.006847035,-0.004823051,0.000671757,-0.004894551,-0.002361349,-0.017857631,-0.009324047,0.002858506,0.001488349,0.012616707,-0.013845407,-0.002002611,0.00418715,0.64958347,-0.58978138,0.036155715
2019-10-30,-0.0176206,-0.013323516,-0.008566163,-0.009716864,0.00022358,-0.009366797,-0.017488371,-0.009049811,-0.001875306,-0.000951928,0.010362839,-0.00619971,0.001266625,0.002074059,0.00440027,0.67840746,-0.5413505,-0.085684982
2019-10-31,0.017399544,-0.00747962,-0.001721934,-0.001628491,0.001073506,0.002473455,-0.004017776,0.0,0.007014315,0.00190295,0.001471663,0.000177747,0.00756624,0.003138544,0.0043782,0.68570683,-0.57538301,0.06096898
2019-11-01,0.00176762,0.005241545,0.009946929,-0.000815344,0.0,0.00542012,0.001609121,-0.013072092,0.007890487,-0.011472401,0.0,-0.000710758,0.006261761,-0.000284926,0.00373401,0.61087694,-0.62381388,0.080816131
2019-11-04,0.014029154,0.01335317,0.008496293,0.039973315,-0.002327282,0.003433777,0.019108729,0.0246926,0.00046224,-0.000962001,0.006839165,0.006203005,0.001247661,-0.007580038,0.0040385,0.71388697,-0.61072446,-0.021206163
2019-11-05,0.004777353,0.016082492,0.010435919,0.004691363,0.000448049,0.004397876,0.007072761,0.015286934,-0.004631767,0.009578617,0.000486734,0.016297427,-0.003747662,7.18e-05,0.00413275,0.7469498,-0.59763503,-0.021665642
2019-11-06,-0.018806507,-0.005089117,-0.008407639,-0.012559178,-0.000179307,-0.005868007,-0.004709375,0.006301192,-0.012614103,0.004755121,0.003400727,-0.005228191,-0.026634422,-0.000502576,0.00437092,0.77939321,-0.53611473,-0.108632063
2019-11-07,-0.007089216,0.005089117,0.005724905,0.004728232,0.000313427,-0.000981392,-0.002363386,-0.011370915,0.004222436,-0.008575565,0.001453833,-0.011069236,0.002567396,0.00086129,0.00409476,0.74895531,-0.5505131,0.026502566
2019-11-08,-0.013428992,0.005063164,-0.002353377,0.003139583,0.000492603,0.012198356,0.017976337,0.005069723,-0.013669807,0.009523882,-0.011200657,-0.008338665,-0.031252544,0.001219053,0.00398402,0.73077882,-0.54920416,-0.002380504
2019-11-11,-0.010419122,-0.00578881,-0.004047215,-0.007867815,0.000760523,-0.006812836,0.005407527,-0.001265054,-0.00523438,-0.003798675,-0.003433779,-0.004463859,-0.00796817,0.002147652,0.00385892,0.7043624,-0.49422857,-0.105472146
2019-11-12,0.015812379,0.00867042,0.011758958,-0.001580959,-0.001253126,-0.00048847,-0.00231382,0.01007566,-0.010069609,-0.001904762,0.002453976,-0.005203279,-0.008032172,-0.005233906,0.0038596,0.70507395,-0.56752935,0.138294364
2019-11-13,-0.004492328,-0.010122921,-0.005358366,-0.008740588,0.001119014,-0.008832072,-0.007752156,-0.008810606,0.0086373,-0.005736153,-0.013323698,-0.015774067,0.008032172,0.004089065,0.00402001,0.73140857,-0.5413505,-0.047225523
2019-11-14,0.008741576,0.0,0.005024378,0.000797681,0.000536657,0.002461177,-0.002337256,0.01381062,0.0033389,0.0,0.008901986,0.012169825,0.003992021,0.001931159,0.00410161,0.74824687,-0.59763503,0.098913307
2019-11-15,0.023815744,0.01156071,0.009311604,0.019740063,-0.000134217,0.009784779,0.013173316,-0.003747634,-0.002383831,-0.004805391,0.006869577,0.010952585,-0.00666225,-0.001573255,0.00419092,0.76226752,-0.63821225,0.065690658
2019-11-18,0.002828878,-0.001437789,-0.004644927,-0.009426605,-4.46e-05,-0.006839157,-0.002312211,0.00996273,0.000954252,0.002886005,-0.002938283,-0.001429531,0.0,0.001001449,0.00419815,0.76734182,-0.60810657,-0.048320762
2019-11-19,-0.000217261,0.002156232,-0.007678274,0.0,0.000983114,-0.000980808,-0.026584798,-0.013724524,0.004757368,-0.007714599,-0.00343884,-0.014772485,0.014598799,0.003995683,0.00417859,0.76124247,-0.58454561,-0.039515336
2019-11-20,-0.027097076,0.01213002,-0.00335689,-0.004746836,0.001205457,-0.018322007,-0.019200456,-0.030614597,0.001422799,0.005791522,-0.00246386,-0.012050483,0.001316656,0.004901424,0.00444309,0.80716108,-0.507318,-0.141696784
2019-11-21,-0.019847264,-0.020781963,-0.005394498,-0.011966667,8.94e-05,-0.010550141,-0.00974036,0.02809887,-0.002372426,0.0,-0.010912646,-0.031156282,-0.001316656,0.000637563,0.00451117,0.80998856,-0.45365135,-0.111809074
2019-11-22,0.009972825,0.010086545,-0.001353279,0.004004888,-4.44e-05,-0.005571098,-0.003267923,0.019950802,-0.003330956,-0.006760045,0.002490649,-0.00132739,0.0,-0.001488168,0.0045306,0.85610663,-0.53742368,0.169457808
2019-11-25,0.015219649,0.002863229,0.012782014,0.013497584,-0.001026839,0.009100089,0.021053382,-0.001235301,-0.005736191,0.009643276,0.009901021,0.025109037,-0.013262794,-0.002769839,0.00482499,0.90136292,-0.53349685,-0.007333593
2019-11-26,0.002883376,0.0,-0.014136823,0.00550533,0.000401891,0.002010929,0.017474479,0.0,-0.000959192,-0.00192123,-0.003948653,0.003509795,0.001334223,0.001350367,0.00481418,0.95899677,-0.49422857,-0.076455064
2019-11-27,-0.006666763,0.000714482,0.008102585,0.003132306,0.000892618,0.004510379,-0.010288959,0.003701396,0.00143849,0.010521379,0.005425282,0.008446575,0.005319161,0.003049266,0.00466602,0.92793595,-0.5413505,0.091068841
2019-11-28,0.00289438,0.0,-0.004718659,-0.003132306,0.000713173,-0.008032163,-0.0055844,-0.006176646,-0.00143849,-0.001904762,0.00049197,-0.013808594,-0.00132714,-7.08e-05,0.00470458,0.97758907,-0.55182204,0.01915866
2019-11-29,-0.012753242,-0.013664257,-0.017036089,-0.012628368,0.001158356,-0.010641129,-0.016129209,0.002475251,0.000959192,-0.001908398,-0.010378203,-0.016825941,-0.002659576,0.003746052,0.00499794,1.01653112,-0.52695213,-0.046115893
2019-12-02,-0.002705652,0.003614101,-0.005167979,0.004754359,-0.001024643,0.001527111,0.005674854,-0.030115223,0.0,-0.001912046,0.000496539,0.005265217,-0.002666668,-0.004596166,0.00448189,0.91226073,-0.52695213,0.0
2019-12-03,-0.011581885,-0.009423838,0.007570552,-0.000790842,-0.000891545,-0.000508743,-0.006488248,0.001273107,0.000958273,-0.008649742,0.000496504,-0.007908146,-0.001336006,-0.004474884,0.00420958,0.88971205,-0.48768386,-0.077442341
2019-12-04,-0.010793662,-0.000728444,-0.000342805,-0.000791368,0.001069774,-0.020047106,-0.015580516,0.005076095,0.01332084,-0.006779687,-0.005473984,-0.009496746,0.018543578,0.006386627,0.00405929,0.87633166,-0.47328549,-0.029968589
2019-12-05,0.024180159,0.007985519,-0.005157318,-0.007151539,0.000311924,-0.009913658,0.0,0.025001322,-0.002365691,0.00581397,-0.009526328,-0.012868734,-0.018543578,7.07e-05,0.00406539,0.88383557,-0.44972452,-0.051063562
2019-12-06,0.043441891,0.002887852,0.003441063,-0.024214216,-0.000223891,0.003663725,0.001651455,0.003696895,-0.002846274,0.008658063,0.005526343,0.011340766,-0.001337793,-0.001273999,0.00420989,0.90943207,-0.53349685,0.170817949
2019-12-09,-0.003458735,0.013605822,0.000343626,-0.00081724,0.000448049,0.006249933,0.007398349,0.011009264,-0.007630035,0.023664143,-0.00653451,-0.00498178,-0.017556157,0.000495637,0.00418236,0.90802016,-0.57276512,0.071022554
2019-12-10,-0.014175375,0.000710744,0.010249279,0.00651991,0.000268527,0.00103803,0.003270596,0.001215777,0.00047861,0.004666364,0.002015211,-0.000384267,0.0,0.003039248,0.00419167,0.93708722,-0.60941552,0.062024614
2019-12-11,0.004383224,-0.002846652,-0.001700922,0.009700948,8.94e-05,0.009292605,0.006509549,-0.002433093,0.000478381,0.008344972,-0.000503395,-0.004815535,0.0,-0.000705978,0.00409779,0.94219814,-0.60025292,-0.015149234
2019-12-12,0.026115608,0.017661971,0.013863362,0.011200031,-0.000447413,0.015298668,0.0168881,0.0,0.007622671,0.008275909,0.007524559,0.021962046,0.013532006,7.06e-05,0.0047638,1.03738399,-0.60156186,0.002178273
2019-12-13,0.028561403,0.028306925,-0.002689951,0.027463512,-9e-05,0.009068207,0.013465753,0.008490022,-0.004757368,0.010022863,-0.000499872,0.001510013,0.00402415,-0.002050015,0.00495712,1.05312746,-0.63690331,0.057088481
2019-12-16,0.009683671,-0.018550746,0.000673185,-0.00310074,0.000716383,0.00898661,0.003142046,0.007220313,0.006654014,-0.011856044,0.001997992,-0.004157941,0.006671139,0.002473631,0.00495111,1.06120375,-0.61726917,-0.03131267
2019-12-17,0.032875905,-0.009056111,0.008710267,0.00464756,0.000402666,0.008413768,0.010144524,0.004784702,0.000473623,0.008222979,0.009436222,0.024323006,0.002656044,-0.000141186,0.00511296,1.09186031,-0.64606591,0.045596342
2019-12-18,-0.001986119,0.018031033,0.002664787,-0.00309594,4.48e-05,-0.003950567,-0.00077684,0.004761917,-0.000473623,-0.003646312,0.000988243,-0.006490437,-0.003986716,0.000352927,0.00481168,1.02877301,-0.65130168,0.008071419
2019-12-19,-0.00798416,0.003430341,-0.006675554,0.009259309,-0.00031313,0.005427836,-0.003112704,0.007100569,-0.00094792,0.000912825,0.005417371,0.009627794,0.001330672,-0.004952233,0.00442319,0.94543813,-0.62643177,-0.038933083
2019-12-20,0.009573403,0.0,0.002675631,0.005361854,-0.000447748,0.011255492,0.009309631,0.004705895,0.00189485,0.001823155,0.003432409,0.004412608,0.003981425,-0.001419472,0.00445511,0.97742833,-0.64213908,0.024765054
2019-12-23,-0.009974176,0.006826018,-0.005358366,0.004573267,0.000447748,-0.001460926,-0.006196927,-0.016568381,0.000946127,-0.006395636,0.007315076,0.023748007,0.009228806,0.002907641,0.00429942,0.94909819,-0.52564319,-0.200182279
2019-12-24,-0.003212791,-0.007510952,-0.003026713,-0.00304652,0.00031313,0.0,-0.005453783,0.007134341,0.007536498,0.010939033,-0.005359304,-0.014435485,0.018205964,0.001768879,0.00430648,0.97456897,-0.54658627,0.039069518
2019-12-26,0.031283449,0.006830417,0.006044293,0.012130499,4.45e-05,-0.00097507,0.005453783,0.01060709,0.008411275,0.006326275,0.004387123,0.015867646,0.021670701,-0.000282811,0.00463264,1.01725931,-0.50208223,-0.084928243
2019-12-27,0.028820434,0.00948517,0.00467603,0.014216562,-0.000178663,0.014528048,0.008510747,0.009334964,0.003252034,0.00449439,0.013526708,0.021940039,-0.008866429,-0.002690585,0.00473337,1.01835045,-0.50470011,0.0052005
2019-12-30,0.004535066,-0.006765979,0.002662276,-0.011206815,0.000581131,0.003359812,-0.000770766,0.0,0.002779039,-0.008104502,0.002396449,0.012349051,0.007604599,0.000141796,0.00414437,0.93211492,-0.43139933,-0.15693023
2020-01-02,0.005640233,-0.020576754,-0.028313411,-0.009815008,0.000849176,-0.01642551,-0.00541162,-0.009334964,0.003232512,-0.001809955,-0.002876306,-0.003116449,-0.007604599,0.002690204,0.00453956,1.00370264,-0.3384644,-0.242615264
2020-01-03,-0.008661324,0.002768118,-0.01030931,0.004542109,0.001874612,0.004374262,0.001549118,0.027747466,0.0141912,-0.006360767,-0.009163474,-0.013793257,0.021397922,0.006694182,0.00435106,0.9635103,-0.27563516,-0.20534081
2020-01-06,-0.004358996,-0.016022571,-0.007280289,-0.01983303,0.000312199,-0.017119609,-0.020328969,0.024776006,0.022028304,-0.011921278,-0.01316754,-0.031794132,0.011145626,0.001754233,0.00465757,1.02020767,-0.27563516,0.0
2020-01-07,-0.00171086,0.006300268,0.00382002,0.003844948,-0.001472346,0.003938999,0.002366671,-0.029347446,-0.005797178,0.011921278,0.021370302,0.019589176,-0.013639393,-0.006894166,0.00462831,1.03354302,-0.38035057,0.322015273
2020-01-08,-0.003430526,-0.021870377,-0.023142602,-0.023293133,-0.001071614,-0.037041432,-0.024731813,0.011389598,0.015971965,-0.002738477,-0.022352615,-0.030905063,0.022223137,-0.000494272,0.00542244,1.1666254,-0.26385468,-0.365694883
2020-01-09,0.036183533,0.0,0.000354599,0.007824818,-0.001073159,0.014177467,0.014434883,-0.054696604,-0.027215627,0.006378154,0.008806378,0.025014776,-0.038585994,-0.007016592,0.00546529,1.19172725,-0.57669195,0.781909745
2020-01-10,-0.000736732,-0.002142101,0.002479235,0.00621595,-0.000760822,0.01546553,0.002385581,-0.005998734,-0.001810698,-0.000908678,0.007763015,0.012807079,-0.00508907,-0.003705245,0.00546415,1.19067382,-0.67748053,0.161072573
2020-01-13,-0.004247113,0.000714482,0.004940027,0.004636786,-0.000134318,0.005922936,0.007123052,-0.003616732,0.004069602,0.005439723,0.016299621,0.012121267,0.011414201,0.000214144,0.00549953,1.19119163,-0.61857811,-0.090957341
2020-01-14,0.002956337,0.009950609,0.008761294,0.023620218,0.001118583,0.007354803,0.014873117,-0.015824964,-0.009521719,0.010791472,-0.000951571,-0.010002714,-0.016529302,0.001640138,0.00503535,1.09220694,-0.59894398,-0.032255402
2020-01-15,-0.016744607,0.003529451,0.001046147,-0.001507093,0.000492046,-0.006370895,0.010819225,0.0,0.007715022,-0.00268697,0.000951571,-0.003179619,0.007662873,0.00291727,0.00475261,1.03805995,-0.60417975,0.008703682
2020-01-16,0.01858802,-0.004236856,0.012469828,0.000753688,-0.000536825,-0.000491731,-0.004622298,0.001226213,0.0,0.00447428,0.00284899,0.007052256,0.005076153,-0.000639648,0.00477031,1.04041438,-0.57669195,-0.046563511
2020-01-17,0.009530862,-0.00070827,-0.001377831,0.001506054,-0.000715635,0.002456544,0.004622298,0.006108729,0.001355307,-0.000893256,-0.003800562,-0.005814524,0.005050516,-0.003346933,0.00453049,0.99488384,-0.57407407,-0.004549812
2020-01-20,0.004368323,0.007760087,-0.001725059,0.007496337,-0.000851007,0.021360036,0.012982347,0.01090263,0.00585198,-0.001788909,-0.008124257,-0.009945088,0.008777486,-0.000142676,0.00458144,1.00152028,-0.5688383,-0.009162219
2020-01-21,-0.010406198,-0.007760087,-0.007625658,-0.010510621,0.001835052,-0.012566798,-0.009912297,-0.018237572,0.00134558,-0.017156177,-0.008190699,-0.01166868,-0.002500001,0.006542018,0.00497712,1.06711541,-0.46804972,-0.195021681
2020-01-22,0.017825134,0.00070827,0.029146533,0.013493529,-0.000805127,0.006303039,-0.003070051,-0.002457006,-0.009457396,-0.000911162,0.011543979,0.021260335,-0.018951925,-0.003052409,0.00499065,1.06398369,-0.48375703,0.033008247
2020-01-23,-0.007237235,-0.005677972,0.020074312,-0.017274325,0.000492174,-0.018044999,-0.010819225,-0.042720097,0.002711227,-0.016544495,-0.006236394,-0.002832447,-0.003833871,0.001704819,0.00531985,1.10647611,-0.35155383,-0.319219933
2020-01-28,-0.028923467,-0.034761044,-0.018048695,-0.051293209,0.002278773,-0.042730601,-0.048556992,-0.044626797,0.015226417,-0.05036694,-0.026824511,-0.014103532,0.016508311,0.008902702,0.0073843,1.30606612,0.04374683,0.0
2020-01-29,0.002053933,-0.003691385,-0.011533335,0.0,0.000535391,0.001026733,0.015378736,0.018617508,-0.008032094,-0.009794398,0.005914441,0.006094283,-0.029395088,0.002037914,0.00699781,1.24900988,-0.13034254,0.0
2020-01-30,-0.024930399,-0.002221313,-0.01790064,-0.008810598,0.001069765,-0.001540655,-0.007255302,-0.024001105,0.005807449,-0.029972274,-0.016349373,-0.022773412,0.005174656,0.002734111,0.00683267,1.18778162,0.05160048,0.0
2020-01-31,-0.02458747,-0.009683376,-0.023547036,-0.013771037,0.00026746,-0.011369527,-0.021259975,0.001348586,-0.001337184,0.00505818,-0.011049674,-0.009921048,0.014093763,-0.000560234,0.00689044,1.180998,0.17071425,1.196460131
2020-02-03,0.018063954,-0.001498197,-0.011085423,-0.008189902,0.000534468,-0.008874765,-0.012474276,-0.023177573,0.002672581,0.006036236,-0.003034888,0.000369156,-0.005102052,0.001469835,0.006831,1.19417019,0.17464108,0.02274179
2020-02-04,0.01660822,-0.004507912,0.005379258,0.008189902,-0.001292193,0.03199429,0.001672261,-0.01949924,-0.005352412,-0.002008033,0.006060594,0.013383587,-0.001279591,-0.006807772,0.0068479,1.20539354,0.05290942,-1.194151502
2020-02-05,0.0,0.012719973,-0.00717874,0.001630024,0.000401201,0.015121305,0.004168412,-0.012739001,-0.007631896,0.010000083,-0.004036312,-0.002918058,-0.002564104,0.0010558,0.00683622,1.21397658,0.03196634,-0.503897921
2020-02-06,0.01166964,0.021332035,0.040937309,0.039909492,-0.00049023,0.021772161,0.055030081,0.039111092,-0.001352862,0.015794998,0.026441917,0.036230664,-0.002570696,-0.001619237,0.00865639,1.37487004,-0.02300925,0.0
2020-02-07,-0.009400357,-0.013924821,-0.011126787,-0.014184611,0.001292072,-0.004415033,0.006279618,-0.01657491,0.004053196,-0.010832208,-0.003946705,-0.002469203,0.00641439,0.002533363,0.00844665,1.33596291,-0.05965964,0.952759436
2020-02-10,0.00264098,-0.017870884,-0.005961734,-0.016000348,-0.000178166,0.002945622,-0.007855681,-0.016854344,0.004931562,-0.004962789,0.001482051,0.009840235,-0.003843695,-0.000210878,0.00846932,1.33968479,0.0306574,0.0
2020-02-11,0.008255234,0.006739099,0.025353014,0.007231789,8.9e-05,0.030415088,0.004720757,-0.004258384,-0.001342569,0.0039722,0.005414704,0.003665241,0.00512165,0.000210878,0.0086312,1.35261689,0.02280374,-0.295949511
2020-02-12,0.021259737,0.007435037,0.016327011,0.002399189,-8.9e-05,-0.003334108,0.000784675,0.007087242,-0.003139719,0.001980199,0.009770424,-0.000348512,-0.011560822,-0.000773436,0.00859479,1.3511807,-0.13557831,0.0
2020-02-13,0.012903271,-0.014925671,-0.015641441,-0.00560675,0.000578728,-0.005741761,-0.00787415,0.012631722,0.007162119,0.000988631,0.002912505,0.000696902,0.003868477,0.000492256,0.00856835,1.35132315,-0.17091976,0.2316448
2020-02-14,0.017896088,-0.004521598,-0.004465057,0.001604965,-0.001514269,-0.001440482,0.0,0.005563301,0.0,0.009832921,-0.004858864,0.003824169,-0.00128783,-0.003380234,0.00857814,1.36276498,-0.14866773,-0.139480391
2020-02-17,0.004247782,-0.009867126,0.005834866,-0.006435986,0.000400929,0.004315334,0.003157015,0.012405373,0.004006198,0.002931121,0.008729296,0.003463725,0.012804272,0.00169149,0.00858856,1.36167656,-0.10809051,-0.318744884
2020-02-18,-0.032854564,-0.009965655,-0.011011686,-0.003233593,0.001380344,-0.007684749,-0.009501194,-0.009635286,0.002218808,-0.002931121,-0.009216608,-0.009554536,0.001271456,0.00631803,0.00867037,1.36461917,0.03458423,0.0
2020-02-19,0.00817961,-0.003086169,-0.005899821,-0.001620777,-0.001335736,-0.012127348,0.008712896,0.01373649,0.011020618,0.001955035,-0.003906339,-0.002271654,0.022614029,-0.000699937,0.00862647,1.36931462,0.02673057,-0.257589944
2020-02-20,0.000542936,-0.002320993,-0.011904866,-0.007325976,0.002580868,0.005354165,-0.023136214,0.021593298,0.003064129,-0.003913899,-0.014289405,-0.008432987,0.003719781,0.005029328,0.00850443,1.36313428,0.03327529,0.219007225
2020-02-21,-0.014396662,-0.013255766,-0.012048301,-0.017305769,0.001820386,-0.022583126,-0.026166602,-0.008042945,0.013889119,-0.011834458,-0.0124846,-0.023383506,0.007398307,0.005697222,0.00859488,1.35038357,0.23747033,1.96522761
2020-02-24,-0.038163973,-0.04495109,-0.042606089,-0.041584104,0.000931176,-0.039498828,-0.035416991,-0.021769584,0.019633501,-0.00796817,-0.036330347,-0.046012795,0.004901971,0.002560049,0.00978536,1.39957966,0.74141321,1.138515419
2020-02-25,0.021319467,0.013860394,0.000743783,0.021432324,-0.000354785,0.003094284,0.007695774,-0.009675239,-0.016191218,0.00796817,0.007268946,0.030175626,-0.017263067,-0.000483852,0.00869536,1.23812881,0.61968156,-0.179352375
2020-02-26,-0.019985476,-0.003244169,0.003340113,0.0,0.000531934,-0.008273156,0.001702148,-0.032465861,0.004713968,-0.012980711,-0.004666935,0.005671981,-0.013776048,0.002416921,0.00874633,1.24159507,0.93120989,0.407278964
2020-02-27,-0.042203624,0.004053699,-0.008558251,-0.00510215,-0.001374512,-0.019397756,-0.005970286,-0.039507694,0.004266205,0.005012542,-0.004688817,-0.00787622,0.002518893,-0.004631692,0.00868586,1.21978184,1.15896589,0.218798715
2020-02-28,-0.047390587,-0.022086652,-0.037309263,-0.032051214,0.002658923,-0.039962072,-0.03127978,-0.079172387,-0.0111302,-0.049190244,-0.032371994,-0.018185817,-0.047658729,0.009791114,0.01087973,1.34338533,2.07129887,0.580647751
2020-03-02,0.047787778,-0.012484383,-0.011705099,-0.00529579,-0.000575737,0.012592637,-0.007974976,0.042694225,-0.018245503,0.047188242,0.00859292,0.023138575,-0.013280408,-0.003849821,0.01112029,1.36056966,1.92077047,-0.075449492
2020-03-03,-0.007574235,-0.007566264,-0.005904377,0.014060147,0.000177306,0.008667435,-0.006247355,0.025975469,-0.003513422,0.006989544,0.004269156,0.002010824,-0.013459153,0.000619739,0.01108563,1.35657863,1.50583568,-0.243378379
2020-03-04,0.025872856,0.015075069,0.014112318,0.024139133,0.00252007,0.010195843,0.023884406,0.007513152,0.026911312,0.00099453,0.016895662,0.013062527,0.024097552,0.005423405,0.01172499,1.39309412,1.14849435,-0.27089619
2020-03-05,0.013747853,-0.010025076,0.005434713,0.016892299,-0.000397352,0.010621522,0.015611755,-0.007513152,-0.00128561,0.003968259,0.021751247,0.031579764,-0.002649008,-0.002330566,0.01061369,1.25351808,0.74272216,-0.435885071
2020-03-06,-0.021970192,-0.022930695,-0.029864577,-0.016892299,-0.000797055,-0.025141635,-0.027924962,-0.040005366,0.021214218,-0.017982503,-0.011852694,-0.009828215,0.010554188,-0.002955172,0.01093204,1.26620115,1.24142928,0.513696609
2020-03-09,-0.052256086,-0.057461604,-0.043201676,-0.039084532,0.002035701,-0.059710964,-0.048038343,-0.356450665,-0.002522045,-0.023458495,-0.013044843,-0.009391363,-0.038800854,0.00713262,0.01561939,1.42985153,2.38544508,0.653122362
2020-03-10,0.025762957,-0.006389976,-0.017223515,0.007060955,-0.000884724,0.016538764,0.000928138,0.04814938,-0.006333165,0.021440331,0.007326226,0.005857874,0.02425995,-0.005894463,0.01569573,1.42751931,2.20088418,-0.080526544
2020-03-11,-0.041840149,0.001829794,-0.010221533,-0.017746702,0.0,-0.015389295,-0.016838446,0.039795805,0.000423483,-0.009132484,-0.026414839,-0.041375316,-0.005340467,-0.002133336,0.01561073,1.41299689,2.5673881,0.154029899
2020-03-12,-0.044327328,-0.053508475,-0.059074223,-0.05426619,-0.000885273,-0.065266349,-0.03357642,-0.092439579,-0.017510644,-0.034217957,-0.030989121,-0.026922482,-0.024391453,-0.000689145,0.0171805,1.44358602,3.28337968,0.245984204
2020-03-13,-0.040180507,-0.041344609,-0.057959961,-0.04247752,-0.002616319,-0.042586329,-0.055151735,0.013423031,-0.027518652,0.00315956,-0.03312132,-0.043573661,-0.062254894,-0.016402891,0.0178842,1.44074355,4.69572872,0.35778003
2020-03-16,-0.057994222,-0.024416485,-0.028803595,-0.038195578,0.000443894,-0.05186583,-0.039963433,-0.036203077,-0.029208947,-0.011634187,-0.019596947,-0.023228777,-0.061720112,0.004544639,0.01819425,1.4130835,6.09629727,0.261028269
2020-03-17,0.015653563,-0.063783527,-0.035799166,-0.039712414,0.002482532,-0.008798756,-0.027190196,-0.020955324,-0.03668862,-0.009620598,-0.005252455,0.024811066,-0.141549253,0.00466296,0.01841166,1.40881083,6.08713467,-0.001504108
2020-03-18,-0.074898512,-0.027825734,-0.065223114,-0.053652776,-0.001018859,-0.066761683,-0.073175715,-0.122500058,0.014557646,-0.067766066,-0.034527382,-0.064274975,-0.030883472,-0.004942042,0.01977382,1.38903544,5.86592337,-0.037017566
2020-03-19,-0.09559345,-0.088448969,-0.083381716,-0.145006396,-0.00662544,-0.157912634,-0.128966231,-0.133531355,-0.017874398,-0.088894026,-0.070898137,-0.093141914,-0.016744577,-0.015045327,0.02459748,1.42060284,6.70888239,0.134272471
2020-03-20,0.086538782,0.100787874,0.057290806,0.029470507,0.005561369,0.126163958,0.081598662,0.141478423,0.011326201,0.050224885,0.04699267,0.096928246,0.047628049,0.004170724,0.03061015,1.57236027,5.59497226,-0.181563994
2020-03-23,-0.073588377,-0.089751707,-0.065663999,-0.102278896,-0.004535741,-0.057908833,-0.057597452,-0.169215199,-0.004232272,-0.040224801,-0.008722753,0.010442948,-0.012601427,-0.008287671,0.03151308,1.55646421,5.8266551,0.040574713
2020-03-24,0.113328702,0.053425277,0.061719218,0.114826116,0.001247063,0.083095306,0.08701134,0.072320644,0.060347327,0.035434373,0.049445413,0.072904977,0.080042708,0.001066383,0.03593362,1.62378417,4.68525718,-0.218022288
2020-03-25,0.051593071,0.089512949,0.104456775,0.150224052,-0.000356033,0.101475905,0.083381554,0.022989536,0.040005345,0.016667052,0.029923254,0.0174251,0.064747529,0.004112568,0.03904858,1.66853289,4.10146879,-0.133075658
2020-03-26,-0.024977277,0.009469006,-0.013313155,-0.00645857,0.003644711,-0.022052351,0.011049781,-0.046520052,-0.02285075,0.003535655,-0.005215988,0.020665728,-0.006289329,0.013704164,0.03905726,1.67322935,4.55174503,0.104165531
2020-03-27,0.004367866,0.052025987,0.008724631,0.020310749,0.000576522,0.024033142,0.017429781,-0.036367598,0.018150881,-0.001177163,0.010979541,0.017875758,0.015649772,-0.002236083,0.03897588,1.66447389,4.79520835,0.052106476
2020-03-30,0.007237647,-0.021096041,-0.009240352,0.023013617,-0.0011091,0.005919211,0.013941228,-0.103989712,-0.006444643,-0.014235116,0.005730707,0.03534955,-0.052601767,-0.002381219,0.03880595,1.65689607,4.82269615,0.00571598
2020-03-31,0.002161119,0.015113565,0.031474751,0.02350645,0.000177401,0.016260463,0.008483595,0.030356403,-0.004752665,0.007142888,0.066322604,0.112597976,0.014622519,0.001471491,0.03940178,1.66431405,4.00068021,-0.18686874
2020-04-01,-0.031431518,-0.054456079,-0.025817545,-0.067911198,0.000355177,-0.042840073,-0.025669617,-0.054621044,-0.020565182,0.0,-0.057221154,-0.085465891,-0.011354542,-0.00021008,0.03945935,1.64483755,4.19047688,0.046350142
2020-04-02,0.035739891,0.008412569,0.013751171,0.025615017,0.000487751,0.043485051,0.025669617,0.096903799,-0.000442209,0.008269391,0.017957742,0.004280428,0.014575157,0.002168596,0.03990823,1.64848154,3.82920874,-0.090156355
2020-04-03,-0.000716855,-0.007356705,-0.006597444,-0.02345508,-0.000487751,-0.014285892,0.026056726,0.025158579,0.017101936,0.01169604,0.010511683,0.013912708,0.020684906,-0.00385083,0.04001048,1.65168233,3.58050965,-0.067153036
2020-04-06,0.055098223,0.040315208,0.041880524,0.04224481,0.001152555,0.039748798,0.028399468,0.125345763,0.012100403,-0.004662013,0.044140654,0.040451257,0.001573564,0.000911561,0.03962108,1.60416644,2.65377831,-0.299520749
2020-04-07,0.028761238,0.017077086,0.029824198,0.013353946,-0.000620496,0.016209735,0.009950336,0.0,0.039584171,0.025376217,0.00472823,0.000323526,0.071296296,-0.002034625,0.03983594,1.60332624,2.37628248,-0.110447119
2020-04-08,-0.001539493,-0.020121109,-0.007611855,-0.022704516,0.001240763,0.001236269,-0.013958292,-0.011019336,-0.019596235,-0.003422707,-0.002098626,-0.011060653,-0.029719869,0.005812132,0.03982987,1.60351995,2.88807903,0.195054302
2020-04-09,0.001099778,0.010111129,0.049381237,0.011416661,0.001593053,0.02078298,0.010983596,-0.011142185,0.002103085,0.005698021,0.009929591,0.013484182,0.001507159,0.006958017,0.03904599,1.56902574,2.29905487,-0.228093473
2020-04-10,-0.01729903,0.038485459,0.017571968,0.021440359,0.000265522,0.012624196,0.019666218,-0.005617997,0.049190168,0.031322471,0.007769897,0.010434323,0.057074742,-0.000693638,0.03853667,1.54010238,2.33701421,0.016376024
2020-04-13,-0.041801196,-0.019550926,-0.034533156,-0.028690464,-0.000398076,-0.024184888,-0.00782027,0.025036029,-0.021019349,-0.01442066,-0.00413649,0.000159627,-0.034735764,-0.001527699,0.03803748,1.51805009,2.8409571,0.195266866
2020-04-14,0.021461476,0.013725647,0.014230246,0.022611429,0.0,0.025975405,0.009765929,0.035091348,0.01701134,0.007790802,0.013892617,0.006683658,0.020408872,0.000555797,0.03760273,1.4944965,2.36319306,-0.184127306
2020-04-16,0.017651553,-0.0226502,-0.011921271,-0.016393803,0.000751528,0.011266051,0.0,-0.068613998,-0.006850708,-0.019026875,-0.004096248,0.005378104,-0.01453514,0.004504328,0.03571045,1.41961136,2.20350206,-0.069965756
2020-04-17,0.023937335,0.015810643,0.023702199,0.050363066,-0.000618974,0.025612462,0.007744455,-0.00855926,-0.022491205,0.020134908,0.011731886,-0.000631248,-0.025205189,-0.002007056,0.02914012,1.1566685,1.76107948,-0.224120978
2020-04-20,-0.014115795,-0.011834374,-0.007233425,-0.017839888,8.85e-05,-0.001150011,-0.000964851,-0.029071838,-0.012065903,0.003316753,0.007074382,0.008644435,-0.00150263,-0.000831731,0.02654442,1.05431441,2.00323385,0.128835838
2020-04-21,-0.010719143,-0.016000248,-0.023411652,-0.018164003,-0.000840587,0.00229882,-0.005808301,-0.0269074,0.01082445,-0.024582243,0.0,0.002344673,0.007490672,-0.000901823,0.02336424,0.92801595,2.42733124,0.192029599
2020-04-22,0.018242975,-0.004040532,-0.016862192,0.003050328,-0.00022102,-0.004602996,-0.007797182,-0.20067077,-0.00331815,-0.012521507,0.015984382,0.003584526,-0.039578986,-0.006754677,0.02036423,0.81052578,2.42994913,0.001077924
2020-04-23,0.003301324,-0.007110111,0.00940293,0.001014797,-4.43e-05,0.023369604,0.00293099,0.108688308,0.021373585,0.019285907,0.021569562,0.012368752,0.04849435,-0.000629052,0.01697561,0.67146371,2.15638013,-0.119439373
2020-04-24,-0.022218167,-0.008188164,-0.036211637,-0.011218842,4.43e-05,-0.015900406,-0.003910009,-0.051118411,0.003248096,-0.0067644,-0.014655884,-0.015484916,-0.011904903,-0.00055949,0.0172919,0.68332686,2.55953444,0.171394432
2020-04-27,0.019137128,0.087524748,0.017793395,0.032293343,0.00022102,0.02095815,0.015549354,-0.03197433,-0.003654871,0.026787316,0.014170493,0.013177455,0.002989539,-0.002030668,0.01742581,0.6859933,2.24669717,-0.130364169
2020-04-28,0.005077934,0.009990251,0.01406735,0.0,-0.000265324,-0.001135735,0.007866289,-0.021898703,-0.01682088,-0.009961344,-0.002463566,-0.010226347,-0.030305349,0.001260968,0.01729096,0.68066919,1.91815258,-0.158098688
2020-04-29,0.006365854,0.01283983,0.007199519,0.0586619,0.001238513,0.015783753,0.020359393,0.003683248,0.006597925,0.006651909,0.00492149,-0.0054658,0.013751172,0.003773283,0.01676814,0.65876649,1.63934782,-0.157064033
2020-05-04,-0.020559885,-0.042090336,-0.019802562,-0.026880772,0.000972009,-0.038773434,-0.034166165,0.018215455,-0.006184252,-0.026877318,-0.026363412,-0.011021987,-0.021473218,0.001811753,0.01522424,0.59626084,2.40507922,0.383284351
2020-05-06,0.029708404,-0.001024433,0.012121326,0.022943629,0.000618159,0.015575735,0.009881362,0.106082277,-0.001241453,0.017998236,0.011027923,0.022543207,0.022989518,-0.000766111,0.0151073,0.59253309,1.80951035,-0.284526559
2020-05-07,0.026319975,0.003069234,-0.006769905,-0.001974162,0.000264964,-0.008045904,0.007835471,-0.022989537,-0.012080982,0.007773498,0.0,-0.001704275,-0.019893541,0.002087902,0.01515096,0.59427853,1.74406322,-0.036838709
2020-05-08,0.026879424,0.004077591,0.035275338,0.002959961,0.000837824,0.0046056,0.00680598,0.016474851,0.023199043,0.019715863,0.011400195,0.02707632,0.052683363,0.004855139,0.01380152,0.53875623,1.41159181,-0.211499564
2020-05-11,-0.005566365,-0.015377119,-0.00422426,-0.014888566,0.0,-0.006338287,-0.015625269,0.006514686,-0.01402082,0.0,-0.001973262,0.011106219,-0.00293686,-0.002563351,0.01336703,0.52231635,1.48489259,0.050624429
2020-05-12,-0.004351002,-0.02404723,-0.023317759,-0.018164023,0.00061694,-0.019848866,-0.019881307,-0.02631733,-0.002078605,-0.017505918,0.001480389,0.0099503,-0.010347469,0.003324053,0.01341791,0.52408051,1.28331544,-0.145895523
2020-05-13,-0.005622084,0.004223925,0.005282144,0.001017845,0.001233284,0.012888297,-0.003016639,-0.010050261,0.001663213,-0.006644543,0.013712402,0.016124547,0.001484781,0.002003007,0.01327731,0.51844681,1.01629115,-0.233287044
2020-05-14,-0.017270846,-0.022377013,-0.018366883,-0.015377047,-0.000616569,-0.009944538,-0.016243848,-0.01355954,0.008686711,0.001110494,0.001457982,0.00261412,0.00148258,0.000965535,0.01279139,0.49944889,1.15242118,0.12570523
2020-05-15,0.023723137,0.019210854,0.003408684,-0.002068259,0.000352238,0.012270274,0.004085794,0.056399651,0.015123894,0.003324103,0.004844882,0.00014501,0.047731403,0.000275696,0.01267621,0.49353072,1.17467321,0.019124887
2020-05-18,-0.003324972,-0.012766422,0.001457513,0.014388718,-0.000132036,0.014413424,0.01014193,0.044171253,0.014498862,0.0,-0.008250393,-0.011228774,0.065597282,-0.000689382,0.01240506,0.48226195,1.18514475,0.008874929
2020-05-19,0.017743291,0.04296119,0.074350659,0.04489542,0.000132036,0.028218647,0.045372746,0.045256553,-0.019786627,0.022964377,0.000974085,-0.011652843,-0.010638398,6.9e-05,0.01290218,0.49859095,0.91812046,-0.255291596
2020-05-20,0.0341743,-0.010309408,-0.012698682,0.004866174,-0.000132036,0.002778535,0.002888828,-0.005917182,0.008527967,0.002159828,0.004856648,0.013411166,0.038037372,0.002616948,0.01285021,0.49618078,0.89848632,-0.021617121
2020-05-21,0.007089404,0.0,0.004553749,0.023033485,0.000748154,0.025747892,0.004796209,0.040703325,-0.005270614,0.016051709,0.001936216,0.00714754,-0.022121917,0.001511842,0.01277654,0.49317795,0.73094167,-0.206377819
2020-05-22,-0.01542447,-0.024122772,-0.019266702,-0.040663708,8.78e-05,-0.025193042,-0.02617715,-0.040703325,-0.003257353,-0.025807884,-0.007279737,-0.004662074,-0.017253248,-0.000412124,0.01340906,0.51895452,1.27677073,0.55775564
2020-05-25,0.021294168,0.011609729,0.012428429,0.011787989,0.000791681,0.019226193,0.001962811,0.032119575,-0.001632664,-0.002181026,0.008729468,0.004952591,0.004008021,0.002881305,0.01258479,0.48661645,0.95346191,-0.291989825
2020-05-26,0.0104795,0.024871874,0.031519892,0.025073536,-0.000263772,0.054009766,0.02229853,0.019915325,0.002855396,0.01085787,0.002411389,0.008392549,0.027615167,-0.001233829,0.01247554,0.48047613,0.76104735,-0.2254039
2020-05-27,-0.021858848,0.018255798,0.007067139,0.00664459,-0.000747538,-0.008281531,0.034859806,-0.011331575,-0.018085121,-0.008676844,-0.005797337,-0.007375778,-0.023623146,-0.001098016,0.01189596,0.45848858,0.84874651,0.10906499
2020-05-28,-0.019727665,0.028729181,-0.014184676,0.009416236,8.78e-05,-0.019417994,-0.021526213,-0.043675098,0.00702626,0.0,-0.011695662,-0.011093472,0.013192803,-0.000206012,0.01178857,0.45956159,0.94953508,0.112211908
2020-05-29,-0.004841654,0.017425492,0.026433298,-0.024669197,0.000395854,-0.00478101,0.004719149,0.020619304,0.0,0.004347833,0.007812458,0.012978714,0.009132484,-0.002406509,0.01168136,0.45561856,1.00189279,0.053673805
2020-06-01,0.038481586,0.017126924,0.025328613,0.028410915,0.000263842,0.022638459,0.004696983,0.048373622,0.01471819,0.019334652,0.023077608,0.034321619,0.048171544,-0.001033183,0.01238545,0.47969248,0.91026681,-0.095908526
2020-06-02,0.002526363,0.045189695,0.030887438,0.030347328,-0.00105563,0.004674241,0.018570679,0.008298741,-0.005289996,0.005305052,0.003795182,0.006836516,-0.008701111,0.000137819,0.0112959,0.43819985,0.91812046,0.008590848
2020-06-03,0.019224058,0.062902894,0.033545174,0.052922341,8.82e-05,0.020005723,0.078697234,0.048396579,-0.011077009,0.004223871,0.009425266,-0.006416649,-0.022728251,-0.003382057,0.01137858,0.43931265,1.01498221,0.100297762
2020-06-04,-0.006303123,-0.027469368,-0.010789305,-0.02964475,-0.00070457,0.004560449,-0.005115084,-0.026597333,-0.014125674,-0.005282632,0.0153598,0.026649951,-0.021950526,-0.000345643,0.01162349,0.44958728,1.0084375,-0.006468982
2020-06-05,0.011051924,0.014687156,0.008800087,0.020149589,-0.000176026,0.016545762,0.016949597,0.026597333,0.005840648,0.016807118,0.017853675,0.032310592,0.006506204,-0.001799839,0.01147504,0.45951689,0.97702288,-0.031647312
2020-06-08,-0.004368149,-0.006021716,0.010301095,0.007775518,-0.000309831,0.004960503,-0.000840733,0.043652601,-0.009193566,0.020619287,0.001360144,0.00997643,-0.005201572,-6.93e-05,0.01124354,0.45048852,1.23226668,0.232100511
2020-06-09,-0.007450565,-0.006058197,-0.009903004,-0.023510102,0.0010613,-0.00198131,-0.005058923,-0.028027272,0.001258641,0.007117468,0.007223528,0.025406034,-0.00522877,0.004769626,0.01077158,0.43225814,1.11838867,-0.096966341
2020-06-10,0.004591558,-0.024605542,-0.004388612,-0.005300222,0.000574491,-0.001488334,-0.003387046,-0.010389712,0.014568411,0.012084739,0.009402378,0.024403625,0.002617803,-6.9e-05,0.01079352,0.44291803,1.05686837,-0.056578794
2020-06-11,-0.018105224,-0.037159024,-0.019786567,-0.0133751,0.000529768,-0.003481929,-0.009373848,-0.007863743,0.0074105,0.003996009,0.010638334,0.032761852,0.009108716,0.001033967,0.0105853,0.44162281,1.15242118,0.086554936
2020-06-12,-0.028187577,-0.029992808,-0.025610709,-0.021779616,-8.82e-05,-0.016072497,-0.036621239,-0.059638245,0.0,-0.008008051,0.002641924,0.014328509,-0.016982773,-0.000482385,0.01152727,0.48594594,1.94956721,0.525742301
2020-06-15,-0.071251643,-0.043759978,-0.078300779,-0.053710522,-0.000927516,-0.067005938,-0.080412812,-0.022599849,-0.008237253,-0.022358655,-0.053749342,-0.058086295,-0.033492749,-0.002760957,0.01555574,0.64320419,2.8409571,0.376533598
2020-06-16,0.051465072,0.066338608,0.050297246,0.051873803,0.000397546,0.083576626,0.063394843,0.074312023,0.002890771,0.022358655,0.047131166,0.064585676,0.021564178,0.001657489,0.01765977,0.74123932,2.34486786,-0.191911952
2020-06-17,0.010144057,-0.016885915,-0.008209071,-0.009233426,-0.00030937,0.012865184,-0.002713747,0.013175431,0.004115219,-0.01111684,-0.00310335,-0.008160555,0.00796817,-0.001242859,0.01766758,0.83984227,2.49539626,0.062218488
2020-06-18,-0.002222862,-0.000946519,-0.00391229,0.007393659,0.000883427,0.004904346,-0.008185408,-0.00788441,-0.000821739,-0.001016777,-0.007130268,-0.003568766,0.002642009,0.003723952,0.01765111,0.89984504,2.52811982,0.013028334
2020-06-22,0.010064504,-0.02008671,-0.022463003,-0.011111258,-0.000574057,0.019380439,-0.010096478,0.028610556,0.017115406,0.017146159,-0.004482221,0.015256547,0.020888488,-0.001515492,0.01699806,0.92671214,2.1000956,-0.185493005
2020-06-23,-0.002205561,-0.007759477,0.014592396,-0.018797602,0.00114794,0.003831381,-0.013934277,0.022814633,0.000403902,0.004987542,0.022652503,0.013291615,-0.014313842,0.000758033,0.0169474,1.01666572,1.79903881,-0.15473034
2020-06-24,0.026345975,0.008725075,0.031968251,0.011321022,0.000132328,0.022217874,0.010237325,0.0,0.011245094,0.002980628,0.005256177,0.001851448,0.014313842,0.001789434,0.0167275,1.0955558,1.5987706,-0.118017569
2020-06-25,-0.028355106,-0.029385063,-0.037691299,-0.040196741,0.000396957,-0.019353965,-0.030077254,-0.056716211,-0.005606741,-0.003976148,-0.018519007,-0.004402639,-0.023530497,0.001442869,0.01753167,1.12782208,1.98098183,0.214357637
2020-06-26,0.016357822,0.017734473,0.010103358,-0.001955099,0.000352701,0.003331055,0.00855104,0.026179526,-0.003217966,0.011881328,0.005768836,-0.010505638,0.011834458,0.001646572,0.01746754,1.12545063,1.64589253,-0.185309787
2020-06-29,-0.022612321,-0.021718412,-0.028820629,-0.033834111,-0.000617425,-0.019669565,-0.025875979,-0.026179526,0.00922401,0.006866138,-0.014709561,-0.021228059,0.005215136,-0.003433315,0.01784414,1.14341847,2.04119319,0.215251725
2020-06-30,0.021424456,0.00398394,0.004040505,0.013072149,-0.000441129,0.005315335,0.011583104,0.033901578,0.000399144,0.006819315,0.005820588,-0.012180024,-0.001301236,6.88e-05,0.01716207,1.11560936,1.7126486,-0.175493473
2020-07-01,-0.002181505,0.014800374,-0.001793765,0.013889033,-0.000794632,-0.004830899,0.017127015,0.0,0.008344969,0.010622987,-0.00851825,-0.023198196,0.028243212,-0.00379017,0.01703452,1.16567688,1.55950232,-0.093674316
2020-07-02,0.00317149,0.002934098,0.01381785,0.00098471,0.000750485,0.010597261,0.026072259,0.012738973,-0.014750157,0.009560302,0.025340297,0.025258788,-0.021753897,0.002689056,0.01645833,1.14059017,1.23881139,-0.230214381
2020-07-06,0.033855318,0.014542036,0.03094609,0.01562548,4.41e-05,0.023207296,0.010968896,0.012578792,0.004807734,-0.006682602,-0.002197419,0.002539427,0.006447476,-0.002620015,0.0165336,1.14347928,0.78984409,-0.450072071
2020-07-07,-0.007489194,-0.00676003,-0.008620662,-0.003883511,0.000661737,0.00420455,-0.0063838,-0.010050344,0.005579925,0.007633625,-0.007950595,0.004819349,0.007682496,0.001724467,0.01624523,1.16845047,0.89848632,0.128875909
2020-07-08,-0.003475602,-0.010716104,0.005611872,-0.001947484,-0.000308632,0.001397788,0.011823606,0.007547212,0.007128751,0.014157858,-0.000887221,0.001201005,0.008888947,0.001377435,0.01621459,1.17925624,0.92335623,0.027303627
2020-07-09,0.007515249,-0.007866059,-0.004313983,-0.001951167,0.000352748,0.028455287,-0.001810049,0.009975153,0.007861651,0.013035566,0.010596155,0.013355965,0.031116387,-0.001170699,0.01629237,1.19107831,0.70607177,-0.268298218
2020-07-10,0.002875448,-0.024989048,-0.025395332,-0.023716594,-0.000176475,-0.016883735,-0.017359856,-0.040511838,-0.010627903,-0.00370714,-0.006609428,0.001538604,-0.014815086,-0.000413515,0.01655249,1.20049529,0.89586844,0.238076682
2020-07-13,0.003058136,0.031875315,0.037000774,0.047837321,-0.000750288,0.029920611,0.013730099,0.028027272,0.005524874,0.048038235,0.012738969,0.011874906,0.025784117,-0.001448652,0.01720972,1.24132529,0.73879533,-0.192772645
2020-07-14,-0.002675367,-0.00392915,0.004264406,-0.005736112,0.00030912,-0.01575554,-0.009132354,-0.015190115,-0.004733768,-0.016957122,0.002180264,0.004664157,0.0,-0.000276172,0.01679817,1.22498543,0.84612862,0.135650454
2020-07-15,0.012360982,0.016593684,0.032240712,0.020873513,8.84e-05,0.007233319,0.01637884,0.022699543,0.002764068,0.006280864,-0.005240293,-0.012172409,0.012048339,0.000759289,0.01329826,0.97453347,0.73879533,-0.135650454
2020-07-16,-0.022361144,0.006753623,-0.001649614,0.019526452,0.000573244,-0.008141185,0.003603695,0.007453457,-0.000394344,-0.029040153,-0.000876135,-0.013276616,0.0,0.003100192,0.00966096,0.71129759,0.71916119,-0.026935408
2020-07-17,0.01553399,-0.002889241,0.037266351,0.034392576,0.000749327,-0.003639637,0.002694151,0.0,-0.006331682,0.011899454,0.011329129,0.025914301,-0.010836951,0.003227642,0.00975817,0.71846136,0.56994174,-0.232551374
2020-07-20,-0.005725195,0.026643157,0.012643602,-0.015240115,0.000176226,-0.001824939,0.015131575,-0.009950339,0.004752516,-0.000910332,-0.004342182,0.009028933,0.010836951,0.001164923,0.00972863,0.71835439,0.57386857,0.006866253
2020-07-21,0.016890017,0.001876395,-0.016627677,0.026739691,8.82e-05,0.027473194,0.012291695,0.01242253,0.004729959,0.015364062,0.011250782,0.013505824,0.052490183,-0.00143922,0.00999327,0.73795621,0.40632392,-0.345249724
2020-07-22,0.000752434,-0.012258606,-0.020569342,0.003511761,0.000132196,0.028898483,0.038515687,0.014706159,0.023320142,0.013363228,0.001290139,0.018026772,0.099433897,0.000754136,0.01035561,0.77603564,0.37098247,-0.090995863
2020-07-23,0.005625431,-0.007619181,0.018571467,-0.02394781,0.000484258,-0.006060537,-0.010126729,0.007272706,0.008416288,-0.020563979,-0.006899662,0.019132308,0.008196767,0.003079083,0.01024475,0.77637602,0.39454343,0.061574412
2020-07-24,-0.006942562,-0.005752523,-0.016129406,-0.017202853,0.000352266,-0.010037193,-0.019700835,-0.021978864,0.006833748,-0.009074472,-0.010439353,-0.014120402,-0.013354076,-0.000136544,0.00909714,0.69354047,0.59088482,0.403891885
2020-07-27,0.023631214,0.003838536,0.010513624,0.007279397,-8.81e-05,0.007428546,0.034852499,0.002466094,0.0217074,0.004547529,0.00174731,-0.005570387,0.060198714,0.000341487,0.00928379,0.70991248,0.65109618,0.097036265
2020-07-28,0.024701566,0.0,0.000402181,0.002716198,-0.000924579,0.001739913,-0.001672052,0.007362002,0.002588279,-0.002726035,0.007826149,0.011110004,0.021195398,-0.000956651,0.00828419,0.63490322,0.64586041,-0.008073976
2020-07-29,0.00429654,0.011428899,0.021086888,-0.002716198,0.000704641,-0.006540208,0.007503183,-0.007362002,0.005156547,0.003633065,-0.012639123,-0.021328597,-0.012470186,0.000410152,0.00835339,0.64183119,0.69952705,0.079821067
2020-07-30,0.021908948,0.003780714,0.031010368,-0.004543492,8.8e-05,0.002621183,-0.011696094,0.0,0.00183523,-0.00090703,-0.002195397,-0.004411591,-0.021464239,0.00252545,0.00837835,0.65870864,0.64455146,-0.0818498
2020-07-31,-0.021551747,-0.020010379,-0.01810187,0.006355037,0.000835932,0.019015193,-0.013536542,-0.017391757,0.008398846,0.004526943,-0.003963994,-0.000680191,0.014684552,-0.000886632,0.00850255,0.67625519,0.73094167,0.125778998
2020-08-03,0.006585452,-0.004823925,-0.007411778,0.010801216,-8.79e-05,0.043148134,-0.00598049,-0.01007566,0.001090304,-0.021918686,0.000441396,0.015645361,0.008708328,-0.000887418,0.00836264,0.66596757,0.72439696,-0.008994132
2020-08-04,-0.002486785,0.008666612,0.030842808,0.054020097,-0.000220035,0.014652326,0.015306466,0.017566338,-0.001090304,0.015575212,0.013581754,0.016833137,0.001924928,0.000273136,0.00856768,0.68556908,0.58041328,-0.221599128
2020-08-05,0.009909821,-0.002880456,0.01394941,0.039905459,0.000352111,0.05080823,0.001686428,0.017263081,0.025135963,0.001816531,0.032537208,0.047921754,0.068736428,0.00143274,0.00945597,0.7449324,0.4704621,-0.210024998
2020-08-06,-0.002644835,0.015267435,0.037837308,0.0,-0.000748142,0.026900627,0.029877644,0.016970058,0.010231117,-0.000907853,0.0,0.003552799,0.055860944,-0.001637584,0.00963761,0.76356084,0.53329135,0.125352495
2020-08-07,-0.004246297,-0.010471275,0.010043282,0.004878024,0.000440119,0.060910535,-0.005740009,-0.009661859,0.003853578,-0.003639676,0.008806959,-0.002088406,0.037488771,-0.000751349,0.00863016,0.68358028,0.53460029,0.002451448
2020-08-10,-0.003552347,0.029233618,0.080865747,0.069695602,-0.000616097,0.013277676,0.004922061,-0.004866193,-0.013375757,-0.029604382,0.00707298,0.000731516,-0.003276006,-0.003217145,0.0079889,0.63547081,0.64847829,0.19310918
2020-08-11,-0.007860013,0.036500098,0.022458255,-0.011411179,-0.000264103,0.016182131,0.02664667,0.004866193,-0.019682125,0.018605188,0.016447785,0.005208935,-0.024918233,0.000205659,0.00761591,0.6085595,0.65371406,0.008041513
2020-08-12,-0.012088513,0.020399883,-0.011979995,-0.005370393,0.00013206,-0.006854138,-0.0104126,-0.002430137,-0.048880552,-0.010189991,0.002443914,-0.022593274,-0.123370526,-0.000891496,0.00911958,0.71383549,0.63800675,-0.024321175
2020-08-13,0.009214992,0.006999243,0.000976744,-0.002310296,0.0,-0.004825932,-0.006462037,0.007272706,0.016933596,0.010189991,0.004870153,0.003289272,0.044658584,0.000274391,0.00895272,0.71060394,0.541145,-0.164661598
2020-08-14,-0.012305649,-0.025608296,-0.007512725,-0.01632365,-0.000308271,-0.039469467,0.003236238,0.0,0.008175463,-0.011121523,-0.003650389,-0.02738429,0.036627587,-0.002747195,0.00933662,0.73719078,0.60135636,0.105500439
2020-08-18,-0.039934714,-0.039220838,-0.043558041,-0.039973414,0.000440313,-0.033257149,-0.049679019,0.002412608,0.026298113,0.0202959,-0.029692812,-0.011167179,0.039558038,0.003912518,0.01021025,0.79520012,0.94560826,0.452640678
2020-08-19,0.018214776,0.0,0.01495607,0.012160534,0.000220161,0.01694943,0.009294456,0.004807705,-0.005422045,0.030577922,0.010824361,0.013776676,-0.017865214,0.000958659,0.01004593,0.79963997,0.83696602,-0.12204491
2020-08-20,-0.060206019,-0.039853492,-0.051577289,-0.044488174,8.78e-05,-0.040639358,-0.042961986,-0.004807705,-0.021986963,-0.005328609,-0.017965856,-0.00337192,-0.013829088,-0.0028101,0.01152077,0.88246283,1.3343642,0.46642673
2020-08-21,0.013934109,0.011549784,0.02248066,0.015879952,-0.001365042,0.025546162,0.019992054,0.002406683,-0.003340108,0.00177936,0.006303972,-0.007217076,0.002607563,-0.00281791,0.01159098,0.89601849,1.16551061,-0.135295641
2020-08-24,0.017388423,0.002866923,0.008990438,0.001657056,0.000616749,0.008127091,0.007715448,-0.002406683,-0.004097612,-0.01342302,0.012075792,0.033348972,-0.030853042,0.002406013,0.01125405,0.87126966,1.10660819,-0.05185963
2020-08-25,0.01746765,0.020774671,0.030176859,0.053195366,0.000484349,0.033288068,0.016935244,0.004807705,-0.00149422,-0.009049836,0.008244093,0.015587463,0.007136516,-0.001030486,0.0113369,0.87547604,0.86968959,-0.240918577
2020-08-26,-0.005094905,-0.01127829,0.004000026,-0.015026052,-0.000572389,0.01308141,-0.020357058,0.007168436,-0.006751721,0.004535155,-0.003289486,0.007392508,-0.014324327,-0.001857447,0.01139001,0.87817348,0.97571393,0.115033084
2020-08-27,-0.015826419,-0.012363305,-0.02629072,-0.025828596,-0.000793169,-0.004223861,-0.024285688,0.002378183,0.011227627,0.014375809,-0.012015749,-0.003949852,0.038908533,-0.001516119,0.01146876,0.90136052,1.20870571,0.214135966
2020-08-28,0.003645109,0.011417794,0.027288177,0.014610448,-0.000793643,0.000705229,0.005254032,-0.007151465,0.001115926,0.013292176,-0.003758804,-0.000625012,0.000866927,-0.005463161,0.01147756,0.90473089,1.10137242,-0.092993069
2020-08-31,0.003441052,-0.021033229,0.007614631,-0.012160534,-0.000838828,-0.009206928,-0.010535718,0.009523889,0.011090651,0.005267791,-0.010092452,0.006854309,0.023973751,-0.001665656,0.01142252,0.91650292,1.28069755,0.150847834
2020-09-01,0.007036223,0.009615435,0.028610635,0.020186428,-0.00136935,0.005675871,0.014893057,-0.009523889,0.010969068,0.012184659,0.005479481,0.004337542,0.028358865,-0.005991377,0.01152659,0.92664025,1.25713659,-0.018568303
2020-09-02,0.012055036,0.002866923,-0.009661925,0.034567468,0.001192897,-0.001770215,0.001737519,0.011890814,-0.011704601,-0.01745245,0.000840162,0.01391748,-0.026668247,0.003557421,0.01126153,0.91202572,1.08304723,-0.14905801
2020-09-03,0.025692324,-0.004782628,-0.00584227,0.00231386,0.000264861,0.03139431,-0.002607411,-0.023924604,-0.015573167,-0.006181035,0.002935725,0.0,-0.035242152,0.001600086,0.01026717,0.83120382,0.95738874,-0.123324341
2020-09-04,-0.023821644,-0.011571943,-0.016741018,-0.013964534,0.000265023,-0.001374661,-0.012259598,-0.004854382,0.001493589,-0.005328609,-0.014340227,-0.016910401,-0.0203277,-0.000417196,0.01008944,0.81151107,1.28855121,0.297064257
2020-09-07,0.008559801,0.009652445,-0.005643083,0.046555547,-0.001059971,0.001374661,0.017467926,-0.029631821,-0.003363828,0.016777435,0.013083153,0.016198826,0.008888947,-0.003483306,0.01010361,0.81155403,1.02938058,-0.224561252
2020-09-08,0.015626734,-0.000960959,-0.002333,-0.016541733,-0.001326449,-0.020118695,-0.007822748,-0.002509414,0.001122534,0.008718451,0.013741753,0.003451885,0.010563479,0.000627911,0.00978418,0.78684937,0.77020995,-0.290049382
2020-09-09,-0.004387655,-0.011605635,-0.006024109,-0.028452388,0.000486634,-0.0095054,-0.003496592,-0.048915776,-0.001871566,-0.014866911,-0.023432098,-0.034226696,-0.016777435,0.003550624,0.01009555,0.81484711,0.88277901,0.136411757
2020-09-10,0.01328637,0.005819479,0.004688592,0.012403109,0.00035359,0.024114358,0.002623566,0.026043159,0.008580507,0.001760564,0.0038031,0.012195934,0.019400961,-0.000208518,0.00976563,0.89127552,0.54376289,-0.48456161
2020-09-11,-0.000904463,-0.004847075,0.001001787,0.0,-0.000220814,-0.016011431,-0.005254032,-0.012936801,-0.000743187,-0.006175582,0.0021066,0.002896751,-0.014958484,-0.000556261,0.00965488,1.00176483,0.48355153,-0.117355402
2020-09-14,0.011157114,0.013513686,0.045989011,0.009202637,0.000220814,0.011165525,0.016543691,0.0,0.000743187,0.011438752,0.001261833,-0.003414868,0.003539827,0.000903767,0.0097768,1.01123451,0.43119383,-0.114600176
2020-09-15,0.003751095,0.003827747,0.002864664,0.009874662,0.0005305,0.003463787,0.0,0.0,0.012184043,0.010443959,0.002518812,0.012362288,0.02787637,0.000902951,0.0093291,0.96440399,0.39061661,-0.098831169
2020-09-16,-0.015994559,-0.007670433,0.022628362,-0.008349242,-0.000353558,-0.026630973,0.001725621,0.03077162,-0.005150856,-0.006079046,-0.002098554,0.004698682,-0.01297035,0.002080626,0.00919552,0.94955428,0.40108815,0.026454687
2020-09-17,-0.009647837,-0.005791393,0.023038956,-0.012270036,0.0,-0.024443984,-0.000862391,-0.007604543,-0.008520186,-0.011388647,-0.00971098,-0.016957406,-0.017559714,-0.002497271,0.00729083,0.74668248,0.56601491,0.344439192
2020-09-18,0.015608279,-0.001937864,-0.017152028,0.0,0.000927639,0.013015412,0.001724133,0.030077417,0.00482463,0.021787354,0.002965573,0.014304409,0.016689013,0.000694312,0.0072771,0.74824313,0.47177105,-0.182126616
2020-09-21,-0.025350104,-0.003887265,0.018669217,-0.028964808,-0.000530118,-0.026571228,-0.014750811,-0.009925648,0.0,0.001722653,-0.015345703,-0.026085789,-0.014919101,0.00027759,0.00770608,0.82110756,0.69690917,0.390161282
2020-09-22,-0.032666715,-0.01570219,-0.041795242,-0.030647599,0.000574056,-0.022003479,-0.018527109,-0.030382045,-0.025878031,-0.021749444,-0.028317968,-0.040013934,-0.10036271,0.002564061,0.00952013,0.93469361,0.94429931,0.303788095
2020-09-23,0.025995035,0.002963077,-0.007298176,0.006530556,0.00035337,-0.014049988,-0.000891013,-0.005154655,-0.016086132,-0.00706093,-0.008877229,-0.012522188,-0.048057295,0.002419318,0.00956288,0.95399875,0.87099853,-0.080802892
2020-09-24,-0.030969296,-0.012903494,-0.040291369,-0.025547232,0.000617729,-0.04098135,-0.038151746,0.005154655,-0.010869668,-0.014273213,-0.03354812,-0.058726541,-0.046178194,0.000138076,0.01085636,1.02722069,1.20739677,0.326581602
2020-09-25,-0.005963106,0.012903494,-0.008658047,0.003333346,0.0005293,0.010305273,0.015618242,0.017834819,0.007776064,-0.000898876,0.006891846,0.003977573,0.042067191,0.001724348,0.01099683,1.03764001,1.06603097,-0.124524234
2020-09-28,0.029841456,0.004918956,0.028681802,0.004979327,0.000704936,0.01448451,0.010879492,-0.010152317,-0.005047551,0.007168489,0.012286879,0.020111557,-0.015568555,-0.000137838,0.01120816,1.0571975,0.9194294,-0.147944397
2020-09-29,0.011358518,0.004894643,0.019949154,0.021294739,-0.000528617,0.019246215,0.013435049,0.005089011,0.011610001,0.001784122,0.009005039,0.011830484,0.036965194,-0.000482584,0.01135677,1.06881723,0.80686034,-0.130602668
2020-10-05,-0.000370439,0.027926642,0.04728714,0.012882566,-0.000396937,0.030043547,0.044374209,-0.038814671,0.005754879,-0.008952611,0.005810182,0.007996915,0.010030174,-0.004145908,0.0116576,1.09178415,0.77020995,-0.046487453
2020-10-06,0.001295677,-0.001901137,-0.00793176,-0.010454464,-0.001588626,0.008106129,-0.005975198,0.028610556,0.009139425,-0.001800181,0.007104752,0.014036042,0.02269461,-0.004441447,0.01172684,1.09791606,0.56339703,-0.312678556
2020-10-07,0.00110932,0.00852691,0.003363482,-0.000808615,0.000220968,0.016378873,0.001710953,0.007662879,-0.011437374,-0.003610112,0.005735655,0.005405776,-0.030710685,-6.96e-05,0.0115517,1.08434539,0.46653528,-0.188650939
2020-10-08,-0.003331509,0.002826071,-0.007660502,0.013660235,-8.87e-05,0.032673407,0.015267516,0.0,-0.00038353,0.025001302,0.003513501,0.002527292,0.012000144,-0.000486906,0.01155205,1.09944057,0.39454343,-0.167604421
2020-10-12,0.006467779,0.010294761,-0.007099854,0.011111305,-0.000220677,-0.000349436,-0.007604621,-0.002547774,0.021628631,0.018349139,0.014363634,0.00438018,0.064476392,-0.000974744,0.01177922,1.14888465,0.31077111,-0.238672562
2020-10-13,0.008985124,-0.00747609,0.004327639,-0.011111305,4.43e-05,-0.020124288,0.005076137,0.0,-0.005646561,-0.007822726,-0.008680543,-0.012423864,-0.022621134,0.002087466,0.01139025,1.10991936,0.30815322,-0.008459534
2020-10-14,-0.019353656,-0.017029808,-0.014916382,-0.016901738,0.00088292,-0.019446049,-0.012739032,-0.007682502,-0.012153593,-0.002621233,-0.016260566,-0.014823305,-0.029997411,0.0013893,0.01151127,1.109415,0.39061661,0.237129415
2020-10-15,-0.0133024,0.004759292,0.001251525,-0.007332005,0.000838189,0.003629747,0.021978929,0.015306371,0.001908793,-0.002628122,-0.005776433,-0.02340224,-0.001966569,0.002634364,0.01149128,1.10850087,0.45606373,0.154906017
2020-10-16,-0.010046523,0.0,-0.023411376,-0.000818072,-0.000397059,-0.012762253,0.001670839,-0.01017815,0.001905082,0.009602867,0.002670142,-0.009702076,0.000983768,-0.000346231,0.01127765,1.09072805,0.52936452,0.14904471
2020-10-19,-0.009378889,0.027167997,-0.013859984,0.002452015,8.82e-05,-0.019267048,0.008312482,0.005102056,0.004178553,-0.002609832,0.000444254,-0.005003241,0.024284826,0.004422616,0.01115301,1.07896161,0.59219376,0.11215661
2020-10-20,0.000192286,0.0,0.014180113,0.004073215,-0.000529378,0.011900499,-0.004147604,0.0,-0.005321181,0.00521287,-0.012067126,-0.014687952,-0.012554486,-0.002416254,0.01115373,1.09077212,0.54899866,-0.075737878
2020-10-21,0.001537038,0.016499071,-0.010616189,0.030426918,-8.83e-05,0.012125881,0.008278167,0.005076095,0.008349213,0.032398401,0.006275345,0.006724482,0.024004993,-0.004919442,0.01134704,1.12089951,0.50973038,-0.074214081
2020-10-22,-0.021147501,0.023361401,-0.010076421,0.016425703,-0.000441673,-0.009172791,0.017164376,-0.023048351,-0.001891464,-0.001679262,-0.01123358,-0.026569629,-0.006663518,0.001388239,0.01119481,1.10413406,0.59612059,0.15656106
2020-10-23,-0.010842958,0.028885965,0.01588087,0.013867889,0.000529969,0.008807452,0.004850439,0.005167974,-0.006076703,-0.015241616,-0.000904257,0.004337176,-0.014430265,0.001109205,0.01102019,1.09666859,0.51234827,-0.15143837
2020-10-26,-0.034687762,-0.010407806,0.017214448,-0.030293592,-4.41e-05,-0.021045529,-0.020367192,-0.028760174,-0.003434429,-0.001707942,-0.015497068,-0.031880536,-0.017595762,0.001107977,0.00940637,0.93007597,0.64847829,0.235623917
2020-10-27,0.001845262,-0.029192628,0.021882676,-0.011102588,-0.000132452,-0.002241426,-0.015761507,0.0,0.006857103,-0.006000875,-0.004603976,0.00062043,0.018564285,-0.001385163,0.00931428,0.92259147,0.73225062,0.121494306
2020-10-28,0.031851103,0.021315144,0.016559701,0.024420277,0.000132452,0.019259911,-0.000836421,0.0,-0.000379669,-0.000860215,0.003224978,0.025956405,-0.001937985,0.000207897,0.00746833,0.73421671,0.69429128,-0.053231248
2020-10-29,0.013401807,-0.013268843,-0.022763205,-0.011741687,-0.000618028,0.000733493,-0.0143281,-0.02144856,-0.014537347,-0.002585094,0.009157599,0.031877099,-0.044628129,-0.002567085,0.00757636,0.74190248,1.03592529,0.400158722
2020-10-30,-0.025177274,-0.021602954,-0.040964667,-0.02713657,-4.44e-05,-0.035065271,-0.01712384,-0.044328554,-0.00812548,-0.01740688,-0.027728287,-0.03332845,-0.008146685,-0.001598974,0.00902728,0.8514442,1.83045343,0.569268685
2020-11-02,0.003607324,0.043620634,0.020215726,0.01764261,-0.001148488,0.013574838,0.02389194,-0.011396144,0.00812548,0.001754386,0.01349813,0.010115683,0.02723315,-0.005302187,0.00902719,0.84306756,1.3958845,-0.271035448
2020-11-03,0.022744029,0.017271652,-0.00158954,0.015773339,-0.000398208,0.038572355,0.016722837,0.050289897,0.004613573,0.015652493,0.02510962,0.03554563,0.001988072,0.000419617,0.00959877,0.8883584,1.11969762,-0.220469598
2020-11-04,0.027958894,-0.022511722,0.005394257,-0.000782852,0.000221203,-0.006507637,-0.004987526,0.034809432,0.00497416,-0.005190323,0.018758977,0.025572234,-0.007976114,0.003977607,0.00962843,0.92215718,0.8853969,-0.234777927
2020-11-05,0.015846381,0.014776523,0.020980829,0.014769087,0.001104816,0.03982041,0.014067258,-0.005277061,0.003809591,0.009495108,0.016674321,0.023284011,0.019822255,0.002434464,0.01009091,0.96629695,0.54638077,-0.482719905
2020-11-06,-0.009591126,0.006878669,-0.008714652,-0.01086113,-0.000176763,0.016934915,-0.001644641,-0.013315786,0.015094578,-0.000859476,0.001739227,-0.007294449,0.032821479,-0.002713078,0.00999416,0.9600741,0.49140518,-0.106047112
2020-11-09,0.00677981,0.007682376,0.010881551,0.022368701,-0.000574463,0.053706358,0.019560462,0.015957798,0.010802879,0.018739901,0.008219839,0.010482915,0.028091735,-0.000278692,0.0103376,0.98382189,0.4704621,-0.043553598
2020-11-10,-0.007535866,0.03591232,0.017775602,0.003806616,-0.000972927,-0.008807719,0.019976672,0.015707141,-0.04160965,-0.01188469,-0.005183702,-0.024333204,-0.064846356,-0.004329694,0.01033974,0.9847488,0.39716132,-0.169372857
2020-11-11,-0.001135271,0.034666925,0.032280118,0.049658209,8.84e-05,-0.019520868,0.010232205,0.033208634,-0.000772765,0.006808537,0.02649735,0.010739524,0.008827914,-0.0032244,0.01016548,0.97508853,0.35265727,-0.118845867
2020-11-12,0.001891327,-0.017586535,0.003523152,-0.01383338,0.0,0.004999217,-0.008651095,-0.010101104,-0.007371547,-0.009373737,-0.004226472,-0.013555342,-0.010800301,0.000561532,0.0103207,0.99020026,0.24401504,-0.368266816
2020-11-13,0.014631814,-0.01708039,0.009625309,-0.010316952,-4.41e-05,-0.002663157,-0.010321833,-0.007643293,0.006211241,0.005975263,-0.006799874,0.004725964,0.002957124,0.002312992,0.01025746,0.98798667,0.2335435,-0.043861507
2020-11-16,0.049056056,0.023511266,0.009533482,0.050552121,0.000353871,-0.00066683,0.017405622,0.0,0.005018323,0.034298636,-0.002134478,0.000336779,0.026227827,-0.00035011,0.01067204,1.02634714,0.32909631,0.342982088
2020-11-17,-0.007474558,0.00877556,-0.005477825,-0.011331429,0.000221203,0.005986002,-0.007083788,0.012706599,-0.001541436,-0.009087217,0.003412803,-0.004160815,-0.010602509,0.00035011,0.01068547,1.03150569,0.22699879,-0.371405756
2020-11-18,0.001428039,-0.005575469,-0.002605233,-0.007148143,0.000221076,0.015136801,0.000789445,-0.007604543,-0.004638617,-0.00166113,0.01227541,0.021405429,-0.00875918,0.001818486,0.01055965,1.07679873,0.2152183,-0.053291825
2020-11-19,0.013289758,-0.008824842,0.025187263,-0.005755429,0.000663014,0.001957615,-0.006334039,0.002541237,-0.008560306,-0.007509422,0.001261303,0.016084469,-0.017751945,0.000279491,0.01047301,1.07242961,0.18642157,-0.143642247
2020-11-20,0.005091742,0.000805379,-0.007376031,0.002881941,-0.000663014,0.002929156,0.002379958,0.0,0.003121289,0.013311345,0.008368185,0.008322993,0.007928684,-0.000209611,0.0104749,1.07253847,0.16024271,-0.151321011
2020-11-23,0.009759635,0.01120906,0.017779608,0.031164,0.000618739,0.008092055,0.038854887,0.012610518,0.003888094,0.01639381,0.005402064,0.003653195,0.004923693,0.002233586,0.0099044,1.01886832,0.23616138,0.387825782
2020-11-24,-0.001214732,-0.002391195,0.003629792,0.001393774,-0.000353496,0.022315176,0.003044216,0.009975153,-0.026343179,0.003246756,-0.002074178,-0.014149379,-0.037022738,-0.001744563,0.00995209,1.02380764,0.23877927,0.011024184
2020-11-25,-0.017163309,0.01818956,-0.005870175,0.002086901,-0.000574639,-0.006959824,-0.006097644,0.02451105,-0.011218062,0.000810045,0.016066128,0.020776898,-0.011276388,-0.002237491,0.00985362,1.01597945,0.37098247,0.440615242
2020-11-26,0.019418067,0.001565885,-0.007033347,0.020633488,4.39e-05,0.018245313,-0.009216625,0.01203379,0.002816335,0.014469706,-0.000408748,0.014700615,0.004115232,-0.002382721,0.00958699,0.98685716,0.26364918,-0.341535455
2020-11-27,0.005528678,-0.007855293,0.009273731,-0.006145376,-8.82e-05,0.01115942,0.001542015,-0.014458035,-0.000803903,0.009531446,0.00814339,0.015625379,-0.005146692,0.001472419,0.00742941,0.76471248,0.21914513,-0.184885151
2020-11-30,-0.0095214,-0.038590299,-0.013801045,-0.034137924,-4.42e-05,-0.017413441,-0.024172768,-0.004866193,-0.020309406,0.025752496,-0.001623467,0.009668852,-0.046470874,-0.001682942,0.00824466,0.84078234,0.36443776,0.508621578
2020-12-01,-0.000870152,0.016260779,0.029894513,0.036873829,4.42e-05,0.008744592,0.041737245,0.002436057,0.006951638,-0.002313923,0.009701078,0.017956339,0.032964176,0.000421001,0.00801229,0.8038907,0.29113697,-0.224561939
2020-12-02,0.031362419,0.017586535,0.003023297,0.006128719,-0.000132734,0.012975161,0.013533915,-0.012240064,0.014563302,0.006158603,0.005615838,0.015364988,0.039984824,-0.00196619,0.00816295,0.8127141,0.28721014,-0.013579701
2020-12-03,-0.002534096,-0.000792991,0.041392776,0.004740903,0.000220902,-0.005231505,0.005214189,0.014670201,0.013165988,-0.0053867,0.003991781,0.012593643,0.014962873,0.00014057,0.00787852,0.79035305,0.26626706,-0.075714353
2020-12-04,0.008421953,0.006324308,-0.003428863,0.024692664,0.000442279,-0.008054685,0.03862054,0.012062882,0.002770632,0.010744539,0.022455214,0.037798285,-0.001982161,0.002176319,0.00801613,0.79990028,0.39585238,0.396541574
2020-12-07,0.009348972,-0.011093686,-0.007425178,-0.00860656,-0.000265111,-0.010946098,0.000714499,0.0,-0.000395357,-0.001527884,0.02462609,0.05093083,-0.000992556,0.000350576,0.00758934,0.75718074,0.43381171,0.091569228
2020-12-08,-0.005498621,-0.017685307,-0.014477452,-0.023546256,0.000310183,-0.006942384,-0.016565163,-0.012062882,0.014524337,-0.007674635,-0.048676121,-0.078418704,0.023553591,0.0,0.00830865,0.82992599,0.35527516,-0.199718004
2020-12-09,0.015583828,0.011290513,0.020580665,0.012851015,0.000354754,0.025325875,0.036367804,0.0,-0.002341062,0.009965586,0.01032176,0.008383538,-0.012689287,-0.000981923,0.00810192,0.80926352,0.28328332,-0.22644506
2020-12-10,0.000986436,0.004001596,-0.007701428,-0.00606675,0.000221832,0.001542487,0.009756143,0.004842569,-0.013766191,-0.003821174,0.007475955,0.017219615,-0.018840418,0.000420942,0.00786255,0.78714335,0.267576,-0.057043889
2020-12-11,-0.001480052,0.013486884,0.000266625,0.01676199,-0.000399038,0.0,0.015141404,0.026223274,-0.001982116,0.008387392,0.006641801,-0.000282981,0.0,-0.000561295,0.00782737,0.78587648,0.24401504,-0.092173775
2020-12-14,-0.007433835,-0.007117355,-0.002134522,-0.01676199,0.0,-0.013031523,-0.014448127,0.002350121,-0.00079401,0.0,0.000389415,0.006395253,0.0010005,-0.000140373,0.00748516,0.75163382,0.427267,0.560179248
2020-12-15,0.013177653,-0.004773555,0.001067714,-0.000676343,-8.87e-05,0.00062436,-0.014659939,-0.004705895,0.003567936,-0.00685717,-0.005855977,-0.008189405,0.00796817,-0.000421238,0.00747335,0.75053862,0.42988488,0.006108341
2020-12-16,0.014942585,0.001593622,0.004260074,0.006743093,-0.000487774,0.023443361,0.009797108,0.014051765,0.009452596,0.00609758,0.001174024,-0.003787932,0.02449902,-0.001335091,0.00755126,0.76060812,0.31600688,-0.307753466
2020-12-17,0.021530268,-0.006389688,-0.00212771,-0.014895336,-0.000799171,0.007895694,-0.006988126,0.020714277,0.007809464,0.013585115,0.005071135,0.003409599,0.035191458,-0.004227705,0.00754874,0.76148458,0.24401504,-0.258534123
2020-12-18,-0.01014925,-0.007237748,-0.004536296,-0.007531663,0.000355335,-0.007286114,0.001401537,-0.004566221,0.005817372,0.01340303,0.015827434,0.015201749,0.008376038,0.00267958,0.00755857,0.77204384,0.20736465,-0.162751025
2020-12-21,-0.00463283,0.004831013,-0.013462855,0.00068703,0.001330606,0.001826574,0.009062462,-0.006888723,0.013062011,-0.004447746,0.012937811,0.025468982,0.058496207,0.001829345,0.00734218,0.82006279,0.33433208,0.477655913
2020-12-22,-0.025625854,-0.01049664,-0.016122908,-0.011744535,0.000354503,-0.026816328,-0.031726326,-0.025672318,-0.01538487,-0.021021795,-0.023332543,-0.03032346,-0.046520016,0.001896169,0.00891344,0.95278185,0.63669781,0.644160397
2020-12-23,0.016941275,-0.006514666,0.032523417,0.015856917,0.0,0.006849379,-0.000716626,-0.009501266,-0.007001204,-0.006851949,-0.013245264,-0.028764633,-0.033522692,0.001192042,0.00896812,1.03170148,0.46260845,-0.319414131
2020-12-24,0.020306021,0.015403689,0.002130761,0.012236721,-0.000354503,0.008650103,0.007142865,0.042062307,0.00661351,0.010638398,-0.000392235,-0.002024488,0.022472856,-0.003580397,0.00910367,1.04363124,0.46391739,0.002825482
2020-12-28,0.011018611,0.001607617,0.013217295,0.0,-8.86e-05,-0.001847318,0.002133066,-0.009195474,0.004642205,0.012767729,-0.013030823,-0.016051717,0.01561814,0.0,0.00910466,1.04656497,0.67465714,0.374498124
2020-12-29,0.02045314,0.002406734,0.008889041,0.004718614,-0.000399187,0.024053538,0.019691149,0.002306751,-0.003867044,-0.009748859,0.035913405,0.060041708,0.0,-0.001125909,0.00864765,0.99434965,0.47700682,-0.346673833
2020-12-30,0.030511367,0.002401052,0.013187029,0.002686376,0.000532239,0.017298262,0.009012126,0.004597713,0.001548598,0.006010537,0.007258806,0.001845492,0.000911162,-0.00140906,0.00829932,0.95835015,0.53721817,0.118873499
2021-01-04,0.021923942,-0.017742554,0.062481318,0.019263334,0.000310077,0.063854444,0.018462117,0.020432,0.02294556,0.00224467,-0.007258806,-0.000737889,0.034022977,-0.000352603,0.00872355,0.98374029,0.89325055,0.508462825
2021-01-05,0.010280393,0.012934767,0.001446863,0.016313524,0.00115125,0.023575723,0.054067123,-0.03661728,0.007533042,-0.00224467,0.013331028,-0.000553539,0.003514942,0.002324776,0.00874084,0.9834997,1.07781146,0.187820726
2021-01-06,-0.001153402,0.011976354,-0.023897774,0.033728939,-0.000796872,0.003785946,-0.014872484,0.050010348,0.001874372,0.018553408,-0.002272894,-0.008993652,0.000876808,-0.003877708,0.00856147,0.96473678,1.25844553,0.154944694
2021-01-07,0.015881457,0.037387349,0.028465588,0.021053433,-0.000487234,0.040984012,0.030159498,0.017582885,-0.013195286,0.005133858,0.012436679,0.005943079,-0.00527242,0.000282531,0.00891354,0.99550209,1.14718541,-0.09256578
2021-01-08,0.007213159,0.006097383,0.119886307,0.009149166,-4.43e-05,0.023554523,0.011313793,0.006514739,-0.006472501,0.010913168,0.012283751,0.003604112,-0.007073416,-0.000847832,0.00821742,0.91217041,1.46525846,0.244720177
2021-01-11,-0.003105334,-0.016858601,0.013525182,0.023403422,0.001018804,-0.003802746,-0.034332709,0.008620749,-0.035773652,-0.027881483,-0.011535044,-0.007872145,-0.085157808,0.003739069,0.0090028,1.0006784,2.3121443,0.456143712
2021-01-12,-0.001980894,0.020651241,-0.019714421,-0.027662589,-0.000885787,-0.009698888,-0.01302112,0.014909713,0.007493656,-0.002234638,0.001495969,-0.003259622,0.024810433,-0.001973563,0.00901591,1.00167258,2.22051832,-0.040434716
2021-01-13,0.005508735,0.023195716,0.010223691,0.00060948,0.000354161,0.009190698,0.009132598,0.025053522,0.001570486,0.005947973,0.004474214,-0.001867402,0.006575881,0.000564304,0.00903695,1.00694142,1.83438026,-0.191033955
2021-01-14,-0.004376135,-0.005934722,-0.010223691,0.006075407,-0.00013297,-0.002799303,0.001297855,-0.014538221,-0.011442241,-0.00445766,-0.015370543,-0.021634223,-0.016997576,-0.001199528,0.00922624,1.01680695,1.53070558,-0.180977899
2021-01-15,0.000141413,-0.022574177,-0.029768612,-0.028257304,8.87e-05,-0.018519004,-0.018985961,0.004175375,0.004750557,0.00667906,-0.019840302,-0.03726297,0.003802286,0.000635223,0.00974171,1.05437153,1.77678679,0.149077766
2021-01-18,0.000282881,-0.013793566,0.00768975,-0.031005477,0.000708597,-0.024705578,-0.026114522,-0.018927973,-0.00633913,0.0,-0.019456003,-0.055014849,-0.008575565,0.001339703,0.01037633,1.09913356,1.98883548,0.112742723
2021-01-19,0.019605647,0.011507857,0.072183251,0.032250698,-0.000354236,0.037089503,0.037287896,0.0,-0.000397557,-0.007423939,-0.010268516,0.014969207,0.001912046,0.000633859,0.01074559,1.12644016,2.10664031,0.057545127
2021-01-20,0.039295377,-0.012279386,0.019758728,-0.007495297,8.86e-05,0.01526749,0.003262671,0.023085987,0.00831523,0.011851991,0.003566322,0.016373489,0.012339976,0.000633569,0.01085693,1.1332973,2.00716068,-0.048373282
2021-01-21,-0.000133394,-0.001545871,0.046420166,0.004379144,0.000531182,0.010800137,0.008433403,-0.004158014,0.011760269,0.000736106,0.006702193,-0.0021338,0.020542272,-7.04e-05,0.01086016,1.16367003,1.65505513,-0.192886807
2021-01-22,-0.015048073,-0.014803508,-0.016719748,-0.013195385,-0.000974153,-0.002250853,-0.016938461,-0.016807028,-0.008217613,-0.014826068,-0.001179315,-0.00132311,-0.019599321,-0.004090236,0.00994862,1.04948855,1.48881942,-0.105850849
2021-01-25,0.020898393,-0.000785236,0.014430138,0.013819318,-0.000354409,0.011451472,0.010457578,-0.002120945,-0.004331577,0.005956831,0.029077449,0.034437813,0.00188324,-0.001839049,0.00994052,1.04919095,1.43777066,-0.034889709
2021-01-26,-0.0075852,-0.019834099,-0.023971818,-0.015085183,-0.000531888,-0.002478302,-0.025017755,0.004237298,0.001577298,-0.00969795,-0.011529914,-0.00730875,-0.010401985,0.000919947,0.01024056,1.07558802,1.5712828,0.088798595
2021-01-27,-0.015481257,-0.004014351,-0.006083832,0.009454967,0.000974861,-0.016260633,-0.009377205,0.008421109,-0.002761887,0.004487666,0.003087784,0.002574096,0.004741593,0.001131082,0.01028318,1.14790633,1.49536413,-0.049522613
2021-01-28,-0.028205711,-0.019496914,-0.025923593,-0.024128262,-8.86e-05,-0.00454997,-0.034226441,-0.008421109,-0.007137231,-0.021116923,-0.008902817,-0.013437746,-0.016213994,-0.000141315,0.01081455,1.17544734,1.977055,0.279238621
2021-01-29,-0.036088713,-0.033364554,-0.050974377,-0.033325487,0.000752887,-0.024363267,-0.026103729,-0.006362646,0.004367696,0.0,-0.029994275,-0.038823942,0.050619991,-0.000636166,0.01141755,1.22482738,2.32261584,0.161085704
2021-02-01,0.028102522,0.036640355,0.059022634,0.028816745,-0.000531377,0.049383193,0.028190718,0.006362646,0.010640468,0.009859769,0.038897091,0.060042252,0.100779656,-0.002619498,0.01299511,1.28777775,2.11711186,-0.092641238
2021-02-02,0.011885743,0.003265498,0.002401891,0.014102722,0.000132851,0.019575074,0.015172656,0.031219991,-0.005109046,-0.009859769,-0.0015427,-0.012438489,-0.010801933,0.003255665,0.01292989,1.29398561,2.01763222,-0.048128174
2021-02-03,0.002637735,-0.004083492,0.047628222,0.007609368,0.000531074,0.009405557,0.003416497,0.012220121,-0.009899118,-0.006116227,-0.004254433,-0.008880106,-0.071861285,-0.000424066,0.012913,1.29054225,1.74144534,-0.147209232
2021-02-04,-0.015508559,-0.009042376,-0.000190853,-0.017203348,-0.000309565,-0.005294867,-0.004101154,0.022022881,-0.008793041,0.013709278,-0.007782162,-0.015045299,-0.009017194,-0.001768879,0.0125615,1.26812813,1.84223392,0.056263499
2021-02-05,0.002109764,0.035689124,0.006461595,0.011501796,0.000619499,0.013423022,0.004783086,0.009852353,-0.013743115,0.000756144,0.00584221,0.002743133,-0.001813237,-0.000354152,0.01219539,1.2366663,1.3958845,-0.277450658
2021-02-08,-0.005918753,0.022065557,-0.072870274,0.011998934,-0.000531064,-0.014147258,0.003402473,0.013632112,0.008510686,0.015748357,-0.003111641,-0.01543924,0.019767041,-0.002269433,0.01187063,1.2153684,1.22310408,-0.132136309
2021-02-09,0.001553482,-0.009397261,0.00305169,0.003759376,0.00022113,-0.005084192,0.002036075,0.021053473,0.013627438,0.017699577,-0.007429103,-0.007342733,0.01588736,0.000922624,0.01189722,1.22551845,0.94560826,-0.257318852
2021-02-10,0.003943606,0.010176378,0.020109206,0.000625178,8.87e-05,0.015175483,0.006083098,-0.003795074,0.0019885,0.023122417,0.003917059,0.00455686,-0.002630427,-0.001277706,0.01185986,1.22140824,1.10529925,0.15604301
2021-02-15,0.048562577,0.000778511,-0.004789497,0.009950359,-0.000309848,0.004532002,-0.000674117,0.039147573,-0.012392786,0.013480162,0.004290945,0.00864194,0.007870613,-0.002845206,0.01186249,1.23609939,1.07781146,-0.025183554
2021-02-16,0.009727584,-0.003898631,-0.005214647,-0.001858185,-0.000177032,0.005931885,0.010063826,-0.009182853,0.000804227,-0.003529831,-0.008208003,-0.022270304,0.00521287,0.001779202,0.01154429,1.20322951,0.928592,-0.149018378
2021-02-17,-0.005451748,0.00700663,-0.017035451,-0.008717353,0.0,-0.00474269,0.017863432,0.0,-0.018252364,0.002824861,-0.002357489,-0.009366137,-0.017482963,-0.001280706,0.01106372,1.14896204,0.99403913,0.068107112
2021-02-18,-0.026207123,-0.019585477,-0.01920559,-0.003759376,0.000398163,-0.016053885,-0.019199359,0.025502313,-0.003690842,0.02024502,-0.009486263,-0.013625773,-0.000882223,0.001707244,0.01074517,1.10933955,1.06210414,0.066230685
2021-02-19,0.014943888,0.003947979,0.016953188,0.001881417,0.0,-0.001450397,-0.002677443,-0.031052703,-0.006181784,0.01780869,0.00475438,-0.000214451,-0.013327607,-0.002063287,0.01054438,1.08837849,1.16158378,0.089532423
2021-02-22,-0.011664131,-0.003947979,-0.00947488,-0.005025151,-0.000929681,-0.022753183,0.029714904,0.003703711,0.011917152,0.053531114,-0.015535109,-0.018174433,0.025608463,-0.004067763,0.01042933,1.08601966,1.2636813,0.084244726
2021-02-23,-0.010146978,0.008664769,-0.005603413,-0.008220172,0.000132809,-0.004713091,0.013570405,0.041634961,0.00975616,-0.002577321,-0.011304149,-0.032622454,0.018143046,0.000786318,0.01013302,1.05753752,1.20085206,-0.050997773
2021-02-24,-0.028375495,-0.000784431,-0.050143938,-0.023122408,0.000265798,-0.046306934,-0.026668199,-0.021506222,-0.001619365,-0.005174656,-0.029250279,-0.035123531,-0.015530942,0.005344732,0.01088374,1.08938798,1.43253489,0.176414171
2021-02-25,0.044778346,0.024041428,0.028049301,0.017391889,0.000177211,0.036060868,0.037520665,0.033841147,-0.006504131,0.045015524,0.036531969,0.053230779,0.013817146,-0.002348213,0.0122073,1.16813966,1.30033169,-0.096826147
2021-02-26,-0.029861216,-0.021689507,-0.019985574,-0.036414971,-0.001329151,-0.035279885,-0.022472889,-0.008795095,-0.019354142,-0.032128748,-0.024068212,-0.022062744,-0.042932568,-0.006934307,0.01333753,1.21895262,1.74799005,0.295847207
2021-03-02,0.013458366,0.010128712,0.022747731,0.003305857,0.000266034,0.014723221,0.003241448,-0.041484746,-0.025690975,-0.029891764,-0.003308445,0.00598367,-0.028145299,-0.001004713,0.01290356,1.19405256,1.69955918,-0.028097673
2021-03-03,0.009601135,0.016148133,0.008451271,0.029270288,4.41e-05,0.007408366,0.027451471,-0.003690044,0.006802709,0.016356269,0.020094967,0.011972119,0.017344113,0.001865191,0.01254534,1.16530602,1.35138045,-0.229242286
2021-03-04,-0.020548377,0.007598893,-0.018045196,-0.011605618,0.00031036,-0.012034345,0.018715329,0.025548854,-0.008510663,-0.007817629,-0.004883943,-0.007143603,-0.020110367,-0.00200882,0.01032399,0.96256154,1.50714462,0.109090255
2021-03-05,-0.008535623,0.00075635,0.001712276,-0.011741734,-0.000132844,0.002058598,0.017157365,0.045782592,-0.011605517,-0.023826408,-0.011489694,-0.008436958,-0.031897639,-0.001005982,0.01028955,0.96021688,1.45347797,-0.036257596
2021-03-08,-0.026485889,0.036394932,-0.009238419,-0.007905202,-0.001314798,-0.028949761,0.013876532,0.042129222,0.004744381,-0.002682765,-0.014550287,-0.031559236,0.01137453,-0.002303195,0.0102875,0.96640762,1.50452673,0.034519099
2021-03-09,-0.010006629,0.023072173,-0.005844705,-0.0039762,-0.002937456,-0.022749634,-0.014484148,-0.03356014,-0.009077215,0.004021453,-0.004196409,-0.00972417,-0.009469768,-0.00223629,0.0103694,0.96954248,1.54379501,0.025765294
2021-03-10,-0.0148302,-0.011469547,-0.021284468,-0.003992073,0.000579126,-0.006518094,-0.042216146,-0.024180817,0.011226402,-0.00873368,-0.002104738,-0.002357364,0.012293299,0.00072193,0.01039619,0.98202736,1.42206335,-0.082134797
2021-03-11,0.026422789,0.008614534,0.023453247,0.029558869,0.000801523,0.02953229,0.019466973,0.029287173,0.014069757,0.025975486,0.012562839,0.018473473,0.026890818,0.001370234,0.01133745,1.05134711,1.10791713,-0.249627087
2021-03-12,0.022085448,-0.005734769,0.018246819,0.014138979,-0.000801523,0.021979018,0.001242936,0.008453184,-0.011496882,-0.000657678,0.013639432,0.023471295,-0.020333418,-0.005202303,0.0113823,1.05417393,1.00189279,-0.100590792
2021-03-15,-0.00778109,0.007877029,-0.003196127,-0.001277028,-0.00075771,-0.009883031,0.016020075,0.00671144,0.004699869,0.005903592,-0.003289486,-0.009436624,0.002797205,-0.004356003,0.01129702,1.04785524,1.03592529,0.033404026
2021-03-16,0.034341763,0.002137338,0.012722838,0.002552657,0.001648313,-0.021932358,0.003660694,-0.01856599,0.008066304,0.0,0.017150326,0.026490825,0.0147877,0.004500881,0.01122339,1.04099705,0.8238766,-0.229029545
2021-03-17,0.003014369,-0.004279597,-0.011017134,-0.001913824,-0.000400607,-0.008586173,-0.008562716,0.008481863,0.001267683,-0.006561703,-0.004056812,0.001889341,-0.012927235,-0.002247966,0.01123914,1.04141882,0.85660016,0.038950491
2021-03-18,0.008853972,0.000714711,0.011649106,0.010797043,0.000934448,-0.000269592,-0.001229253,-0.015319502,0.006733994,-0.001317523,-0.000406588,-0.004451347,0.024783279,-0.001743723,0.01123145,1.04385054,0.61575473,-0.330122533
2021-03-19,-0.005030347,0.003564886,-0.000210736,0.000631495,-0.001023563,-0.010840153,-0.009267911,-0.074767879,-0.00294056,-0.012603815,-0.008166581,-0.000781053,-0.015532519,0.003556993,0.01135462,1.04827044,0.73617744,0.178622458
2021-03-22,0.00692697,0.00638525,0.0,-0.00379512,0.000934764,-0.008207933,0.020277162,0.023745382,-0.005907188,0.01062427,-0.001641454,0.002229977,-0.020465831,0.003111153,0.01137168,1.04970776,0.74795793,0.015875556
2021-03-23,-0.016100632,-0.009950136,-0.018708003,-0.008911492,0.001111547,-0.017738859,-0.004266951,-0.005429837,0.002113754,0.001320132,-0.003702783,-0.004352996,0.001877935,0.003245413,0.01141583,1.05349664,0.68120186,-0.093488054
2021-03-24,0.011352091,-0.010050398,-0.020377904,-0.005771017,0.000177702,0.006966688,-0.014149785,-0.042638512,-0.003807963,-0.008612176,0.002881261,0.006022112,-0.02181215,0.002660676,0.01148983,1.0908748,0.61837261,-0.096767475
2021-03-25,-0.007097068,0.010050398,-0.007032872,0.007687286,0.000754997,0.014337262,0.017199455,0.028013012,0.002117334,-0.015421023,0.011036145,-0.001891951,-0.003842464,0.002939958,0.01064964,1.01122558,0.48486047,-0.243230046
2021-03-26,0.001231874,0.007117365,0.006375754,0.008261965,-0.000266286,0.012784065,0.028221767,-0.009250813,-0.003814335,0.007404948,0.012924371,0.007104042,0.00767022,-0.003155425,0.00890733,0.84956549,0.31077111,-0.444804498
2021-03-29,-0.010727707,0.009879832,-0.005273509,-0.007623871,0.000177428,0.0,0.0389017,0.005560769,-0.001274768,-0.001342282,0.011173247,0.010452925,-0.01637013,0.001794027,0.00722805,0.68929269,0.39585238,0.241984703
2021-03-30,0.008810716,0.009783761,0.029308389,0.011414044,-0.00119934,0.016086155,-0.003994192,0.029145983,-0.011545963,0.000671366,0.001982167,-0.004497889,-0.006819315,-0.006762624,0.00722568,0.69424345,0.3474215,-0.130502624
2021-03-31,-0.004946347,0.01518314,-0.012053525,0.012531604,0.000177687,-0.002663211,0.005132493,-0.009017245,-0.01255158,-0.013513719,-0.002776135,-0.006286972,-0.026747508,0.000360874,0.00679599,0.6535731,0.32124265,-0.078341984
2021-04-01,0.034255091,-0.020761941,0.006475271,0.008679522,0.000266744,0.024237259,-0.0206902,-0.014598811,0.015557809,-0.004089985,0.001587306,0.003534486,0.010983635,0.002306515,0.00675374,0.66338704,0.24794187,-0.259002433
2021-04-02,0.014141244,-0.008427165,0.031762148,0.007380129,-0.000222269,0.00337786,-0.001162303,0.005499605,0.003424684,0.008840588,-0.004769665,-0.007303327,0.011846141,-0.00180151,0.00676174,0.66609664,0.19951099,-0.217325001
2021-04-07,-0.007505961,0.020216659,0.004863263,0.033822527,0.000889414,0.003171188,0.020493926,-0.001853525,0.002113754,-0.00464654,0.00040323,0.009194793,0.0,0.0,0.00683332,0.67254262,-0.07013118,0.0
2021-04-08,0.003371548,-0.00484253,0.019632955,0.006287566,0.000755221,0.011020949,0.020619101,-0.001857058,0.002109295,0.001329787,0.009227773,0.015472811,0.009569451,0.004105968,0.00664911,0.66221209,-0.23505794,1.209464549
2021-04-09,-0.004411408,-0.009056118,-0.016053682,0.005114962,-0.000533089,-0.002090003,-0.003227594,0.003710582,0.002945509,-0.004662013,-0.002799618,0.007868411,-0.004773279,-0.001438771,0.00630536,0.63791073,-0.16961081,-0.326325577
2021-04-12,-0.003517124,0.003492667,-0.002946727,0.000566786,0.000710773,0.026833474,0.006444921,-0.009302354,-0.004632572,-0.013441063,0.009169,0.014574852,-0.002874942,0.002301042,0.00490034,0.5028386,-0.18924495,0.109535748
2021-04-13,0.009739605,-0.002094321,0.010484444,-0.004542894,-0.000133086,0.014406901,-0.002680269,0.016682468,-0.008478276,0.005398124,0.01340181,0.020779219,-0.012554486,-0.001941155,0.00484262,0.49634615,-0.11463523,-0.501287034
2021-04-14,-0.005182621,-0.004201678,0.006859954,0.000569111,0.001020804,0.015438425,0.010678006,0.016408812,0.011428751,0.006038261,0.001565032,-0.00127968,0.02495331,0.003376509,0.00496376,0.50928689,-0.19578966,0.535285746
2021-04-15,0.001946579,0.013245281,-0.007486084,0.000568651,-0.000399345,-0.003465147,0.018938023,0.033780972,-0.001263412,0.025752496,0.004290945,0.006910957,0.0037843,-0.003016751,0.00498618,0.51264683,-0.05049704,-1.355126199
2021-04-16,0.009034615,-0.01535259,0.001043149,0.001136265,-0.000310953,0.010114622,-0.001564504,0.008703239,0.011730335,0.012953549,0.000778131,0.006547728,0.010333582,0.000503443,0.00487858,0.50753599,-0.0491881,-0.026262996
2021-04-19,0.035715835,-0.002111674,-0.002505096,-0.013722313,0.000710298,0.004408646,0.003126564,-0.010453065,0.009533712,0.012787898,0.004656599,0.012760326,0.001867414,0.003588558,0.00490424,0.52040811,0.00709643,0.0
2021-04-20,0.003712458,0.012604925,0.001461947,0.03117273,-8.87e-05,0.001465073,0.009321917,0.017361561,-0.006207366,0.003804697,0.001547312,-0.009082869,0.000932401,-0.001720955,0.00411381,0.44412109,-0.00337511,0.0
2021-04-21,-0.017192435,-0.012604925,-0.022586642,-0.008968697,-0.00013329,-0.013264491,0.002059613,-0.029696486,0.009502283,-0.011457796,-0.013229639,-0.012558877,0.007428075,-7.17e-05,0.00484982,0.52266679,0.12621021,0.0
2021-04-22,0.008508529,0.013995742,0.000426904,-0.000563071,0.000798698,0.014483947,0.015314129,-0.019696221,0.002874154,0.007653099,-0.00471153,-0.008104181,0.014692643,0.001649313,0.00449034,0.48567029,-0.01646453,0.0
2021-04-23,0.002364522,0.014488057,-0.014617595,0.006178026,-0.000665408,0.004620062,0.037289892,0.01079148,-0.003696907,0.010113866,0.008230605,0.003206823,-0.01561814,-0.004380425,0.00389599,0.42624807,0.04505577,0.0
2021-04-26,0.001614631,0.007505906,0.002163054,0.020504923,-0.000177543,0.012536314,0.011162394,-0.001790556,-0.003710543,0.020542272,-0.00195343,-0.004170887,-0.00464038,-0.003749327,0.00389324,0.42877395,0.0489826,0.083564077
2021-04-27,-0.00099328,0.012833649,-0.00368,0.011995915,0.000177543,0.004780097,0.060851882,0.014235127,0.001650857,0.023745408,-0.013782496,-0.023420747,0.008337241,0.001587904,0.00394283,0.43708559,0.01495009,-1.186747813
2021-04-28,-0.042375951,0.011345014,-0.014857035,-0.006525393,-0.000532335,-0.020232007,-0.002728556,0.008795095,-0.007034983,-0.01821544,-0.008361693,-0.021513358,-0.008337241,-0.001154672,0.00484917,0.53187871,0.12228338,2.101623818
2021-04-29,-0.01307897,-0.007589043,-0.017270896,-0.030912483,0.00017714,0.012151057,0.017788303,0.015638949,0.006622503,0.024812165,-0.009336417,-0.013207792,0.016605548,-0.00093904,0.0048403,0.54569372,0.12228338,0.0
2021-04-30,-0.009258051,0.019884078,-0.019879647,0.019004236,-0.000976874,-0.013129378,-0.04389715,0.006872885,-0.005377444,-0.013843134,-0.005315751,-0.010279999,-0.016605548,-0.002532883,0.00506419,0.58589028,0.11181184,-0.08952368
2021-05-03,-0.004928393,-0.022657933,0.020331975,-0.030700377,0.000444272,-0.027038794,-0.027779325,-0.020762007,0.004139066,-0.004860277,-0.021969799,-0.046651226,0.002786811,-0.000217403,0.00606738,0.77541835,0.01364115,-2.103726499
2021-05-04,0.006388916,-0.002085513,0.009901175,0.002936868,-8.89e-05,0.022623813,0.01206855,0.019048167,0.003710543,0.013309331,0.010008292,0.009577524,0.028351236,0.0005072,0.0063165,0.79969821,-0.14343196,0.0
2021-05-06,-0.010805195,0.051536671,0.00268312,0.03174879,0.000533038,0.027398982,0.052348468,0.018692189,0.004516544,0.008378266,0.005379631,-0.000953588,-0.002708805,0.002170807,0.00681048,0.8442561,-0.12903359,-0.105788018
2021-05-07,0.00294628,0.010519601,0.00401176,0.011299457,8.84e-05,-0.005275801,0.014915539,-0.006756788,0.014236558,0.024140118,0.01921179,0.026015204,0.023236077,-0.001953514,0.00694569,0.85565871,-0.20364332,0.456297274
2021-05-10,0.009449706,0.016218374,0.027422904,0.033152303,4.46e-05,0.003839687,0.032659533,0.006756788,0.010046305,0.045488229,0.022814855,0.03224234,0.01664515,-0.001231951,0.00772968,0.9208462,-0.08452955,-0.879268855
2021-05-11,-0.036421558,0.007053593,-0.013946545,-0.013129329,-0.000133021,-0.018127395,0.036662327,-0.015267526,-0.001600651,-0.024762098,-0.001188053,-0.018738814,-0.014879924,0.000797318,0.00813388,0.95957038,0.26364918,0.0
2021-05-12,-0.009247155,-0.024580872,0.008521758,-0.033028568,0.000488122,-0.031465625,-0.005877484,0.013582563,-0.000400504,0.009639995,-0.011155458,-0.008635132,0.002642009,0.000796683,0.00837053,0.98160853,0.54768971,0.731089548
2021-05-13,-0.026840596,0.014304728,-0.009839208,-0.018380679,-0.000710407,-0.021112222,-0.058521659,-0.005071824,-0.007237676,-0.015354297,0.001601454,-0.006845661,-0.01685184,-0.002246825,0.00891187,1.02687217,0.51234827,-0.066704295
2021-05-14,0.032785109,-0.012995824,0.004603788,0.010954307,0.000222285,0.015559549,-0.026233851,-0.020548684,0.006436028,-0.018508336,0.008761293,0.021310408,0.007130155,-0.000435453,0.0088232,1.02302808,0.17464108,-1.076271712
2021-05-17,-0.012761927,0.002612757,-0.008346273,-0.028498599,0.000177357,-0.002280483,-0.013844298,0.020548684,0.011957138,0.005820738,-0.009161541,-0.006632344,0.020220469,0.003767642,0.00880765,1.02137499,0.17071425,-0.02274179
2021-05-18,0.016339132,0.014248913,0.019439326,0.023900943,0.000842793,0.012854545,0.04586508,0.01847237,0.009071215,0.019540852,0.010746417,0.01638626,0.030850776,-0.000289315,0.00950741,1.07405432,0.03196634,-1.675307632
2021-05-20,0.01431819,-0.015554248,-0.020101272,-0.020367361,-0.00022167,0.004248491,-0.043080744,-0.039021054,0.002352919,-0.033567967,-0.007151431,-0.009184249,-0.025642431,-0.001013263,0.01005734,1.11563637,0.14846223,1.535647108
2021-05-21,-0.00013532,-0.022458386,0.010974774,-0.002943785,0.000620815,-0.001497401,-0.012590613,-0.022748112,-0.000391718,-0.0208155,-0.009615415,-0.008694738,-0.008695707,0.000940921,0.00997937,1.09994281,0.27542966,0.618001696
2021-05-24,-0.025925604,0.009970204,-0.004594627,0.005878929,-0.000399146,-0.018145608,-0.009903392,0.027924961,0.004301091,-0.010268891,0.000804749,-0.024425511,0.001745201,0.000361657,0.00998731,1.09945509,0.34087679,0.213188814
2021-05-25,0.01023093,0.010526446,-0.002635188,0.005844501,-0.000265823,0.007853102,0.002366857,0.028840061,-0.001952776,0.014466798,0.011597859,0.018317134,-0.002618945,-0.000289315,0.01007658,1.10447689,0.13144598,-0.952925124
2021-05-26,-0.002065402,-0.005907409,-0.004186404,0.004651185,-0.000754327,-0.008107445,-0.033657013,0.0,0.012818226,-0.003597126,0.008709595,-0.004635074,0.017331456,0.0,0.01004737,1.15270401,0.09086876,-0.369179701
2021-05-27,0.01273735,-0.011920708,-0.007535594,-0.002322821,0.000887092,-0.003312661,0.013598956,-0.003350089,-0.001931653,0.006584879,-0.002763071,0.008673079,-0.013841051,0.001229012,0.00991543,1.22538897,0.03982,-0.825046969
2021-05-28,0.001495877,0.018482431,0.036264468,0.002322821,-0.001553395,0.006360712,0.01436812,0.013333459,-0.004651202,0.016568426,0.001185073,0.00034545,-0.002616661,-0.00209746,0.00979901,1.30564857,-0.08845637,0.0
2021-05-31,-0.001495877,0.012995824,0.011306688,-0.001160837,-0.00111118,-0.015591469,-0.003333953,0.001654302,0.008510708,0.008764298,0.00903904,0.003332223,0.013877066,-0.003190778,0.00981423,1.31241657,-0.12379782,0.336140315
2021-06-01,0.009076779,0.00257884,0.001483878,0.00694456,0.000755902,0.007442629,0.001906343,0.013136488,0.003460918,0.0,0.001563891,-0.004483826,0.011986445,-7.26e-05,0.00967285,1.31558877,-0.19709861,0.465054411
2021-06-02,-0.002700803,0.005138038,0.009067089,0.003454245,-0.00035556,0.005100788,0.0,0.0,-0.008868423,-0.006419631,-0.007843209,-0.016850301,-0.022376149,-0.001817505,0.00915733,1.24769481,-0.17746447,-0.104933742
2021-06-03,0.025763858,0.0,0.005442702,0.012564384,0.000799814,0.008611958,-0.017775988,0.017785406,0.0,-0.012964236,-0.003154672,0.003276093,0.006073771,0.001090968,0.00897495,1.22536304,-0.06620435,-0.986024249
2021-06-04,-0.00860308,0.0,0.021479594,-0.002272735,-0.001111315,-0.005056938,0.007725769,-0.001603811,-0.014433604,-0.028882874,-0.00475054,0.000583837,-0.018333119,0.001670395,0.008567,1.16597137,-0.07274906,0.094269814
2021-06-07,-0.001196981,0.002559265,0.014000451,-0.000569058,0.00088898,0.00076023,-0.024343863,0.003205133,0.00665754,0.00790518,0.006329079,-0.004445933,0.00614846,0.001305412,0.00829471,1.14213009,-0.12379782,0.531633766
2021-06-08,-0.011107505,-0.003200012,0.007827353,-0.002279144,0.00059703,-0.013002123,0.0,-0.003205133,0.00661351,0.001815432,0.003542628,0.012816221,0.007850019,0.002967092,0.00712636,0.9958582,-0.22851323,0.612944357
2021-06-09,-0.01888267,-0.010309401,-0.005613468,-0.02074995,0.001601533,-0.004887522,-0.016397999,0.022223076,-0.002329171,0.0048251,-0.00828574,-0.019522542,-0.005226493,0.001371901,0.0070203,1.02632768,-0.18400918,-0.21660846
2021-06-10,0.004924719,-0.001944901,-0.010712578,-0.006427151,-0.000711623,-0.001290087,0.005993938,-0.014229462,-0.002724266,-0.003012958,0.007892816,0.022066193,0.001745201,0.001658345,0.00689042,1.01100246,-0.33322863,0.593843183
2021-06-11,0.009777489,-0.004552867,0.003651094,0.001171582,-0.001335474,0.018165998,0.032339928,0.009508795,0.008150634,0.006016865,0.00274756,0.003228036,0.018998844,-0.0010091,0.00648271,0.94399637,-0.45496029,0.311381309
2021-06-14,-0.004876795,-0.018421398,-0.005685275,-0.012964205,0.000979589,-0.001014659,-0.000964824,0.012539359,-0.021489446,-0.002402404,0.011304089,0.020280962,-0.013781441,0.001225203,0.00651366,0.9508123,-0.46150501,0.014282769
2021-06-15,0.004336102,0.001326836,0.0,0.011206215,-0.001513983,0.010100965,-0.006293727,0.001556384,0.002760797,-0.018816944,-0.003883355,-0.009064152,-0.003475242,0.001942831,0.00650815,0.95270565,-0.47852126,0.036207731
2021-06-16,0.005124765,0.026825601,0.008111924,0.007595803,0.0,-0.004785249,0.00145591,0.018490526,-0.004341758,-0.024815169,0.003107857,-0.006508839,0.000869944,-0.000359499,0.00525315,0.76925009,-0.43009038,-0.106705268
2021-06-17,0.00523238,-0.004529601,-0.006281081,-0.004082908,-0.000445923,0.008046287,-0.015640474,-0.01074451,-0.025642443,-0.003145646,-0.001552721,-0.00171987,-0.029115422,-0.000647424,0.0044394,0.65679522,-0.39343999,-0.08906682
2021-06-18,0.004272991,-0.013712,0.007088745,-0.008215964,0.000445923,-0.008298767,-0.006920613,-0.012422529,-0.015954526,-0.028116868,0.001552721,0.01118353,-0.029988617,0.003232822,0.00442621,0.64766767,-0.44056193,0.113122473
2021-06-21,-0.014900647,-0.023280135,-0.008715877,-0.019036848,-4.46e-05,-0.004809475,-0.018523775,0.013964513,-0.004960771,-0.015018239,-0.003886535,0.011845099,-0.010199439,0.002721919,0.00464136,0.67721952,-0.22327746,-0.679635812
2021-06-22,0.001081495,0.015359433,0.023341005,0.021391182,0.000311824,0.008086853,0.030848267,0.02134229,0.00207,0.01242252,-0.003510762,-0.008446469,-0.001865672,-0.004013726,0.00474329,0.69326745,-0.37642374,0.522300264
2021-06-23,0.006061023,-0.008652402,-0.006584949,-0.005304999,0.000311882,0.00351771,-0.010342359,0.001507123,-0.000413674,0.012911735,0.003510762,0.019154941,-0.000934143,0.001148343,0.00473728,0.69354695,-0.42354567,0.117945871
2021-06-24,0.004154024,0.014598688,-0.002605968,-0.002959604,-0.001337122,0.002254671,0.032630156,0.001504929,-0.001656326,0.006393884,-0.001558691,-0.005674502,0.000934143,-0.00057395,0.00478752,0.7032225,-0.41176519,-0.028208088
2021-06-25,0.011699075,0.021505969,0.00500553,0.024012937,-0.001160272,0.00847267,0.000957893,0.001502594,0.000414359,0.007619084,-0.001170899,-0.011333903,0.00836825,-0.003811515,0.0046582,0.68244975,-0.41438307,0.006337576
2021-06-28,-0.001587214,0.001932598,-0.008625055,0.012079427,-0.001430099,-0.00223583,0.008579582,0.005988047,0.003308544,-0.008256636,-0.000781172,0.004166892,0.000925498,-0.003898315,0.00461075,0.67752043,-0.41700096,0.006297688
2021-06-29,0.005676143,-0.012953588,0.0,-0.016719753,0.000626003,-0.000248813,-0.027425397,-0.015037815,-0.004552056,-0.005756332,0.0,0.002581546,-0.00370714,0.002528378,0.0046704,0.68444632,-0.45365135,0.084240428
2021-06-30,0.014115995,-0.000652029,-0.000403018,-0.001745714,0.000223416,0.009654823,0.000975173,0.009049768,-0.009585447,0.001922461,-0.001564259,0.002910347,-0.008391658,0.001658106,0.00463523,0.67998633,-0.49946434,0.096207253
2021-07-01,-0.007948354,-0.010492084,0.001409679,-0.015850098,0.000491247,-0.016644297,-0.008810557,0.001500413,0.010828958,0.001279591,0.000391152,0.017285648,0.015792246,7.2e-05,0.00456139,0.67028814,-0.47852126,-0.042835564
2021-07-02,-0.009595902,0.001975717,-0.009300468,-0.001776799,-0.001116798,-0.001002452,0.004414982,0.016357218,-0.000414359,-0.003843695,-0.001566178,0.00219453,-0.007400589,-0.000792607,0.00448959,0.66233044,-0.55574887,0.149615879
2021-07-05,0.009334275,-0.007926167,-0.008363081,0.000592663,0.000893569,0.005501399,0.000978513,0.001473877,0.004548291,0.0253499,0.010912079,0.021578638,0.019310945,0.001224674,0.00469604,0.693976,-0.63821225,0.138354389
2021-07-06,0.004439229,0.001987651,-0.001434907,-0.001778838,0.0,0.011159453,-0.003428993,0.021850814,0.011484946,0.008102257,-0.012480551,-0.031492691,0.004543397,-0.002883976,0.00469537,0.69497553,-0.69056996,0.078846377
2021-07-07,-0.004570121,-0.019379214,-0.008859543,-0.013142332,0.001785058,-0.004696534,-0.014331672,-0.038183817,-0.002041187,-0.016901811,-0.007089464,0.000221355,-0.012773896,0.007194292,0.00499474,0.72550335,-0.61465129,-0.116462187
2021-07-08,-0.015829459,-0.00541267,-0.015643376,-0.001203443,0.001470231,-0.013972448,0.003478188,-0.021180764,-0.002455049,-0.003161558,-0.001978331,-0.010458401,-0.016667052,0.002648866,0.00523416,0.75401123,-0.49684646,-0.212774054
2021-07-09,-0.010828091,-0.024031356,-0.013332121,-0.024993684,-4.44e-05,-0.008325884,-0.018018466,0.012158139,0.0,-0.006353262,-0.011551578,-0.009100753,-0.005617992,-0.002075544,0.00517228,0.73899927,-0.3751148,-0.281048932
2021-07-12,0.005896521,0.016540742,0.016480598,0.015314209,-0.000222796,0.007823374,0.018018466,0.014992797,0.001637342,0.007619084,0.007583385,0.003042738,0.006551263,0.001717998,0.00563244,0.80039449,-0.57145618,0.420955692
2021-07-13,0.010632655,0.012903285,0.005225232,0.016878157,-0.001336806,0.009008994,0.004948039,0.00445439,0.005709638,0.004417805,0.002779363,-0.003832961,0.012053924,-0.001073403,0.00582699,0.82548617,-0.71151304,0.21920594
2021-07-14,-0.000528967,-0.015641225,-0.00501577,-0.000597909,0.000624039,0.003978216,0.001479822,0.010316939,0.001219253,-0.007585371,-0.006763449,-0.004188383,-0.006472515,0.001788366,0.0058023,0.82365081,-0.65653745,-0.080414008
2021-07-15,0.016269143,0.00478611,0.008968658,0.008931176,-0.003392813,-0.00223583,0.0141914,-0.040394417,0.010505177,0.005063302,0.009930609,0.008021344,0.009233676,-0.001144185,0.0057031,0.81093759,-0.64737485,-0.014054244
2021-07-16,-0.014286984,0.006798302,-0.00875924,0.000592663,0.001742508,-0.003737291,-0.003894895,-0.006125598,-0.003623966,0.002522069,0.004338256,0.003145712,-0.003683245,0.001072712,0.00549722,0.79219461,-0.62250494,-0.039173929
2021-07-19,-0.000924504,-0.018462038,-0.015621952,-0.010720801,0.000669274,-0.002249138,-0.02469253,-0.004618912,-0.011767167,-0.010763004,-0.00275847,-0.010033203,-0.034728971,0.00292611,0.005776,0.81831189,-0.35809854,-0.552943364
2021-07-20,-0.003706587,-0.009012462,0.001700648,-0.010836913,0.001070203,-0.005771034,-0.011566553,-0.052268429,0.006914799,-0.012167938,0.001577212,0.007450093,-0.006708219,0.006039306,0.00556599,0.7857915,-0.30181401,-0.170997233
2021-07-21,-0.003321225,-0.000696219,0.005084752,0.005433101,0.000534478,0.0,0.008060272,-0.003257334,-0.002435042,0.00128783,-0.008705984,-0.00767669,-0.001924928,0.000495742,0.0055481,0.78553689,-0.24422054,-0.211739297
2021-07-22,0.025098283,0.025457006,0.005479408,0.004205416,-0.000178024,0.013248539,0.027710974,0.047779747,-0.007340988,0.015959483,-0.002387513,-0.005796574,0.000962927,-0.001984333,0.00605337,0.84791226,-0.44317981,0.59590391
2021-07-23,-0.001948534,0.0,-0.009927185,0.034760598,0.000311735,0.004459932,0.022679071,0.018490526,0.00367719,0.010708764,-0.010815458,0.005343138,0.008624874,0.001842717,0.00611523,0.86357877,-0.46674078,0.051798449
2021-07-26,-0.005345046,-0.010929103,-0.010026723,-0.025213888,0.00120174,-0.003467183,-0.007182193,-0.006125598,0.00040777,0.025975486,-0.007275562,-0.0117469,-0.00478241,0.001910119,0.00617255,0.86863186,-0.25338314,-0.610871298
2021-07-27,-0.001308113,0.007526572,0.001499681,-0.016163154,-0.000445185,0.002725292,0.016206084,0.012213902,-0.007365017,0.02710193,-0.000405764,-0.001951975,-0.003842464,0.0,0.00611272,0.86636358,-0.29265141,0.144079443
2021-07-28,-0.015831441,0.010173058,-0.005366469,0.00060339,-0.000311499,-0.005209116,-0.001892913,0.001516339,0.006141289,-0.006557401,0.002432031,-0.006804695,-0.014542185,0.001059603,0.00611832,0.89258142,-0.24552948,-0.175565152
2021-07-29,-0.000133016,0.004712319,0.001290436,-0.001207004,-0.001068778,0.000745968,-0.010476395,0.007547174,0.006103724,-0.008408458,0.002426298,0.008871501,0.017425417,-0.002261845,0.00613999,0.9100545,-0.31490344,0.248849031
2021-07-30,-0.012176409,-0.018299366,-0.016034851,-0.012150923,0.000935282,-0.012000314,0.015673463,0.003003008,0.00646994,-0.007263954,-0.019164784,-0.020160627,0.01050129,0.001131562,0.00625351,0.95399836,-0.08976532,-1.255067343
2021-08-02,0.021311339,-0.007552489,0.008699419,0.003051583,4.46e-05,0.00351506,-0.012328045,0.002994017,-0.011757705,0.003033063,0.015117818,0.025651406,-0.002853069,-0.002547818,0.00612557,0.95074372,-0.29003353,1.172797828
2021-08-03,0.018928874,0.003439906,0.010983254,-0.000609501,-8.91e-05,-0.001003057,-0.033967561,-0.02420695,0.00040777,-0.016488923,-0.003656242,0.000684221,-0.006688988,0.00106238,0.0061481,1.0273007,-0.41961884,0.369350238
2021-08-04,0.002582906,0.017024558,0.008743126,0.015128854,0.000133657,-0.004274126,0.014698999,-0.009230842,0.002036199,-0.006176672,0.0161489,0.012236683,0.014279157,0.001980094,0.00599881,1.00629114,-0.42092779,0.003114523
2021-08-05,0.006172035,-0.008816711,-0.004681997,-0.001201927,0.000623006,-0.003027951,-0.005364561,-0.036195916,-0.001628596,-0.013724482,0.001600564,0.006622156,-0.011406968,-0.001272468,0.00589204,0.99140487,-0.45234241,0.071978139
2021-08-06,-0.003981684,-0.001363331,-0.001494331,-0.001203443,-0.000578665,-0.00354422,-0.006869569,0.023754066,-0.005721385,0.010000083,0.003592199,0.009685558,-0.008641436,-0.001415754,0.00553263,0.96566825,-0.4981554,0.096472639
2021-08-09,0.005262817,0.013550542,-0.007289727,0.001804517,-0.001024236,0.003796891,-0.012385551,-0.039909519,-0.031219959,-0.013145729,-0.010815458,-0.016420274,-0.050430854,-0.001346714,0.00575514,0.97462123,-0.48506597,-0.026627174
2021-08-10,-0.016522784,-0.004721855,-0.01234199,-0.001202649,0.000534586,0.00554288,-0.003495666,0.009724558,-0.005512049,0.0,0.007223259,0.012868728,-0.012245051,0.000141857,0.00554633,0.93914382,-0.45365135,-0.066955951
2021-08-11,-0.037800448,0.010760211,-0.001308067,0.005998905,0.000756822,0.00175736,0.00747593,0.017586359,-0.003407097,0.001888575,0.009946413,0.026767636,-0.013436895,-0.000141857,0.00557857,1.02172738,-0.3751148,-0.190096839
2021-08-12,-0.017728588,0.006002113,0.010632731,-0.003595051,-0.000267171,0.008242697,-0.000496776,0.006319142,0.013138549,0.017456802,0.001977466,-0.004556756,0.004153692,0.00049641,0.00555956,1.07104151,-0.50993588,0.30705288
2021-08-13,-0.0172084,-0.011367746,-0.011287265,-0.012685197,0.000489721,-0.001992027,-0.008480983,-0.006319142,0.003362783,-0.00993797,-0.00873025,-0.008627826,-0.006237026,-0.00049641,0.00573305,1.10396974,-0.33191969,-0.42939195
2021-08-17,-0.008010735,-0.005394578,-0.018506741,-0.010388076,-0.000311521,-0.023453222,-0.027941889,-0.022436778,0.019119456,-0.009407407,-0.003993632,-0.003956441,0.025734822,0.00361096,0.00545076,1.04113147,-0.2154238,-0.432285791
2021-08-18,0.013037334,0.003375206,0.000888877,0.008562768,0.000934117,0.008132169,0.005651187,0.0,0.0,-0.019084549,0.002398093,0.001210545,-0.005094255,0.000423976,0.00532361,1.03480098,-0.32799286,0.420384589
2021-08-19,-0.030832677,-0.034273663,-0.037808638,-0.037857418,0.001022284,-0.025895529,-0.052048571,-0.041362379,-0.008267981,-0.03662934,-0.020161888,-0.020220592,-0.026916739,0.001411956,0.00786874,1.28111294,-0.0217003,-2.715665755
2021-08-20,-0.011847987,-0.016877761,-0.021220416,-0.012730953,-0.000488761,-0.004686248,-0.022374567,-0.003384101,0.005794716,0.001331558,-0.014359366,-0.021554978,0.004188488,0.001128131,0.00742734,1.19455282,0.12228338,0.0
2021-08-23,0.010842156,0.012684951,0.015667422,0.029042384,-0.000222215,-0.015251342,0.012067934,-0.006802752,-0.00123889,0.012562149,0.025699906,0.038139441,-0.004188488,-0.003246814,0.00762097,1.21681181,-0.09107426,0.0
2021-08-24,0.027511588,0.028306959,0.020212102,0.022763277,-0.001290069,0.010804959,0.040080269,0.036855039,0.010277591,0.018874625,0.006823504,0.002535724,0.019740901,-0.003824866,0.00878423,1.31795686,-0.30966767,1.223824472
2021-08-25,-0.001960203,0.013523054,0.002497844,0.009082671,-0.000890347,0.017152326,0.009903595,0.019544612,-0.004098353,0.005785937,-0.00360676,-0.000220295,0.004106782,0.000283834,0.00886378,1.32699445,-0.32799286,0.05749215
2021-08-26,0.000700562,0.007360298,0.007682017,0.0,0.001646619,-0.004907721,-0.006765619,0.009630901,-0.006592569,-0.001282874,-0.002411587,-0.001984238,-0.001025115,0.000638332,0.00886696,1.32887547,-0.24029371,-0.311129873
2021-08-27,-0.002103047,0.007306597,-0.001126002,0.009598252,-0.000622657,0.004907721,-0.004710665,0.009539031,0.010690922,0.001923694,0.008814197,0.007585375,0.003072199,-0.000922166,0.00891573,1.33518871,-0.23767583,-0.01095428
2021-08-30,0.002103047,-0.02614974,0.009196027,-0.001194747,0.000934034,-0.002321663,0.034041468,-0.003169577,0.005709638,0.023426206,0.001992438,0.001532019,0.008146685,0.001985036,0.00892131,1.33340538,-0.27563516,0.148170421
2021-08-31,0.011142085,0.01081087,0.014627787,0.007740391,-0.000133336,0.017155731,0.013098292,0.011049806,0.001625367,0.004993768,0.013837005,0.01486974,0.010090903,0.000920338,0.00916638,1.34634767,-0.42223673,0.426488021
2021-09-01,0.003732654,0.006030032,0.006578989,0.007092249,0.0,-0.014834068,-0.000500537,-0.003144659,-0.000406114,-0.014424835,0.006652452,0.003334225,-0.016194686,-0.002905374,0.0091375,1.34221954,-0.39605788,-0.064005766
2021-09-02,-0.007340249,-0.004686766,-0.014753086,0.004113966,-0.000756371,-0.004648729,0.00349916,-0.007905147,-0.001219253,-0.005701631,-0.007045231,-0.004196527,0.013178092,-7.1e-05,0.00902599,1.33191187,-0.35809854,-0.100752162
2021-09-03,0.005682999,0.0,0.012345793,-0.00529252,0.0,0.005678805,0.004977702,0.021978924,-0.000813635,0.006333143,-0.002752963,0.003874348,-0.009104767,-0.000354931,0.00899908,1.32525083,-0.44056193,0.207242826
2021-09-06,-0.003183953,-0.009440422,0.003281305,-0.00413598,-0.000934711,0.019373533,-0.004478913,-0.021978924,0.007703213,0.00126183,-0.005925547,-0.010039547,0.035932009,-0.001847674,0.00899646,1.34056293,-0.49030174,0.106969972
2021-09-07,-0.009053753,-0.008846472,-0.004157907,-0.004153019,0.0,0.010797377,0.026576469,0.014184608,-0.005670325,-0.005056901,-0.000396359,-0.001954716,-0.009852296,-0.000355714,0.0086103,1.28403393,-0.4981554,0.015891079
2021-09-08,-0.003925356,0.005453098,0.006557228,-0.00238096,-0.000196373,0.012656854,0.013027925,-0.007855468,-0.012260025,-0.007633625,-0.019208189,-0.025432167,-0.009950331,-0.003349796,0.00865322,1.2875064,-0.42616356,-0.15608886
2021-09-09,-0.0180007,-0.008876836,-0.020247072,-0.016221491,-0.000624967,-0.004944321,-0.03066697,0.009419229,-0.004946457,0.004460027,-0.011786324,-0.006151763,-0.018163971,0.001711881,0.00887283,1.30478249,-0.25730997,-0.504541749
2021-09-10,0.007693591,-0.008264455,-0.016588614,0.012639456,0.0,0.009864417,0.00098829,-0.010997802,0.008640248,0.010749392,0.003265323,-0.001909098,0.014155949,-0.002926319,0.00885503,1.30904175,-0.36726114,0.355791681
2021-09-13,-0.008838309,0.001382335,-0.005212549,-0.009011802,8.93e-05,0.015583422,0.022944483,0.023420331,-0.006988709,0.029131282,-0.006131167,-0.015405873,-0.022335954,0.000357341,0.0087218,1.29860011,-0.35417172,-0.036291268
2021-09-14,0.010398251,0.020506273,0.012195384,0.004215546,-0.000893619,-0.000725135,-0.008238492,0.009216662,0.001236847,-0.026618718,0.000819761,0.003077508,-0.001027221,-0.00228919,0.00860916,1.29131285,-0.43401721,0.203302307
2021-09-15,-0.002127922,-0.000676742,-0.001123065,-0.006027623,0.000223577,-0.003633287,-0.014705991,0.0,0.005342088,-0.002512564,0.010595004,0.017485879,0.001027221,0.001645885,0.00860521,1.30976552,-0.43532615,0.003011333
2021-09-16,-0.013294413,-0.012261613,0.001123065,-0.001209995,0.000714753,-0.001700069,0.008849542,0.019682672,-0.0094709,0.001885015,-0.009366834,-0.01158561,-0.004115232,-0.001359449,0.00594308,0.90431049,-0.33322863,-0.267266689
2021-09-17,0.015705649,0.00273794,-0.003598062,0.006636544,-0.000491304,-0.004140769,-0.006383351,-0.003003008,-0.012908761,-0.009460809,0.005305074,0.01292659,-0.027169905,-0.001863299,0.00553843,0.84472023,-0.32799286,-0.015836991
2021-09-23,-0.017866562,-0.009615567,-0.005421287,-0.017592255,-0.000491701,0.018380299,-0.034071487,0.0045011,0.000419047,-0.022429649,0.001220177,0.004123702,-0.017094433,-0.002513669,0.00560655,0.85362557,-0.16568399,-0.68290954
2021-09-24,-0.005495321,0.022518851,-0.010016026,-0.004908,-0.001744652,0.002632481,-0.00716122,0.014859126,-0.005039943,0.010957248,-0.0106254,-0.012535033,0.004301082,-0.004324097,0.0041357,0.62992252,-0.21673275,0.268582728
2021-09-27,-0.004796721,0.0,-0.001602693,-0.001846656,0.000760913,0.011407032,-0.007730091,0.021882764,0.000841715,0.008298803,-0.000822034,-0.015664347,-0.00645858,-0.001517748,0.00396995,0.60723492,-0.27039939,0.221235061
2021-09-28,-0.026129037,0.018716948,-0.021541094,-0.013647894,-0.000895106,0.011978934,-0.011969872,0.021414076,-0.00887392,0.0,-0.017420672,-0.025960394,-0.002162163,-0.007405308,0.00418136,0.63649193,-0.20102543,-0.296468671
2021-09-29,-0.019787571,0.001323631,-0.002109342,-0.022103827,-0.000716958,-0.000700651,-0.012645107,-0.034486203,-0.001274144,-0.012152372,-0.004192721,-0.006951506,-0.009788006,0.002111049,0.00445303,0.6694375,-0.01515559,-2.585061977
2021-09-30,0.003806642,0.010526446,-0.002819599,0.015838124,0.000448052,-0.011751055,-0.001061051,0.011628047,-0.005540154,-0.010999787,0.0,-0.010458866,-0.034467003,-0.000218178,0.00429929,0.64599749,-0.0832206,1.703125473
2021-10-01,-0.021506212,-0.011187812,-0.032037336,-0.019676837,-0.001568787,-0.015485661,-0.02254521,0.00144408,0.014425338,-0.027706258,-0.014815236,-0.026267961,0.023477881,-0.002403103,0.0040337,0.60025976,0.12097444,0.0
2021-10-05,-0.016912473,-0.018704675,0.000243157,-0.02072619,0.000179274,-0.008196719,-0.006535877,0.034045798,0.00210397,0.030954068,-0.035593914,-0.078031119,0.019694291,-0.002774382,0.00416184,0.61573949,0.42334017,1.252596757
2021-10-06,-0.025107203,-0.006087209,-0.017396071,-0.011850074,-0.002110439,-0.025249573,-0.024897709,0.023433173,-0.003368447,-0.011741818,-0.021439147,-0.039767205,-0.003255564,-0.009106928,0.00472715,0.69134488,0.50449461,0.175381116
2021-10-07,0.022260417,0.014146454,0.042106273,0.026790311,-0.000224904,-0.004728293,0.021065143,-0.033244016,0.005048424,0.005235614,0.019227237,0.028833741,0.010810916,0.000590068,0.00558047,0.79887981,0.33433208,-0.411422405
2021-10-08,-0.016769448,-0.017544519,0.024345818,-0.009067446,0.000584425,0.004479912,0.010368443,0.031880722,-0.001259698,0.01939298,0.001770011,0.011331206,-0.006472515,0.001031782,0.0057357,0.82646095,0.32516948,-0.027788227
2021-10-12,-0.014764684,-0.008202316,-0.002315358,-0.003911435,-0.003601047,0.023559307,0.009724588,0.014895311,0.002098589,0.009557257,-0.018742352,-0.021166175,0.008620743,-0.005465804,0.00571754,0.8378568,0.57779539,0.574873286
2021-10-13,0.003263749,0.003426003,0.031712544,0.020685921,0.000946354,0.012772799,0.026003061,-0.002691794,0.0,0.015104126,0.006286438,0.006343231,0.0,0.003696382,0.0062797,0.91127448,0.33433208,-0.547085059
2021-10-14,0.02668539,0.002731933,0.002467128,0.00574166,-0.000225342,0.012375329,0.013010808,0.00671598,0.017044657,0.046378049,0.016426724,0.034901133,0.020181248,0.00419716,0.00710144,0.98812197,0.02934846,-2.432894676
2021-10-15,0.026300825,0.014895458,-0.005165526,0.008866455,0.001216182,-0.000709866,0.005671696,0.011976168,-0.000824707,0.00949562,0.006145695,-0.00052005,0.014614039,-0.000514507,0.00726685,1.00546446,-0.12510677,0.0
2021-10-18,0.000154471,0.008032274,-0.001126608,0.006911766,-0.002568752,-0.00379416,-0.000514292,0.015748369,-0.015800727,0.036536392,-0.007908686,-0.012030947,-0.012513198,-0.003092497,0.00725803,1.00421795,0.00316961,0.0
2021-10-19,0.002776956,0.003327723,0.006292134,0.012445747,0.000811919,0.000475034,-0.00412377,-0.006531739,0.008347267,0.002275314,0.006156689,0.013330108,0.016649708,0.001621017,0.00733585,1.02688894,-0.09761897,0.0
2021-10-20,-0.003858938,0.012545597,-0.011037402,0.001853502,0.000180407,-0.009064849,-0.032015242,-0.005256258,-0.001663905,-0.032335381,0.00218954,-0.001169046,0.012307848,-0.001104917,0.00739823,1.03805636,-0.03348079,-1.070099998
2021-10-21,-0.011823363,0.008493957,-0.007959033,0.009216753,0.000540789,-0.013996401,0.00213103,0.014388781,0.005811554,0.006434652,-0.004384067,-0.009402003,0.019182819,0.00044216,0.00740263,1.03820398,-0.0400255,0.178544909
2021-10-22,0.006862179,0.000650484,-0.004576679,-0.006750654,-0.001307625,-0.002433159,-0.020974289,-0.014388781,0.000827518,-0.023599915,0.006132327,0.005495384,-0.007024615,-0.001253294,0.00744966,1.06348412,-0.10285474,0.943800951
2021-10-25,0.00851189,0.018041705,0.012988749,0.001845592,-0.000315857,0.007523386,0.014031508,0.031130943,0.005361918,-0.001792651,0.0,-0.006676861,0.010020124,-0.000885625,0.00748633,1.06651552,-0.12510677,0.195849831
2021-10-26,0.017718529,0.004459892,0.00766796,0.011610308,-0.000496616,0.000241836,0.002676053,-0.010269675,0.00492413,-0.007805503,0.003922535,0.021184764,0.0,-0.002513538,0.00753216,1.07268564,-0.24552948,0.674249489
2021-10-27,-0.003336348,-0.00829868,-0.00337573,-0.00792924,-0.002214664,-0.013873947,-0.010207088,-0.001291125,-0.009459295,-0.017021688,-0.013135094,-0.00774599,-0.016080749,-0.002148787,0.00777072,1.09688992,-0.1447409,-0.528471774
2021-10-28,0.03448877,-0.009014748,-0.013161067,-0.016672246,4.53e-05,-0.009852269,-0.025151563,-0.019570144,0.0074105,0.002449481,-0.011079264,-0.012782157,0.003034904,0.003923705,0.00772534,1.08800998,-0.11725311,-0.210610316
2021-10-29,-0.015827541,-0.013676656,-0.016814766,-0.004368194,-0.00217431,-0.009200624,-0.009457607,0.010485032,-0.003698345,-0.008599562,-0.022078034,-0.036494082,-0.010152371,0.02524391,0.0076978,1.07470699,0.0738525,0.0
2021-11-01,0.004908017,0.005232205,-0.001627384,-0.000625588,0.0,-0.012569338,-0.00504346,0.001302965,-0.007023438,-0.010542733,0.01222579,0.016339641,-0.002042902,-0.031098152,0.00769282,1.07799787,0.04505577,-0.494168805
2021-11-02,0.009597796,0.005204896,0.012715398,0.006859968,0.00217431,0.009567041,-0.002249749,0.014221292,0.005375302,-0.00813776,0.007621678,0.012247057,0.007131971,0.003561046,0.00734743,1.02440702,-0.0923832,0.0
2021-11-03,-0.012569363,-0.028300758,-0.008999719,-0.006859968,-9.06e-05,-0.013114854,-0.006212958,-0.016828857,-0.008281676,0.015591211,-0.00044673,0.004751806,-0.023627191,-0.000666753,0.00736988,1.02113515,0.0489826,0.0
2021-11-04,0.001784023,0.007978713,0.012897417,-0.003133753,0.00054279,-0.007389632,-0.008534874,-0.030486116,-0.00416666,-0.010575526,0.001339498,-0.005281008,0.001038961,0.003033835,0.00672428,0.93827784,-0.05049704,0.0
2021-11-05,0.00592408,-0.020067391,0.000457503,-0.0037736,0.002394447,-0.011575594,-0.026050716,-0.014915576,0.014508021,-0.013220211,-0.002681071,-0.003182356,0.016478231,0.00662742,0.00636815,0.89027869,0.00447855,0.0
2021-11-08,-0.001329693,-0.003384187,0.002969321,0.005655074,0.001127154,0.002067713,0.0,0.041477518,0.012270134,0.013220211,-0.017603496,-0.043426013,0.018219127,0.002052974,0.00633577,0.88466388,0.03327529,2.005515746
2021-11-09,-0.000887763,0.004059558,-0.008933947,0.009975101,0.001666414,-0.004917777,0.003513089,-0.002624676,0.004056788,0.006855745,0.003636194,0.002493395,0.004004009,0.003290503,0.0063374,0.90103663,0.00186066,-2.883883816
2021-11-10,-0.017768173,0.000675072,-0.019048289,-0.018153843,-0.000765307,-0.031095986,-0.029658386,0.024660613,0.0,-0.004357305,-0.00181635,-0.001245812,-0.002000001,-0.001168757,0.00623381,0.8798275,0.02673057,2.664876591
2021-11-11,-0.002866477,-0.004056813,-0.016075898,-0.009520886,-0.000720695,0.008794046,-0.007857254,-0.032576163,0.015666122,-0.00124844,-0.005926738,-0.011003798,0.023739987,-0.002854466,0.0051393,0.72540498,-0.13165148,0.0
2021-11-12,0.021670178,0.016795721,0.017247924,0.020202692,-0.000946839,0.023857575,0.047402079,-0.002652523,0.001990797,0.007467365,0.009556427,0.015150734,0.013592442,-0.001173472,0.00588244,0.80482503,-0.23636688,0.585227046
2021-11-15,0.035723286,0.000666157,0.00677029,0.024082669,0.001217278,0.002070283,-0.004640377,-0.010681017,0.0,0.00987053,0.021949367,0.047153118,-0.006773127,0.005123688,0.00631228,0.8562272,-0.27301728,0.144149916
2021-11-16,-0.000285408,0.007957625,-0.018551694,0.004261815,-0.000991733,-0.008307397,-0.010520239,0.017299148,0.004365962,-0.010490686,-0.002217797,-0.004219996,0.001939865,-0.00270491,0.00620916,0.84646121,-0.26385468,-0.034136593
2021-11-17,-0.002714873,-0.015979082,-0.005466519,-0.015922,0.000135366,-0.015764918,-0.028002914,-0.018642365,-0.005958252,-0.007472015,-0.021091196,-0.030730277,-0.00583092,-0.001465228,0.00669523,0.89277764,-0.19317178,-0.311818652
2021-11-18,0.000143102,0.006022039,-0.014402489,-0.004330291,-0.000676776,0.00290896,-0.003025777,-0.02449104,0.005958252,-0.024036578,-0.010485665,-0.014412498,0.00194742,0.000732882,0.00674366,1.0034469,-0.1630661,-0.169424205
2021-11-19,0.034311646,-0.001335273,0.008666444,-0.007467387,4.54e-05,-0.004233918,0.005439744,0.027175607,-0.001982116,0.029645817,0.013655159,0.021744428,-0.006832628,-0.00220026,0.0070378,1.04727759,-0.22720429,0.331693929
2021-11-22,0.0436821,-0.000667917,0.029521443,0.004362749,-0.001083494,0.001060107,0.004810524,-0.045244182,-0.009168932,-0.004360019,0.001806787,0.004858468,-0.005893927,-0.000734497,0.00681788,1.02952817,-0.23767583,0.045058118
2021-11-23,-0.00877193,0.007325984,-0.01666115,-0.008117385,-0.000632528,-0.008245814,0.014885737,0.001401577,-0.022272605,0.003738322,-0.014087999,-0.031036795,-0.031017994,-0.000735037,0.00689577,1.09243984,-0.19448072,-0.200574654
2021-11-24,-0.016420321,0.008589287,-0.008555126,-0.003139802,0.000587226,0.011155436,-0.013087642,0.038466243,-0.006985837,0.011746657,-0.004127421,0.001803694,-0.01639381,7.35e-05,0.00672364,1.07204895,-0.2245864,0.143927456
2021-11-25,-0.015728909,-0.001975717,-0.004065377,-0.001258657,0.001985547,-0.006093429,-0.008418581,-0.005405423,-0.000412479,0.016458768,-0.005992014,-0.002220385,0.001032525,0.003229893,0.00667678,1.06413849,-0.23898477,0.062139338
2021-11-26,-0.013182863,-0.019973862,-0.029424926,-0.016508286,0.00310555,-0.028299976,-0.011539758,-0.03306082,0.004527698,-0.023242637,0.001847295,0.020080406,-0.002066116,0.008610602,0.00677698,1.06504784,0.00709643,0.0
2021-11-29,-0.012792649,-0.010818337,-0.020444266,-0.01808825,8.98e-05,-0.009062221,-0.027874184,-0.060624669,-0.003290852,-0.014334929,-0.005552926,-0.004777208,-0.009350717,-0.001381377,0.00737653,1.12419233,0.38407189,3.991237908
2021-11-30,-0.024636083,-0.035989911,-0.023446757,-0.034486275,0.001122654,-0.031953616,-0.028673558,-0.042559573,-0.001649496,-0.006929162,-0.034461799,-0.018643212,-0.024301249,0.0036313,0.00836358,1.20592352,0.68643763,0.58068562
2021-12-01,0.02999792,0.007022277,0.034966988,0.020040732,0.000179823,0.031677618,0.028045263,-0.001554041,-0.003307096,0.007556711,0.001919394,0.005699042,0.00426895,0.003762621,0.00895639,1.25110508,0.3382589,-0.70770379
2021-12-02,0.033216512,0.015967148,0.01630064,0.020295354,-0.00022453,0.002755546,0.029113257,-0.025198126,-0.005813967,-0.017083617,0.022281175,0.006217461,-0.023708007,-0.001879484,0.00910078,1.26302183,0.39716132,0.160530967
2021-12-03,0.00353308,0.02985313,0.007808685,0.018620025,-0.00130277,0.015292446,0.007905099,0.022082856,-0.002502144,0.012682478,0.004210356,0.009595835,0.00217865,-0.002753475,0.00940302,1.28672013,0.27542966,-0.366010267
2021-12-06,0.013072047,0.001335777,0.006782949,0.021397984,0.000718974,0.006752298,0.012041044,0.001558886,0.006243538,-0.010133082,0.000933469,-0.004649248,0.001087548,0.002246825,0.00944856,1.28760539,0.38276295,0.32908359
2021-12-07,0.014488177,0.008640979,0.003855458,0.000622401,-0.000718974,-0.005398164,0.006561381,0.035198726,-0.000830185,0.008872048,0.001863844,0.001232779,-0.001087548,-0.001811562,0.00952806,1.29111581,0.06468991,-1.777810629
2021-12-08,-0.013016516,0.001322525,-0.002649036,0.00186517,0.001558791,0.017704249,0.000594313,0.013443044,0.004970964,0.005662173,0.004181208,0.020191714,0.004343112,0.00390887,0.00947678,1.27996559,-0.03871656,0.0
2021-12-09,0.003869582,-0.006631268,0.004811185,0.005574512,0.001034593,0.005303685,0.005333367,0.017647531,-0.002068206,0.009366288,0.01198176,0.017817233,-0.005431844,0.0,0.00951557,1.29238791,-0.17484658,1.507641488
2021-12-10,-0.017057765,-0.001997854,0.006220154,-0.001236098,0.000359635,-0.00185287,0.002950779,-0.029587981,-0.009151498,-0.015028461,-0.005512209,-0.010066236,-0.026491615,-0.001880141,0.00912234,1.23039031,-0.07798483,-0.807394583
2021-12-13,0.010376903,0.001332449,0.003095679,0.006165194,-0.000359635,-0.001856635,-0.002359849,0.031044682,0.00790842,0.003149609,-0.008790285,-0.015968243,0.017738824,0.001807893,0.00886706,1.19296316,0.00186066,0.0
2021-12-14,-0.005646707,0.002659661,-0.00190382,0.001842192,0.000314688,-0.017675908,-0.001182145,-0.022076005,0.001243077,-0.008209708,0.003247523,0.01049535,0.001098298,0.000649928,0.00887148,1.19398614,0.05421837,3.372088517
2021-12-15,0.005378481,-0.001994256,-0.011018125,0.001838876,-0.000854539,-0.01004762,-0.004148192,-0.016504477,-0.010405929,-0.00699971,0.007383448,0.007068941,-0.016602484,-0.00057768,0.008503,1.14277833,0.05814519,0.069923378
2021-12-16,0.010007407,0.0,0.006242347,-0.002452563,0.000359907,0.01785282,0.003556563,0.022439217,0.00874823,-0.002557546,0.0055021,0.006095229,0.012202037,0.002092805,0.00857443,1.14364743,-0.13165148,0.0
2021-12-17,-0.013903917,0.02106741,-0.000478648,0.012808925,0.00148285,0.0,0.024548378,0.001478234,0.011546515,0.012722818,0.0109143,-0.004236196,0.01423122,-0.000865504,0.00848842,1.12371708,-0.12641571,-0.040582366
2021-12-20,-0.007974699,-0.015097302,-0.020075771,-0.012808925,0.000628535,-0.027175564,-0.02810494,-0.051526589,-0.002052158,-0.012722818,-0.011371558,-0.004787296,-0.00873368,0.004248202,0.00901085,1.16873107,0.20081993,0.0
2021-12-21,0.02519225,0.000661159,0.001952824,0.005509743,0.000583214,-0.004417557,-0.001188273,0.021539311,-0.007008879,0.016508311,-0.00458508,-0.015989489,0.003284075,0.000143691,0.00889679,1.15171364,0.04374683,-1.523989483
2021-12-22,0.007514382,-0.00198479,0.01211835,-0.003669811,-8.96e-05,-0.012529756,0.005927679,0.02406133,-0.002070857,0.008777486,-0.009233811,-0.010757943,0.005449605,-0.003454297,0.0089063,1.15235753,-0.07405801,0.0
2021-12-23,0.017962169,0.0,0.00815754,-0.003068437,-0.001526106,0.010313808,0.008240198,0.020588978,0.011131894,0.009319732,0.001390601,-0.007282746,0.014031531,-0.004913989,0.00901448,1.1642123,-0.13819619,0.623825637
2021-12-24,-0.001549101,0.00198479,0.031053931,0.004905062,0.000403983,0.011305853,0.001171693,-0.005839437,0.000409862,-0.00061862,-0.006039629,-0.004561543,0.0,0.00043457,0.00872241,1.13695424,-0.19448072,0.34165869
2021-12-27,-0.003235371,-0.011967955,-0.005807907,-0.00429062,0.000628535,-0.003020909,-0.007050585,0.002923981,0.001638013,-0.008701111,0.005112841,0.0168972,-0.005373468,7.24e-05,0.00803409,1.04773724,-0.06882224,-1.038806084
2021-12-28,0.014029537,0.002671865,0.004880926,0.011603217,-0.000628535,0.012028709,0.0,0.04146412,0.001226811,0.017327166,0.015183239,0.013933257,0.01603455,0.000868511,0.00626938,0.81835669,-0.119871,0.554889216
2021-12-29,-0.0012789,0.014569914,-0.001392236,0.001213596,-4.48e-05,0.013495415,0.01172336,0.001399547,-0.002455049,-0.008626055,-0.011019344,-0.006604207,0.003176286,0.00021701,0.00587328,0.77266431,-0.18793601,0.449685368
2021-12-30,0.016122279,-0.006596349,-0.014028794,-0.007914828,-0.000404235,-0.005106906,-0.012903284,0.005578819,-0.005751863,-0.00123839,-0.007879756,-0.005695748,-0.020289003,-0.004203894,0.00604324,0.8120684,-0.19448072,0.0342315
2022-01-04,-0.000125964,0.007910337,0.010073971,-0.006746442,-0.002203628,0.012319378,0.033665357,-0.00418116,0.003290852,-0.002481391,-0.008880481,-0.011214474,0.004305712,-0.005681407,0.00579105,0.79244499,-0.25992785,0.29007106
2022-01-05,-0.028617316,-0.001313988,0.008356738,-0.007411966,-0.001126213,-0.008822259,0.015293536,0.011111234,0.007772621,0.011118089,-0.018001508,-0.021829288,0.007490672,-0.006154762,0.00580411,0.7951349,-0.18400918,-0.345418445
2022-01-06,-0.02400267,-0.00263355,0.007599127,-0.027020185,-0.003793316,-0.005385082,0.019482875,0.0,-0.008183406,-0.0117394,-0.016385877,-0.030978067,-0.015037877,-0.008117556,0.00613173,0.82925247,-0.06096858,-1.104626998
2022-01-07,0.021926984,0.000659134,0.003663976,0.01013946,0.000633075,0.029527171,0.001101913,0.036614254,-0.007422723,-0.001866252,0.009189945,0.010672112,-0.025206814,-0.000296316,0.00621035,0.84545106,-0.13034254,0.759807259
2022-01-10,-0.021794108,0.024081863,-0.028517096,0.004403994,-0.000497428,-0.010010621,-0.004968288,-0.012056451,0.00124094,0.005588341,-0.011622455,-0.005754672,0.009939342,-0.000815645,0.00617879,0.87120549,-0.07536695,-0.547797058
2022-01-11,0.003180427,0.019108772,-0.007791307,-0.005034638,0.00045221,-0.01198566,-0.007220296,-0.002699059,0.009872626,-0.000619387,0.006796171,0.012474265,0.017429635,-0.000667841,0.00591121,0.83916976,-0.09369214,0.217645451
2022-01-12,0.020818988,0.008794053,0.013185923,0.020606326,0.001446185,0.041464893,0.017680067,0.029296393,0.006527934,0.017199441,0.007711113,0.017234498,0.008602204,0.006142019,0.00676882,0.92266183,-0.27170833,1.064714874
2022-01-13,0.001683221,0.001250077,-0.012475249,0.010452087,0.000992879,-0.003605374,0.017372905,0.011741795,0.002031316,0.015110593,0.0,-0.017376923,0.012766131,0.002652257,0.00672737,0.91875966,-0.26516362,-0.024382105
2022-01-14,0.005032731,-0.006894292,-0.00856306,-0.014787815,-0.001309394,-0.018487769,-0.019017257,-0.001297828,0.000811325,-0.002402404,-0.030216946,-0.044289963,0.00316623,-0.00686629,0.00712881,0.9613531,-0.13296042,-0.690295579
2022-01-17,0.001414873,-0.018407577,-0.021979091,-0.010608409,-0.002577557,-0.011897041,-0.024994212,0.02310753,-0.004063382,-0.018816944,-0.022011881,-0.032243658,-0.009528923,-0.006168036,0.00751942,0.99622315,-0.05965964,-0.801395745
2022-01-18,-0.007224059,0.001280414,-0.015504079,-0.008189046,-0.001359527,-0.00640331,-0.017589193,0.013862898,-0.002037939,0.0,-0.009657146,-0.018007386,-0.001064396,-0.000596536,0.00745324,0.98653668,0.02280374,0.0
2022-01-19,-0.01434372,0.007648244,-0.01298079,-0.003167502,0.00240052,-0.018641729,0.004568761,0.00996273,-0.002042021,-0.006146301,0.007124848,0.003440256,0.024198971,0.003127852,0.00672111,0.89742054,0.1013403,1.491559603
2022-01-20,0.011361536,-0.018584153,0.00875566,0.005063169,-0.001856362,0.01703431,-0.001710809,0.003710552,0.01541611,0.021348783,0.004553425,0.01117677,0.029700084,-0.002233181,0.00688446,0.91309738,0.00055172,-5.213198768
2022-01-21,-0.042305636,0.005804463,-0.017842089,-0.008240958,0.00135863,-0.019765024,-0.010327154,-0.023736268,0.000402518,0.001206273,-0.001515541,-0.007437324,0.011038747,0.002010087,0.00712593,0.94614766,0.17987685,5.786987058
2022-01-24,-0.002984653,-0.024081863,-0.013272131,-0.01410269,-0.000815004,-0.026321006,-0.035214851,0.021264077,-0.001207961,-0.008474627,-0.004560347,-0.011732568,-0.014070584,7.44e-05,0.00729684,0.95947602,0.45737268,0.933226101
2022-01-25,-0.008870664,-0.026704016,-0.024185309,-0.025499984,-0.000543627,-0.038636964,-0.024185025,-0.023795726,0.002012432,-0.010388117,-0.027808076,-0.036536716,-0.013245227,-0.002531692,0.00827414,1.04833437,1.08304723,0.862035305
2022-01-26,-0.018120774,0.022743449,-0.005013855,0.002645589,0.000181111,-0.004679786,0.004274854,0.021317408,0.003612329,0.009171571,-0.003138199,-0.011160429,-0.003081667,-0.000149123,0.00830332,1.05168524,0.89586844,-0.189740285
2022-01-27,-0.028889012,-0.008634931,-0.010905866,-0.023389039,-0.00158721,-0.05483295,-0.039147605,0.01110441,-0.020644365,-0.011016023,-0.037901681,-0.049045969,-0.026056711,-0.0041095,0.00891408,1.07452212,1.30294958,0.374592309
2022-01-28,0.042613629,0.015883902,0.026654038,0.009421284,0.000997969,0.014450712,0.026267825,0.004895974,-0.008626052,0.001230012,0.028427886,0.038593697,-0.018114507,0.002841174,0.00961516,1.13661775,0.78329938,-0.508870908
2022-02-03,0.001650755,0.001967789,0.006489446,0.03164413,0.001042188,0.020843575,0.026798342,0.008510666,0.004116913,0.007958414,0.01885857,0.048504249,-0.00972455,0.001790158,0.01014602,1.17701952,0.64586041,-0.192931576
2022-02-04,0.008622478,0.024596858,-0.004928138,0.003239328,-0.000770109,0.022173809,0.010164464,0.033336446,0.001231768,0.00365186,0.012890259,-0.010541556,-0.002173914,-0.004556461,0.01029865,1.18843125,0.39716132,-0.486240851
2022-02-07,-0.022045574,0.000639109,-0.009666919,0.003873483,-0.001088446,-0.016509761,-0.003575638,0.015107709,0.002049635,-0.00365186,0.000512166,-0.010653866,0.00974561,-0.001123658,0.01030003,1.18908192,0.47177105,0.172151259
2022-02-08,-0.011348684,0.003826399,-0.005264456,0.007702243,-0.002135057,-0.009858323,-0.008393476,-0.005783625,0.005716632,-0.003053437,0.011707679,0.013379747,0.007514797,-0.008883575,0.01015139,1.17268533,0.40239709,-0.159054417
2022-02-09,0.014270082,0.030714099,0.013630586,0.018372442,0.000636586,0.017262256,0.03838689,-0.02110285,0.003252057,0.0,-0.005582061,-0.004976321,0.013807973,0.0042258,0.01025835,1.18000983,0.22176301,-0.595830098
2022-02-10,0.009126222,0.001850073,-0.001302709,-0.006297268,0.000272631,0.007349936,-0.008728504,0.00354829,0.004858262,0.037219182,0.009622592,-0.004192854,0.00315956,0.000150594,0.01029879,1.18351042,0.16024271,-0.324919686
2022-02-11,-0.016795569,0.011029272,-0.008902801,-0.001264226,-0.00140963,-0.020717021,0.01277577,-0.00354829,-0.006889578,-0.021442156,-0.015748211,-0.026030814,-0.013764114,-0.004981548,0.01041477,1.21452397,0.38407189,0.874140145
2022-02-15,-0.03794475,-0.016590078,-0.020191817,-0.025626001,0.000455097,-0.040273911,-0.032847444,0.0496925,0.031227528,-0.010287534,-0.016520727,-0.042696581,0.036634133,0.004303698,0.00976096,1.14356742,0.86838064,0.815800395
2022-02-16,0.038784216,0.011703136,0.01913932,0.018644042,0.000818148,0.032166983,0.012444525,-0.026272206,-0.014291646,0.013893307,0.019077417,0.040870463,-0.017626169,0.000903699,0.01012998,1.16916635,0.51758404,-0.517458236
2022-02-17,0.001118382,0.019406578,0.0,0.0,0.000636173,0.001807194,0.001177211,0.001156767,0.012318837,-0.00120048,0.007124848,-0.006501643,0.007295499,0.000225797,0.00999232,1.17063481,0.69298234,0.291832607
2022-02-18,0.003625706,-0.006024412,-0.003693177,0.002544612,0.000226864,0.002704651,0.009367744,-0.008125385,0.007867913,0.005988042,0.00354332,-0.001004071,0.015456258,-0.001657031,0.0097323,1.14304993,0.74534004,0.072836028
2022-02-21,-0.007825734,-0.007277192,0.005534378,-0.001271608,-0.001590317,-0.006624424,-0.00058288,-0.00116621,-0.001176229,-0.007791469,0.004537565,0.006341829,-0.009245058,-0.003700498,0.00968247,1.14677299,0.75973841,0.019133633
2022-02-22,-0.017406462,-0.011015986,-0.012695098,-0.007662746,0.000772796,-0.023847076,-0.008784864,0.041148694,0.01131272,-0.006035021,-0.0015102,-0.0045019,0.021440331,0.00475529,0.00968094,1.14713531,0.96262451,0.236689242
2022-02-23,0.012202282,-0.003081389,0.005573925,0.00702641,0.000499597,0.010158641,0.017493289,-0.014664712,-0.007397301,0.008438869,-0.007077915,0.003170048,-0.005063302,-0.000301256,0.00951977,1.13553717,0.7963888,-0.18957591
2022-02-24,-0.031371186,-0.021211379,-0.038860822,-0.022530716,0.002086851,-0.033637522,-0.016317526,0.048790201,0.023557709,-0.008438869,-0.020503002,-0.030959015,0.035896177,0.008550301,0.00950789,1.12725995,1.19168946,0.403039785
2022-02-25,0.022162342,-0.00950272,0.010402543,0.014221429,-0.000861433,0.025024822,0.003519207,-0.022989563,-0.013062011,-0.001211387,0.003102286,0.024776445,-0.027807154,-0.004491106,0.00928709,1.10089685,0.76628312,-0.441575584
2022-02-28,0.005252427,0.003177863,-0.003819909,0.001282877,0.001857955,0.009837062,0.028853606,0.02407115,-0.004262756,0.003025721,0.023470667,0.018928065,0.001006543,0.000525003,0.00838025,0.99648158,0.84089285,0.092912534
2022-03-02,0.009721726,-0.028316079,-0.010166394,0.008298752,0.000769282,0.016082885,0.019155488,0.100701059,0.015032086,0.014397369,-0.003030423,0.003939555,0.029734599,0.005085735,0.00879117,1.05063526,0.90372209,0.072057647
2022-03-03,0.021362862,0.015544252,0.02589766,0.014515917,0.0,0.007497436,0.005564826,0.051439905,-0.005370168,0.035686735,0.018542325,0.036197939,0.0106849,-0.003362664,0.0075067,0.92478628,0.6209905,-0.375206107
2022-03-04,-0.015909411,-0.009038179,-0.01436521,-0.007547301,-0.000769282,-0.015961792,0.019780942,-0.042680694,0.005370168,0.021041436,0.0004963,-0.01528451,-0.00678626,-0.000374328,0.0074287,0.92494874,0.86183593,0.327749132
2022-03-07,-0.030153198,-0.030285105,-0.028241262,-0.027521668,-0.000717566,-0.025208859,-0.003269889,0.148319721,0.024562008,0.03102742,-0.012987354,-0.01487015,0.028765166,-0.002999563,0.00709419,0.88431525,1.28986015,0.403224165
2022-03-08,-0.01842084,-0.016172985,-0.012148742,-0.007817728,-0.000590652,-0.022989502,-0.047508076,-0.021960318,0.009288574,-0.013179762,0.002510891,0.013103789,0.007532992,-0.00187938,0.00744843,0.92547097,1.43515278,0.106737509
2022-03-10,0.025152995,0.024825387,0.010743773,0.009762553,0.000272591,0.012033012,0.015900289,-0.116716167,-0.005562799,-0.065091466,0.009980163,0.020678331,-0.011320876,0.0,0.00753342,0.93448392,1.01105538,-0.350276594
2022-03-11,-0.009178317,0.009234691,-0.010459536,-0.004543925,0.001090173,-0.017143262,0.004497097,-0.020359348,-0.000371975,0.005295688,-0.000993546,-0.00362746,0.009442941,0.00187938,0.00757395,0.94157668,0.84089285,-0.184285751
2022-03-14,-0.024206485,0.006544545,-0.019802593,-0.001953691,-0.000363338,-0.013864526,0.021637361,-0.000979937,-0.006718958,-0.011806513,-0.001492379,-0.001423022,-0.009442941,-0.003385432,0.00746639,0.92783024,0.87885218,0.044152471
2022-03-15,-0.009193472,0.014248913,-0.002031102,-0.012463299,0.000136326,-0.023654058,-0.023883259,-0.071095927,-0.023111415,-0.013752085,-0.003490108,0.007095009,-0.035735333,-0.001508263,0.00809789,0.98466416,1.01890904,0.14787105
2022-03-16,0.030947912,0.003210285,0.02693565,0.007234438,0.0,0.025924349,0.001123396,0.013591463,-0.00730916,0.008990171,0.011916464,0.01574342,0.00294551,-0.000226445,0.00818943,0.99005689,0.7531937,-0.302165333
2022-03-17,0.029597954,0.010204274,0.00591972,0.029698698,0.001315841,0.024637219,-0.000561601,-0.01886855,0.006925776,0.014806311,-0.000493502,0.016716998,0.012664563,0.005570547,0.00814567,0.97481859,0.59742953,-0.231686097
2022-03-18,0.011015928,-0.001905594,-0.000281121,-0.000636337,9.06e-05,0.011313856,0.007276879,0.08418556,0.00306281,0.020367303,0.004926138,0.011642877,0.004828595,-0.00300723,0.00815701,0.96357422,0.51627509,-0.145996592
2022-03-21,-0.002082319,-0.007657932,-0.012731791,-0.009593887,-0.000952545,0.006851424,0.001114811,0.021174966,-0.00651974,-0.012753796,-0.006903511,-0.027123332,-0.012603172,0.000150582,0.0082696,0.97591113,0.57779539,0.112580066
2022-03-22,0.012703773,0.015888383,0.016659953,0.003208225,-0.003636927,0.008345027,0.015478433,0.053766421,0.007665861,0.003494471,-0.006453263,-0.015096449,0.016449331,-0.007481064,0.00844025,0.99230557,0.39847026,-0.371586944
2022-03-23,0.003287713,0.024292768,0.011969569,0.004474293,-0.001686839,0.011323777,0.034504807,-0.027449092,-0.009977087,0.00290276,0.004472076,0.001566931,-0.027239038,-0.00030345,0.00839796,0.99140915,0.21260042,-0.628218424
2022-03-24,0.003958204,-0.001231316,-0.002216085,-0.005115041,0.001732264,0.006974943,-0.003716407,0.044451731,0.011503233,0.013817146,0.000990878,-0.001723735,0.014684552,-0.002278751,0.00842558,1.01661728,0.22830773,0.07127997
2022-03-25,0.001497412,-0.003085622,-0.004446898,0.003199937,-0.002462234,-0.002420631,-0.012309639,-0.022432476,0.009863463,-0.003436429,-0.002479246,-0.004243575,0.02495331,-0.000684657,0.00845724,1.02078505,0.21390936,-0.065142038
2022-03-28,0.000679891,0.006161467,-0.000835897,0.000638775,-0.008114044,0.003930563,0.002151782,-0.027600715,-0.012153593,-0.017945489,0.0004963,-0.010449758,-0.02495331,-0.01649632,0.00845535,1.01294778,0.21129147,-0.012313819
2022-03-29,0.007582846,0.0,0.012467056,0.001913882,0.0022528,0.0033137,-0.001075312,-0.040938521,-0.007671667,0.011036998,0.000992068,0.011866285,-0.007804918,0.008780745,0.00846286,1.01791988,0.10003136,-0.747754818
2022-03-30,0.002290589,-0.003075845,0.016385019,0.005719765,0.002018571,-0.000601714,-0.012449445,0.009671215,0.00076979,0.01604619,0.008393073,0.00939264,0.001956948,0.006192434,0.00835769,1.00362604,-0.01384665,0.0
2022-03-31,-0.006345739,0.008588821,-0.001355319,0.005687235,0.000275103,0.021141134,0.012987246,-0.029298945,0.000384711,-0.01316185,-0.001968513,-0.01033683,-0.010810916,-0.007266589,0.0079452,0.95375215,-0.1107084,2.078856391
2022-04-01,-0.014873698,-0.00305898,0.002438018,0.0037736,-0.003672392,-0.008284048,-0.010267527,-0.029162496,0.006135029,-0.012170536,0.001968513,-0.0120368,0.004928546,-0.002305784,0.00710505,0.86151168,-0.119871,0.079516447
2022-04-04,0.002608641,0.001836553,-0.001082699,0.006257788,-0.001702982,0.008284048,0.012951966,0.016194699,-0.008445366,0.00581397,0.006859234,0.006194854,-0.001968505,-0.004550155,0.00703047,0.85127962,-0.19578966,0.490624755
2022-04-05,0.003831992,-0.02163924,0.002974899,-0.006257788,-0.000184196,0.003235719,-0.00322224,0.040340006,0.005382556,0.029699499,0.001463778,-0.002378159,-0.005928871,-0.001469762,0.00701043,0.85058074,-0.27170833,0.327688255
2022-04-06,-0.025594532,0.000624879,0.007800979,-0.009460836,-0.00360018,-0.015091129,0.004829708,-0.025392057,-0.006539729,-0.018745224,-0.007340412,-0.012779735,-0.015984356,-0.004811023,0.00701982,0.84269306,-0.15652139,-0.551536497
2022-04-07,-0.000420582,-0.011938674,-0.020027646,-0.006995279,0.002263125,-0.021396104,-0.002680239,-0.039339421,0.002313009,-0.009795526,-0.013349967,-0.012782279,0.001006543,0.000932936,0.00725732,0.86251905,-0.02693607,-1.759726397
2022-04-08,0.00252039,-0.003799668,-0.006582633,0.002549329,-0.002216927,0.01900805,0.003750256,-0.006191924,0.003459512,0.006924436,0.002485925,0.001301815,0.015968403,-0.003347217,0.00725848,0.87038545,-0.11594417,1.459642502
2022-04-11,-0.012523859,0.015113463,0.012578899,0.006977531,-0.004309533,-0.00780089,0.005333444,-0.006230606,0.006120947,-0.009823829,0.00198393,-0.018547942,0.003952574,-0.010660921,0.00717496,0.86450488,-0.05442387,-0.756305938
2022-04-12,0.000566144,-0.000625197,-0.009556412,-0.010165228,0.001113704,-0.01364686,0.001063075,0.01242253,0.007977247,-0.005824128,-0.00996018,-0.007817091,0.020498522,-0.001103884,0.00633332,0.76420419,0.06338096,0.0
2022-04-13,0.016422572,0.001874421,0.018753006,0.010797214,0.001668635,0.016954643,0.013720624,0.034381622,0.005283029,0.016797383,0.012929022,0.018364444,0.012482159,0.002442755,0.00659004,0.77959899,-0.12641571,0.0
2022-04-14,-0.004325109,0.000624172,-0.008110249,0.001893274,0.003144148,0.003296938,0.006790356,0.01773442,0.00188001,-0.001149425,0.0,0.003273375,0.009496748,0.005494063,0.00627819,0.76385694,-0.11201734,-0.120922081
2022-04-15,-0.008706631,-0.008142808,-0.002718139,-0.013968448,-0.000738953,-0.013253168,0.000520334,0.017425383,-0.001503696,-0.001726619,-0.00843451,-0.012661661,-0.006638242,-0.004550056,0.0059046,0.71745875,-0.02824502,-1.377736522
2022-04-18,0.005205025,-0.004412395,0.019407482,-0.001920006,-0.001155543,-0.001213651,0.00259807,0.019011995,0.010106743,0.005170939,0.004970106,-0.006807779,0.008526816,-0.005361132,0.00584572,0.71849621,0.11704761,0.0
2022-04-19,0.033120129,0.015047278,0.000533924,0.004474293,-4.63e-05,0.008765318,0.025110216,0.007504732,-0.007101535,0.00457405,0.00642456,0.008956738,0.0,0.0,0.00577723,0.71725737,-0.03871656,0.0
2022-04-20,-0.000271466,0.005584818,0.012725389,-0.008968696,0.000739841,-0.001204392,0.020040793,-0.039071151,-0.018550592,-0.01958588,0.000492492,-0.003970843,-0.035529421,0.003393444,0.00592763,0.73497519,-0.08452955,0.780833762
2022-04-21,0.008248322,0.006169142,0.004206253,0.005134814,0.000785277,0.008998266,0.004948039,0.008708263,0.006095297,-0.005249356,0.003931123,-0.003487534,0.00292826,0.00220355,0.00583855,0.72281237,-0.15913927,0.632678553
2022-04-22,-0.011376097,0.006131387,-0.007901151,-0.010943173,-0.001386411,-0.012318028,-0.005444106,-0.011628047,0.001897131,0.0104713,-0.005409429,-0.009191954,-0.020680205,-0.005438901,0.00597706,0.74107086,-0.0308629,-1.640224915
2022-04-25,-0.023845088,-0.014778708,-0.014381089,-0.017630207,0.002678743,-0.014923382,-0.026145344,-0.042813916,-0.021456754,-0.03954484,-0.015904975,-0.020524803,-0.038544325,0.011629888,0.00723762,0.86107253,0.40108815,0.0
2022-04-26,0.008334526,-0.003729112,0.022806467,0.00197434,0.001428802,-0.005230009,-0.022669825,0.008105421,-0.00582641,-0.007857399,0.015411755,0.02655087,0.002066116,0.000859021,0.00728941,0.87643329,0.25579552,-0.449802853
2022-04-27,-0.014912053,-0.022034324,-0.002888081,-0.017241779,-0.00059895,-0.009919458,-0.001564487,0.031780257,-0.001949654,-0.007919627,-0.003459268,0.004662006,-0.007250161,0.00319526,0.00720108,0.90483339,0.52281981,0.714858498
2022-04-28,-0.007814174,-0.022530644,0.010401491,0.007793128,-0.000552999,0.016612116,0.02328148,-0.012789191,-0.0133597,-0.002449481,0.02124049,0.012711659,-0.023134575,-0.000700538,0.00720895,0.9059123,0.32255159,-0.482973781
2022-04-29,0.013177563,-0.017734201,-0.006655154,0.007032433,-0.001153517,0.009898054,-0.005769669,0.04548439,0.020360904,0.007330515,0.002440814,0.014979166,0.018967903,-0.005387096,0.00736992,0.9891183,0.12228338,-0.969921954
2022-05-03,0.002249709,-0.006649212,-0.005087765,-0.004917575,-0.004580683,0.001845027,-0.004217345,-0.008551058,-0.030299374,-0.044175145,-0.013745895,-0.014651044,-0.041561656,-0.012525249,0.00783892,1.04568351,0.29637274,0.885276781
2022-05-04,-0.00803779,0.016540288,0.000536787,-0.00352733,-0.001996213,0.007041206,-0.010087534,-0.007662879,0.003987233,0.003175614,-0.012434891,-0.01620145,-0.001088732,-0.005086267,0.00776677,1.05722297,0.21260042,-0.332203477
2022-05-06,-0.021900256,-0.005923113,-0.008623013,-0.011371863,0.000650408,0.0,-0.010729708,0.046039097,0.006346673,-0.010838487,-0.007031658,-0.018333738,-0.006557401,0.002784791,0.00755905,1.03452186,0.37752718,0.574228125
2022-05-10,-0.007845375,-0.022697896,-0.016371532,-0.032694422,0.003708228,-0.035080364,-0.035129842,-0.060567185,-0.007541167,-0.017459221,-0.012680778,-0.031381831,-0.018816272,0.002935452,0.00856654,1.10064082,0.53983606,0.357622935
2022-05-11,0.022070743,-0.0197756,0.007946255,-0.017884275,0.000832344,0.005985144,-0.012366657,0.004866122,-0.011621066,0.000652103,-0.001532527,0.015124197,-0.019177125,0.009383059,0.00850585,1.09273048,0.40763286,-0.280898585
2022-05-12,-0.028362555,0.006863625,-0.00465046,-0.018975927,0.002400895,-0.023515521,-0.005103579,0.009661966,0.005627022,-0.015769052,-0.020140105,-0.031014388,-0.013761685,0.009762261,0.00864588,1.11210403,0.61968156,0.418838817
2022-05-13,0.027791843,0.023657423,0.024645824,0.02197894,0.001106244,0.030089341,0.003405258,0.025630255,-0.015754724,-0.005978098,0.003124705,0.001600423,-0.024548281,-0.003581446,0.00895885,1.1438769,0.22307196,-1.021711323
2022-05-16,-0.004722194,0.001335273,-0.008058105,-0.003003013,-0.002213393,-0.002186454,0.005086154,0.014884007,-0.010231323,0.003989367,-0.008354739,-0.005523307,0.010594566,-0.005710034,0.0082388,1.06129404,0.29899063,0.292917825
2022-05-17,0.011550926,0.001999418,0.002424211,0.008982037,-0.000462094,0.018894778,0.005621146,0.038936568,0.012671316,0.020361951,-0.004730826,0.009247742,0.029990714,0.0,0.00872305,1.11484946,0.14060858,-0.754432233
2022-05-18,0.00607825,-0.010709639,-0.001884964,0.0,-0.000785386,0.005202759,-0.002244573,-0.011612488,-0.008976008,0.005188079,0.00105323,0.009864449,-0.00113701,-0.002513337,0.00870963,1.13164627,0.05421837,-0.952960221
2022-05-19,-0.011195479,-0.02590457,-0.022074683,-0.018804559,0.000646852,-0.011049825,-0.014714615,-0.019048232,0.0,-0.009749833,-0.009518701,-0.01501127,-0.012593183,0.001257427,0.00885936,1.13136196,0.31862477,1.77099436
2022-05-20,0.006109338,0.024557921,0.019375534,0.022523488,0.001154236,0.033387045,0.019198853,0.010929079,0.019079153,0.023241847,0.011621623,0.024258507,0.030632004,0.005482936,0.00975836,1.19314391,0.14584435,-0.781474184
2022-05-23,0.004522315,0.001346649,0.001080649,0.008133091,0.000276729,-0.007189937,0.001118013,0.011706604,0.003211586,0.004457187,0.00836828,0.017559408,-0.003357586,-0.0011724,0.00980504,1.1974141,0.19034839,0.266316068
2022-05-24,-0.037496384,0.007374948,-0.010312285,-0.00590837,9.25e-05,-0.024038904,-0.011236184,-0.016245813,-0.001604504,-0.005095552,-0.003652543,-0.014784557,-0.012408507,0.003824701,0.00984521,1.18972804,0.34349467,0.59031557
2022-05-25,0.007728788,0.008646573,-0.000545721,0.00590837,0.002257415,0.007669929,0.008438922,0.015350134,0.003206437,-0.002557546,0.016589559,0.025478067,0.013528955,0.003577268,0.01009483,1.20996352,0.24925081,-0.320711936
2022-05-26,-0.01876879,-0.000662088,-0.002732965,0.000736168,-0.000828627,0.016068176,0.01114205,0.000895679,-0.006020508,-0.018740452,0.0,0.002023923,-0.010129518,-0.005448731,0.00917998,1.10703687,0.25186869,0.010448222
2022-05-27,0.004577827,0.011857575,0.006818633,0.014609419,0.000690676,0.01314629,0.003318679,0.0282455,0.004418575,0.020020042,0.009211589,0.002356111,0.017937701,0.002494528,0.00946646,1.12822707,0.10657607,-0.860048878
2022-05-30,0.012737342,0.005876626,0.013767263,0.011535766,0.000920027,0.015901467,0.00605565,0.015544324,0.004399137,0.012075139,0.003052014,0.009202765,0.00554018,0.00085608,0.009646,1.1489393,-0.03217184,0.0
2022-05-31,0.003195296,0.001301316,0.021483436,0.002148332,-0.002393962,0.022245622,0.001097045,0.025382052,-0.006806819,0.001262626,0.006580602,0.007797641,-0.015590516,-0.009928605,0.00968999,1.17567236,-0.09500109,1.082796829
2022-06-02,-0.003922958,-0.025684729,-0.001838651,-0.013684098,-0.002954482,-0.010050468,-0.000548314,-0.047037332,-0.000803903,-0.002526849,-0.013716089,-0.009798347,0.0,-0.008046069,0.0097902,1.21770789,-0.05049704,-0.631973645
2022-06-03,-0.002186167,0.002664822,-0.005007203,0.0,-0.001295621,0.017735157,-0.005500442,0.024222657,0.00920563,0.040290544,0.008658008,0.003664886,0.021100172,0.001503665,0.00950902,1.17593482,-0.14604985,1.062033281
2022-06-07,-0.024069065,-0.014070471,-0.00582946,-0.0227365,-0.000787052,-0.008828204,-0.00110394,0.025317787,-0.014850804,-0.032729071,-0.014300628,-0.02491717,-0.021100172,-0.010493777,0.00990084,1.20596041,0.01495009,0.0
2022-06-08,0.001791929,0.003368151,-0.011761526,-0.002971859,-0.00093147,0.009111607,-0.008317144,0.010775102,0.00524298,0.012476768,0.00461893,0.008149473,0.012270093,0.005658101,0.00990418,1.21600921,-0.11594417,0.0
2022-06-09,-0.004036259,0.0,0.016004582,-0.001489248,0.001443304,0.009591034,-0.001671762,0.015542227,0.0,-0.001240695,-0.006163078,0.003544641,-0.006674107,-0.001909039,0.00857609,1.05540956,-0.12903359,0.106963976
2022-06-10,-0.016614183,-0.019695173,-0.007703619,-0.001491387,-0.000930832,-0.002529794,-0.016873217,-0.005698006,-0.003223152,-0.010608524,-0.014008389,-0.018021556,-0.016882787,-0.000955825,0.00891138,1.08517503,0.03982,0.0
2022-06-13,-0.048843416,-0.047761871,-0.050311216,-0.038802923,-0.00433982,-0.035523572,-0.042288512,-0.024794637,0.012033801,-0.033815024,-0.022187656,-0.043119257,-0.001135718,-0.010978121,0.01082588,1.21108806,0.69560023,2.860405814
2022-06-14,-0.003845652,0.010021755,-0.016113425,-0.009353085,-0.004029951,-0.011438892,-0.017910785,0.028867986,-0.020137627,0.000648719,-0.006968853,-0.005928346,-0.017192401,-0.004117734,0.01071641,1.21958035,0.7531937,0.079547319
2022-06-15,-0.020926993,-0.010741273,-0.003997856,-0.026181537,-0.001409713,-0.02327761,-0.026245051,-0.022195729,-0.005711968,-0.013712262,-0.016269245,-0.020018844,-0.005797118,-0.008694675,0.01116156,1.25999959,0.82256765,0.088108296
2022-06-16,-0.007899938,-0.002162169,-0.008043614,0.003210283,-0.000893974,0.004819187,0.006779655,-0.019303992,0.006931796,-0.007258362,-0.004383641,-0.003129868,0.020714204,0.001467976,0.01077132,1.23197471,0.75057581,-0.09159007
2022-06-17,-0.015318342,-0.018202146,-0.01657744,-0.007237751,-0.000658871,0.006887287,-0.009876655,0.008438834,0.008899675,-0.015348983,0.012551182,0.014098894,0.012450642,-0.001631218,0.01076885,1.25249856,1.02152692,0.308213109
2022-06-20,-0.034480313,-0.012569778,-0.011799506,-0.03115,-0.001744289,-0.022635594,-0.042451781,-0.056170251,-0.003227053,-0.022442288,-0.010356903,-0.017608648,-0.010175328,0.001875671,0.01126638,1.26519976,1.09744559,0.0716868
2022-06-21,0.005196678,0.000743946,0.017064145,0.018152312,0.001885512,-0.002751077,0.002585677,0.020238256,-0.004048655,-0.002754823,0.007641832,0.015788872,-0.005698021,0.000977152,0.01038513,1.17338052,0.70868965,-0.437322866
2022-06-22,-0.000345652,-0.039428765,-0.019143464,-0.034945266,0.003009072,-0.04188106,-0.032811387,-0.051843598,-0.005695701,-0.014588657,-0.015342739,-0.012648016,-0.012651118,0.005843265,0.01088005,1.19213057,1.00189279,0.346228578
2022-06-23,-0.07275279,-0.020313257,-0.004470304,-0.012782503,0.000516255,-0.026849446,-0.037381077,-0.003676478,0.004071734,-0.013385195,0.007700907,-0.006105977,-0.001158078,0.000161828,0.01101355,1.19959068,1.03854318,0.035927942
2022-06-24,0.031469809,0.025712259,0.015118125,0.0287424,0.002109246,0.020123977,0.025975451,0.0,-0.005296462,-0.032435276,0.029159741,0.052072497,-0.015178342,0.004762064,0.01134915,1.20827064,0.77937255,-0.287085049
2022-06-27,0.0266588,-0.010050457,0.042056901,0.00664465,-0.001546216,0.009912165,0.014735701,0.02275924,0.007326049,0.004385972,0.009006627,0.007022474,0.018648559,-0.007111141,0.01182528,1.2433634,0.59088482,-0.276868064
2022-06-28,-0.002634118,0.002328477,0.012056774,-0.00331676,0.000749864,0.020469931,0.001992678,0.032760835,-0.004470653,0.005092772,0.001054341,-0.005438179,-0.004629638,0.005660736,0.01155392,1.21093804,0.42203123,-0.336541792
2022-06-29,-0.009718283,-0.029101537,-0.039800606,-0.008340398,-0.000749864,-0.021424861,-0.020785148,0.004345968,-0.00449073,-0.016831718,0.00157943,-0.005291049,-0.021102776,-0.000322612,0.01133237,1.18030016,0.58564905,0.327641403
2022-06-30,-0.033583191,-0.012043538,0.007224358,-0.016040837,0.001499327,-0.037642383,-0.017082884,-0.015734646,-0.002868266,0.008085307,-0.008983159,0.000353706,-0.005941788,0.000645121,0.01117509,1.15818076,0.77413678,0.279027857
2022-07-01,-0.02981966,-0.00161682,-0.000287925,-0.002556486,0.003739156,-0.022405151,-0.000689314,-0.041372796,-0.010311504,-0.04491773,-0.00265724,-0.016756271,-0.038887038,0.012656343,0.01129429,1.15712242,0.78460832,0.013436062
2022-07-04,-0.009694897,-0.017959721,-0.001152716,-0.000853585,0.000373325,-0.014991762,-0.009702108,0.036957839,0.007434988,-0.010777625,0.006894932,0.005914533,-0.008711941,-0.000318452,0.01087356,1.1172874,0.7963888,0.014902871
2022-07-05,0.032697327,0.017959721,-0.004624319,0.021124598,0.0,0.028428303,0.031531075,0.005295648,-0.000823349,0.000773694,0.018848549,0.041822307,0.01242252,0.009824963,0.01177659,1.18079966,0.6209905,-0.248771725
2022-07-06,-0.017531232,-0.030392673,-0.030291877,-0.025403582,0.005812091,-0.050292781,-0.050512313,-0.094078574,-0.025444568,-0.06634474,-0.011476446,0.001712272,-0.058466458,0.008166539,0.01304328,1.22553423,0.87492536,0.342822796
2022-07-07,0.026366219,0.000833877,0.009509609,0.004278984,0.001112018,0.016011483,0.003542332,-0.010695274,-0.011472373,0.034121913,0.01716544,0.0233355,0.018158735,0.000312774,0.01341364,1.25189058,0.7348685,-0.174447008
2022-07-08,0.003658337,0.013245171,0.0230971,0.003410071,-0.002271913,0.009622042,0.011251913,0.035529472,-0.001710876,0.006369448,-0.003616261,-0.002175239,-0.003863495,-0.005880737,0.01366046,1.27046287,0.65633195,-0.113024889
2022-07-11,-0.001096104,-0.009917467,0.001732538,-0.015437784,-0.000835715,-0.021082507,-0.007722085,0.00188497,-0.00214274,-0.016807118,0.005162426,0.015457802,-0.001291156,-0.000708033,0.01257778,1.16962421,0.69952705,0.063737782
2022-07-12,-0.04868967,-0.016750764,-0.005786941,-0.03071745,0.001485348,-0.024037958,-0.027868908,-0.009460769,-0.006455738,-0.008917773,0.004623781,0.002306492,-0.015625318,0.002436611,0.01273509,1.17437963,0.69952705,0.0
2022-07-13,0.016935031,0.001687965,0.029169878,0.002670065,0.002825704,0.004996464,0.010810984,-0.054701178,-0.003027028,-0.038178911,0.002048113,0.005579293,0.0,0.004230338,0.01252614,1.17568265,0.69560023,-0.005629351
2022-07-14,0.002073283,-0.012728451,-0.005652937,-0.011622746,-0.001574013,0.012031268,-0.004310317,0.00500755,0.0,0.0,-0.00564262,0.002451533,0.003929278,7.82e-05,0.01252011,1.1776032,0.69821811,0.003756419
2022-07-15,0.020315755,-0.026829906,0.006498095,-0.00812645,0.001805183,-0.015240378,-0.008676929,-0.004004012,-0.011324195,-0.029186621,-0.008264433,-0.009018598,-0.035932009,0.003511378,0.01255636,1.17799663,0.53590923,-0.264566733
2022-07-18,0.028017036,0.039558357,0.008971309,0.052108873,0.000231037,0.014184557,0.020841663,0.024765947,0.004370622,0.035932009,-0.000518722,0.001316855,0.026739561,-0.00046748,0.01296328,1.18175678,0.33302313,-0.475752853
2022-07-19,-0.008105806,-0.001687965,0.016606934,-0.008643164,-0.000832429,0.013291617,0.008498492,0.032726766,-0.002620063,-0.002524191,0.000518722,0.008354539,-0.005291018,-7.79e-05,0.01291395,1.18284676,0.36051093,0.079310328
2022-07-20,0.013830446,0.025845427,0.003014925,0.019768657,-0.001528188,0.014488004,0.007027579,-0.001895783,-0.00131261,0.010892441,0.008264433,0.008123506,-0.00132714,-0.007745624,0.01242039,1.13146195,0.3042264,-0.169750114
2022-07-21,0.013641771,0.013894926,0.00409671,0.01938533,-9.25e-05,0.015967763,0.009062357,0.000948341,-0.010563462,-0.005012542,-0.005674533,-0.016313545,-0.008000043,-0.000864292,0.01209697,1.10338665,0.26626706,-0.133272371
2022-07-22,-0.012215753,-0.015542187,-0.00546594,-0.005020897,0.001157856,-0.009481997,-0.00486966,-0.013359035,0.017978966,0.007509422,-0.004147087,-0.008755283,0.011976191,0.006347228,0.01168629,1.06688145,0.22568984,-0.165338123
2022-07-25,-0.004284242,0.00164726,0.029433819,0.000838462,0.003373784,0.004413505,0.004175413,-0.038183696,0.003037536,0.003319505,0.007762013,0.001326397,-0.013315776,0.007393327,0.01136293,1.05998737,0.25972235,0.140451509
2022-07-26,0.005886077,-0.010756888,-0.001864493,0.000837943,-0.001292569,0.008769067,0.004157978,0.044885569,-0.00086689,0.030997588,0.002574112,-0.000331483,-0.002684565,0.002400758,0.01140954,1.06141798,0.18249474,-0.352891825
2022-07-27,0.000711143,0.0,0.000799494,0.005845565,0.001477199,-0.002353382,-0.002770039,-0.028061877,-0.002170646,-0.008874604,0.008192493,0.015297611,0.006697949,0.004014221,0.01112589,1.03497546,0.18380368,0.007146881
2022-07-28,0.000355347,0.005806656,-0.001866368,0.0,0.000415015,0.030169738,0.010348481,0.033770699,0.012095175,0.02005683,-0.004088068,-0.001306745,0.036701367,-0.005717433,0.0111794,1.03029118,0.0489826,-1.322403098
2022-07-29,0.007080825,0.01069513,0.008768447,0.022232272,0.003544328,0.013945384,0.017013059,-0.020125205,0.014916103,0.003963541,0.000512029,-0.001308455,0.047747763,0.005948536,0.01086089,0.9975882,-0.02562713,0.0
2022-08-01,-0.004774003,-0.005744897,-0.003710592,-0.01146621,-0.001839813,0.011527493,0.004712237,0.007714511,-0.002541273,0.016477423,0.0,-0.00295033,-0.002457004,-0.003626691,0.01084964,1.00631779,0.0306574,0.0
2022-08-02,-0.014101094,-0.009094662,0.000265507,-0.012432779,0.00115029,-0.011527493,-0.019668258,-0.033206155,0.006341196,-0.017268875,-0.009254638,-0.008738026,0.002457004,0.007086771,0.01052497,0.9729095,0.16416954,1.678025606
2022-08-03,0.001436961,0.010739596,0.01423316,0.002498989,-0.001058262,0.008338829,0.001368794,0.004952985,-0.002954294,0.003162058,0.000516417,0.003636415,-0.012345836,-0.002844129,0.00738505,0.68208855,0.06076308,-0.993917307
2022-08-04,0.006619717,0.012249993,0.002091575,0.005806682,0.000460486,-0.00962791,-0.004112452,-0.040328077,0.0,-0.015109631,0.002063113,0.018472079,0.002481391,-0.000692979,0.00718913,0.68302019,-0.03740761,0.0
2022-08-05,0.004980385,0.0137045,-0.009182776,0.021277406,-0.000138298,0.022637671,0.032435381,-0.013464664,0.01176492,0.024536253,0.018377067,0.031095605,0.011090687,0.001693189,0.00752358,0.70536467,-0.12903359,1.238198598
2022-08-08,-0.012318396,0.007179763,0.006043883,-0.002432133,-0.001196871,0.010973698,0.026895636,0.003123353,-0.008389367,-0.002348338,0.006553956,0.004699223,-0.016059641,-0.004006797,0.00741876,0.69879421,-0.10939946,-0.165066804
2022-08-09,-0.015386266,0.011853288,0.00261641,0.004858454,-0.000138324,0.003113216,0.009661904,0.007250141,0.006298593,0.014008011,0.00950254,0.011343434,0.039077011,0.001465906,0.00662627,0.6245887,-0.19448072,0.575327078
2022-08-10,-0.035462724,-0.017432861,-0.011563916,-0.017930568,-0.001106168,-0.007801447,0.009569444,-0.008290209,0.001672952,-0.006979478,-0.004489889,-0.010406209,-0.01569133,-0.003630053,0.007116,0.66721957,-0.10547263,-0.611881544
2022-08-11,0.024457493,0.026815106,0.006849461,0.025975639,0.000506993,0.024142227,0.029404741,0.027708286,-0.001254431,0.033668061,0.000499999,0.008085829,0.0060643,-0.002789391,0.00758827,0.70579669,-0.29396036,1.02499344
2022-08-12,0.015918447,-0.003898562,0.008366121,0.002400902,-0.000322733,0.006705328,0.007371048,0.018054716,0.002089817,0.002254792,0.0,-0.003102239,-0.007281586,-0.005134231,0.0070315,0.65327213,-0.33191969,0.121448114
2022-08-16,0.02208144,-0.006269632,-0.007054481,-0.004004799,0.002763256,0.010275144,-0.006754742,-0.053073719,-0.005862661,-0.016654435,-0.003003132,0.0,-0.008562743,0.012555427,0.00638824,0.59843525,-0.33584652,0.011761228
2022-08-17,-0.008022208,0.003139729,-0.017989837,0.00480382,-0.000138009,-0.002709724,-0.006180485,-0.010537461,-0.001260757,0.002287458,-0.002509518,-0.015183818,0.0,-0.003085464,0.00656165,0.63102361,-0.32406604,-0.035706948
2022-08-18,0.00517727,-0.020586603,-0.019135431,-0.013671314,-0.000644163,-0.001206581,-0.011221974,0.005282559,-0.008870171,-0.019223968,-0.010101003,-0.012858305,-0.028662398,-0.002010709,0.00699801,0.67020282,-0.29003353,-0.110950785
2022-08-19,-0.009122683,-0.010454301,0.00623898,-0.005684088,-0.002534763,-0.018276559,-0.003768952,0.02085583,-0.004251694,0.012345836,-0.006110047,-0.010600819,-0.017857617,-0.007381264,0.00710318,0.68340739,-0.2952693,0.017891284
2022-08-22,-0.02640118,-0.017945355,-0.00623898,-0.0214,-0.001477688,-0.006476381,-0.013303861,-0.008290209,-0.007269634,0.012195273,-0.006147398,-0.019073049,-0.016872561,-0.002889601,0.00750514,0.72288479,-0.16044822,-0.609916548
2022-08-23,-0.014308557,-0.007434617,-0.00901999,-0.015933221,-0.000647091,-0.005273838,-0.009612506,0.023651482,-0.005163557,-0.00836825,-0.020769306,-0.028377775,-0.010526413,-0.001095567,0.00776195,0.74515801,-0.03478973,-1.528649045
2022-08-24,0.000561369,0.019704748,-0.00495476,0.0,-0.000554846,0.013593042,0.010249963,0.032002756,0.005592589,0.007610387,-0.001049913,0.006581773,0.009216655,-0.005653259,0.00779103,0.75185064,-0.06620435,0.643423942
2022-08-25,0.022381361,0.004057096,0.019672734,0.011764824,-0.005334792,0.004286554,0.015808095,0.012714141,0.008118001,0.0,0.016150642,0.020643231,0.013021017,-0.012359502,0.00804268,0.77490318,-0.23505794,1.267085866
2022-08-26,0.008560334,-0.004057096,0.00405025,0.005830957,-0.000372369,-0.001222812,0.008122553,-0.015671243,-0.000425646,0.009807698,-0.015100729,-0.018458921,-0.002590675,-0.002074892,0.00777833,0.75141682,-0.23505794,0.0
2022-08-29,-0.040527335,-0.024692497,-0.025103674,-0.02864562,-0.004149774,-0.024149828,-0.001868629,0.00197234,-0.021080575,-0.033590944,-0.012140634,-0.028429862,-0.039687748,-0.007296088,0.00875181,0.82682569,0.09610453,0.0
2022-08-30,0.020561467,0.012422366,0.034223875,0.011894677,-0.000233649,0.007493045,0.016079467,0.032948696,0.006500587,0.002326484,0.012140634,0.023719153,0.00404041,0.001206343,0.00933079,0.87322759,-0.06751329,0.0
2022-08-31,0.019240217,0.00410689,0.005060776,0.005894792,-0.00140312,0.001864584,0.029618494,-0.04683777,-0.006935403,0.001547988,0.001572698,0.005046298,-0.012170536,-0.004430327,0.00914606,0.86277447,-0.08845637,0.270184969
2022-09-01,-0.026481891,-0.035881747,-0.009878707,-0.024650576,-0.000936293,-0.028339428,-0.037625778,-0.037663539,-0.010933858,-0.037026679,-0.01690463,-0.019654985,-0.041672696,-0.004774395,0.01053,0.96112723,0.15893377,0.0
2022-09-02,-0.013130964,-0.007676164,0.010675328,-0.00172261,0.002619769,-0.004160723,-0.021250875,-0.009379885,-0.001760575,-0.020268225,-0.004271299,-0.003428136,0.009880109,0.00501656,0.01054804,0.96342497,0.14191752,-0.113241531
2022-09-05,-0.013879946,0.005975182,0.010825105,0.005159048,0.001773897,0.000641234,0.011931085,0.00730309,0.005272369,0.009780029,-0.009137223,-0.023628705,0.012561226,0.006195442,0.01008709,0.92392775,0.11573867,-0.203911239
2022-09-06,0.005156227,-0.000851429,0.00940947,0.0,-4.67e-05,0.018104276,0.008701065,0.002076795,0.004808763,0.012893007,-0.002162254,-0.000703404,0.013774322,-0.002891789,0.01018089,0.97879803,0.06599885,-0.561697487
2022-09-07,-0.018067001,-0.025885604,0.004412654,-0.026065879,-0.001067889,-0.012989217,-0.01747857,-0.039137682,-0.012286241,-0.013704366,-0.009241761,-0.016497049,-0.016552102,-0.002577511,0.0103143,0.97936524,0.24401504,1.307592545
2022-09-08,-0.00427608,0.01216342,0.004135471,0.0,0.003555312,0.017386229,-0.005050566,-0.029558798,0.013593702,0.010496665,0.00978254,0.013148727,0.031487885,0.009312078,0.01039967,0.99658855,0.15500694,-0.453759973
2022-09-13,0.033141647,0.041443585,-0.008028063,0.026923123,-0.002805812,0.016781017,0.039707511,0.057220105,0.001740656,0.039375165,0.013430357,0.025617826,0.060148847,-0.001439272,0.01139971,1.04093748,-0.17091976,0.0
2022-09-14,-0.022678416,-0.00999198,-0.009666842,-0.017286557,0.002945973,-0.01209132,-0.021519477,-0.001049896,-0.01312925,-0.013214339,-0.017223084,-0.028446213,-0.02051354,-0.000480239,0.01161165,1.04920556,0.09741347,0.0
2022-09-15,-0.002702112,0.000836667,-0.016678196,-0.005244732,-0.003273714,0.008386452,0.005577973,0.009409408,-0.008405304,-0.003134799,-0.005443676,-0.015341043,0.0064558,-0.01070476,0.01160291,1.07468606,0.05290942,-0.610383102
2022-09-16,-0.011664268,-0.00251152,0.001600481,-0.002632669,-0.000515355,-0.03397618,-0.017456709,-0.032789823,-0.016573684,-0.017419284,-0.003828441,-0.017956432,-0.022121917,0.001940149,0.01181643,1.08671508,0.14977117,1.040527201
2022-09-19,-0.007458311,0.000837777,-0.004273428,-0.001759164,0.000374815,-0.016454615,-0.036507537,-0.007555331,0.002706335,0.008747571,-0.005494525,-0.010301716,0.022121917,-0.002587725,0.0117092,1.10366958,0.21652724,0.368607763
2022-09-20,-0.003157051,0.005845642,0.004539926,0.015721029,-0.001641277,-0.00195377,0.016176404,0.008630049,0.00494273,0.005527057,0.007136967,0.000739361,0.005134799,-0.00097215,0.01181891,1.12533105,0.16940531,-0.245422232
2022-09-21,-0.010729339,-0.01172556,-0.011793164,-0.013083538,-0.002443227,-0.007853479,-0.001284534,0.002145873,0.001791324,-0.00790518,-0.011001223,-0.028107549,0.0,-0.006749907,0.01174771,1.13035444,0.36836458,0.776779027
2022-09-22,-0.01712538,-0.004221209,-0.013572408,-0.023091619,-0.003298477,0.00196916,-0.010985576,-0.022765149,-0.010344191,-0.013583908,-0.001660626,-0.006864922,-0.005134799,-0.006549336,0.01180058,1.14074954,0.32516948,-0.124726631
2022-09-23,-0.02531261,0.006745409,-0.023224788,-0.014479926,-0.003830444,-0.035712116,-0.00260243,-0.005497571,0.00900102,-0.004030638,-0.015071517,-0.022642489,0.01532597,-0.009324626,0.01171295,1.12930774,0.30684428,-0.058006136
2022-09-26,-0.042577704,-0.049084375,-0.03733164,-0.043789047,-0.006750642,-0.054104977,-0.059729383,-0.070805822,-0.022198048,-0.047982736,-0.017588913,-0.028187776,-0.058725286,-0.015372077,0.01390874,1.21940237,0.78984409,0.945495184
2022-09-27,-0.000870361,-0.023215086,0.007521077,0.0,0.000715475,-0.002873506,0.00551731,0.005899756,-0.001375187,0.010956705,0.008549387,0.007421711,0.001343184,0.008800989,0.0139858,1.22979563,0.73748639,-0.068587938
2022-09-28,-0.024235594,-0.006343703,-0.03072661,-0.018261031,0.00023816,-0.038501535,-0.032858666,-0.009456342,-0.009216626,-0.020322461,-0.007405174,0.002594459,-0.028592826,-0.002339354,0.01375582,1.20511644,1.12624233,0.423394365
2022-09-29,-0.017548286,-0.000909401,0.004743469,-0.007789524,0.00266499,-0.002620302,-0.001422338,0.048677029,0.013336617,0.025339194,0.010238843,0.025970331,0.028592826,-8.37e-05,0.01350284,1.17407795,1.04377895,-0.076038986
2022-09-30,0.006334878,-0.019293261,-0.030023134,-0.008836683,0.00227901,-0.010171503,-0.006426324,-0.001131891,0.014062359,0.023898954,0.0,-0.001943949,0.014657158,0.004423876,0.01348335,1.19468409,1.20477888,0.143448315
2022-10-04,0.058260447,0.029252316,0.017822575,0.010789653,0.005957038,0.040806884,0.036572275,0.034505371,0.022272652,0.012945165,0.00338986,0.014297067,0.106550284,0.012908714,0.01477635,1.31038674,0.91681152,-0.273149416
2022-10-05,0.001063206,0.011644008,-0.012351576,-0.00195297,-0.001084764,0.005799172,0.006882334,0.024852704,0.011824063,0.020684906,-0.008496353,-0.016830008,-0.002380954,-0.005275717,0.01481376,1.32210234,0.83434814,-0.094251162
2022-10-06,0.033235391,-0.007149292,0.009653173,0.005847824,-0.000330425,0.015064844,0.015651947,0.016931635,-0.001306892,0.010963305,0.000568808,0.007579505,-0.007177064,-0.002399813,0.01492677,1.33119109,0.70476282,-0.168789429
2022-10-07,-0.002264115,0.003580723,-0.008441378,0.009671332,-0.003783468,0.004617291,-0.010862327,0.007318361,-0.006560291,-0.046223368,-0.008564149,-0.019748398,-0.002403847,-0.007734833,0.01486597,1.32366979,0.77806361,0.098946961
2022-10-11,-0.02821205,-0.028094052,-0.041730636,-0.034266802,-0.002467071,-0.014275753,-0.007536901,0.026723142,-0.025329075,0.001629992,-0.021443891,-0.026006745,-0.062054645,-0.007374541,0.01509352,1.3271321,1.02021798,0.270963308
2022-10-12,0.017647475,0.007326274,-0.00728656,0.015810645,-0.001093198,0.015338305,0.008901099,-0.013272308,0.002247734,0.002440017,-0.002346141,0.007471164,-0.012886776,0.015192222,0.01503255,1.31967556,0.87754324,-0.150645359
2022-10-13,-0.015953285,-0.006407576,-0.010227004,-0.008862682,0.005832131,-0.032011402,-0.006153817,-0.029199178,-0.003148191,-0.004886003,-0.013002549,-0.013569941,-0.01832512,-0.01099553,0.01367434,1.19121539,1.20870571,0.320179174
2022-10-14,0.02816496,0.036957794,0.015301449,0.025391998,-0.001419421,0.028110014,0.023051879,0.02611119,0.001800192,0.022599832,0.020024284,0.035653712,0.00395518,0.004512809,0.01452665,1.23849232,0.77937255,-0.438816232
2022-10-17,-0.002884228,-0.007996305,0.000948716,0.00384987,-0.000568187,0.008844923,0.006014004,-0.030352981,-0.011759554,-0.022599832,0.001747637,-0.005129197,-0.029374609,0.000583514,0.01454373,1.26640191,0.83958391,0.074417251
2022-10-18,0.005760162,0.01768367,0.026817858,0.019972156,0.000378746,0.028131691,0.00796296,0.001062162,0.002272249,0.002445986,0.019597285,0.0311552,0.016129382,-0.006269594,0.01477676,1.27390457,0.63800675,-0.274557561
2022-10-19,-0.022612733,0.011329031,0.007662936,-0.010411778,-0.0029402,0.0006847,0.001320947,-0.032365256,-0.007746662,-0.02473333,-0.009750637,-0.01623546,-0.009377162,-0.008082905,0.01484777,1.28029228,0.68381974,0.069345482
2022-10-20,-0.018636707,-0.018365141,-0.010127461,-0.037813531,-0.000284821,-0.025651297,-0.001982216,0.033426291,-0.007807232,-0.001670844,-0.002885889,-0.00861058,-0.009465926,-0.00203101,0.01480165,1.27359953,0.79246198,0.147450185
2022-10-21,-0.000855385,-0.007085968,-0.009919492,-0.016941236,-0.004189345,-0.008816849,-0.028851273,-0.012807015,-0.006011551,0.013289232,0.005188927,0.0017673,0.002713706,-0.019848323,0.01478393,1.26998168,0.77937255,-0.016655357
2022-10-24,0.028889747,-0.021563929,-0.019185974,0.022852543,0.004759151,0.001062104,0.018212982,-0.002150593,0.020657129,0.026863642,0.009158535,0.025759119,0.046335224,0.015093332,0.01507996,1.28032664,0.86838064,0.108140971
2022-10-25,0.018738284,0.005434811,0.006015533,-0.01984186,0.000617066,-0.019293147,-0.016852424,0.007506823,-0.002274227,-0.017011346,0.009640051,0.016121682,-0.002590675,0.007715503,0.0149761,1.27545721,0.81733188,-0.060584914
2022-10-26,-0.002450929,-0.006343703,-0.009196237,-0.002005969,0.001848754,0.005396655,-0.008876859,-0.003210357,0.006807312,0.004889985,0.002254771,0.000752441,0.014166367,0.010084101,0.01196629,1.01888232,0.71130754,-0.138940348
2022-10-27,-0.008007488,0.029558789,0.017369755,0.046109118,0.001987232,0.047644672,0.032391457,0.033722928,0.00090421,0.028057953,0.011198106,0.011031147,-0.001279591,-0.000920172,0.01256589,1.05433757,0.541145,-0.273417617
2022-10-28,-0.048357328,0.009662144,0.029613532,0.002872118,0.00207782,-0.003083758,-0.01673951,0.002070447,-0.003168139,-0.015936592,-0.002229405,-0.007465478,-0.005134799,0.007919028,0.01193553,1.00833642,0.61837261,0.133403939
2022-10-31,0.01353835,0.004360815,-0.003044116,-0.005752614,-0.001841409,0.005816946,0.003370408,-0.00935075,-0.011397442,-0.020284671,0.006119544,0.009508786,-0.018182319,-0.00616307,0.01185395,1.00151916,0.52151086,-0.170361106
2022-11-01,0.00425988,0.001739338,-0.00030487,0.008616715,0.003066972,0.045030221,0.012040255,0.00935075,0.000916551,0.021889808,-0.003333363,-0.005582482,0.025874665,0.006578136,0.01196237,1.00702015,0.4089418,-0.243157251
2022-11-02,-0.006396601,0.012089992,0.006080777,0.0,-0.000754102,-0.00326699,0.003981464,0.017427339,0.005026295,0.007987263,0.005549409,0.008176999,0.006365394,0.001078365,0.01017638,0.85562794,0.41155969,0.006381217
2022-11-03,-0.007730343,-0.007755339,-0.018046088,-0.017308324,-0.001415537,0.007173131,-0.008646595,-0.001016803,-0.010538429,-0.01361655,-0.00833559,-0.018870228,-0.02440712,-0.004570218,0.01043132,0.87329306,0.42203123,0.025125252
2022-11-04,-0.005620373,0.006037121,0.006153943,0.018261031,0.002122393,-0.005538368,-0.007375125,0.009114019,0.006885522,0.016000341,0.011098789,-0.001321166,0.025675351,0.003159814,0.01040299,0.87761296,0.37360035,-0.121892673
2022-11-07,0.031369252,0.006000793,0.023944137,0.028170996,-0.002547315,0.016845308,0.039582972,0.012024202,0.015884149,0.033557577,0.001103191,0.006588298,0.04218988,-0.006747485,0.0109766,0.90702131,0.37098247,-0.007031832
2022-11-08,0.025512129,0.008510419,-0.006912166,0.011965071,0.001132941,0.00192549,-0.00323946,0.0,-0.001351643,-0.01002708,0.01096492,0.02409755,0.002427186,0.00141988,0.009848,0.81566538,0.26234023,-0.346512562
2022-11-09,0.008767442,0.020965485,0.006312984,0.019030954,0.002685764,0.014324645,0.026258334,-0.025215703,0.023173921,0.022989518,0.005437533,-0.001099526,0.033376161,0.006240446,0.01005258,0.82834811,0.2767386,0.053431129
2022-11-10,-0.011844048,0.0,-0.007218001,-0.008111801,0.000846427,-0.015286927,-0.00761419,-0.032177141,0.0,0.006795043,0.003248763,-0.003673795,-0.005878912,0.006531365,0.00963698,0.80502314,0.42203123,0.422005938
2022-11-11,0.055147748,0.028631707,0.012895781,0.04512047,0.006980755,0.031277212,0.018927995,0.031155244,0.028232013,0.040551077,0.012355753,0.029197877,0.034765958,0.015454761,0.0105385,0.84085199,0.25972235,-0.48546614
2022-11-14,-0.019235183,0.006430816,0.022393209,-0.001731559,-0.000186493,0.002795448,0.023472325,-0.001023044,0.001283959,0.00432589,0.003730401,-0.009157078,-0.024208675,-0.002111971,0.01030311,0.82269587,0.30553534,0.162452275
2022-11-15,0.030255126,-0.001603855,-0.008779673,0.007768606,0.002518328,-0.000930865,0.00243905,-0.031187532,0.005119499,-0.002881846,0.013210136,0.031602085,0.029887282,0.004624211,0.01012908,0.80759878,0.2152183,-0.350412589
2022-11-16,0.007470634,0.009584767,-0.013613535,-0.004308481,-0.001771442,-0.004044293,0.006071659,0.008412254,0.002125434,-0.019672766,-0.01267856,-0.025129518,-0.019440292,-0.00251224,0.00991257,0.79326748,0.24663292,0.136248216
2022-11-17,-0.019852394,-0.015218602,-0.015616076,-0.02182533,0.001911083,-0.018880319,-0.005462793,-0.015831451,-0.00553552,-0.011843218,-0.002128554,-0.006292264,-0.016298382,0.004372073,0.01009388,0.80381583,0.27542966,0.110431201
2022-11-18,-0.002338677,-0.002424157,0.001814331,-0.000883173,-0.002751469,-0.003819245,0.0,-0.02586353,-0.0008543,-0.008975378,-0.002667382,-0.003613324,-0.008249899,0.002340168,0.00997567,0.79784925,0.24663292,-0.110431201
2022-11-21,-0.024292627,0.005647564,-0.007886006,-0.011550457,0.000840386,-0.010900958,-0.003658512,-0.027671986,-0.010309354,-0.018961509,-0.012903395,-0.016239762,-0.014302985,0.004342952,0.01025639,0.81832228,0.23877927,-0.032361509
2022-11-22,-0.017953145,-0.004030744,-0.014106291,0.035984638,0.000466461,-0.006792908,0.01334965,0.0,-0.003027028,-0.006915126,0.000540779,-0.007941698,0.013118852,-0.000642221,0.01024764,0.81982806,0.1445354,-0.502015108
2022-11-23,0.017153109,0.003226006,0.010445589,-0.008658131,-4.68e-05,0.016098295,0.01138755,0.013378137,-0.003036219,0.001540832,0.003239992,0.0,-0.003560835,-0.000642633,0.01024379,0.82283835,-0.00861088,0.0
2022-11-24,0.015288729,0.016766355,0.000916416,0.026599682,0.004189057,0.019921538,-0.020470257,-0.041837593,0.009941689,0.014520698,0.002691572,0.011614145,0.025823031,0.012377848,0.00968809,0.77585551,-0.14866773,2.848687296
2022-11-25,-0.014088954,0.000791823,-0.005204339,-0.004242767,0.001902463,0.003125994,0.022851297,0.008050625,0.001289478,-0.001518603,0.001611672,-0.009946638,-0.008144315,0.00079335,0.00961202,0.78779802,-0.13296042,-0.111662326
2022-11-28,-0.020594311,-0.027267302,-0.001228543,-0.013698783,-0.001252497,-0.013828001,-0.00835834,-0.050509865,-0.002580622,-0.025395747,-0.009166898,-0.019817496,-0.005858248,0.001030415,0.01027296,0.84157952,0.01756797,0.0
2022-11-29,0.00772203,0.031215207,0.011610276,0.016246585,-0.000232128,0.010388901,0.004784809,0.050509865,0.000430594,0.023874834,0.011311762,0.017036795,-0.001175779,-0.004446233,0.01043279,0.84627954,-0.02955396,0.0
2022-11-30,0.002829926,0.015637491,0.009071713,0.008445878,0.00032498,0.007799139,0.011272566,0.00343051,0.0,-0.006872879,0.009594922,-0.003533251,-0.001177163,0.001510782,0.01042887,0.87266601,-0.02693607,-0.092751464
2022-12-01,0.012636846,0.020729993,0.005403914,0.019984152,0.000788775,-0.004360039,0.00588249,0.018100056,0.015802123,0.038336149,-0.003720488,0.014242399,0.051646589,-0.001033446,0.01035364,0.85799758,-0.06227752,0.838134245
2022-12-02,-0.021558152,-0.010695322,-0.009929452,-0.015787676,0.000463606,-0.019540451,-0.021340423,0.007816881,0.010956736,0.006615239,-0.008556011,-0.017040591,0.02431059,0.006895758,0.01048809,0.86795369,0.06599885,0.0
2022-12-05,-0.002446931,0.00459799,-0.020159541,-0.008410545,0.000463391,-0.004785451,0.001197617,-0.00445932,0.001675053,0.013823429,0.003752176,-0.000373724,0.014092374,0.001184154,0.00989316,0.8197275,-0.00075722,0.0
2022-12-06,-0.018753814,-0.00459799,-0.011169815,-0.00933392,-0.000139082,-0.015794147,-0.026070011,-0.03525095,-0.020288152,-0.015289704,-0.004827134,-0.003932186,-0.041764311,0.004879557,0.01051547,0.87180823,0.02673057,0.0
2022-12-07,-0.014458046,-0.021739964,0.000311974,-0.005128182,0.000840405,-0.009138421,0.006734001,-0.038942917,0.000853654,-0.003675124,-0.000537802,0.000562667,-0.002247192,0.000392487,0.01031318,0.85487704,0.06076308,0.821174513
2022-12-08,-0.003594521,0.006260093,-0.003436949,-0.006016292,-0.000560032,-0.006909057,-0.015370717,-0.021898702,0.007649855,0.018964828,0.005899861,0.000562424,0.016732125,-0.001177924,0.01023607,0.88032459,0.05160048,-0.163451393
2022-12-09,0.019092202,0.026175194,0.007172938,0.016246585,-0.000513785,-0.016980574,0.011703196,-0.013622543,0.005488694,0.010779838,0.014335209,0.018015077,0.024044874,0.002981383,0.00822566,0.71122166,-0.05442387,0.0
2022-12-12,-0.016764856,0.012084776,-0.006860054,-0.003398482,0.001540404,0.002347789,-0.017295031,-0.001247631,-0.004642348,-0.019488166,-0.007407537,-0.01110505,0.005385043,0.000469871,0.00827116,0.7145185,0.06992568,0.0
2022-12-13,0.005899736,-0.000751035,-0.026955777,-0.004264386,-0.000606685,-0.002347789,0.004972025,0.03073382,-0.001269829,0.000728597,0.003181364,0.011841083,0.006424005,-0.002508805,0.00814536,0.71073195,0.1445354,0.726091497
2022-12-14,0.016666973,-0.00527301,0.030079842,0.011894677,0.001632013,0.025200253,0.00433036,0.010836989,0.014715417,0.011585937,0.007909357,0.017141209,0.015881753,0.005323776,0.00859216,0.74414865,-0.09369214,0.0
2022-12-15,-0.014358841,-0.02912092,-0.008142933,-0.00933392,0.001722318,-0.015841921,-0.007435052,0.016627416,-0.010910756,-0.007225465,-0.010028995,-0.009081048,-0.024456296,7.81e-05,0.0085031,0.73318747,-0.16699293,0.577937175
2022-12-16,-0.019685198,-0.001556244,-0.000629083,-0.009421864,-0.000185938,-0.005002501,-0.012515732,-0.011848431,-0.006349166,-0.016819409,0.003177994,-0.00438839,-0.011911348,0.002884645,0.00858552,0.74101806,-0.12510677,-0.288783943
2022-12-19,0.003627502,0.0,-0.018739588,0.005150098,0.000604449,-0.007045825,-0.005050566,-0.009580919,0.005927195,-0.002954212,-0.007964057,-0.006803442,0.004347833,-0.002416351,0.00826929,0.71789373,-0.05049704,-0.907252812
2022-12-20,-0.016103384,0.010844176,-0.004498806,0.0,-0.005033573,-0.013900845,-0.004440166,0.008388282,-0.000844642,-0.011904903,-0.002668696,-0.010385781,-0.002171554,-0.016920871,0.00834599,0.72761821,-0.00075722,-4.200016168
2022-12-21,-0.002600813,0.002308767,-0.006137963,0.001711009,0.001494084,-0.005820998,0.006968704,0.009501266,0.013845437,0.024400471,0.012745891,0.013149575,0.039429721,0.001665441,0.00849196,0.82967731,-0.04787915,4.146781575
2022-12-22,0.018917155,-0.001538466,0.018620136,0.017789469,0.001584963,0.016011214,0.010050301,0.027973873,0.000832951,0.000730194,0.007360475,0.010432915,0.001044387,0.006476596,0.0086303,0.83841049,-0.1813913,1.331976448
2022-12-23,-0.03158385,-0.016298248,-0.010873108,-0.007585367,-0.001025216,-0.022557243,-0.013845409,-0.006920505,-0.013411776,-0.011747565,-0.01743767,-0.032383229,-0.015781495,-0.005684502,0.00925537,0.90231057,-0.07274906,-0.913640591
2022-12-26,0.010711681,-0.00235064,0.008962891,0.005904644,-0.000279715,0.008947037,0.002531605,0.012651099,0.002949232,0.0,0.006376268,0.010849374,-0.003186407,-0.006354322,0.00873041,0.85489478,-0.06882224,-0.055489036
2022-12-27,0.007581555,0.007034412,0.001273929,0.003358534,4.64e-05,0.00614752,0.004415028,0.014747896,0.003359958,0.013934952,0.004755606,0.007044834,0.023134575,0.001433261,0.00838421,0.81919412,-0.11725311,0.532807983
2022-12-28,-0.018952846,-0.011751051,-0.00414608,-0.010109446,-0.002568488,-0.017517168,0.016230096,-0.009049843,0.002094276,0.006533599,0.008398922,-0.014514567,-0.004166673,-0.00534523,0.00838714,0.8737501,-0.05965964,-0.675679187
2022-12-29,-0.026068,-0.011890782,-0.025571843,-0.030084014,0.000233743,-0.020301663,-0.034008315,-0.011428648,-0.001256006,-0.005077994,-0.018465221,-0.017585856,-0.01366285,-0.004650445,0.00834368,0.84867831,0.05421837,0.0
2023-01-02,-0.012721692,-0.023397668,0.018194058,-0.024736207,-0.000748026,-0.006385293,-0.023332255,0.013698854,0.023598627,0.002904868,-0.020441786,-0.010933209,0.008429976,-0.007097376,0.00833813,0.84939963,0.11312078,0.735436317
2023-01-03,0.00774309,0.018601389,0.008655239,0.001787266,0.004108465,-0.002494187,-0.006578966,0.003395564,-0.004922029,0.004341541,-0.007637888,-0.01202974,0.025894766,0.013106751,0.00842745,0.8613252,0.12751915,0.119810452
2023-01-04,0.049783554,0.031548363,0.000638252,0.035091404,0.000605486,-0.003932141,0.002636811,-0.042707071,0.003284016,-0.016745932,-0.006593256,0.001365569,-0.016495219,0.006211681,0.00792784,0.84024341,0.02411269,-1.665528291
2023-01-05,-0.007148258,0.061720211,-0.001276707,0.027212535,0.00018604,-0.010079325,0.007215548,-0.032357523,0.002456054,-0.012560195,0.012054884,0.006024751,-0.013605652,0.001982826,0.0078655,0.83403379,-0.01777348,0.0
2023-01-06,0.028080298,0.022375427,0.018668499,0.006688913,-0.001071178,0.015793652,0.021339285,0.004860281,-0.00862251,0.025689486,-0.001635392,0.00598852,-0.020224212,-0.000158481,0.0081052,0.86902443,-0.03217184,0.593384077
2023-01-09,0.016144638,0.005693818,0.022626008,0.018985369,0.004232061,0.03154829,0.027139596,0.008449032,0.021620262,0.027868899,0.021587477,0.011299608,0.031748698,0.008286383,0.00888474,0.95565001,0.06468991,0.0
2023-01-10,0.003114856,0.012694309,-0.001533429,0.006519917,0.001066815,0.002756734,0.003728999,-0.00481929,-0.003233654,0.011212451,-0.009656582,-0.012455922,-0.021053409,0.002354954,0.00880282,0.95190294,0.0306574,-0.74673117
2023-01-11,0.009697843,-0.020531757,0.003676469,-0.012260117,0.001343556,0.019087169,0.008032152,-0.001208371,0.005652011,0.02205465,0.00053885,0.014738563,0.01268516,0.002505858,0.00884476,0.96717677,-0.00075722,0.0
2023-01-12,-0.000205349,0.00428284,0.0,0.007374146,0.00018513,0.010411527,0.0,0.035633192,0.0,0.011521646,-0.001078435,0.00360354,-0.01268516,0.001406825,0.00849872,0.93822596,0.04636471,0.0
2023-01-13,-0.005560744,0.020444659,0.013064127,0.030549029,0.002865656,0.005663842,0.024917747,0.006976721,0.005219823,0.006715942,0.00484283,0.001891592,0.004246291,0.009405783,0.008399,0.93011077,-0.10416368,0.0
2023-01-16,0.00288712,0.044360715,-0.006358862,0.015711194,-0.000923501,-0.000664676,0.010746351,0.01495144,0.011942857,-0.002680967,0.006420618,-0.001891592,0.027169905,-0.005352766,0.00829949,0.9218664,-0.1447409,0.328981739
2023-01-17,-0.005161534,-0.012088678,-0.003651854,-0.004687477,-0.001386813,-0.009352081,-0.0089472,0.003418781,-0.0039651,-0.01011813,-0.013963855,-0.022786905,-0.008281621,-0.005538058,0.00851546,0.94877831,-0.14866773,0.026768568
2023-01-18,-0.000206924,-0.017723602,-0.00519645,0.000782759,0.002633341,-0.008763088,-0.012055655,0.022498155,-0.004379869,0.032024084,0.002161198,0.002128306,-0.006256538,0.008334382,0.00836102,0.93196397,-0.15521244,0.043080943
2023-01-19,0.00454444,-0.009675374,-0.006765061,0.010895034,0.003638641,0.005738337,0.004235958,-0.032789764,0.003187197,-0.011224945,0.0128688,0.002316496,-0.025425098,0.010954317,0.00829734,0.92365695,-0.14343196,-0.078933983
2023-01-20,0.006164054,0.012422397,0.002157505,-0.003877465,-0.002808432,0.006040314,0.016766898,0.026093361,0.010289001,0.013192803,-0.003736374,0.0,0.025425098,-0.005693618,0.00819236,0.93515458,-0.1539035,0.070465006
2023-01-25,0.037982994,0.01565195,0.014063229,0.009280832,0.001704388,0.020202699,-0.009546643,-0.00561487,0.000787136,-0.001311476,0.000534639,0.006534814,-0.017942434,0.003619987,0.00724745,0.82808011,-0.14997667,-0.025846034
2023-01-26,0.007269896,0.013413981,0.043078101,0.002306833,0.000184118,0.023332272,0.021353208,0.0,0.009007269,0.001966569,0.002135592,0.002296181,0.011646505,-0.000846071,0.00741618,0.84272646,-0.19055389,0.239455293
2023-01-27,-0.002352048,-0.005343973,-0.011405374,0.001534881,-0.00115106,0.004793032,0.003514914,0.012311274,-0.012159381,0.001308901,0.00955407,0.007995402,-0.003162891,-0.003236994,0.00737704,0.84342127,-0.14735879,-0.25706468
2023-01-30,-0.005706916,-0.016205671,-0.016009867,-0.01779542,0.001059083,-0.012510148,-0.018890823,-0.025916936,0.002364976,-0.016485701,-0.012759226,-0.01297718,-0.004232811,0.003929288,0.00781793,0.87997004,-0.07929378,-0.619710672
2023-01-31,-0.009916873,-0.032517504,-0.007198516,-0.010989105,-0.001934876,-0.001291996,-0.009580943,-0.02543486,-0.008302081,-0.00868119,-0.006979857,-0.001345545,-0.011733468,-0.0060931,0.00722013,0.8117151,-0.0308629,-0.943604874
2023-02-01,0.013266274,0.01257882,0.017604473,0.025712319,0.002348899,0.014120966,0.008388452,0.02200435,0.006726026,0.012662615,0.001614921,0.023758594,0.01067246,0.005708551,0.0073525,0.8174492,-0.05835069,0.636916369
2023-02-02,0.018513634,-0.017513553,-0.001183759,0.006899302,0.002343238,0.006669802,-0.004185366,-0.027876391,0.012539356,-0.007311432,0.005364936,0.015099582,0.01892801,0.003225559,0.00735647,0.84182645,-0.11856205,0.708965268
2023-02-03,-0.010286418,0.007042222,0.023124144,-0.003827095,0.001604996,-0.005077787,-0.008423719,-0.011848431,-0.018868455,-0.015462493,-0.003752176,-0.001110721,-0.025317808,0.004208293,0.00758276,0.86555545,-0.12772465,0.074440323
2023-02-06,-0.015729782,-0.014846388,-0.01193439,-0.020922874,-0.003718209,-0.002229633,-0.003631937,-0.03147962,-0.020040766,-0.015705342,-0.004845325,-0.012112398,-0.045909701,-0.010284054,0.0086055,0.96743398,-0.05704175,-0.806093319
2023-02-07,0.023890018,0.00284496,-0.000585781,-0.002352047,-0.001150581,0.01141419,-0.00913804,0.02310126,-0.00283803,-0.004829261,-0.003784859,0.005422185,-0.007860793,-0.002007698,0.00847499,0.95613988,-0.08845637,0.43872598
2023-02-08,0.023710405,0.014804358,0.0180028,0.033953961,0.000368355,0.000630385,0.00427476,0.023754105,0.00202802,0.013054119,0.007017424,0.005578257,-0.002257337,-0.001702027,0.00780268,0.94983802,-0.06358647,-0.330108724
2023-02-09,0.002642016,-0.029110963,-0.001439872,-0.007616243,-0.002442334,0.013145725,0.005469562,0.013986253,0.00081001,-0.003418807,-0.001614921,-0.001855915,0.004509591,-0.003801261,0.00780409,0.94984458,-0.00468405,-2.608237592
2023-02-10,-0.012707603,0.013595958,-0.003464201,-0.006135003,0.000922308,-0.010628406,-0.00303503,-0.008134828,-0.011400771,-0.003430535,-0.011924317,-0.020267252,-0.020455259,0.000543931,0.00796881,0.9673773,-0.05965964,2.544492625
2023-02-13,-0.009589652,-0.000710822,-0.003186084,-0.000769508,-0.002445975,0.006577939,0.003640688,0.013905217,0.002045442,-0.015235752,-0.002730007,-0.004940993,-0.002298852,-0.005765032,0.00793817,0.96653304,0.03196634,0.0
2023-02-14,0.022108781,-0.02666824,0.01811175,0.006904511,0.001385212,-0.001249678,0.009044565,0.00688071,-0.001636003,0.017981121,0.004364621,0.003802957,0.001150086,0.003743284,0.00772798,0.95321301,0.06992568,0.78274949
2023-02-15,-0.015577882,-0.041004835,-0.016952016,-0.022420764,-0.001570183,-0.01766052,0.022552917,-0.014968542,-0.007807756,-0.005498296,-0.017019503,-0.020516568,-0.01272429,-0.005698507,0.00798875,0.96690609,0.02542163,-1.011832577
2023-02-16,0.025518937,-0.002285456,0.033341026,0.021656048,0.000138673,0.040529235,0.007600073,0.013825115,-0.006207366,0.000688943,-0.000553887,0.015379021,-0.001164822,-0.000704755,0.00820666,0.99610532,-0.01908242,0.0
2023-02-17,-0.0197914,0.013636438,-0.000280199,-0.006139795,-0.004167616,-0.013844215,0.020179456,-0.0196425,-0.006246056,0.002751033,-0.007228124,-0.011126107,-0.012903405,-0.012772212,0.00829677,1.00226675,0.03196634,0.0
2023-02-20,0.010792432,0.009734201,-0.000560752,0.000769508,4.63e-05,-0.003413549,0.0320162,-0.008201547,0.010388551,0.008888947,0.00833559,0.022129859,0.01639381,0.000713874,0.00847221,1.01887543,0.08563299,0.985387132
2023-02-21,-0.009460744,0.002232981,0.00643081,0.00766285,-0.00064974,0.024563827,0.028876939,-0.009456342,-0.002483421,0.00881063,-0.002216047,-0.011576115,-0.002325582,0.001663726,0.00833618,1.00686532,0.11835655,0.323631073
2023-02-22,-0.026781368,-0.018004867,-0.018281944,-0.025513517,0.0,-0.024252932,-0.017335036,-0.005955978,-0.001244027,0.010070579,-0.015651722,-0.026498057,0.003486349,-0.003171391,0.00865142,1.02510736,0.2060557,0.554444842
2023-02-23,0.02297182,0.006037684,0.012972503,0.007023129,0.00116014,-0.002177675,-0.013755657,-0.024184935,-0.003741394,-0.011421018,0.004496991,0.005278074,-0.008153802,0.00451613,0.00828662,1.00815165,0.13144598,-0.449550552
2023-02-24,-0.005741711,-0.000752643,-0.008158753,0.002329955,0.00231625,-0.006561497,-0.024110916,0.024184935,-0.002919709,-0.019789114,-0.003933513,-0.008615715,-0.017699577,0.003944787,0.00831098,1.02729191,0.10788501,-0.197530031
2023-02-27,-0.012360083,0.000752643,0.000282395,-0.004665607,-0.00347639,0.001566147,0.00565932,-0.001195488,-0.008810626,-0.023711013,-0.01417684,-0.014459971,-0.031441526,-0.005368688,0.00816418,1.00240168,0.18249474,0.525655413
2023-02-28,0.002329221,0.008242772,0.000846948,0.01393219,-0.003395313,0.006551325,-0.014208871,0.001195488,0.002104773,0.012622889,-0.001714731,0.006364372,-0.001229256,-0.012426513,0.00792289,0.99719652,0.07123462,-0.940742414
2023-03-02,-0.004858746,-0.012767592,0.020112376,-0.006168114,-0.000885553,0.016345757,0.042583527,0.020107168,0.010458166,0.026814945,-0.002864396,-0.005367258,0.012225091,-0.006513623,0.00755288,0.94601839,0.04243788,-0.517937577
2023-03-03,0.00291808,-0.013698973,0.001381717,-0.016374653,0.001630558,0.023879102,0.0,0.005837647,0.004567176,-0.010228524,0.014806687,0.023637093,0.007263954,0.005069849,0.007591,0.94931048,-0.03871656,0.0
2023-03-06,0.020191099,-0.000766758,0.006880561,0.00470586,0.00167463,0.015118037,-0.0188267,0.011574269,0.006606098,-0.007567976,0.003385802,0.004079696,0.009603915,0.003125621,0.00762333,0.98031208,-0.10547263,1.002184072
2023-03-07,-0.0068769,0.003063155,-0.012419159,-0.012598623,0.001207704,0.004110359,0.006685209,0.019373757,-0.003297553,0.005509656,0.006737983,0.019392042,-0.007194276,0.006778601,0.00681149,0.8812592,-0.13557831,0.251097919
2023-03-08,-0.010598382,-0.012307793,-0.001389397,-0.010354449,-0.003411192,-0.015353012,-0.023596595,-0.036785673,-0.020438659,-0.018718051,-0.015792739,-0.010897822,-0.053131705,-0.005179531,0.00780651,0.96873644,-0.1015458,-0.289039479
2023-03-09,-0.005244359,-0.002324868,0.002776866,0.006384627,0.000374395,-0.01167156,-0.00971147,-0.010594603,0.000842424,0.0,0.003405134,0.004794436,-0.001269841,-0.001999254,0.00737363,0.92352222,-0.19055389,0.629425113
2023-03-10,-0.033666446,-0.021168747,-0.008074582,-0.016847502,0.005273592,-0.010591795,-0.013873129,-0.020323519,0.010054531,-0.00561405,-0.015991173,-0.017757716,0.001269841,0.013516934,0.00760061,0.94315136,-0.05573281,-1.22936602
2023-03-13,0.004020127,0.010247896,-0.005888043,0.014458074,0.006495019,0.024640661,0.004066236,0.022687646,0.024296007,0.018822445,0.0,-0.000389593,0.037364247,0.015827305,0.00813348,0.98993152,0.02803951,0.0
2023-03-14,-0.044296798,-0.03268508,-0.031132108,-0.045684963,0.005119771,-0.024032386,-0.03060868,-0.031177668,0.016542691,-0.013208395,-0.019180849,-0.031868083,0.048906585,0.008052094,0.00883032,1.05899318,0.4089418,2.679958261
2023-03-15,0.0,0.012882759,0.022659768,0.000834356,-0.006461744,0.027587902,0.013654093,-0.028414504,-0.005215713,0.00418995,0.011088335,0.01318702,-0.004667453,-0.009607997,0.00879585,1.06371713,0.10003136,-1.408089111
2023-03-16,0.020546572,-0.016129525,-0.010262331,-0.014279969,0.003420619,-0.006528123,-0.009478712,-0.060702898,0.008810649,-0.032580785,-0.005237119,-0.005174187,0.0,0.002798933,0.00858512,1.03384555,0.25972235,0.954129439
2023-03-17,0.05281218,0.004866299,0.011396035,0.010101121,-0.002125067,-0.021059779,-0.001191197,0.009277708,0.007942906,0.009315725,0.021928147,0.039320564,0.0104713,-0.001087567,0.00860724,1.02331862,0.03589317,-1.979066149
2023-03-20,0.003307204,0.00323103,-0.017431424,-0.001676405,0.004291695,-0.004265656,-0.001789429,-0.036269921,0.029236095,-0.012199649,0.005123819,0.007834097,0.024014876,0.007125191,0.00855932,1.02100181,0.34480362,2.262428011
2023-03-21,-0.010935577,0.006430816,0.000288236,0.004185845,-0.000921449,0.003961595,0.014226567,0.012236703,-0.006165688,0.013625166,0.001135005,-0.005534912,0.003384098,0.00077144,0.00835985,1.00384234,0.19951099,-0.547105715
2023-03-22,0.020022044,0.003998511,0.011176575,0.002503068,0.000829155,0.024039548,0.002351645,0.027983161,-0.018334848,0.012035544,-0.003978342,-0.001723893,-0.005646542,0.000770846,0.00844201,1.02165208,0.03982,-1.611500024
2023-03-23,0.004416779,0.001594809,-0.001426093,-0.006688913,0.002851246,0.002076327,0.006438451,0.016938561,0.020651429,0.024332101,-0.005138328,-0.018576359,0.030119399,0.002308917,0.00815974,1.01307057,-0.00206616,0.0
2023-03-24,0.042575574,-0.023378713,-0.010615377,-0.002520072,0.001376393,-0.007733565,-0.009967714,-0.003883535,0.002695937,0.010929071,-0.002866274,-0.003521886,-0.001099505,0.004908013,0.00815941,1.01471424,-0.05180598,3.221813775
2023-03-27,-0.000367363,-0.006546593,-0.004335978,-0.010143722,-0.001789627,0.005954138,0.018681278,-0.003898612,-0.010438886,-0.016438726,0.009142836,0.018641291,-0.001100716,-0.003064661,0.00809313,1.01223182,-0.00206616,-3.221813775
2023-03-28,0.031817644,0.021925238,0.010374838,0.00761756,-0.001609389,0.005033313,0.021173828,0.043318846,-0.007020318,0.007567976,-0.006849397,-0.019425594,-0.001101928,-0.001920232,0.00805438,1.00335089,-0.1539035,4.310633971
2023-03-29,0.009210046,-0.000803445,0.018745192,0.006722639,-0.000644357,0.028818862,0.010701208,0.011159485,0.002345561,-0.007567976,0.001717047,-0.008470473,0.00549754,-0.001692799,0.00812058,1.04621155,-0.24029371,0.445536184
2023-03-30,0.020590561,-0.006451655,0.003090369,0.004178848,0.001150591,0.020168221,-0.002804989,-0.009913348,0.003118932,0.004822607,-0.005159182,0.005327018,0.016313575,-0.000539239,0.0079921,1.03277666,-0.29919613,0.219237345
2023-03-31,0.006198372,0.007255099,0.016138135,0.005821259,-0.000460124,0.004769198,0.026061787,0.017284394,0.007754958,0.001373627,0.005159182,0.0094008,0.016051709,-0.001696645,0.00816447,1.04770489,-0.31621238,0.055314765
2023-04-03,-0.00810004,-0.006446175,-0.006368429,-0.005821259,-0.001473525,-0.00308338,0.02112189,0.066296453,-0.014002579,-0.004126553,-0.004010487,-0.009794456,-0.01067246,-0.004874438,0.00812829,1.04367446,-0.27563516,-0.137335969
2023-04-04,-0.023283313,0.00564273,-0.002503215,0.009132438,0.002439315,-0.003374483,-0.022765263,0.019285839,0.012456376,-0.004143652,0.022702589,0.046162092,0.009610325,0.006031554,0.00819204,1.04950093,-0.36202537,0.272636185
2023-04-05,0.00123898,0.001606338,0.011903304,0.003300341,0.000551451,0.011761543,0.006557465,0.003365204,0.02294556,-0.018156923,0.001121521,0.013443034,0.0477269,-0.000231316,0.00712933,0.91469617,-0.34370017,-0.051944614
2023-04-06,-0.020191844,-0.021907638,-0.01023368,-0.023334266,0.001331282,-0.011761543,-0.015367948,-0.010129554,-0.005687164,0.00911967,0.002799119,0.006285864,-0.00609758,0.003771418,0.00739179,0.9817974,-0.2769441,-0.215953998
2023-04-07,0.043792382,0.01465857,-0.003620792,0.019207157,-0.000367189,0.02805343,0.001657786,0.002259834,0.001140023,0.00069808,-0.000559613,-0.001844617,0.0,-0.000768535,0.00696508,0.91921502,-0.34500912,0.219755171
2023-04-10,-0.003634872,-0.009748467,0.000558018,-0.004144121,0.000963476,0.058253428,0.026697369,0.003380371,-0.011459293,0.000697593,0.004464367,0.010103796,-0.004085808,0.003453706,0.00660691,0.87120622,-0.29657824,-0.151259789
2023-04-11,0.020764397,0.000815996,0.039638746,0.024611503,-0.000917404,0.028529624,0.02127727,-0.001125521,0.003068684,-0.004893404,0.016018125,0.017933591,0.009169703,-0.0006898,0.00535966,0.69438421,-0.30966767,0.043188628
2023-04-12,-0.00852812,0.003257247,0.035026687,0.008874648,-0.000321376,-0.049945894,0.002628288,0.012311274,0.007250586,0.009068775,0.006553983,0.032500255,0.011094415,-0.000230039,0.00536515,0.70061352,-0.28348882,-0.088327003
2023-04-13,-0.012756655,-0.000813341,-0.004149414,0.008796494,0.000825921,-0.002378788,-0.012678583,0.016547523,0.002278748,-0.002781643,0.008132337,0.01569137,0.00699653,-0.000920625,0.00448289,0.59014721,-0.32275709,0.12972731
2023-04-14,-0.002779697,0.02887138,-0.005733634,0.011084902,0.000504523,0.00606782,0.041141079,-0.005485401,0.011316569,0.034226476,0.003234418,-0.003427616,0.017769471,-0.000383869,0.00440553,0.57949958,-0.33584652,0.039754273
2023-04-17,-0.004883105,-0.005548981,-0.000261413,0.002359274,-0.00174366,0.001576827,0.030647865,-0.004410154,-0.015498299,-0.004721763,-0.005937967,-0.008967137,-0.019763489,-0.005158056,0.00464415,0.60942996,-0.32668392,-0.027661172
2023-04-18,-0.014971684,0.000794691,-0.018736489,0.000785304,-0.000735054,0.009409312,-0.008447259,-0.011111289,-0.006880769,-0.011560822,-0.001083469,-0.019591329,-0.015083242,-0.001158395,0.00527554,0.68678632,-0.36857008,0.120637772
2023-04-19,0.002658394,0.007122847,0.018997901,0.0054795,-0.000276009,-0.014939226,0.005970015,-0.008978743,-0.004999026,-0.005486982,-0.003801414,-0.00691311,-0.003044142,-0.000695718,0.00534616,0.69999803,-0.4091473,0.104444368
2023-04-20,-0.019661041,0.004720807,-0.012625081,-0.004694813,-0.001656484,-0.013826501,-0.007968037,-0.022806024,0.003463506,0.001374571,-0.005455444,-0.019215752,0.009104767,-0.00387388,0.00576568,0.7515554,-0.43925298,0.071000273
2023-04-21,0.017180155,-0.001571006,-0.007972335,-0.007083937,0.002805461,-0.018101212,-0.026857423,-0.018626864,-0.005006727,-0.01243969,-0.007687993,-0.007462101,-0.007074309,0.006191001,0.00611533,0.80140981,-0.44056193,0.002975514
2023-04-24,-0.023517828,-0.01106734,0.015356248,-0.020750863,0.001514083,0.000545165,-0.005149448,-0.004711322,-0.003868464,-0.008379937,-0.008303404,-0.006414357,-0.008146685,0.003311898,0.00635553,0.82866039,-0.4091473,-0.073975788
2023-04-25,-0.014270298,0.006339185,0.015900228,-0.005661191,0.000275042,-0.020091506,-0.031998433,0.024490953,0.007337311,-0.002808991,-0.008933763,-0.008493397,0.009160369,-0.000923165,0.00627713,0.83275265,-0.38820422,-0.052543697
2023-04-26,0.011359559,-0.006339185,-0.026199967,-0.010599369,-9.16e-05,-0.009497152,-0.010718322,-0.015090287,0.000769274,-0.018453327,0.003918331,0.003332093,-0.00609758,0.000538616,0.00643637,0.86303336,-0.37904162,-0.023885527
2023-04-27,0.011499653,-0.014437499,0.002441259,-0.015398147,-0.000917081,0.030211998,0.021858926,-0.035718053,0.001920448,-0.009355952,-0.0074096,-0.00074015,0.001018849,-0.002001978,0.00642401,0.88183013,-0.4091473,0.076429224
2023-04-28,-0.001452933,0.009365318,-0.011718322,0.016246667,-0.000596881,-0.002206895,-0.024625124,0.007246474,-0.00731753,0.009355952,0.002856409,-0.002594995,-0.003059666,-0.001774381,0.00616497,0.84675856,-0.45496029,0.106134903
2023-05-02,0.001634447,0.007598564,0.021424528,0.000847801,-0.000826757,0.012078145,0.02083406,0.001202558,-0.001547399,0.002861232,0.001709776,0.0075807,-0.003069056,-0.000386152,0.00625473,0.8592867,-0.49422857,0.082787962
2023-05-03,0.014054289,-0.006751134,-0.011875932,-0.010221538,0.002065418,-0.029348722,-0.018067632,-0.046748957,0.01574833,-0.017291497,-0.009153199,-0.009996393,0.015251948,0.002854001,0.00641674,0.9075365,-0.37904162,-0.265352088
2023-05-04,-0.017143855,0.0,-0.003536145,-0.000856605,0.002290512,0.007557746,-0.002766428,-0.03982543,0.011368103,0.010842173,0.013131766,0.031318388,0.016016358,0.004687411,0.0061889,0.87527323,-0.35548066,-0.064175169
2023-05-08,0.004540129,0.019287916,0.015412077,0.022034905,-0.001511066,-0.005592905,-0.012824169,0.034774911,-0.009084075,0.000718649,-0.001703096,-0.014164006,0.000992556,-0.001687993,0.00602139,0.86434345,-0.40783836,0.137400074
2023-05-09,-0.012764611,-0.001662433,0.007750878,-0.001677909,9.16e-05,-0.009297099,0.001682099,0.01132804,0.00265806,0.000718133,0.010175339,0.017404361,-0.003976148,0.0,0.00579154,0.83129056,-0.4706676,0.143281193
2023-05-10,-0.006998184,-0.012558049,0.017681017,0.0,-9.16e-05,-0.017704697,-0.015810689,0.007481337,0.000379094,-0.002875631,-0.002252408,-0.008664388,-0.000996512,-0.00276837,0.00568649,0.8219618,-0.42092779,-0.111690814
2023-05-11,-0.009096828,0.015880246,0.004697245,0.011686229,0.001282104,-0.015094552,0.00510945,0.003719754,0.001893612,-0.012314534,-0.002822319,-0.006365317,-0.011027681,0.003919564,0.0048088,0.69543515,-0.48113914,0.133695202
2023-05-12,0.006506146,-0.016722837,-0.005482323,-0.000830204,0.000457485,-0.008223297,-0.011962519,-0.033986905,-0.012181352,-0.035612072,-0.005100612,-0.006589866,-0.057039825,0.002298541,0.00528863,0.74384067,-0.53087896,0.098377547
2023-05-15,-0.015310185,0.003367033,0.008082545,-0.001662391,-0.001556319,-0.008886275,0.009127186,-0.010296109,0.003059296,0.009022618,0.003403182,0.001101331,0.004259857,-0.005063721,0.00523984,0.75831519,-0.54658627,0.029158106
2023-05-16,0.011969469,0.003355734,-0.025244739,-0.010033601,0.001419259,0.01006523,-0.001136412,0.015404681,-0.004592461,-0.01129105,-0.006818216,-0.004596891,-0.011758553,0.001383576,0.00443684,0.65384362,-0.57538301,0.051343769
2023-05-17,0.017507118,-0.003355734,0.015852323,0.005029341,-0.000640719,0.021274231,-0.012585977,-0.008957169,-0.00963585,-0.007598821,0.000570002,0.020070009,-0.002152853,-0.000153636,0.00458652,0.679346,-0.58454561,0.015798887
2023-05-19,0.071547186,0.015012818,0.009652034,0.008326459,-0.002337363,-0.015107825,0.010879111,0.031628183,-0.010120708,0.012883846,0.00227665,0.001804768,0.0,-0.007866788,0.00513175,0.75673394,-0.50470011,-0.146870399
2023-05-22,-0.001191188,0.003305723,0.003110282,0.012361121,0.000688013,0.018274644,0.009634527,-0.025222038,0.00273491,-0.003772166,0.009054891,0.0146772,-0.001078167,0.001702027,0.00523931,0.77246891,-0.42485461,-0.172217395
2023-05-23,-0.003069606,0.00493832,-0.001294838,0.005716611,-0.001651997,0.010863417,0.006745323,0.021479018,-0.006262293,-0.011402632,0.006178143,0.009373087,-0.008667443,-0.005658751,0.00514031,0.78025413,-0.44841558,0.05397342
2023-05-25,0.011040421,-0.017391651,-0.015143878,0.001627394,-0.003404644,-0.011438374,-0.022663758,0.021027414,-0.003145914,-0.028695261,-0.016940122,-0.012398307,-0.023116054,-0.010471303,0.00532735,0.79389478,-0.38165951,-0.16119156
2023-05-26,0.018907969,-0.00418612,-0.000263102,-0.013917618,-0.000968206,-0.007505829,-0.002869623,-0.028555686,-0.003550966,0.021790745,-0.002280313,-0.009310683,0.001112966,-0.002438144,0.00522989,0.78198079,-0.39605788,0.037031486
2023-05-30,0.018719814,0.010847221,-0.010848005,0.015542283,-0.000599735,0.00606676,-0.005185817,0.00502514,-0.008733699,0.0,-0.005150231,0.000899057,0.0,-0.001181915,0.00525836,0.7967919,-0.4183099,0.054662183
2023-05-31,-0.006201126,-0.000830272,0.001063573,0.005665714,0.002719514,-0.005487358,-0.006374894,-0.039621796,0.014645066,0.000769527,0.003436549,0.002513013,0.013259863,0.009260095,0.00511597,0.77522906,-0.41700096,-0.003134021
2023-06-01,0.007664132,-0.009178322,-0.012299749,-0.014634384,0.000874216,0.004911127,0.000581191,-0.013123559,-0.000393026,0.012232568,0.002854431,0.023213519,0.008743225,-0.001250609,0.00512005,0.78407488,-0.47590337,0.132126305
2023-06-02,-0.005375048,0.00834736,0.009905035,0.017052719,0.001287111,0.027289895,0.025245169,0.031211921,0.007830869,0.012084739,-0.002283031,-0.005973319,0.016190316,0.004681679,0.0056717,0.85320016,-0.52695213,0.10189488
2023-06-05,-0.011002637,0.014032217,0.012442249,0.00321546,-0.002069148,0.008655677,0.019636047,0.027779586,-0.018103608,-0.006779687,0.002853034,-0.002116725,-0.021645867,-0.005855547,0.00556104,0.83867503,-0.51124482,-0.030261134
2023-06-07,0.006583309,-0.003284012,-0.026120796,-0.000802875,0.001922089,0.033892194,0.00221962,-0.021397907,0.008699164,0.014259153,-0.005714347,-0.004956636,0.002185793,0.003829483,0.00524988,0.79217526,-0.5596757,0.090508934
2023-06-08,0.004582671,-0.004120126,-0.003245956,-0.002412585,-0.002495978,-0.005119217,0.002767844,0.013897866,-0.009096328,-0.002985077,-0.005170829,-0.012320554,0.004357305,-0.008696018,0.00525858,0.8441396,-0.59501715,0.06123272
2023-06-09,0.029286028,0.009860379,0.007826292,0.008019305,0.000786388,0.012616056,-0.003322173,-0.017721997,0.010669903,0.00447428,0.002301538,0.014447856,0.029980832,0.002043679,0.00549,0.87277197,-0.63166754,0.059772983
2023-06-12,-0.006363375,-0.004096675,-0.005390866,-0.012053118,0.000693606,-0.000266839,-0.003333362,-0.021950512,-0.001967375,-0.002234638,-0.003454238,-0.014268149,-0.00528822,0.000941858,0.00564368,0.91026538,-0.59370821,-0.061975242
2023-06-13,0.025058491,-0.004113617,0.0035073,0.004033813,0.000461747,0.006912996,-0.004461876,-0.025116971,0.0,0.006688988,-0.002887753,0.002869935,0.0,0.0,0.00559331,0.9310765,-0.55313099,-0.070793125
2023-06-14,-0.01379115,-0.006616934,0.002958283,-0.012966155,-0.001941742,-0.029852864,0.00501817,0.029025742,-0.00790828,0.007380107,-0.010465224,-0.014251134,-0.01603455,-0.00534884,0.00572995,1.01478879,-0.58061878,0.048499552
2023-06-15,0.02416515,-0.00582625,-0.004305815,-0.000815978,-0.002641115,0.004901992,-0.008377545,-0.014407563,-0.006371949,0.00293686,-0.005273971,-0.008759183,-0.015201161,-0.003476341,0.00489109,0.86445481,-0.61988706,0.065442903
2023-06-16,0.000308034,0.001667979,-0.006221962,0.0,0.001298283,0.017771072,0.009489321,0.028610556,0.013492241,0.016721582,0.008192059,0.007486501,0.021645867,0.002213592,0.00522272,0.9320839,-0.63559437,0.025023277
2023-06-19,-0.011304815,-0.005850323,0.002980503,-0.009844199,9.26e-05,0.014045544,0.001665292,0.003838748,-0.003158334,-0.005784543,-0.007604647,-0.004558264,0.004273511,0.001578125,0.00519782,0.95140752,-0.60679763,-0.046365235
2023-06-20,0.009917947,-0.001677866,-0.00869569,-0.003302995,0.001250251,-0.005541754,-0.019603052,-0.001277925,-0.001582916,-0.00508907,-0.005298751,-0.004212051,-0.007490672,0.000236513,0.00528934,0.96240056,-0.64999274,0.068765852
2023-06-21,-0.020879562,-0.012674309,0.028254359,0.003302995,0.0,-0.016542489,-0.013094312,0.005102056,-0.009150614,0.007262196,-0.00770379,-0.014604237,-0.034976243,0.001732724,0.00509167,0.91570154,-0.60548869,-0.07092531
2023-06-22,-0.005209582,0.010152266,-0.005054023,-0.003302995,-0.001111161,0.006168753,0.005144141,0.012642341,-0.002801682,0.0,0.000594688,0.003346379,-0.024776042,-0.002915789,0.00503483,0.91093209,-0.621196,0.025610768
2023-06-23,0.001897592,-0.013559545,-0.013693351,-0.024279198,-0.00013909,-0.014543709,-0.01435546,-0.048915776,-0.007644405,0.001446132,-0.005365146,-0.000371243,-0.012622084,-0.000789529,0.00553623,0.97461199,-0.64737485,0.041278841
2023-06-26,0.014429306,0.003407278,0.014226499,0.016807151,0.001157708,-0.0087195,0.012643724,0.010498792,0.004030626,-0.017493157,0.008925984,0.014378034,0.018307147,0.0048064,0.00542427,0.94425386,-0.59239926,-0.08874466
2023-06-27,-0.005151776,0.00169897,0.017961495,-0.00585039,0.000786695,-0.010730522,0.013613356,0.006506177,0.001206097,0.003669729,-0.018535597,-0.032930099,0.013513719,0.0,0.0054012,0.93990638,-0.62904965,0.060029355
2023-06-28,0.008726896,0.003390139,0.001046598,0.00167501,-0.00023133,-0.032614661,-0.020490227,-0.026282678,-0.006853549,-0.012532416,-0.000603724,0.000378267,-0.006734032,0.00031431,0.00556986,0.97233151,-0.6395212,0.016509583
2023-06-29,0.010034731,-0.009350141,-0.004981042,-0.013479572,0.0,-0.004870324,-0.005766853,0.017162118,-0.005679527,-0.01194044,-0.008490075,-0.003978479,-0.006779687,-0.001887655,0.00561401,0.98380389,-0.66177322,0.034203158
2023-06-30,-0.008639323,0.005111064,0.016938571,0.012642418,-0.00333604,0.019622292,0.010356605,0.007822732,0.001219828,-0.003760817,0.006071773,0.003789326,-0.00911168,-0.005842871,0.00569244,0.99768895,-0.70627727,0.065084965
2023-07-07,-0.036930197,-0.032818307,0.008234612,-0.035809486,-0.000603533,0.038397259,-0.034355456,0.029432698,0.003650344,0.006010537,-0.037624071,-0.04446893,0.006841532,-0.004603568,0.00542604,0.94784153,-0.4457977,-0.460142632
2023-07-10,-0.019153331,0.006126934,0.001536689,0.001734664,-0.000836335,-0.001898859,-0.001185709,0.015019067,0.004443564,0.003738322,-0.001257821,-0.011733291,0.015783868,-0.006304625,0.00540064,0.94347803,-0.43925298,-0.01478975
2023-07-14,0.105802978,0.042705094,0.022268134,0.049037671,0.00551568,0.029166034,0.070968135,0.043749357,0.017183256,0.041657466,0.041903918,0.05525629,0.072268634,0.014228614,0.01146829,1.42722034,-0.62774071,0.357051688
2023-07-17,0.011433666,-0.000836523,-0.01818244,-0.005792385,-0.000739773,-0.003169624,0.009348314,-0.027729316,-0.00198298,-0.015873349,-0.009093799,-0.010847931,0.001040042,0.002128727,0.01152305,1.43918299,-0.62512283,-0.004179041
2023-07-19,-0.009666163,-0.010092588,-0.003574094,-0.011686229,0.001663778,0.034835898,0.005458533,0.014563375,0.011446758,-0.012440702,-0.009177193,0.001338559,0.003113651,0.00815757,0.01139472,1.43329512,-0.6643911,0.060922824
2023-07-20,0.008937147,0.002532782,-0.011575729,-0.00168064,0.000507792,0.000766172,0.002175188,-0.002412608,0.002351997,0.000736106,0.001228524,0.010266188,0.006198367,-0.003286385,0.01131261,1.43282711,-0.62381388,-0.063018927
2023-07-21,-0.022270677,0.005046124,0.000517289,-0.005904674,-0.001154397,0.013188054,0.034173108,0.014388749,-0.005890475,0.005137626,0.012202748,0.017623208,-0.011393184,-0.00306134,0.01133544,1.43854086,-0.60679763,-0.027656713
2023-07-24,-0.007184568,-0.016067988,-0.015112309,-0.015345545,-9.25e-05,0.02635657,0.058120145,0.004750607,-0.004737428,-0.007347572,-0.015892731,-0.025789602,-0.0104713,0.000314422,0.01126692,1.45998675,-0.50600905,-0.181640787
2023-07-26,-0.025714592,0.010178378,-0.013213656,-0.014712594,-0.000184916,0.011467856,-0.011457078,0.030340798,0.00434355,0.016093983,-0.025586532,-0.037102464,0.00210305,-0.00204551,0.0112844,1.46472167,-0.45234241,-0.112115117
2023-07-28,0.082647612,0.02087743,0.00159488,0.025818951,-0.000462245,-0.066967484,0.012447322,0.005730595,-0.011093612,0.005788728,0.026817957,0.04318616,-0.018018506,-0.004815506,0.01128673,1.44902486,-0.50208223,0.104324474
2023-08-03,-0.032595822,0.013951872,-0.017415098,0.019352802,-0.00120315,0.043153879,0.005920039,-0.001143427,-0.00920563,-0.007241161,0.036851126,0.047381171,-0.028201435,-0.009940825,0.01129954,1.46684997,-0.27563516,-0.599685804
2023-08-04,-0.0045552,0.008116903,-0.002164555,0.012422457,-0.000185259,-0.008232605,-0.014367291,0.012507251,-0.000804471,0.007241161,0.005913664,-0.002352738,-0.006622541,-0.002881374,0.01124474,1.46137823,-0.31883027,0.145580785
2023-08-07,-0.000589293,0.000808131,-0.023014699,0.020367343,0.002128054,-0.046400698,-0.024243588,0.025656726,0.002010005,-0.013803343,0.003531437,-0.010747927,0.001106807,0.00647147,0.01118664,1.46057461,-0.29788718,-0.067944068
2023-08-08,-0.021749663,-0.00242609,0.00110806,-0.010539183,0.0,-0.001312865,0.024243588,-0.009961379,-0.002010005,-0.005869423,-0.008852177,-0.010679505,-0.015607898,0.005559137,0.01124853,1.46529575,-0.3384644,0.127704093
2023-08-09,0.003157668,-0.012220431,0.011287126,-0.008183368,0.000831194,0.015382986,-0.001998087,0.011062123,-0.001610966,-0.001472754,0.020534527,0.040273887,-0.010163837,-0.001981883,0.01089828,1.42402808,-0.50208223,0.394344994
2023-08-10,-0.015889001,-0.004929935,0.001641121,-0.006595203,-0.00166347,0.009014746,-0.005515154,0.019608433,-0.006875645,-0.001474927,0.016129439,0.010260101,-0.00912207,-0.001667759,0.01084041,1.42597389,-0.52171636,0.038360157
2023-08-11,-0.002596401,0.005749413,0.018950165,0.00495041,-0.00032369,-0.004883683,-0.009598391,-0.021811132,-0.000812063,-0.012625493,-0.002861313,-0.001232719,0.004571437,-0.00302499,0.01085234,1.433935,-0.59501715,0.13146616
2023-08-14,-0.015566337,-0.00245991,-0.010513588,-0.006606095,-0.000694331,-0.028487469,-0.012771628,-0.007747666,-0.001626027,-0.008255206,0.003432386,-0.015091184,-0.005717568,-0.003674128,0.01092936,1.43025266,-0.50339117,-0.167222687
2023-08-16,0.00603954,-0.011560822,-0.01556771,-0.009155287,0.001434206,-0.041407642,-0.030273691,-0.01454982,-0.004485156,-0.007564333,-0.02662178,-0.028303875,0.0,0.000959724,0.01135091,1.45763182,-0.37118797,-0.30465895
2023-08-17,0.006003222,0.0,0.002748888,-0.004189373,-0.00310199,0.016986773,-0.004780922,-0.012478873,-0.006971593,-0.007621988,-0.010020686,-0.012220071,-0.005750447,-0.009235876,0.01137764,1.45873302,-0.31621238,-0.160294516
2023-08-18,0.021257946,-0.000830962,0.004928763,-0.002522021,0.002408329,-0.015330258,-0.011783801,0.011350813,-0.000411549,0.010654591,0.001775736,0.002047113,0.010327114,0.006193449,0.01112275,1.42450308,-0.25600102,-0.211232648
2023-08-21,-0.001804388,0.00414774,-0.007127338,0.001682054,-0.001574128,0.024255216,0.004837456,0.014566123,-0.002060616,0.0,-0.00355469,0.000929056,0.0,-0.004742161,0.01112217,1.42881729,-0.25600102,0.0
2023-08-22,-0.015471318,0.000827433,0.005760653,0.006700153,0.000463301,0.021311385,0.008542526,-0.014566123,0.005758961,0.002268432,-0.007147029,-0.008205912,0.023689771,-0.00056414,0.00499609,0.64705496,-0.347627,0.305948637
2023-08-23,0.00030568,0.007416611,0.000546853,0.001668113,0.000879344,-0.017817218,-0.011764896,-0.005659246,0.001639356,0.015736556,0.002388043,-0.006010563,0.013289232,0.005787309,0.00489708,0.63466873,-0.39474894,0.127119902
2023-08-24,0.024304917,-0.001643579,-0.009338101,0.00249692,0.000971324,0.006951918,0.022867395,-0.013714511,0.008156626,-0.002232975,0.004165478,0.013101431,0.023914183,0.003120869,0.00508136,0.65655793,-0.52957002,0.293815426
2023-08-25,-0.033670165,-0.006600465,-0.003316832,-0.003330585,-0.001480386,-0.002400919,0.009419078,0.011441725,-0.002439994,-0.000745434,0.003556617,-0.004472578,-0.009714054,-0.004323826,0.00511959,0.66055183,-0.4091473,-0.257990156
2023-08-28,0.000154273,0.008244044,0.001659849,0.009132484,0.002127464,0.012475198,0.03077179,0.007932032,0.001220741,-0.002239643,-0.000591992,-0.009382674,0.008639363,0.005282157,0.00520216,0.66964203,-0.4981554,0.196836839
2023-08-29,0.014849107,0.004913964,0.01997592,0.009049836,-0.000184926,-0.006616359,-0.001010654,-0.004524787,0.00284264,0.001493652,0.004136004,0.019787813,0.005361943,0.003187756,0.00533074,0.6838723,-0.58847244,0.166618018
2023-08-30,0.017622299,0.004076545,0.004595194,0.006530596,0.000646701,0.014760399,0.010560799,0.02131319,0.007272768,-0.001493652,0.002355696,0.006448658,0.01169604,-0.000796003,0.00549755,0.71902454,-0.64606591,0.093371432
2023-08-31,0.008769976,0.012131128,-0.002159768,-0.008169996,0.000600106,0.00026157,-0.007532105,0.002217243,0.003616605,0.001493652,-0.003535599,-0.009039811,-0.006362694,0.00182986,0.00514569,0.67294841,-0.68140736,0.05325878
2023-09-01,0.021232264,-0.001608847,-0.001081692,-0.001642005,0.000922513,-0.023555344,-0.006066695,0.022989563,-0.003214087,0.008915364,-0.007109103,-0.013996692,0.0,0.004045548,0.00505268,0.66156349,-0.71413092,0.046906
2023-09-04,-0.003628797,0.003215286,-0.001895809,0.011438072,-0.001522619,-0.00160812,0.042200337,0.017167816,0.004016057,0.005899722,0.0,0.001126982,-0.012848142,-0.006512666,0.00513784,0.67191818,-0.71936669,0.007304921
2023-09-05,0.000290849,-0.000802941,0.001083743,-0.009796067,-0.000461775,-0.005109686,0.007748249,0.008474529,-0.006433519,-0.008862687,0.002968265,0.009714289,-0.020686639,-0.00239328,0.00506492,0.6690302,-0.72852929,0.012656603
2023-09-06,-0.015086364,0.004008185,-0.004613788,-0.004110166,-0.000369652,-0.015487278,-0.015066994,0.009448923,-0.005257824,-0.002227999,-0.003562953,0.005376841,-0.007730574,0.0,0.00505413,0.66646041,-0.72329352,-0.007212716
2023-09-07,0.000147544,-0.004008185,-0.008468843,-0.00330027,-0.002641592,-0.022429338,-0.018285764,0.006250076,-0.003249415,-0.008961972,-0.006565195,-0.005748778,-0.020157457,-0.006651458,0.00521792,0.68231671,-0.69318784,-0.042514099
2023-09-08,-0.027981119,-0.000803498,-0.000274364,0.014766447,0.002697115,0.001119451,0.019264555,-0.006250076,0.003654871,-0.007530156,0.011904875,0.018609499,0.00338792,0.007449876,0.00526696,0.69766206,-0.73114718,0.053313764
2023-09-11,-0.010678999,0.0119859,-0.008820441,0.0,-0.001719829,-0.008144974,-0.012306395,0.007287883,0.000405291,-0.00151286,0.007075449,0.026658608,-0.00338792,-0.006887187,0.00525392,0.69677832,-0.72852929,-0.003586949
2023-09-12,0.004590694,-0.004777029,0.003040878,-0.003262669,0.0,-0.01505924,-0.018495805,0.004140796,-0.004060162,0.009043016,-0.007667441,-0.016668513,-0.002265007,0.000722992,0.00497119,0.65785757,-0.73114718,0.003586949
2023-09-13,-0.006432937,0.012688439,0.00879355,0.012987204,-9.3e-05,-0.028751637,-0.002525841,0.013340408,-0.005302863,-0.000750469,-0.004153001,-0.010355238,-0.006825965,0.000321162,0.00394069,0.52133244,-0.69973255,-0.04391659
2023-09-14,0.032353637,0.006284352,0.002459384,0.005629264,0.001394966,0.016364929,0.008562123,0.003053415,-0.001637342,0.002998503,0.012407854,0.012521713,-0.010327114,0.003685904,0.00403519,0.53061371,-0.78088699,0.10973225
2023-09-15,-0.000446439,0.028562358,0.017316417,0.015121703,-0.000557862,0.010093902,0.037888929,0.02211152,0.00612624,0.009683502,0.00818715,-0.003432412,0.020548668,-0.000960248,0.00471636,0.61700419,-0.81884633,0.047465995
2023-09-18,-0.032060841,-0.003048807,-0.014590868,-0.003957358,-0.00088343,0.004294848,-0.000966224,0.002977648,0.004874128,-0.009683502,0.000582164,-0.000724143,0.003384098,-0.004252095,0.00487231,0.63578638,-0.67224476,-0.197273935
2023-09-19,-0.010505228,-0.006893866,-0.001907172,-0.003177067,0.000185919,-0.0091849,-0.003388905,0.005928827,0.000405047,-0.003749536,-0.004082755,-0.00126846,0.001125493,0.00256944,0.00494045,0.64396007,-0.65915533,-0.019663288
2023-09-20,-0.007795479,0.003835652,0.022115388,0.00238383,-0.00083761,0.0091849,0.014444071,-0.018896624,0.000809762,-0.007541514,-0.004686559,-0.018114092,-0.001125493,-0.002489043,0.00495487,0.64633863,-0.64868379,-0.016013841
2023-09-21,-0.025361981,-0.003067344,-0.017218577,-0.023284851,-0.000885023,-0.020785945,-0.030084715,-0.008064566,-0.0016201,-0.003032603,-0.014193039,-0.019577452,0.001125493,-0.004673679,0.0056297,0.72457774,-0.52695213,-0.207835662
2023-09-22,0.009745279,0.00153468,0.000813602,-0.007338018,0.001071219,-0.009084345,0.002951226,0.016064615,-0.002435042,-0.006092936,-0.008373284,-0.011552003,0.014517285,0.002339602,0.00556578,0.71968808,-0.4981554,-0.056197633
2023-09-25,-0.003503791,-0.006925614,0.014001419,-0.00081865,0.001581425,-0.024435069,-0.032953498,0.00298357,-0.001626689,-0.006130287,0.0,-0.004773307,-0.004444452,0.000644382,0.00554384,0.71454735,-0.50862694,0.020802744
2023-09-26,-0.013330251,-0.021858625,-0.014272471,-0.021524034,-0.0002325,-0.010614175,-0.01225744,-0.016016371,-0.004896003,-0.0061681,-0.007838314,-0.018544096,-0.022523475,-0.002983984,0.00601874,0.76253725,-0.42485461,-0.179967804
2023-09-27,0.008692919,0.003151771,0.011058679,0.0,0.000371943,0.0060791,-0.003088034,0.025897931,-0.008626052,-0.003874472,0.013826343,0.025030273,-0.005711038,0.00088808,0.00586745,0.74156181,-0.38035057,-0.110653636
2023-10-04,-0.011769658,-0.019865428,-0.02141872,-0.032315746,-0.005965864,-0.05097437,-0.035680685,-0.028929745,-0.042990181,-0.018018506,-0.016857652,-0.022498864,-0.082336287,-0.02516884,0.00865033,0.99313902,0.01364115,0.0
2023-10-05,0.00871959,-0.005633819,-0.001920137,0.002589507,0.001588069,-0.004474307,0.01115536,-0.045556465,0.002151036,-0.003960401,-0.005479534,-0.010950433,0.006199648,0.002727145,0.00862891,0.990073,-0.08452955,0.0
2023-10-06,0.006889387,0.029425686,0.013093451,0.007728711,0.000466655,0.00574894,0.00841681,-0.024666228,-0.002581816,-0.003179653,0.011532869,0.031164868,-0.014944238,0.006498656,0.00868906,0.99425397,-0.07798483,-0.080586857
2023-10-10,-0.015122508,0.008583769,-0.016944936,0.01948396,0.001538355,-0.023848961,-0.021711299,0.038343386,0.021313696,0.019708955,0.003614405,-0.006884767,0.039365476,0.002374984,0.00885671,1.01383153,-0.05573281,-0.335945299
2023-10-11,0.025763485,-0.003112782,0.006593475,0.015813856,0.000651917,0.043401848,0.013822688,-0.001045505,0.001264477,-0.006264703,0.006592739,0.012017303,0.006013247,0.005465578,0.00920615,1.04398458,-0.1630661,1.073586618
2023-10-12,0.024191552,0.007764075,0.002188124,0.004120327,0.000884154,0.025895376,0.040864295,-0.030804294,0.010475696,0.002353865,0.0,0.007555775,0.014285957,0.004869372,0.00935693,1.0674686,-0.29919613,0.606943671
2023-10-13,0.0,-0.00154817,-0.019589461,-0.004946416,-0.000186032,-0.019358441,-0.015836943,0.013926346,-0.002086329,-0.014207027,-0.005390855,-0.015742381,-0.007117468,-0.006171839,0.00940676,1.07269875,-0.26647256,-0.115828038
2023-10-16,-0.01272521,0.00232123,-0.011207775,-0.004971092,-0.00027919,-0.002796286,-0.010872355,0.037582637,0.019032355,0.0,0.001800183,-0.006328545,0.024692613,-8.15e-05,0.00944507,1.0764171,-0.119871,-0.798855109
2023-10-17,0.031817058,-0.005424352,-0.012475418,0.001659807,-4.67e-05,0.003416664,0.003118422,-0.006166469,0.002864824,-0.004780886,-0.001800183,-0.002118396,-0.004656586,-0.003918058,0.00943357,1.08028606,-0.23636688,0.67896901
2023-10-18,-0.001665493,0.01694944,0.016131788,0.009079716,-0.00204946,-0.009658874,0.006207927,0.021418405,0.010164683,0.015848192,-0.016959762,-0.039521499,0.028754137,-0.005083672,0.00949067,1.08722691,-0.25992785,0.095018918
2023-10-19,-0.030151566,-0.009980673,-0.011293211,-0.014900914,-0.001353173,-0.026008445,-0.035699315,-0.003031814,0.004037214,-0.013454892,-0.006742315,-0.015156488,-0.0102565,-0.006929,0.0096724,1.08914218,0.03196634,0.0
2023-10-20,-0.013680488,-0.009302636,-0.023848345,-0.002505261,0.002285352,-0.036653341,-0.03425171,0.024001171,0.015590966,-0.004792341,-0.010509987,-0.0042852,-0.001146132,0.00305797,0.00914165,1.03445643,0.20212888,1.84422204
2023-10-23,-0.010824701,-0.020456951,0.008973928,-0.059423372,-0.001445201,-0.013085275,-0.012242835,-0.022989511,0.000396534,0.00080032,-0.00124393,-0.001227758,0.018182319,-0.001734428,0.00922223,1.03591504,0.21783619,0.074837845
2023-10-24,0.029335043,-0.001591277,-0.004332211,0.014097158,0.001631501,0.01972981,0.006140211,-0.012207689,-0.000396534,0.014297305,0.012368714,0.033225654,-0.006779687,0.007658463,0.00955231,1.38561094,0.10919395,-0.690617699
2023-10-25,0.002483717,-0.002391106,0.0,0.014763521,-0.000512448,-0.034701152,-0.010629513,-0.0301322,-0.001190779,0.008637667,0.010394562,-0.008752761,-0.00911168,0.001147779,0.00954933,1.3866235,0.07516145,-0.373487192
2023-10-26,-0.039530927,-0.017713969,-0.017813264,-0.018269339,-0.001819117,-0.058954766,-0.033164823,0.014660012,0.0051496,-0.011797227,-0.009780081,-0.00581112,0.001143511,-0.010378142,0.00968795,1.36289435,0.41286863,1.703490989
2023-10-27,-0.009724464,-0.012260117,0.0,0.002630469,0.002238419,0.014799044,0.012135343,0.0,0.001579166,0.00315956,-0.007398316,0.004611511,-0.002288331,0.00857386,0.00970724,1.36551349,0.26626706,-0.438629665
2023-10-30,-0.000162917,-0.024137725,-0.018436391,0.006110863,-0.000792129,0.028956828,0.037761618,-0.003123353,0.005115077,0.010200167,0.00309888,0.002796644,0.005711038,-0.002959543,0.00979591,1.3783621,0.267576,0.004903848
2023-10-31,-0.035649979,-0.002530368,-0.017560226,-0.009619664,-0.000326533,-0.032546239,-0.033748891,-0.01788584,-0.002751032,-0.003127446,0.003089307,-0.008011196,0.005678607,-0.000658882,0.00973273,1.3468875,0.24925081,-0.07094398
2023-11-01,0.020054169,0.010920021,0.006393621,0.027731432,0.000466398,-0.006131681,-0.008041559,-0.014973501,-0.007505497,-0.001567398,0.011042958,0.004414118,-0.02406993,0.002386319,0.00961495,1.33098763,0.10526713,-0.861958444
2023-11-02,0.056919426,0.00166928,0.024285463,0.009357789,0.003582547,0.045269419,0.021113544,-0.003238077,0.002771729,0.012470933,0.001219584,0.02393543,0.013825105,0.010465301,0.00812838,1.0918556,-0.06489541,0.0
2023-11-03,0.001873763,0.021453046,0.000888222,0.020947602,0.000417901,0.016801354,0.010671304,0.016086229,0.000790558,0.016135579,0.002434591,0.000390908,-0.010350869,0.005191896,0.00826982,1.10375452,-0.16830187,0.952982315
2023-11-06,0.042156543,0.046260254,0.036895989,0.05485243,0.002550163,0.115475794,0.076857535,-0.021506221,-0.001185994,-0.00534965,0.035238136,0.051224906,0.018328119,0.00460144,0.01094956,1.26624781,0.08694193,0.0
2023-11-07,0.0,-0.027658991,-0.01871366,-0.015025947,0.000231596,-0.024844081,-0.025145464,-0.007637768,-0.007942906,-0.000766577,-0.005295848,-0.009325001,-0.012564414,-0.000725147,0.01128069,1.28975683,0.03196634,-1.00055695
2023-11-08,-0.012946119,-0.004014181,-0.001454248,-0.00319228,0.000462642,-0.042829702,-0.024162213,-0.039089288,-0.00159618,-0.003072199,0.007640296,0.003927071,-0.016222836,0.003138449,0.01133715,1.2864748,-0.05573281,0.0
2023-11-09,0.004233401,0.01278978,0.000872779,0.007168436,0.000879152,-0.007809989,0.001086412,-0.017232001,-0.009227711,-0.011605546,-0.000585419,-0.007681468,-0.001168907,0.005528612,0.01117333,1.27148226,-0.14997667,0.989910727
2023-11-10,0.010804462,-0.007174217,-0.012582431,-0.00876849,-0.000971539,-0.030853316,-0.005989643,0.005777057,0.003620971,-0.000778513,-0.009417447,-0.002825114,0.009313222,-0.000959263,0.01109522,1.26146449,-0.11201734,-0.291826068
2023-11-13,-0.017465063,0.001598734,-0.005610509,0.000800305,0.000231379,-0.002699121,-0.010983209,0.005743874,-0.009685291,-0.010176213,0.00236257,-0.014629372,-0.030590621,-0.002242014,0.01115854,1.26394213,-0.0400255,-1.02913693
2023-11-14,0.007414745,0.011909679,0.019936155,0.011137699,0.00120226,0.027983207,0.012074845,0.022651042,0.003238891,0.011732634,0.007640296,0.013119306,0.013056565,0.001762006,0.01150944,1.29056359,-0.0832206,0.731978162
2023-11-15,0.02265709,0.014106586,0.030868324,0.013359721,0.003275599,0.023056671,0.013008413,0.004469284,0.012851589,0.006974069,0.008163375,0.027572577,0.03817699,0.013906218,0.01209132,1.33894133,-0.09761897,0.159576926
2023-11-16,0.00719582,-0.000778477,0.015361336,0.00233922,0.000782837,-0.01000167,-0.005399585,-0.028266488,-0.003998393,0.003853569,0.0,-0.000183762,0.013528955,7.89e-05,0.0116818,1.2954151,-0.13165148,0.299086289
2023-11-17,-0.002783971,-0.006249899,0.00110806,-0.01096326,0.001333879,-0.012398155,-0.008154497,-0.040965357,0.00917251,-0.003853569,-0.001743576,-0.004605359,0.011135973,0.001655662,0.01161762,1.28618267,-0.18793601,0.355943405
2023-11-20,0.004830461,0.003129918,-0.007224261,0.0,0.000551582,0.028480857,0.010317809,0.042111518,-0.000794248,0.014565225,0.005800408,0.009372456,-0.006666691,0.002596265,0.01148175,1.26412214,-0.17091976,-0.094907326
2023-11-21,-0.00102278,0.015504139,0.009436704,0.001573534,0.000504945,0.00699522,0.003236273,0.00798633,0.005151562,0.012103022,0.003464117,0.008741636,0.002227172,0.003529555,0.01142635,1.25455224,-0.23636688,0.324190968
2023-11-22,0.004230288,0.001537291,-0.006095864,-0.003938571,-0.000459205,-0.003809524,0.006976053,0.003403268,0.003550966,-0.004521485,-0.002308039,-0.003451115,0.002222223,-0.00313676,0.01135008,1.24616702,-0.27563516,0.153692933
2023-11-23,-0.016585117,0.002301389,0.009129803,0.00157734,-0.000321531,0.005392569,0.002136843,-0.011389598,-0.001971176,-0.003025721,0.008055342,0.008515329,-0.001110494,0.00391943,0.01067107,1.17572134,-0.37380585,0.304658438
2023-11-24,-0.002370796,-0.008464617,-0.000275422,-0.002366903,0.000413466,-0.007940275,0.00955925,-0.004592434,-0.000789622,0.003025721,-0.013849147,-0.012708948,-0.002224695,-0.005491477,0.01075731,1.18522375,-0.38558634,0.031028592
2023-11-27,0.014579462,-0.00464769,0.004946486,0.0,-0.000551428,-0.003513863,-0.012231073,-0.018583592,0.008651272,0.003016594,0.000580893,-0.011947543,0.037162746,0.0014935,0.01075735,1.18855363,-0.36464326,-0.055845631
2023-11-28,0.012494811,0.006963206,0.00328404,0.000789562,0.001469621,0.010504637,0.003738425,0.001171676,0.002346478,-0.007558615,0.005212911,0.018140647,0.001072386,0.003919738,0.01027979,1.13659235,-0.34500912,-0.055348654
2023-11-29,-0.002747054,-0.010073738,-0.004930114,-0.010313513,0.00261236,0.003161586,-0.001600439,0.020858189,0.01473472,0.015060526,-0.012790736,-0.013160458,0.012779727,0.006473013,0.01028045,1.14331374,-0.44317981,0.250404728
2023-11-30,0.013374686,0.011614667,0.00274199,0.007942869,-0.000412085,0.010050325,0.006916777,0.021554993,-0.001540843,-0.002994014,0.004670096,0.002389057,0.003169575,-0.004831267,0.00985054,1.09214686,-0.46150501,0.04051733
2023-12-01,-0.005730624,-0.006177675,-0.014063401,-0.01033795,-0.000274818,-0.017973048,-0.005316338,-0.029614888,-0.000385601,0.001498128,-0.007600094,-0.002941228,0.009448889,0.001248985,0.00997902,1.10198684,-0.45626924,-0.011409836
2023-12-04,-0.014472019,-0.000774857,-0.003059369,0.024477991,0.001876316,-0.01668314,0.012711914,-0.030518766,0.019477451,0.002989539,-0.000587269,-0.00553811,0.007287903,0.005601423,0.00690122,0.76352553,-0.44187087,-0.032065384
2023-12-05,-0.032294313,-0.007001037,-0.003627801,-0.000780321,0.001005128,-0.00649135,0.002103139,-0.003582184,-0.024116067,-0.004487666,0.012835985,0.004801503,-0.036982556,0.002479452,0.00658914,0.72588105,-0.41176519,-0.07056443
2023-12-06,0.01107966,0.008550406,-0.000559239,0.005449665,0.001825074,-0.001955702,-0.007380201,-0.009615467,-0.004270955,-0.004507896,-0.004648622,-0.009626172,-0.013001267,0.005402474,0.0061765,0.68120969,-0.44841558,0.085267177
2023-12-07,-0.005374798,-0.008550406,0.0,-0.002331947,-0.001947314,-0.003595342,-0.014388628,-0.041929667,0.0,-0.015939616,-0.003500732,-0.003540504,-0.019824438,-0.004551559,0.00654514,0.72007183,-0.14866773,-1.104006621
2023-12-08,0.01912725,0.006225494,0.013061294,0.005432665,0.000461581,0.017527174,0.004819323,0.01624025,0.001555144,0.006862398,0.011621373,0.023430688,0.003331486,0.002008318,0.00674835,0.73615659,-0.42223673,1.043852313
2023-12-11,0.00337209,0.002324912,0.003857623,0.006172904,-0.000553999,-0.003545512,-0.003746428,0.009864452,-0.015661978,0.006060625,0.012629313,0.016636888,-0.033825096,-0.001776376,0.00649523,0.70853955,-0.44448875,0.051358617
2023-12-12,0.016260562,0.007709945,0.003020837,0.00153725,0.001107999,-0.002586484,0.003212019,0.004895974,-0.005143409,-0.000755572,0.006255286,0.010880347,0.001146132,0.002856143,0.0060631,0.66129625,-0.46281395,0.040400392
2023-12-13,0.0,-0.008484457,-0.003846194,-0.002306843,-9.22e-05,-0.021928509,-0.013993691,-0.046229347,-0.007165644,-0.002270149,-0.006255286,-0.011956975,-0.01966518,7.71e-05,0.00540923,0.58400185,-0.48244809,0.041548192
2023-12-14,0.016991899,0.014610015,-0.002756236,0.010719895,0.00657788,0.003963013,0.017728017,0.01522867,0.030686842,0.006042314,0.009085766,0.020787818,0.053452177,0.014994128,0.00645262,0.68338993,-0.507318,0.050264696
2023-12-15,-0.00567925,0.010630404,0.012616524,0.001522122,-0.001422308,0.032109079,0.00212786,0.024876925,0.000387393,0.011976191,-0.015380427,-0.022764594,0.007722046,-0.001215583,0.00636443,0.68274523,-0.52433425,0.032991337
2023-12-18,0.007235526,-0.006820971,0.005707422,-0.009167434,0.000458937,0.019596086,0.010044843,0.006123753,-0.007385799,0.001486989,0.002866059,0.018888633,-0.006615239,0.001443351,0.00619697,0.66498291,-0.48637491,-0.075149616
2023-12-19,-0.000848506,-0.002283868,-0.002441921,0.004594182,-0.000550719,0.008415172,0.002102034,0.004872061,0.000390037,-0.004467617,0.007981976,0.013848907,-0.006659292,0.00166872,0.0060991,0.65460026,-0.5413505,0.107087197
2023-12-20,0.006205911,0.018127609,0.033919616,0.014410609,0.001605657,0.012951169,0.006279287,0.018061944,0.008156966,0.016284594,0.015215737,0.017943886,0.009972382,0.003480109,0.00668801,0.70638835,-0.41961884,-0.254720168
2023-12-21,0.0,-0.002998691,0.00052503,-0.005285004,0.000779009,-0.014815069,-0.007855343,0.001192636,-0.004264408,-0.005152753,0.001117952,0.006307061,0.009873915,-0.001435993,0.00671747,0.71997207,-0.39998471,-0.047920454
2023-12-22,0.003088517,-0.002254769,0.002359449,-0.007598836,-0.001008209,-0.015353582,-0.001578435,0.004756255,0.006582855,0.005152753,0.0,0.009807289,-0.001092299,-0.000832308,0.00663374,0.71099445,-0.39474894,-0.013176353
2023-12-26,-0.000700997,-0.001505954,0.001831334,0.006083633,0.001466323,-0.009836638,-0.005279847,-0.008338439,0.008837678,-0.003677827,0.009452353,0.009212091,0.003273325,0.004456053,0.00663412,0.7128732,-0.22720429,-0.552400399
2023-12-27,0.015864394,-0.000753911,-0.001831334,-0.003797881,0.000961015,0.009204958,0.021990257,0.016607808,0.000382504,0.005878048,0.00551871,0.015221979,-0.002181026,-0.000753877,0.00667416,0.72732619,-0.18793601,-0.189748036
2023-12-28,0.001655452,0.020157331,0.026103002,0.016604155,0.001142927,0.00943399,0.012352178,-0.011834525,0.009514827,0.002926118,0.029286378,0.028968773,0.003269758,0.005940079,0.00701366,0.75780512,-0.02693607,-1.942635252
2024-01-02,0.015455428,-0.010401202,-0.007682415,-0.013564697,-0.002562055,-0.004391501,-0.014425773,-0.014388749,-0.006460203,-0.009541357,0.044428552,0.046440183,-0.012041744,-0.010247945,0.00697905,0.8363297,0.08170616,0.0
2024-01-03,-0.025429168,-0.02113278,-0.029479144,-0.026914322,-0.001099873,-0.022894457,-0.027355795,-0.031904512,-0.004968531,-0.006659292,-0.004098398,-0.000761629,-0.016657798,-0.00204712,0.00782496,0.90797953,0.03851106,-0.752183924
2024-01-04,-0.002788211,-0.015373214,-0.013594794,-0.009397162,0.001146036,0.001285759,-0.005883804,0.035521244,-0.009624721,-0.006703936,-0.031285171,-0.044881341,-0.028394866,0.004392302,0.00814919,0.93692192,0.02803951,-0.317330886
2024-01-05,-0.001676732,-0.00699551,-0.011336146,-0.007106175,-0.00055014,0.004167352,0.012793229,-0.008459301,-0.001548598,0.00447428,-0.004778277,-0.0020742,0.001151411,-0.006671746,0.00798151,0.91850744,-0.02431819,0.0
2024-01-08,-0.001959692,0.001558517,-0.010368408,-0.006359368,-0.000229061,-0.009320337,-0.012257036,0.0,-0.005828598,-0.011223462,-0.017177044,-0.022287681,-0.001151411,0.000912425,0.00815403,0.93981784,-0.02824502,0.149692529
2024-01-09,-0.003087216,0.006985162,0.0,0.007942869,0.00128275,-0.000322961,-0.005915446,-0.025815806,0.000389581,0.004504512,0.005399514,0.017003004,0.003450262,0.003262644,0.0078282,0.90830693,-0.07405801,0.963931546
2024-01-10,-0.014297042,-0.002323027,0.009282128,-0.00874062,0.000320411,-0.008759154,-0.010846214,0.018507607,-0.001949654,-0.015094626,-0.003776564,-0.001606914,-0.010386706,-0.001061108,0.0076526,0.89193543,-0.15652139,0.748343973
2024-01-11,0.005686517,0.01767239,-0.005996289,0.021319411,0.000960771,-0.004244916,-0.002183273,-0.003674196,0.001949654,0.008330226,-0.004333625,-0.003060339,0.006936444,0.002953087,0.00767087,0.89385613,-0.1107084,-0.34629296
2024-01-12,-0.016004841,-0.009181384,-0.008786535,-0.010208147,0.000137015,-0.01284388,-0.013755557,0.017031995,0.001168062,0.0,-0.016420969,-0.020370551,-0.00809721,-0.00052941,0.0078262,0.90623263,-0.15913927,0.362880013
2024-01-15,-0.008099573,0.021293581,0.011243792,-0.001579749,0.001051089,-0.009993443,-0.008344805,-0.0060496,0.010451008,-0.006810469,-0.011657065,-0.021635135,0.014985871,0.002795082,0.00743521,0.86181624,-0.14997667,-0.059299982
2024-01-16,-0.014186653,-0.009070429,-0.014005356,-0.004754359,-0.001599869,-0.008067262,-0.003918272,-0.004866193,-0.004244662,-0.00075959,-0.00391612,0.00402959,-0.00573725,-0.002719435,0.00665562,0.78449986,-0.10547263,-0.352028261
2024-01-17,-0.008580023,-0.017618072,-0.023787286,-0.012790035,-0.001006702,-0.035380655,-0.024987216,-0.008573207,-0.016374629,-0.001520913,-0.026698296,-0.032700473,-0.016241656,-0.004928889,0.00747221,0.85759587,0.17333214,0.0
2024-01-19,0.057166823,0.0,-0.005395482,-0.004838626,-0.000916403,-0.021202255,-0.003456251,0.024302492,0.002747793,-0.00152323,-0.003460355,-0.013596145,-0.001170275,-0.003731781,0.00743502,0.86036995,-0.04526127,0.0
2024-01-22,0.021240329,-0.003096087,-0.005138528,-0.004050236,0.001419843,-0.035627102,-0.013360542,-0.007228893,0.000783666,0.0,0.014339215,0.022215452,-0.020107123,0.004035807,0.00739256,0.86087,0.00316961,0.0
2024-01-23,-0.00468125,0.032039356,0.017870387,0.015304412,9.16e-05,0.007741984,0.006993029,0.02153189,0.001565568,-0.002289204,0.005678537,0.007183196,0.005955944,-0.000380047,0.00695083,0.80580837,-0.07798483,0.0
2024-01-24,-0.001933864,0.015642697,-0.001969966,0.007961673,-0.000961258,0.012046072,-0.004656662,-0.004744971,-0.001173927,0.006851949,-0.00624818,-0.017015081,0.00237248,-0.002435728,0.00696749,0.82981263,-0.119871,0.429901844
2024-01-25,-0.004851417,0.003688669,0.030788807,0.011825235,9.14e-05,0.003621912,0.004075749,0.009467534,-0.005890475,0.016554178,0.009075458,0.008801412,0.011778699,-0.001906989,0.00722819,0.85698886,-0.13950513,0.15168521
2024-01-26,-0.015402127,0.005873939,-0.002461402,0.023238809,0.001647394,0.01968923,0.012128454,0.022132517,0.003145914,-0.002989539,0.002819422,0.020072174,0.007001195,0.003125594,0.00746377,0.88155185,-0.13426936,-0.038253443
2024-01-29,-0.007222431,0.015256301,0.024345232,0.011420017,-0.000731655,0.011980432,0.026063723,0.01600041,0.001961202,0.002989539,0.005614881,0.000168383,-0.00232829,-0.003278315,0.00754085,0.90230303,-0.09369214,-0.359833631
2024-01-30,-0.002134037,-0.001443171,-0.011017076,0.017261203,0.000731655,-0.005620029,-0.00392278,-0.013698854,0.004691128,0.0,0.0,0.016035091,0.013889112,0.006773497,0.00701097,0.83889845,-0.11463523,0.201740873
2024-01-31,-0.023927453,0.021429484,0.024554133,0.0,0.001051205,-0.008134413,-0.010157945,0.003442319,-0.000390037,0.008175445,-0.003927104,-0.012840989,-0.005763705,0.000682425,0.00700616,0.86168783,-0.12641571,0.097820588
2024-02-01,-0.013807406,0.0469376,0.034973133,0.062024231,-4.56e-05,0.024900417,0.019657989,-0.02083416,0.003116425,-0.011164984,0.00672254,-0.011309177,-0.005797118,0.000757704,0.00659283,0.80720696,-0.15652139,0.213616916
2024-02-02,0.023389483,0.055095833,0.061223493,0.017331417,0.000547952,0.019551364,0.020369549,-0.020083297,0.006204016,-0.005253295,0.0177094,0.032729691,0.008106588,0.005513797,0.00735319,0.99873106,-0.02562713,-1.809541122
2024-02-05,-0.019551331,-0.033087618,0.005492509,-0.016632374,-0.002331121,-0.002040155,-0.007109699,-0.018061944,-0.012055351,-0.003769322,-0.008262075,-0.012730655,-0.025702349,-0.007636817,0.00786093,1.0653768,0.00971432,0.0
2024-02-06,0.018539345,-0.007282337,-0.033663457,-0.012658451,0.000960487,-0.0109515,-0.01716077,0.0,-0.00195813,-0.003025721,0.004414941,0.0082851,-0.004744967,-0.001367123,0.00775687,1.0645673,-0.05180598,0.0
2024-02-07,-0.008132508,0.015820793,0.03865218,0.016842551,0.000502885,0.019424699,0.030246982,0.006056929,0.002740263,-0.002275314,0.000550402,-0.005626429,-0.005963047,0.000227994,0.00792024,1.07978958,-0.04787915,-0.078825459
2024-02-08,0.030161775,0.022633001,0.002130457,0.0,-0.000137022,0.019716623,-0.002712067,0.012005015,-0.000391029,-0.005329286,-0.007734682,-0.004323987,0.005963047,-0.000988348,0.00789296,1.07691952,-0.09761897,0.712391711
2024-02-13,0.036125081,0.001916161,0.011753719,0.009695327,-0.00178406,0.01510697,0.000543002,0.032866833,-0.005883466,-0.006125593,0.022485024,0.027290921,0.011820469,-0.004421432,0.00816421,1.10876531,0.00447855,0.0
2024-02-14,0.002180985,-0.01998131,-0.000233708,-0.007609787,-0.001603751,-0.00949731,-0.008724185,0.004608306,-0.014662477,-0.008484432,-0.016953994,-0.011581612,-0.028607434,-0.005131919,0.00829091,1.12728191,-0.00075722,0.0
2024-02-15,-0.004230008,-0.009156304,-0.019353845,0.00069419,0.000870888,0.017612927,0.0016416,-0.015055333,-0.000798688,0.000774293,0.000551201,-0.00807186,0.016786965,0.003602783,0.00829304,1.17325391,-0.02562713,3.521753003
2024-02-16,-0.012937163,0.032323336,0.026574001,0.043455537,0.000320722,0.017625865,0.027502395,0.01735149,0.005577701,0.013072082,0.014774557,0.00626551,0.018846259,-0.000842056,0.00862837,1.18162059,-0.07536695,1.078717294
2024-02-19,0.004422868,0.023885604,0.011995627,0.015821004,0.000320544,0.006964218,0.013735061,0.003434437,0.007914539,0.003051108,0.008653448,0.016787946,0.00813485,0.001071585,0.00744198,1.01470537,0.00447855,0.0
2024-02-20,-0.000689792,-0.031548398,-0.01431896,-0.022487709,-0.000274767,-0.001894567,-0.002626798,0.005698054,0.0,0.003800841,-0.002696167,-0.00080849,-0.006968669,-0.001224762,0.00772374,1.05311562,0.01364115,1.113791626
2024-02-21,-0.0016574,-0.0038536,0.000697634,0.013289258,0.000229079,-0.0009486,0.006292567,-0.009132491,0.005111055,0.016554178,-0.007588062,0.002746116,0.009280809,0.001071749,0.00762783,1.0433901,0.06730779,1.596185021
2024-02-22,0.022958048,0.00577481,0.014309045,-0.00463115,-0.000366263,-0.018196827,-0.007345025,0.009132491,-0.000392179,0.002236304,-0.004362091,-0.004527086,-0.006952519,0.004580122,0.00758295,1.03755867,0.0306574,-0.786401912
2024-02-23,-0.00040531,0.013977327,-0.003673091,0.015789777,0.001235723,-0.010037292,-0.003693062,-0.00227526,-0.005113142,0.005198675,0.004362091,0.021482107,-0.015231695,-0.003203906,0.00756331,1.03489372,0.04243788,0.325167291
2024-02-26,-0.000540776,-0.033357861,-0.021856245,-0.0304861,0.001463047,-0.002933044,-0.005831002,-0.023042511,0.006681088,-0.011173301,0.005425882,0.014173463,0.008230499,0.004497836,0.00782499,1.06497756,-0.00599299,0.0
2024-02-27,-0.014300531,0.005205069,-0.018027092,0.0,-0.000959968,-0.011158653,-0.01068947,0.01618528,0.0,-0.005257241,0.002701995,-0.000312837,-0.011778699,-0.002055789,0.00788327,1.06956034,-0.10809051,2.892378479
2024-02-28,0.023185788,0.014815166,0.035041833,0.021305676,0.000502977,0.011484986,0.008560808,0.011402697,-0.000783666,-0.002261592,0.004308173,0.008566426,-0.007134394,-0.000609953,0.00795623,1.07027141,-0.15128562,0.336200642
2024-02-29,-0.006049572,0.009545202,0.015365429,0.011136765,-0.000685803,-0.004578126,-0.005877737,0.001133062,0.001566795,0.006769488,-0.017891644,-0.014213487,0.004761914,-0.002367088,0.00797402,1.07253981,-0.15913927,0.050610157
2024-03-04,0.042374209,0.030560326,0.012439419,0.018716243,0.000868655,0.010109303,-0.000536128,0.015730729,0.021681058,-0.006769488,-0.010448349,0.000157347,0.019988908,0.003358013,0.00818983,1.08700555,-0.08583849,-0.617312223
2024-03-05,-0.007394464,-0.004309093,-0.008577996,-0.005771053,0.000685132,-0.003901171,-0.012409024,-0.016863791,0.017464381,0.006019582,0.000552755,0.013435513,0.035452541,0.002435172,0.00803684,1.07543978,-0.11201734,0.266186173
2024-03-06,0.005194874,0.00615013,0.012167852,-0.024081955,0.001049841,-0.006208133,-0.012015377,0.002264953,0.00413147,0.0,0.009895594,0.016162949,-0.005633818,0.00227754,0.00724143,0.96911612,-0.09631003,-0.151081214
2024-03-07,-0.006889043,0.010975806,-0.007418233,0.0,-0.000688353,-0.000327896,0.003291193,0.00676435,0.013033134,0.007473876,-0.009895594,-0.007510183,0.013468217,-0.001290003,0.0065288,0.88250494,-0.09631003,0.0
2024-03-08,0.019631356,0.006648512,0.009431814,0.005911373,0.001513435,0.008488484,0.011976245,0.001122993,0.0,0.005939141,0.017525228,0.043943254,0.012188517,0.004998904,0.00658627,0.87984033,-0.09631003,0.0
2024-03-11,-0.014297975,-0.010294011,-0.020549397,-0.039404045,0.000824401,-0.00521513,-0.013072182,-0.019263983,0.010305571,-0.007429455,-0.001086484,0.002206151,0.0,7.56e-05,0.00695707,0.9310666,0.00840538,0.0
2024-03-12,0.00878328,0.009691316,-0.003886138,0.002041472,-0.000916119,0.020699357,0.010362717,0.009111687,-0.001465748,0.008908745,0.00162912,0.01110305,0.003298519,7.55e-05,0.0069712,0.93945526,-0.02431819,0.0
2024-03-13,-0.003865554,0.030278629,0.005937352,0.038017225,0.000549727,-0.007067191,-0.010911079,0.0,-0.006991777,0.007363804,-0.005440752,-0.003492975,-0.008820344,-0.000377779,0.00667781,0.90000059,-0.13819619,1.737449712
2024-03-14,-0.012470906,0.03561538,0.01939186,0.01751593,-0.000503942,0.0,0.001644299,0.015748313,0.003686021,0.019615594,0.009231742,0.01087514,0.029462033,-0.001588231,0.00642915,0.85629195,-0.19317178,0.334905503
2024-03-15,-0.004322956,-0.022255048,-0.014395183,-0.020793484,-0.001054402,-0.009718271,-0.008248667,0.009994566,0.0,0.019238214,-0.009231742,-0.010583611,0.008565363,-0.004551631,0.0066032,0.89309751,-0.15128562,-0.244410272
2024-03-18,0.011357044,-0.014530936,0.002036917,-0.002629939,0.0,0.023485065,0.008796128,0.014262377,-0.009611931,0.001410437,0.015697223,0.014757169,-0.006417134,-0.002283668,0.00594815,0.82930199,-0.11332628,-0.288898482
2024-03-19,-0.013722997,-0.020704743,-0.028668399,-0.007931222,-0.000917733,-0.004780864,-0.006589746,0.009756209,0.003337631,-0.00778214,-0.011885591,0.005728224,-0.001073537,-0.002976527,0.00599874,0.82929643,-0.15783033,0.331249504
2024-03-20,0.009951628,0.013654387,-0.001630056,0.007931222,-0.000367511,-0.00576736,-0.00718844,0.009661945,0.000740234,-0.00071048,-0.001087556,-0.006159142,-0.003227544,0.00099318,0.00578368,0.80000284,-0.13950513,-0.12341922
2024-03-21,0.033944985,0.027908626,0.025084836,0.018911603,0.002522989,0.003528452,0.009939533,-0.010741303,0.021592769,0.012712036,0.015119087,0.021604023,0.032859342,0.004419074,0.00657752,0.88117577,-0.05965964,-0.84944563
2024-03-22,-0.005810327,-0.001721521,-0.007986377,-0.002587274,0.000228999,0.004791555,-0.002200314,-0.016331324,-0.013853651,-0.021994501,0.012250474,0.003789327,-0.042604953,0.004702287,0.00685722,0.92962444,-0.11201734,0.629997936
2024-03-25,-0.003807661,-0.013880997,-0.009437301,-0.016982861,0.000824099,0.006353254,0.003847207,0.007654473,-0.003309475,0.002149768,-0.005307802,0.031980583,-0.001088732,-0.000681177,0.00687212,0.93250508,-0.0832206,-0.297158767
2024-03-26,0.021885039,-0.006427472,0.012639529,0.0013167,-0.000320289,-0.005716141,-0.001097741,0.006514739,0.001839957,-0.007183939,-0.00319843,0.000542489,0.0,-0.002122377,0.0065957,0.89515544,-0.08452955,0.015606264
2024-03-27,0.016900329,-0.031559459,0.003647041,-0.021277412,0.000183024,0.001273073,0.001646104,-0.009788041,0.001836578,-0.005059642,-0.005353374,-0.029306584,-0.004366819,0.001667961,0.00670903,0.90393439,-0.1107084,0.26979854
2024-03-28,0.022736527,0.008433786,-0.014899943,-0.002691811,0.0,-0.001273073,-0.010471343,0.014107705,0.00913249,0.007939414,-0.001073905,0.002231504,0.003276901,0.000378694,0.00650794,0.87959881,-0.1447409,0.26804553
2024-03-29,0.013893263,-0.017549658,-0.015125313,-0.008119112,-0.000503567,-0.010887031,-0.006112799,0.011783729,0.011569117,0.007163354,0.007494524,-0.008674969,0.019439057,-0.003033577,0.00650498,0.89342609,-0.14997667,0.035534501
2024-04-01,0.010440516,-0.016620913,-0.0087132,-0.012991676,0.001190005,0.004176724,0.0,0.005310717,0.017459976,0.003562526,0.002131185,-0.007617482,0.008519753,0.003109299,0.00611717,0.84025226,-0.11201734,-0.291826068
2024-04-02,0.012870541,-0.003731173,-0.02587583,0.004806104,-0.001006847,-0.007401522,-0.010647268,0.008438771,-0.003184191,0.000710985,-0.017718613,-0.033842955,0.00528822,-0.004705558,0.00630254,0.90111888,-0.11594417,0.034455101
2024-04-03,-0.021779188,-0.018868703,-0.024073889,-0.01171215,-0.000229067,-0.016938497,-0.015900475,0.013563103,0.011626015,0.009197093,-0.00925195,-0.016243715,0.034217957,-0.002513602,0.00644137,0.93153521,-0.04657021,-0.912147716
2024-04-04,0.026835572,0.02322059,0.030846977,0.013081049,0.000366451,0.00524247,0.017589202,0.002070447,0.005588527,0.035965149,0.003819953,-0.010325568,0.027150989,0.000686111,0.00700317,0.99067631,-0.10285474,0.792356635
2024-04-05,-0.015711993,-0.009348883,-0.002897022,-0.004799441,0.000274637,-0.002290183,-0.015873432,0.015392799,-0.007692363,-0.005449605,-0.008203446,-0.019595085,-0.013986242,0.002283842,0.00683448,0.9682657,0.01756797,0.0
2024-04-08,-0.017739095,0.008728168,0.014878992,0.008895076,-0.001786678,-0.013520405,0.005129717,-0.011264823,0.024957998,0.006128722,0.015259162,0.016582062,0.038485262,-0.005413492,0.00662382,0.93456025,0.02280374,0.2608472
2024-04-09,0.001776195,-0.003108411,0.001190338,-0.005464534,-9.15e-05,-0.003992017,0.012990885,0.00820508,0.003417627,0.004065046,-0.01745819,-0.008028422,0.001934237,-0.000535261,0.00654626,0.9271924,0.01364115,-0.513833598
2024-04-11,0.0159629,-0.013793294,0.031614765,-0.024966657,-0.00179004,-0.013760916,0.0,-0.003069033,-0.00410253,0.000675904,-0.009400087,-0.014862813,0.001930503,-0.006985256,0.00659169,0.93077266,0.00578749,-0.857392268
2024-04-12,0.00626812,-0.033379275,-0.013694043,-0.016283458,0.001285345,-0.010873353,-0.00619194,0.0,0.021353116,0.005390849,-0.000555602,0.019112323,0.037847469,0.003537108,0.00616323,0.88102377,-0.05180598,0.0
2024-04-15,0.001040893,0.003908973,0.011848224,0.00498397,-0.000321144,-0.023855988,-0.001129991,-0.007197955,-0.011467285,0.003354582,-0.007252416,-0.007143501,-0.014967539,-0.000921534,0.00611485,0.87115171,0.06076308,0.0
2024-04-16,-0.039493575,-0.022354603,-0.000693025,-0.01647018,-0.000642597,-0.013739835,-0.019983553,0.007197955,0.009117109,0.011322132,-0.010129597,-0.025959409,0.00376294,-0.004157384,0.00635589,0.89647926,0.25710446,1.442500094
2024-04-17,-0.001684925,-0.012713589,-0.014197965,-0.010159698,-0.000459381,-0.015010951,-0.005783711,-0.008230506,-0.001345451,-0.018042588,-0.009090812,-0.009753106,-0.014184635,-0.00270384,0.00650101,0.95272928,0.26626706,0.035017329
2024-04-18,0.021214039,0.022637339,-0.006113254,0.015201175,0.001377358,0.017137137,0.026897255,-0.022989485,0.0,0.026615011,0.024803714,0.033880498,0.012304935,0.007629228,0.00716054,1.02615314,0.18773051,-0.349492313
2024-04-19,-0.036996768,-0.007931149,-0.010908352,-0.013015347,-0.00146932,-0.021106161,-0.008505811,0.008421109,0.001681482,0.006544526,-0.017411303,-0.011372568,-0.007554332,-0.001844201,0.00638872,0.90062439,0.42334017,0.813168563
2024-04-22,-0.027038826,0.058005841,0.027746932,0.044831379,-0.00091948,0.014357733,0.007940916,-0.022258514,-0.008097198,0.022574322,0.027934884,0.027591157,-0.016244982,-0.005166347,0.00679664,0.95159585,0.23747033,-0.578133351
2024-04-23,-0.007825249,0.004373572,0.000927236,-0.002089898,0.001011442,-0.003212582,-0.005097639,0.009600108,-0.026778129,-0.021922219,0.0,0.008086308,-0.037295785,0.002008008,0.00689686,0.95762268,0.12359232,-0.653054282
2024-04-24,0.043150803,-0.011285339,0.01289145,0.000697094,0.0,0.014199796,0.002268839,0.015798103,0.010728657,0.009085072,0.002201449,0.006688958,0.015873349,-0.002008008,0.00718904,0.99489256,0.00447855,-3.317689074
2024-04-25,-0.02631415,0.004403908,-0.000228736,0.000696682,-0.001471423,-0.004592919,-0.00796362,-0.007341387,-0.00379377,-0.000646204,-0.007726368,-0.013272829,-0.002957124,-0.004571723,0.00717854,0.99075989,0.10919395,3.193826326
2024-04-26,0.017047959,0.045406597,0.001143253,0.018627586,0.0,-0.006037963,0.002851503,0.013591463,0.009286372,0.024897552,0.001107429,-0.001652793,0.015671232,-0.001010159,0.00751766,1.03092924,0.04374683,-0.914706506
2024-04-29,0.001960973,0.004996994,0.005854118,0.007047255,-4.59e-05,0.039027669,0.029784545,-0.010438568,-0.004116671,0.003147626,0.021212291,0.018423113,-0.015671232,0.000544058,0.0076846,1.04831853,0.01887692,-0.840479141
2024-04-30,-0.005771452,-0.006250121,0.001633042,0.002104536,0.001563221,-0.005185826,-0.004524972,-0.011609612,-0.004478884,0.010628421,0.012558325,0.010594581,-0.018934298,0.004651194,0.00769096,1.04880566,0.02018586,0.067042347
2024-05-02,0.002951276,-0.02668533,0.0,-0.020531672,0.001239696,-0.011855147,-0.007968161,-0.02689785,-0.002073952,-0.022642477,0.0,-0.008673404,-0.006054509,0.0017772,0.00787937,1.06761553,-0.01384665,0.0
2024-05-03,-0.005540868,0.015335891,-0.017637193,-0.001431671,9.18e-05,-0.000350801,0.009667412,-0.009863021,-0.00589971,-0.016677744,0.000542241,-0.005477833,0.0,0.002236401,0.00781434,1.10271251,-0.06227752,1.5035572
2024-05-07,0.032554873,0.001900563,-0.016264359,0.012104109,0.001696077,0.005947221,0.007330196,-0.006629918,0.007282845,0.024282343,0.015604404,0.012393231,0.021032323,0.00667923,0.00751797,1.07933325,-0.1015458,0.488909402
2024-05-08,0.003817247,0.027467455,0.004811179,0.017538144,0.000320587,0.011444553,0.005602266,-0.008908752,-0.002421727,-0.00951482,-0.001602919,-0.000439985,0.001980199,0.000153025,0.00739653,1.0669129,-0.19971649,0.676388883
2024-05-09,-0.012942074,-0.017391853,-0.022080336,-0.016123686,-0.000183158,-0.005185826,-0.007851967,0.013333542,-0.001039739,-0.005111832,-0.004824337,-0.008840481,0.013752673,-0.001378068,0.00738564,1.06487086,-0.19578966,-0.019857891
2024-05-10,-0.013478483,0.022918301,0.008793565,0.029936079,0.000732583,-0.006956603,0.002249701,0.007696662,0.019571453,0.027173868,0.00856074,-0.00296428,0.032632454,0.000995462,0.00770129,1.09888556,-0.22196852,0.12549465
2024-05-13,0.000733293,0.011567901,0.001458073,-0.000686086,-0.000732583,-0.012291612,-0.002813004,-0.018795509,-0.002723821,-0.000623636,-0.009098455,-0.017368363,-0.018104353,-0.00030619,0.00776128,1.11844977,-0.1813913,-0.201878994
2024-05-14,0.006089406,-0.017094349,-0.000242881,0.0,4.58e-05,0.014383714,0.01120462,0.012202019,-0.005470135,0.033131865,-0.001075655,0.001961588,0.008616616,0.000153107,0.00781489,1.14453514,-0.16437504,-0.09850593
2024-05-16,0.017333141,0.018908579,0.000728368,0.003425804,0.002378412,0.006942047,0.012731897,-0.001103172,0.019352169,0.028556372,0.013896392,0.013177755,0.042917034,0.008308893,0.00824409,1.17778714,-0.26254574,0.468274668
2024-05-17,-0.01321347,-0.010935658,-0.009756091,-0.011004267,0.000548044,-0.008685115,-0.013289235,0.005503623,-0.001009242,-0.001761081,0.000530761,-0.068493546,0.004555817,0.000227717,0.00826564,1.19809076,-0.26254574,0.0
2024-05-20,0.004102864,0.017560319,0.00586499,0.00207255,-0.000502325,0.005567142,0.013289235,0.010917094,0.023616607,0.037479163,-0.004253044,0.001432797,0.071897739,-0.003192702,0.00829408,1.18427681,-0.26647256,0.014845959
2024-05-21,0.006122809,-0.004210607,-0.00024371,-0.007620393,-4.57e-05,-0.019976131,-0.014962777,-0.013114845,-0.01123983,-0.013675427,-0.003736403,0.002224681,-0.011059236,0.000380626,0.0081577,1.16173663,-0.27956199,0.047952783
2024-05-22,0.007155641,-0.015183844,0.038958312,0.0,0.000228426,0.006703147,-0.007285011,-0.009950365,-0.000332455,-0.001722653,-0.003750309,-0.006848797,0.007669403,0.001445058,0.00779285,1.11004864,-0.29788718,0.063490767
2024-05-23,0.005924183,-0.014796873,-0.000468962,-0.009081465,0.00045662,0.002458265,-0.018161644,-0.013423031,-0.020834126,-0.056752817,-0.006462082,-0.012059015,-0.04425885,0.000227976,0.00823524,1.1336495,-0.36202537,0.194999468
2024-05-24,-0.023063635,-0.006230584,-0.014409072,-0.017699566,-0.001278987,-0.01805034,-0.004592392,-0.00225485,-0.012987181,0.004854378,-0.011410082,-0.002267193,0.004426745,-0.003958905,0.00834006,1.13487141,-0.33453758,-0.078965072
2024-05-27,0.018683132,0.002496868,0.010885017,-0.00071452,0.001324675,0.021202162,0.012578735,0.013453129,0.003776837,-0.003031224,0.004362037,0.003237294,0.010544913,0.00243808,0.00827835,1.12823401,-0.36333431,0.082574155
2024-05-28,0.016474842,-0.005000052,-0.001413088,-0.005734761,9.13e-05,-0.008427012,-0.010279903,0.009972417,-0.00102862,0.008464379,-0.003815727,0.011088914,0.011299555,0.001368846,0.00815269,1.11470052,-0.38165951,0.049205501
2024-05-29,-0.007850547,0.0,-0.009471929,-0.003601054,-0.000502187,-0.029703347,-0.009227326,0.015317545,0.004791246,0.009586652,-0.009879206,-0.014001981,0.024755852,-0.00426474,0.00790214,1.09032148,-0.3044319,-0.226081459
2024-05-30,-0.017443291,-0.005025046,-0.019945467,-0.002890165,-0.00127953,-0.011691784,-0.009898195,-0.01201542,-0.011330618,-0.042637396,-0.00165623,-0.010426986,-0.021304598,-0.002215666,0.00820529,1.10327903,-0.15259456,-0.690662947
2024-05-31,-0.014954508,0.016240192,-0.004622309,0.0,0.000868393,0.015317596,0.006415981,-0.013274542,0.005852992,0.0,0.005509549,0.003922904,-0.012131865,-0.001224574,0.00820819,1.12383377,-0.14212302,-0.071091449
2024-06-03,0.003396491,0.001238189,0.025756674,0.002890165,0.000913324,0.010799218,-0.002911275,-0.014582352,-0.011740443,-0.013153964,0.013100566,0.017625167,-0.03459325,0.004050612,0.00795159,1.08879337,-0.16961081,0.176813439
2024-06-04,-0.006195049,-0.025698598,-0.009311276,-0.021882667,0.000958131,-0.004305674,-0.002919656,-0.038001176,0.01414058,0.010037725,0.0043291,0.028442406,0.025836626,0.004717672,0.00793722,1.08628148,-0.17615553,0.037860838
2024-06-05,0.01355463,-0.000635019,0.012869606,0.011730296,0.001657681,0.016051674,0.006992977,-0.007067115,-0.007562721,-0.022728251,0.006995059,0.006521781,-0.037638851,0.00386409,0.00765608,1.04801387,-0.18662707,0.05774505
2024-06-07,0.023052362,0.017632481,0.003545618,0.012314544,0.001057781,0.010909871,0.004056914,0.025672318,0.01744525,0.021479032,0.005880704,0.016120731,0.047266935,0.004451682,0.00836482,1.12560884,-0.17615553,-0.05774505
2024-06-10,-0.000469991,-0.008777246,0.00329792,0.000719662,-0.001333833,-0.006672544,-0.005800608,0.003450237,-0.035551646,-0.033686058,-0.005880704,-0.016894934,-0.050926591,-0.005813735,0.00870132,1.15842619,-0.10678157,-0.500581952
2024-06-11,-0.000940645,-0.003785607,0.001645033,-0.012305556,0.0,0.018502872,0.01156753,0.023824203,0.004557461,0.01028948,0.001607106,0.013691475,-0.010133666,-0.000227199,0.00844835,1.12707569,-0.10809051,0.012183586
2024-06-12,0.020030946,0.01006293,0.004918546,-0.001457758,0.001058073,0.000691534,-0.009243318,0.011148342,0.005928514,0.0,-0.002143561,-0.006437809,0.00554018,0.003855267,0.00841094,1.12156311,-0.07667589,-0.343381614
2024-06-13,0.019072133,-0.00376161,-0.005388279,-0.002190592,0.001056805,-0.006937231,-0.000580517,-0.003331461,-0.001391798,-0.006418507,-0.006998611,-0.005242056,-0.00554018,0.003615071,0.00834928,1.13096207,-0.19186284,0.917193424
2024-06-14,-0.004194288,-0.003145663,0.0100503,-0.011025448,0.001422826,-0.00663526,-0.016393792,-0.003342597,-0.001393738,0.0,0.006462082,-0.00651369,-0.00464038,0.003751735,0.0077097,1.04718303,-0.25600102,0.288400687
2024-06-17,-0.00079545,-0.017159569,0.027072098,0.000738804,0.000916729,-0.014470014,-0.000590578,0.0,0.003828097,-0.013614473,-0.001611744,-0.000466895,-0.004662013,0.002244374,0.00747984,1.01799252,-0.16699293,-0.427229953
2024-06-18,0.020480046,-0.004497491,0.00878888,0.017570007,-0.000183384,-0.016487779,-0.005330113,0.022075968,0.000694415,0.00195631,-0.001075655,0.00527874,0.014842573,-0.000598007,0.00684873,0.93555929,-0.2154238,0.254655775
2024-06-19,0.001558144,0.012796019,0.014036071,0.004344705,0.00164842,0.011498457,0.007690096,0.008695713,0.003464996,0.003901175,0.001075655,0.000309609,0.0,0.004178444,0.00687393,0.9353583,-0.21673275,0.006057777
2024-06-20,0.008195828,0.018268238,-0.009112214,0.02002928,-0.001373395,0.013132412,0.009967722,0.001081587,0.006206924,0.009043989,-0.004850338,0.004787323,0.030827464,-0.002012366,0.00709546,0.99487661,-0.18662707,-0.14955268
2024-06-21,-0.017469088,-0.005633692,-0.015978728,-0.009249463,0.001419224,-0.015278317,-0.00175184,0.007539162,0.007193041,0.001927402,-0.007048045,0.004611133,0.001784122,0.001192954,0.00644247,0.90803494,-0.19186284,0.027668394
2024-06-24,-0.019151869,0.005009379,-0.000907818,-0.005016133,-0.000320328,-0.021350517,-0.011166731,-0.001073565,-0.015824208,-0.020753015,-0.00054412,-0.002917932,-0.026186598,-0.000149056,0.00649847,0.90422514,-0.12641571,-0.41720498
2024-06-25,-0.000801187,0.001872165,0.022230552,0.022025765,-9.15e-05,-0.004766297,0.005305218,0.012807015,0.0003467,0.002617803,0.0,0.013747019,-0.002748513,-0.000745614,0.00639531,0.88649351,-0.13165148,0.040582366
2024-06-26,0.02454458,-0.006253832,0.005094754,-0.012018535,-0.000732555,-0.00700722,-0.000588147,-0.002123197,-0.005561332,-0.017804625,-0.006006146,-0.015440219,-0.019454064,-0.000820701,0.00646822,0.89831885,-0.1630661,0.213997512
2024-06-27,-0.006951506,0.002506057,0.003308643,-0.004991097,-0.000320844,-0.00519482,0.004694865,-0.006396563,-0.005592502,-0.001331558,-0.002192809,-0.008509396,-0.007511772,-0.001494125,0.00647661,0.89908176,-0.18531812,0.127918276
2024-06-28,0.006169037,0.012438042,-0.002866911,0.030966612,0.001007551,0.018430337,-0.000585617,0.014862229,0.011153834,0.005978098,0.004381039,-0.005609246,0.011246604,0.002911362,0.00607327,0.83503864,-0.24683842,0.286660037
2024-07-01,-0.001566688,-0.003715091,-0.01065733,-0.013254506,-0.000549373,0.006552569,0.007005224,-0.003166206,-0.0003467,-0.001988731,0.013029441,0.03092312,0.000931532,-0.004407723,0.00607427,0.83504672,-0.25338314,0.026168778
2024-07-02,-0.015689719,0.027533055,-0.042404314,0.005602235,0.002469916,-0.019418073,-0.011702965,0.014690676,0.00069328,0.013838771,-0.004324204,-0.012040024,0.00464469,0.002243703,0.00611652,0.84429057,-0.27563516,0.084175377
2024-07-03,-0.003875485,0.020902514,0.010655749,0.020049113,-0.000594031,0.01614712,0.001764203,-0.002085457,0.002422565,0.010416761,-0.009798754,0.022738628,0.014719677,0.00149301,0.00627726,0.86347221,-0.31883027,0.145580785
2024-07-04,0.010000042,0.016413133,0.005056262,0.033650528,0.00132468,0.01122187,0.014581797,0.003126608,0.008261652,0.0115906,-0.003287522,0.01073357,0.015405833,0.003796999,0.00658593,0.91532954,-0.21280592,-0.404278316
2024-07-05,0.012361069,0.012709344,0.001603489,-0.003314525,-0.000547918,-0.007588081,-0.006389775,0.007257659,0.003763913,0.022159818,0.015250823,0.045791748,0.01162284,-0.00037163,0.00599992,0.83250967,-0.16568399,-0.250298277
2024-07-08,0.000223388,-0.014455074,-0.009197596,-0.001328933,0.001141238,0.010104677,0.005810602,-0.012474184,0.00748559,-0.001253133,-0.003248796,0.000283323,0.009730285,0.002746794,0.00518306,0.72292635,-0.1539035,-0.073756517
2024-07-09,0.01055155,-0.01525856,-0.01302047,-0.001996682,0.000364945,-0.002516595,-0.004063862,-0.004192882,-0.006802793,0.00625002,0.008639432,0.006773919,0.006143065,0.002147514,0.00517864,0.72227674,-0.22327746,0.372089431
2024-07-10,-0.005650647,-0.010701846,-0.005161944,0.000666049,0.0,-0.015234255,-0.005249283,-0.01908856,0.002045735,-0.017599449,-0.004850338,0.003790213,-0.008787403,-0.000814076,0.00544788,0.75576761,-0.24945631,0.110868576
2024-07-11,0.004434523,0.013654391,0.007733006,0.022384031,-0.001186633,0.007283338,0.016816813,0.018037664,0.003739601,0.008838441,0.010747125,-0.008018601,0.00615928,-0.003188553,0.00559004,0.76926146,-0.24422054,-0.02121212
2024-07-12,-0.022824881,0.005878575,-0.009145333,-0.004567707,0.001642478,0.001087968,0.001149474,0.0,0.010128346,-0.020959802,0.004798614,0.005633813,-0.004395611,0.004963865,0.00556664,0.76737977,-0.20233438,-0.188149994
2024-07-15,0.003051025,-0.00883112,-0.006855053,0.008466366,0.000729084,-0.003267391,-0.005182895,-0.004214973,-0.000672015,0.013388788,0.002656098,0.004344571,-0.007073416,-0.000295666,0.00554175,0.77513393,-0.19840755,-0.019598427
2024-07-16,0.013114587,-0.00236813,0.009443051,0.012886794,0.001729475,-0.023175561,-0.015711716,-0.010615871,0.01069887,-0.009545093,-0.003188059,-0.006453451,0.005309747,0.003689563,0.00553175,0.78561587,-0.2154238,0.082284002
2024-07-17,-0.043702914,0.005320676,-0.014436448,0.001279553,-0.000545799,-0.001862541,-0.005882501,-0.009651478,0.012886355,-0.017414178,0.015315847,0.009943338,-0.000883002,0.000588953,0.00555512,0.80667116,-0.19055389,-0.122672209
2024-07-18,-0.017840793,0.002943545,-0.016827395,-0.007058088,-9.09e-05,-0.007485049,-0.016057396,0.027631907,0.003604732,-0.009807205,0.003661811,-0.012762224,-0.010657294,-0.000368011,0.00545987,0.80183498,-0.15652139,-0.196742364
2024-07-19,-0.010835363,0.002348848,-0.015390527,-0.007756959,-0.001138224,0.001501439,-0.000599604,-0.009478777,-0.021826246,-0.023264592,-0.011026539,-0.001978058,-0.035442147,-0.001031478,0.00586047,0.86043003,-0.09369214,-0.513178377
2024-07-22,-0.031497781,0.014556562,-0.006917055,-0.010437174,0.000136664,-0.028921344,-0.020606865,-0.024639697,-0.006709162,-0.02038114,0.015195365,-0.000848796,-0.014911739,-0.000442388,0.0059548,0.86378661,0.05290942,0.0
2024-07-23,-0.003217353,-0.0028948,0.02448706,-0.004600731,0.000773929,-0.013214326,-0.011703116,-0.005437782,-0.005738401,-0.011736414,-0.002082085,0.009438616,-0.006594466,-0.000516367,0.00585143,0.85844642,-0.06751329,0.0
2024-07-24,0.000867195,-0.018134338,-0.013393548,-0.006609418,0.000364139,-0.011015068,-0.023191355,-0.014278042,0.011109313,-0.002085506,0.012429,0.019577183,0.015940328,0.003167647,0.00577815,0.85196989,-0.07405801,0.092524238
2024-07-25,-0.049892952,-0.001181205,-0.018558052,-0.025521877,0.000909434,0.002370663,-0.007638485,-0.005546358,-0.018243704,-0.021097829,-0.002060836,-0.016776848,-0.044705495,0.000147094,0.00662624,0.95615998,0.10264924,0.0
2024-07-26,0.006875583,0.045068425,-0.013072082,0.021535209,0.000227192,-0.012708689,0.005734375,0.013259873,-0.003073285,0.016214666,0.006169708,0.011261879,-0.01075805,0.001690027,0.00652593,0.94390103,-0.00075722,0.0
2024-07-29,0.004128498,0.025106114,0.018054661,0.024984803,0.001589347,0.005977291,0.006333155,-0.005503623,0.010884467,-0.000699545,0.020797116,0.022150159,0.012701685,0.005272013,0.00702364,0.99506409,-0.06227752,4.409701973
2024-07-30,-0.025690969,-0.015599302,-0.017043066,-0.009132483,-0.000817027,-0.007977688,-0.009514837,-0.026847161,-0.001692935,-0.021217203,0.000503093,0.00539448,-0.003891055,7.3e-05,0.00730492,1.03350507,-0.02693607,-0.838134245
2024-07-31,0.032491563,0.001682534,0.006048476,0.006531711,9.07e-05,-0.000801328,-0.001275565,0.010152296,0.014132194,0.018414118,-0.002014193,-0.008509539,0.022169583,-0.000876696,0.00727706,1.02233087,-0.06227752,0.838134245
2024-08-01,-0.003073843,0.006704298,0.003010523,0.008427945,0.001451957,0.022588635,0.010790402,0.027671986,0.008649381,0.01601148,-0.00860539,0.002979892,0.010431579,0.004157478,0.00711862,1.00301682,-0.11332628,0.598670566
2024-08-02,-0.081197771,-0.045566084,-0.033625207,-0.046919715,0.001042272,-0.032659192,-0.027521801,-0.018733372,0.008246796,-0.025176155,-0.015885548,-0.032997301,0.0,0.00247158,0.00858835,1.1037609,0.49533201,0.0
2024-08-05,-0.120813521,-0.080042718,-0.092206231,-0.083205134,0.003075086,-0.11394425,-0.097388902,-0.053696523,-0.016896177,-0.005681833,-0.063437361,-0.068254267,-0.033576296,0.010185443,0.01510166,1.40102696,3.64857466,1.996863601
2024-08-06,0.046320225,0.020619419,0.048790175,0.03255261,-0.003301516,0.066266848,0.035831043,0.013986253,-0.00838791,-0.019418086,0.022314047,0.03253877,-0.038791537,-0.010911778,0.01589236,1.45231515,3.28468863,-0.105064725
2024-08-07,0.020031847,0.024436028,-0.004338343,0.019732844,0.000317018,-0.009814471,0.020492489,-0.006968618,-0.004728139,0.001451379,0.028649182,0.045175858,0.008080852,-0.00014533,0.01622267,1.47124284,1.59484377,-0.72249608
2024-08-08,-0.014799724,0.005416972,0.004067726,0.022767422,0.000814845,-0.030476911,-0.008828542,0.017331441,0.0,-0.002177859,0.004696001,0.009234373,-0.01011131,0.000799056,0.01602633,1.45640597,1.44431537,-0.099140365
2024-08-09,0.028369577,0.00479029,0.017172502,0.012877207,-0.000407376,0.038165988,0.018249935,0.010256536,0.009098608,0.009403324,0.001560515,0.006427416,0.019124891,-0.001525909,0.01644535,1.49738743,1.11838867,-0.255746455
2024-08-12,0.025470044,0.00179067,0.006628563,0.007380097,-0.000452687,0.012264893,0.008669573,0.01463159,0.0063535,-0.005776189,0.007250137,0.008010318,0.007944431,0.001017493,0.01660593,1.51233199,0.85136439,-0.272804014
2024-08-13,0.007880663,0.016558428,-0.003176163,-0.002677368,0.000995818,-0.000420416,-0.010681057,0.019912232,0.011599131,0.005776189,-0.009852315,-0.018011137,0.000988631,0.002249597,0.01663187,1.53560063,0.74010427,-0.140049146
2024-08-14,0.026011476,0.004097347,0.002383094,0.003345574,0.000768932,0.019159212,0.018617674,-0.003291365,0.00098797,0.005026941,0.00312174,0.004122068,0.005911347,0.00209989,0.01676647,1.54564383,0.53852712,-0.317953224
2024-08-16,0.043822079,0.001750592,0.029705211,0.019186807,-0.001357337,0.0,0.004600659,-0.001099425,-0.003957815,0.021262318,0.006730575,0.027721286,0.014627272,-0.001809988,0.01704357,1.55526057,0.25055975,-0.765140442
2024-08-19,-0.024614172,0.023625108,-0.005922566,0.011726575,0.000769384,-0.021264028,-0.007239295,-0.022247875,0.01898587,0.009769792,0.003605503,0.007176198,0.025801718,-0.000724913,0.01694726,1.56491839,0.68512868,1.00590926
2024-08-20,0.018188324,0.024748491,-0.000258314,0.022415281,-0.000542959,0.017130092,0.008549967,-0.026212318,0.0,0.000694203,-0.009816682,-0.004512373,0.017765778,-0.001887238,0.01686668,1.56138645,0.39847026,-0.541973809
2024-08-21,-0.014177049,-0.003338732,-0.004660782,0.002530036,0.000633362,0.005782754,0.005876527,0.0,0.005819616,0.000693722,0.019028487,-0.011370564,0.002776494,0.000798881,0.01686155,1.56694456,0.4181044,0.048098297
2024-08-22,-0.014516397,0.003338732,-0.006770859,-0.009520904,0.000542616,0.011058913,0.009073287,-0.019825766,-0.004523431,0.011720231,0.006094564,-0.003099109,-0.002776494,0.001378385,0.01685931,1.56697522,0.41548652,-0.006280991
2024-08-23,-0.013631606,0.007747681,0.008585985,0.010152398,-4.51e-05,-0.010235482,-0.002583959,0.012873184,-0.006171881,-0.017981121,0.012078617,0.02531784,-0.011183714,-0.002322586,0.01650214,1.53422803,0.43119383,0.03710754
2024-08-26,-0.024171259,0.016944889,-0.005194825,0.011299545,0.000858547,-0.002059728,0.009655709,0.032039379,0.007466325,0.022767455,0.003495771,0.005641949,0.019490176,0.002974843,0.01652001,1.54676757,0.38930766,-0.10218778
2024-08-28,0.009794456,-0.043195985,0.021384277,-0.027849861,-0.001220398,-0.021255248,-0.006426704,0.001125521,-0.001942358,-0.01235431,0.017786872,0.012611476,-0.012020487,-0.006906365,0.01638583,1.53118624,0.18249474,-0.75764858
2024-08-29,-0.044413791,-0.00170502,-0.003063452,-0.00128455,-0.000497583,0.014220217,0.012175667,-0.006772096,0.004526356,0.008253142,-0.010337198,-0.006220835,0.005565877,-0.001679292,0.01624619,1.51754402,0.23747033,0.263321339
2024-08-30,0.016887188,-0.008569101,-0.006412832,0.003208187,4.52e-05,0.004144216,-0.00831469,0.013498528,-0.000645342,-0.006872879,0.010337198,0.024527679,-0.004636077,-0.000657883,0.01617904,1.51081131,0.10788501,-0.788976752
2024-09-02,-0.010358324,0.009137606,-0.019751129,0.00447428,-0.000859985,0.021277401,0.025991964,-0.031784767,-0.007777085,-0.009005949,-0.012318272,-0.011354341,-0.032108518,-0.002635751,0.01611129,1.50104937,0.17725897,0.496545833
2024-09-03,-0.024150521,0.001704289,-0.023099436,0.012044556,-0.00040769,-0.005277078,0.01181973,0.006896641,-0.000976458,-0.012605209,0.009866746,-0.005403298,-0.005774799,-0.000366643,0.01508458,1.42922939,0.22830773,0.253082641
2024-09-04,-0.06250597,-0.02645375,-0.02584822,-0.016518836,0.002262696,-0.034364756,-0.037169676,-0.051715441,-0.003261571,-0.019210836,-0.023846156,-0.036253017,-0.019493795,0.004901764,0.00877938,0.80329217,1.05425049,1.529890945
2024-09-05,-0.001894282,0.005231019,0.000551039,-0.005138078,0.000813298,-0.010586651,-0.008379066,-0.009697053,0.005863216,0.0,-0.006051435,-0.012653264,0.017561427,0.002623955,0.00807341,0.73980642,0.98356759,-0.069398998
2024-09-06,-0.021076919,-0.001159885,-0.000275426,-0.010356041,0.000372132,-0.032889159,-0.022914169,0.001217316,0.005506076,0.019210836,0.009564552,-0.005024786,0.015355388,0.0013094,0.00783472,0.71839343,1.15503907,0.16070309
2024-09-09,0.001612357,-0.014027092,0.003850407,-0.005218585,-0.00018151,-0.009281797,-0.018717103,-0.01717835,-0.013658744,-0.014909754,-0.001002403,0.014060016,-0.035873939,-0.002401878,0.00806777,0.73700129,0.99796596,-0.146170282
2024-09-10,-0.013462165,0.003525247,-0.003574981,0.005218585,0.000544359,-0.007130122,0.007394964,-0.001238361,0.007177861,0.017021688,0.012954895,0.004152978,0.020518551,0.00261983,0.00760053,0.69338469,0.76628312,-0.264167458
2024-09-11,-0.004746726,-0.050521945,-0.023694499,-0.03105638,0.000226759,0.024299796,0.01330694,-0.025095439,0.008417037,-0.007765659,-0.006954798,-0.012646454,0.010582109,0.004279012,0.00753621,0.6854909,0.79507986,0.036890853
2024-09-12,0.052572185,0.011653016,0.027543958,0.019934242,-4.53e-05,0.022443759,0.024160395,0.022614046,-0.002259158,0.016169069,0.012877698,0.019308647,0.0028667,-0.001303521,0.00846718,0.75639706,0.49009624,-0.483840782
2024-09-13,-0.025221971,0.032396167,0.021716303,0.028536267,0.0,-0.007282056,0.056441353,0.00988884,0.017614522,0.000697107,0.003929265,0.007804849,0.03929411,0.003327736,0.00889256,0.78582561,0.48355153,-0.013443894
2024-09-19,-0.023420331,0.016393979,0.017567676,0.012706669,0.000815798,-0.002582931,0.015729355,0.025502282,0.002853041,0.026814945,0.009756239,0.028961164,0.030716055,-0.004052649,0.00887617,0.78052251,0.54638077,0.122158227
2024-09-20,0.008138123,-0.002325771,0.009976438,-0.013986222,0.000860481,-0.004319652,0.023139525,0.010733593,0.008824511,0.016151091,0.009180947,0.027398947,0.006208446,-0.000362654,0.0090124,0.79013328,0.39454343,-0.325586891
2024-09-23,0.016080088,0.000582162,-0.006289296,0.004471422,-0.00081517,0.019293246,-0.009428575,0.01061949,0.010611875,-0.012088797,0.007189127,0.006455654,-0.006208446,-0.002033181,0.00897243,0.78990932,0.45868162,0.150627108
2024-09-24,0.021149763,-0.007591436,0.008898172,-0.001913885,0.000317118,0.054536449,0.015859441,-0.00588575,0.000930945,0.020729596,0.002861317,0.004814489,-0.007142888,0.000581249,0.00912697,0.80175763,0.5594702,0.198633933
2024-09-25,-0.00046862,-0.032769986,-0.002608875,-0.041061483,0.000498052,0.001205495,0.005231094,0.002358435,0.010183724,0.020308592,-0.015839058,-0.033816546,0.032616377,0.001887101,0.00917007,0.80591847,0.77544572,0.326447722
2024-09-26,0.05472483,0.040361422,0.019146705,0.02885442,0.000769269,0.023810676,0.016101422,-0.047024946,0.001533943,0.007108269,0.010587166,0.015421828,0.006052764,-0.000580267,0.00956521,0.8326991,1.00058384,0.254900962
2024-09-27,-0.005042216,0.00640104,-0.008234728,0.005158021,-0.000543004,0.001567411,0.015284891,0.0,0.001837655,0.017236303,-0.015436916,-0.033028224,-0.001725626,0.000435232,0.00946402,0.82692766,0.97047816,-0.03055005
2024-09-30,-0.028196384,-0.021695492,-0.022472882,-0.023423367,0.000407354,-0.018972891,-0.015855355,0.013488842,-0.003064657,0.008821733,-0.010261526,-0.002726321,-0.011289742,0.000217545,0.00966374,0.83938397,0.97571393,0.00538054
2024-10-02,-0.011381254,0.0,-0.022448825,0.003942205,0.00144662,-0.008012925,-0.002285696,0.028813541,-0.003998141,-0.020279529,-0.022350048,-0.010192192,-0.013187004,0.005711604,0.00973217,0.84414842,1.03461635,0.058616522
2024-10-04,0.009084728,0.004730963,0.002699116,0.014323141,-0.001718121,-0.001610239,0.018141051,0.02800652,0.005531674,-0.00642263,0.016932816,0.025416346,0.032218721,-0.005784114,0.00996901,0.862145,1.02807164,-0.006345828
2024-10-07,0.028707154,0.022171313,0.013387156,0.0,-0.003490612,0.023099375,0.026609001,0.013714511,-0.00923655,0.00642263,0.001480233,0.001151619,-0.013805224,-0.008520024,0.00996374,0.86445285,0.97178711,-0.056303374
2024-10-08,-0.019704275,0.0028808,-0.008010682,-0.008438821,9.09e-05,-0.013077265,0.004911376,0.019112374,0.00030928,-0.027914828,-0.01090726,0.003447221,-0.009602867,0.001534611,0.01001766,0.87192173,0.9992749,0.027893158
2024-10-10,0.001366225,0.008593945,0.002944688,0.008438821,0.000544705,0.009132495,-0.009846881,-0.02138516,-0.009631878,-0.004618946,0.023646341,0.013796818,-0.029374609,7.3e-05,0.00793511,0.6906589,0.6916734,-0.367916037
2024-10-11,0.007405722,0.007388365,0.005331932,0.01284541,0.000408315,-0.016740139,-0.006065615,0.015801751,0.009941062,0.005277057,-0.002925492,0.008262444,0.019678631,-0.000365143,0.00789479,0.68605139,0.52412875,-0.277376519
2024-10-14,0.017908309,0.030668709,0.000797284,0.013941905,0.000272093,-0.005238799,-0.00665935,-0.008998943,0.007698273,0.003284075,0.004871011,-0.004999381,0.009695977,0.000511163,0.00778963,0.67754708,0.50056778,-0.045994346
2024-10-15,0.008101963,0.001097316,-0.006129216,-0.001259409,0.000680167,-0.017115344,0.003890083,-0.041528491,-0.007080252,-0.024561474,0.017341417,0.025483802,-0.013245227,0.002624721,0.0075167,0.65584958,0.42595806,-0.161402123
2024-10-16,-0.027818845,-0.000548565,0.008782392,0.008782992,0.000951281,-0.015741832,-0.00556176,-0.004722563,0.011365534,0.001343184,-0.008151492,-0.008833342,0.021108963,0.003924094,0.00757766,0.66125623,0.4796247,0.118663032
2024-10-17,0.017199266,-0.002747689,-0.013874289,-0.005009384,-0.000135926,-0.008385775,-0.00840113,-0.003556587,0.002745133,-0.004709057,-0.013084755,-0.011401795,-0.007863736,-0.001161124,0.00739446,0.64458544,0.40632392,-0.165853249
2024-10-18,-0.040241423,0.002747689,-0.009176878,0.008750055,-0.000679318,-0.011859528,0.008958553,0.007100569,0.007586204,0.011398045,0.008258508,0.004104789,0.013072082,-0.003345646,0.00673333,0.5869529,0.36181987,-0.116004183
2024-10-21,0.005541891,-0.00826674,0.005947613,-0.003740671,0.001222543,0.006370787,0.011086721,-0.020250769,0.008728377,0.011269592,0.010108307,0.015519461,0.063726503,0.001237781,0.00634534,0.55130021,0.38145401,0.052843802
2024-10-22,-0.02581388,-0.001107383,-0.012476439,0.003118154,-0.002084029,-0.027904733,-0.006082385,0.009580919,0.002693377,-0.006613781,-0.007209764,-0.024121404,0.006477755,-0.006423849,0.00627292,0.54398668,0.48616941,0.24256685
2024-10-23,0.035894907,0.001107383,0.010857887,-0.00499375,0.000181485,0.015551018,0.017047427,0.022393381,0.005662384,-0.005322701,-0.012621581,-0.012853058,0.015218556,-0.00014648,0.00623431,0.54254853,0.46522633,-0.044033125
2024-10-24,-0.017786407,-0.004437139,-0.013864552,-0.005647987,0.002038396,-0.003004898,0.096598021,0.003490379,-0.006858505,-0.001335114,0.008754987,-0.000126767,-0.019262233,0.005041082,0.00623978,0.54625057,0.53721817,0.143880269
2024-10-25,0.0,0.039776453,0.007907386,0.006898796,0.000271502,-0.006469794,0.013277811,-0.012858136,-0.002096809,-0.006702438,-0.002909885,-0.009814609,-0.018814461,0.001820267,0.00604671,0.52960382,0.541145,0.007282978
2024-10-28,0.006476533,-0.02872019,0.002170291,-0.003129929,-0.0014941,0.038204989,0.029838689,-0.028641598,0.005084493,0.0,0.002909885,0.005110522,0.004942349,-0.004958898,0.00595399,0.52157315,0.51496615,-0.049586095
2024-10-29,-0.005394204,-0.001100073,-0.018876185,0.004379112,4.53e-05,-0.01807151,0.037230797,-0.015863646,0.003870821,0.002015452,-0.006315326,0.004577205,0.007368024,-0.000292467,0.00530558,0.4721108,0.45213691,-0.130116138
2024-10-31,-0.000463694,-0.055049413,-0.006094245,-0.016997593,9.07e-05,-0.011516384,-0.111521262,0.018281969,0.011523252,-0.002688174,-0.007358394,-0.016886681,-0.003267977,0.001096311,0.00625271,0.5494896,0.61051896,0.300324317
2024-11-01,-0.010412737,0.019069905,0.004712482,-0.002542904,0.000634005,-0.004730232,-0.01026705,0.025046081,-0.013010265,0.008042939,-0.011887188,-0.029458126,-0.02990256,0.001897429,0.00591447,0.52306439,0.64978724,0.062335637
2024-11-04,0.025145941,-0.000572324,0.011548047,0.0019078,-0.000226484,0.008156302,0.029989628,-0.0035398,-0.00417537,0.013262794,0.024607442,0.045456481,-0.000843526,-0.001167223,0.0062188,0.54956529,0.63407992,-0.024469983
2024-11-06,-0.020314619,0.023770156,-0.013762914,0.013253585,-0.000724784,-0.041017895,0.004496573,-0.003552375,-0.00299305,-0.017276177,-0.004873246,-0.007391417,-0.023048395,-0.00321679,0.00605335,0.53465906,0.35789304,-0.571940832
2024-11-07,-0.001711671,0.000559231,-0.003331468,-0.019627102,0.001811013,-0.01571306,0.006954815,0.012964216,-0.028582101,-0.013495481,-0.023228202,-0.029992573,-0.029800628,0.002924771,0.00620037,0.54619383,0.2335435,-0.426865816
2024-11-08,0.002177961,-0.00335939,-0.006696532,-0.001279553,0.000994742,-0.00726612,-0.024049261,0.007001144,0.011652986,0.022170878,0.002496949,0.025120118,0.014134511,0.004153237,0.00619842,0.56965542,0.13668175,-0.535713124
2024-11-11,-0.047578765,-0.006753061,0.018858071,0.003833824,-0.000180789,-0.024453335,-0.028286794,-0.01523162,-0.005502925,-0.020813104,-0.001497302,0.000385534,-0.005277057,0.001670881,0.00651205,0.83399831,0.24008821,0.563351167
2024-11-12,-0.038881757,-0.006799093,-0.014667388,-0.018018504,0.000271171,-0.013164279,-0.01789512,-0.028744575,-0.024516321,-0.024726534,-0.029913573,-0.02999706,-0.035910501,0.002392649,0.00764879,0.95607661,0.47569787,0.683776528
2024-11-13,-0.026961405,-0.005701143,-0.021130583,-0.026984147,-0.001175604,-0.035649284,-0.065282334,0.0,-0.001257475,-0.01824612,-0.008787813,-0.028605922,0.021700671,-0.005883002,0.00807627,0.98721348,0.89979527,0.637384334
2024-11-14,-0.025027758,-0.006309385,0.0034109,0.007311421,0.000588048,-0.020813451,0.005089113,-0.001215777,-0.02033754,-0.02292364,-0.001558972,0.004078807,-0.034580334,0.000582591,0.00814859,0.98792897,0.70999859,-0.236904276
2024-11-15,0.034900519,-0.013321649,-0.004550572,-0.006644552,-0.000452331,-0.018701601,-0.023396225,-0.002436057,0.001283294,0.015816289,-0.013612801,0.003521615,0.011965168,-0.00036408,0.00814769,1.00740637,0.49140518,-0.367993983
2024-11-18,-0.014233863,0.01274642,0.042417117,0.014560131,0.000904237,0.022699639,0.016036982,-0.009804008,0.011476072,-0.004288784,0.012051497,0.007274703,0.011823694,0.001164589,0.00859002,1.05828326,0.40632392,-0.190118327
2024-11-19,-0.002275331,0.005167914,-0.004930252,0.003279805,0.000587437,0.016815414,0.0,0.031517785,0.013537069,0.019156315,0.001041277,-0.025558718,0.024119079,0.002687814,0.00878774,1.07768111,0.26495812,-0.427578898
2024-11-20,-0.002807507,0.025446565,0.012822464,0.001308862,0.000902817,0.002449175,0.006230527,0.001192636,0.003122127,0.000702494,0.005706801,-0.009407898,-0.011540297,0.001884502,0.00855046,1.05357482,0.25448658,-0.040323672
2024-11-21,0.001053765,0.007232253,-0.008712271,0.003916473,0.000586489,0.0121567,-0.011928558,-0.002386696,0.010851133,-0.002812941,-0.003108753,-0.004458092,0.007117468,0.003469664,0.00852222,1.06908326,0.19296628,-0.276732645
2024-11-22,0.016883186,0.002767952,0.002185222,0.001302112,0.001081627,0.003859176,-0.004581871,0.009512564,0.009208139,-0.017762456,0.008268764,-0.030911302,-0.008010724,0.000360744,0.00829742,1.04129908,0.12097444,-0.466936175
2024-11-25,0.01660287,0.00935348,-0.007669204,-0.008494025,0.000810545,0.020019748,-0.004026461,0.008249877,-0.007051971,0.007854378,0.005133522,0.0389769,-0.008976721,0.004390628,0.00839385,1.05243478,0.07908827,-0.425014713
2024-11-26,-0.002379389,-0.01991206,0.009849661,-0.00526315,0.000450133,-0.009483218,0.002877647,-0.017762441,-0.017067946,-0.007137789,0.004597674,-0.028804189,-0.013618004,0.001506965,0.00842392,1.04979241,0.06730779,-0.16128859
2024-11-27,-0.037975898,0.022100196,-0.019241909,0.017653237,0.001079171,-0.021185262,0.019915289,-0.001195488,0.008725512,0.005714301,0.015174817,0.01190325,0.010909199,0.002077476,0.00844191,1.05088582,0.02803951,-0.875661393
2024-11-28,-0.016214218,-0.002744769,0.006914683,-0.003896061,0.003006652,0.015930826,0.038678816,-0.004796176,-0.003730151,-0.004282662,0.021847894,0.023389582,-0.022863364,0.007556914,0.00857475,1.06470997,-0.03478973,0.0
2024-11-29,-0.018309175,-0.010500477,-0.01976403,-0.001302112,0.000716814,-0.040562561,-0.024692492,0.004796176,0.01084105,0.001429593,-0.016341083,-0.025363625,0.02467005,0.003332457,0.00822601,1.0219731,0.17725897,0.0
2024-12-02,-0.017160667,0.01324502,0.006445255,0.016796231,0.001878858,-0.005501357,0.057220155,-0.008408435,-0.015210593,-0.008608375,0.000998052,0.00324104,-0.020055367,0.004379235,0.00827515,1.02983261,0.25579552,0.366766605
2024-12-03,0.02154179,0.033426567,0.007513619,0.042639721,-0.000625942,0.030619667,0.042122213,-0.001207031,0.009340013,0.007893834,0.011406026,0.023909953,0.027249642,-0.001622318,0.00901435,1.07512636,0.14191752,-0.589132332
2024-12-04,-0.003832451,-0.040026807,-0.01480269,-0.027381947,-0.000492087,-0.024121342,0.022383418,0.019139356,0.0,0.007832009,-0.019418071,-0.016341609,0.003577821,-0.003819297,0.00901579,1.07054196,0.43904748,1.129361518
2024-12-05,0.025989575,-0.057353287,-0.017885466,-0.022974825,-0.000537026,-0.030865101,0.050358228,-0.019139356,0.000619613,0.008474627,-0.008076756,-0.006022006,0.011540297,0.002194342,0.00882915,1.04951264,0.35920198,-0.200722713
2024-12-06,-0.018157827,0.015656815,0.0,-0.011688434,-2.72e-05,0.002566174,-0.04496211,0.002412608,-0.004034182,0.004210533,-0.014807566,-0.010591094,0.001763669,-0.000919622,0.00880397,1.04365088,0.52543769,0.380346762
2024-12-09,-0.031889128,-0.039911154,-0.016462556,-0.044065879,0.000452417,-0.056947404,-0.087901188,-0.009685313,0.0,-0.006322466,-0.022367622,-0.044116275,-0.009738899,0.004378308,0.01023161,1.20513125,0.71523436,0.308378655
2024-12-10,0.016716527,0.005374697,0.038839941,0.028265674,0.001265548,0.062059878,0.06263364,0.003642964,0.010824286,0.010515344,0.025449334,0.056671994,0.032387951,-0.001763141,0.01114493,1.22373599,0.47569787,-0.407827339
2024-12-11,0.026178578,0.019463865,0.009756106,0.009247093,-0.00090382,0.009642296,-0.026437828,0.009650264,0.014656729,0.011095814,0.007662882,0.000280315,0.0,-0.003889887,0.01059955,1.16069113,0.34218573,-0.329429266
2024-12-12,0.031266328,0.006984844,0.00415229,0.025958598,-9.03e-05,0.013544156,-0.0030959,0.015485759,0.006646565,0.00137836,-0.003058049,0.009485326,0.011986445,-0.002767369,0.01052497,1.15324838,0.25186869,-0.30644578
2024-12-13,0.001563995,-0.002323065,0.005784258,-0.005782182,0.0,-0.0044944,-0.020360993,-0.001182762,-0.015781801,-0.013171768,0.023708525,0.024682541,-0.050621628,0.002767369,0.01058108,1.15861733,0.19689311,-0.246246888
2024-12-16,0.009505,-0.012873102,-0.0180134,-0.008411585,0.0,0.010455715,-0.007411247,0.009422928,-0.011692428,-0.009817751,0.007944414,0.005807296,-0.014427662,-0.004118408,0.01047293,1.15217822,0.11704761,-0.520080218
2024-12-17,0.016884463,-0.017226408,0.0,-0.015057528,-0.002490079,-0.01900057,-0.022569555,0.0,-0.003099807,-0.00849262,-0.013944519,-0.011648514,-0.000908678,-0.005851718,0.01054825,1.18509328,0.0489826,-0.871115642
2024-12-18,0.009928557,0.027188596,0.038672,0.024756905,0.001585287,0.00804425,0.011885564,-0.008240165,-0.000931813,-0.004273511,0.010972706,0.004892597,-0.002730999,0.005211115,0.01072446,1.21802135,-0.00337511,0.0
2024-12-19,-0.031813473,-0.019429606,-0.016273778,-0.014258161,-0.001267955,-0.018191448,-0.016788802,-0.001182762,-0.015343962,-0.009322405,-0.01953479,-0.031119115,-0.026791441,-0.009227143,0.01136931,1.27333834,0.30291745,0.0
2024-12-20,-0.027336556,-0.013768632,-0.016265013,-0.021775821,-0.000634691,-0.016452838,-0.023764644,-0.005934769,-0.003160611,-0.003608809,-0.014777384,-0.015504229,-0.018904155,-0.005042966,0.01173105,1.30004078,0.45344585,0.403415532
2024-12-23,0.027509371,0.017329533,0.012978367,0.024383375,0.000679963,0.01338841,0.034628431,0.008298897,0.011018524,0.012217184,0.022837865,0.013824477,0.023574878,0.003172832,0.01227618,1.32349538,0.27281178,-0.508093751
2024-12-24,0.000518405,-0.001185538,-0.004399288,0.0,-0.001314911,-0.010799753,-0.000540472,-0.00473374,-0.004078418,-0.007888173,-0.005534719,0.004194102,0.003720935,-0.004112075,0.0121844,1.32240611,0.26626706,-0.024282317
2024-12-26,-0.010942368,-0.009535184,0.004673505,-0.00587657,-0.000726295,-0.008828976,0.005390859,0.008269369,0.003765326,-0.005776189,-0.008105398,0.000278946,0.000928074,-0.002098674,0.01217123,1.32192306,0.32778736,0.207865315
2024-12-27,0.010251148,-0.008449243,-0.016035724,-0.018506805,0.000363213,-0.015243385,-0.050727551,-0.011834525,0.003126947,0.007933687,-0.011253242,-0.003352936,0.002779066,-0.000289818,0.01222587,1.34609406,0.37883612,0.144738605
2024-12-30,0.00034567,-0.014652263,-0.001673745,-0.00267207,0.000952798,0.011061536,0.010689212,0.017699563,-0.006263702,0.000718133,0.011253242,0.0328982,-0.01022789,0.000941602,0.012161,1.33591697,0.41286863,0.086025745
2025-01-02,0.00602979,0.0,0.011381255,-0.005365519,0.002807347,-0.003148033,-0.008429229,0.017391842,0.005326651,-0.005037794,-0.016410592,-0.012535943,-0.011278315,0.005414963,0.01214524,1.34463086,0.35527516,-0.150236867
2025-01-03,0.046644932,0.004295773,0.00523045,0.0,0.001084764,0.051713666,0.025627988,0.020478491,0.009950336,-0.010152371,0.008751723,0.021164857,0.010343299,0.002732488,0.01184586,1.28514895,0.3042264,-0.155120427
2025-01-06,0.051129378,0.011567887,0.000274665,0.005365519,-0.000722973,0.006961743,0.004938325,0.00561487,-0.010888266,0.002184202,-0.003080027,0.009486319,0.000935016,-0.003669003,0.01184466,1.2946939,0.3565841,0.158797956
2025-01-07,-0.012066334,0.001209806,0.003014906,0.016584185,0.001129338,0.00838884,0.012510396,-0.003365204,0.005614494,0.018732536,0.017329603,0.015831452,0.022182056,0.004745451,0.01193805,1.30332599,0.2950638,-0.189378513
2025-01-08,0.034705324,0.001208593,0.011428637,0.0,-0.000361311,0.011724603,-0.009231566,0.017817858,0.003415568,0.011355693,0.009054419,0.001046551,0.0,-0.0012919,0.01192663,1.29790489,0.28982803,-0.017903857
2025-01-09,0.005466929,0.008418758,0.001892266,-0.003955199,0.001669814,0.012068765,0.0048979,-0.021194313,0.004021702,0.016101153,0.006986091,0.002742087,0.001826485,0.002725515,0.01009423,1.09713741,0.25055975,-0.145590332
2025-01-10,-0.005923903,0.005374608,0.022166618,0.005926947,-0.001850409,-0.008674772,-0.003262674,0.013438063,0.009219458,0.013108156,-0.001492931,-0.003919572,0.01179152,-0.005170548,0.00856756,0.9321462,0.25317764,0.010393962
2025-01-13,-0.032358244,0.003567335,-0.006093492,-0.013218981,-0.001763406,-0.009239063,-0.018137281,0.043532479,0.004882557,-0.01102699,-0.002992465,-0.009602124,0.001801802,-0.003461906,0.00856327,0.93293765,0.32778736,0.258273729
2025-01-14,0.004709568,-0.001187841,0.010310733,-0.001331587,0.001085575,0.01165627,0.006082385,0.005310717,-0.01132726,0.014448136,-0.005007561,-0.002249415,-0.032010049,0.002020854,0.00837518,0.91334673,0.16547848,-0.683523949
2025-01-15,0.003907778,0.008284073,-0.002897375,0.008623621,-0.000859383,-0.009216654,-0.008303468,-0.002120945,0.00430108,0.0,-0.012121335,-0.015754683,0.006484506,-0.002526735,0.00832696,0.90800828,0.16678743,0.007878971
2025-01-16,0.021911089,0.001177926,-0.008476863,0.01116597,0.001763081,0.019305577,0.013800907,0.02412282,0.009762192,0.017603704,0.01562915,0.022092986,0.038936562,0.006484642,0.00879394,0.94130995,0.02018586,-2.111737768
2025-01-17,0.023083132,-0.011841493,-0.005869856,-0.000653362,0.000541783,0.013767119,0.0,-0.00623698,0.00635493,0.009352106,-0.004512482,-0.012050706,0.003546103,0.002223824,0.0085488,0.91492561,-0.0400255,0.0
2025-01-20,-0.004933817,0.004160574,-0.012114826,0.003913851,-0.000361156,0.005641808,0.028109947,-0.013648542,0.00391394,-0.022865825,-0.001508597,-0.00053309,-0.016057437,0.000716345,0.00840886,0.90533798,0.06076308,0.0
2025-01-21,0.020325568,0.007091979,0.000541489,0.005842303,0.001038009,-0.021801839,-0.022642344,-0.006362646,-0.000601176,-0.015079107,-0.00201501,0.004256475,0.004486324,0.004429811,0.00734409,0.7941324,0.04112894,-0.390270358
2025-01-22,0.02837899,0.008211373,0.010502427,0.006451644,-0.000902597,0.005256946,0.010306515,-0.015005705,0.004799081,0.00688234,0.004528275,0.005559211,0.004466287,-0.000641725,0.00641997,0.6947637,-0.04133444,0.0
2025-01-23,-0.021645963,-0.001168916,-0.006449868,-0.00451177,0.000857526,-0.02168242,-0.026245472,-0.006500516,0.0,-0.011034595,-0.007052961,0.004477802,-0.008053735,-0.000570868,0.00606188,0.65312901,-0.02562713,-0.478044495
2025-01-24,0.003785706,0.0,0.003498751,0.005154631,9.03e-05,0.002432494,0.022460555,-0.006543157,0.00774963,0.026011049,0.009559827,0.014480792,0.002691792,-0.001857575,0.00605412,0.64945774,-0.00337511,-2.02722364
2025-01-31,-0.057115679,0.020906562,0.009625693,0.014039777,0.000405816,-0.008784849,-0.004887262,-0.016547523,0.013565589,-0.013605652,0.002500696,0.004264901,0.042111485,0.001572019,0.00598483,0.64230881,0.10526713,0.0
2025-02-03,-0.052435774,-0.02032001,-0.037136571,-0.014682638,-0.000135229,-0.038475869,-0.045095248,0.008859423,-0.010600818,-0.026372104,-0.010040424,-0.024015794,-0.025229698,0.002566963,0.00763872,0.78833356,0.53590923,1.627463585
2025-02-04,0.010163846,0.018018435,0.002482349,0.014048742,0.000270513,-0.0030612,0.0,-0.024554769,0.00942842,0.026372104,0.001008621,0.017676413,0.012259348,-0.00085496,0.00768655,0.80420738,0.38276295,-0.336548932
2025-02-05,0.021909114,0.007460746,0.00165152,-0.007638455,-4.51e-05,0.01923136,0.001138237,0.011236027,0.015711661,0.013605652,0.008032156,0.01225428,0.021524723,0.001210978,0.00782156,0.81273462,0.27150283,-0.343443305
2025-02-06,0.029400229,-0.017883359,-0.002754013,-0.0012788,0.000631014,0.01294834,0.006237708,-0.020316686,0.0,0.024692613,0.021272118,0.018041355,-0.006837633,0.003340385,0.00734457,0.76974538,0.14846223,-0.60364198
2025-02-07,0.014532472,-0.003498605,-0.007474101,0.00574167,-0.001939267,-0.016463335,0.0,-0.002283164,-0.000866418,0.0,-0.004906723,0.005023968,0.0,-0.003198013,0.00731427,0.76975685,0.17071425,0.139660524
2025-02-10,0.013731519,0.000584051,-0.005572606,-0.008304122,0.000631694,0.009511961,-0.012514453,0.005698054,0.009203462,0.019582871,-0.007901161,-0.003639802,-0.006884709,0.00035584,0.0071543,0.75997894,0.25710446,0.409491355
2025-02-11,0.000740893,0.0,-0.001677844,0.004480007,0.000541269,-0.000996968,-0.002292362,0.012422502,0.012235135,0.019840651,0.010357629,-0.004158061,-0.004327138,-0.001281618,0.00706417,0.75045044,0.16940531,-0.417188334
2025-02-12,-0.00400743,-0.001168264,-0.008714014,0.006365402,-0.001037588,0.0,-0.00287257,0.005596017,-0.010518904,-0.019194447,-0.012839705,-0.008877617,-0.000867679,-0.002853822,0.0071443,0.76404366,0.10657607,-0.463435125
2025-02-13,0.016227018,-0.004099556,0.022886918,-0.001269869,9.02e-05,0.030454212,0.027803066,-0.028298486,0.00853736,0.031163094,0.000993589,-0.006389843,0.018065007,7.14e-05,0.0073215,0.81130876,0.00578749,-2.913160311
2025-02-14,0.009756196,0.001758865,-0.000828209,0.016383514,0.000857289,-0.008746431,0.022137084,0.008004707,0.008184002,0.014916374,0.01576384,0.021058744,0.026084777,0.002924857,0.00749587,0.84857142,-0.03740761,0.0
2025-02-17,0.009948867,0.004675736,-0.00720624,0.014888557,0.0,0.026488464,0.014670316,-0.008004707,-0.020730529,-0.030058619,0.000976892,0.011855148,-0.01675081,-0.001211642,0.00749808,0.85641084,0.00971432,0.0
2025-02-18,0.00415201,0.007551756,0.001945264,0.000615619,-0.00036087,0.008518764,-0.000539597,0.011415714,0.008002326,-0.013440202,-0.007843065,-0.001489776,-0.008481815,-0.001641773,0.0074658,0.8532033,-0.01384665,0.0
2025-02-19,0.033992093,0.005194668,0.020336,0.006746413,-0.000270684,0.018674638,0.020299837,0.006787306,0.008221123,-0.00193486,0.003438979,-0.010616441,0.012695896,0.001142388,0.00710554,0.81204444,0.06599885,0.0
2025-02-20,-0.020650967,-0.001728638,-0.007646166,0.0,0.000631554,-0.000925459,0.025582262,-0.00112806,0.002819332,0.005793386,0.006355398,-0.014163118,0.001680673,-0.001356731,0.00711629,0.81527322,0.08563299,0.260433288
2025-02-21,-0.002116965,0.000576584,0.009548497,-0.006131235,0.000315628,0.001850062,0.024441035,0.00225485,-0.005080402,-0.009026496,-0.00537496,0.008117784,-0.005050516,0.002640247,0.00707772,0.8110936,0.08563299,0.0
2025-02-24,-0.022286695,-0.001730632,0.002169812,-0.001846731,0.000720978,0.008741716,0.000502862,-0.023932813,0.003389801,-0.002594035,0.002935368,-0.00088472,-0.007623925,0.002917685,0.00711391,0.81389414,0.19558416,0.825920167
2025-02-25,-0.009288874,-0.003470395,-0.01117018,0.004303726,0.000765506,-0.023639502,-0.022884286,0.009184917,-0.001128731,-0.011757157,0.0,0.006427628,-0.011976191,0.002696503,0.00718515,0.81883891,0.21129147,0.077247782
2025-02-26,-0.002043487,0.009801066,0.013605508,0.006116235,-4.5e-05,0.013973183,0.016832983,-0.01845498,-0.009075451,0.035499049,0.01887313,0.010870387,-0.015611765,0.00339589,0.00696505,0.79324869,0.25448658,0.186009549
2025-02-27,-0.017391733,0.006885029,0.001350523,-0.004889967,0.000134992,0.00277134,0.007558475,-0.007009323,-0.005427831,-0.031564617,-0.00915008,0.006070771,-0.000874508,0.000141245,0.00696139,0.79694008,0.17464108,-0.376515207
2025-02-28,-0.043296805,-0.027240266,-0.029305175,-0.01917783,0.000495056,-0.045290737,-0.026451069,0.00817282,-0.010076317,0.001308045,-0.019541567,-0.024001152,-0.018543578,0.003383809,0.00814454,0.89858803,0.63800675,1.295615967
2025-03-04,-0.012026694,-0.011226073,-0.004736001,-0.014470238,0.000989233,-0.026407364,-0.001031608,-0.017595747,0.006920375,0.002610968,0.001971509,0.013321799,0.014159529,0.001055131,0.00653934,0.72131279,0.71785225,0.117914905
2025-03-05,0.009850765,-0.018591411,0.011936366,-0.008272351,-0.001214215,0.018655424,0.022954431,-0.010708052,0.010291698,0.016807118,0.013692117,0.011173243,0.014828008,-0.005923013,0.00654573,0.72530715,0.54768971,-0.270554864
2025-03-06,-0.023615749,0.019185237,0.017234696,0.029589789,-0.000587812,-0.004875669,0.044385966,-0.018105489,0.000568698,0.024692613,0.009185565,-0.01242251,0.016316377,-0.002974659,0.00642782,0.70950107,0.42988488,-0.242191452
2025-03-07,0.004292197,-0.013751952,-0.008170048,-0.005598797,0.000813735,0.024621012,0.050786708,0.002433093,-0.004558443,-0.005015684,-0.018456191,-0.029686277,-0.002558637,0.002337952,0.00636537,0.72576635,0.52151086,0.193212647
2025-03-10,-0.003495906,0.006002371,0.010608015,0.003114333,-0.000723191,0.011379918,-0.009675349,0.006056929,0.0,-0.015199786,-0.002945455,-0.005681869,-0.007715426,-0.001699756,0.00636034,0.72964586,0.54245394,0.03937308
2025-03-11,-0.005106991,-0.00901706,-0.022712677,-0.015037885,0.001129883,-0.021926456,-0.02674327,-0.014598751,-0.005727374,-0.005118373,-0.005422753,-0.006626392,-0.007775417,0.002336462,0.00680664,0.77316982,0.79769775,0.385626588
2025-03-12,0.043365989,0.010213186,0.007994469,0.014415819,0.000361325,0.021454889,0.041449482,0.009756183,0.007439198,0.030946581,0.005422753,-0.000912887,0.019751608,0.000353551,0.00756925,0.84445549,0.66680349,-0.179234381
2025-03-13,-0.009544443,0.005959628,0.009564374,0.004965851,-0.00081311,-0.010908351,-0.00457249,0.007255176,0.009080713,0.001243008,-0.003447545,-0.010889022,0.006779687,-0.000919492,0.00747574,0.90755166,0.67073032,0.005871764
2025-03-14,0.024598341,-0.001188954,0.002715866,-0.005588368,4.51e-05,-0.007659169,-0.023650454,-0.006042349,0.015695383,0.025146986,0.009818517,0.012192922,0.029952322,-0.002763447,0.00734753,0.96194709,0.52543769,-0.244135538
2025-03-17,0.020169522,0.014762355,0.0,0.018507648,-0.00036153,-0.010142523,0.000937936,0.009650264,0.000278009,-0.011574908,0.005845109,0.02775818,-0.004930166,0.000567507,0.00711132,0.93236356,0.3749093,-0.33754748
2025-03-18,-0.007720959,0.005261816,0.013737573,0.006093872,0.000406839,-0.00194365,-0.001407377,0.008368227,0.007202214,0.01821544,0.0,0.006694853,0.004930166,0.001700479,0.00716035,0.94485267,0.31731582,-0.166786575
2025-03-19,0.011411755,0.009863438,0.017502452,0.007263927,-0.000632988,0.012566576,0.000938471,-0.016807073,0.009340816,0.011367158,0.008704147,-0.018295543,0.004905979,-0.002409913,0.00719541,0.95163773,0.30684428,-0.033557168
2025-03-20,0.015354522,0.002307188,-0.007123117,-0.002415451,0.00067815,0.006701801,0.022264374,0.01203379,0.003275974,0.018273423,0.0,-0.030992071,-0.009836145,0.002409913,0.00695977,0.92269003,0.21129147,-0.373101833
2025-03-21,0.015122435,0.000575467,0.007648668,0.003621023,-0.000135564,-0.0047824,-0.013391986,0.009523889,-0.006288444,-0.00821119,-0.001445456,-0.025043079,-0.018288124,-0.001842325,0.00700638,0.93662302,0.21914513,0.03649565
2025-03-24,-0.012224235,0.001725589,0.027725623,-0.004225783,0.00027111,-0.001919401,-0.0140452,0.0,-0.003021572,0.00821119,-0.009203267,0.009313702,0.0,-0.000354704,0.00700467,0.94529308,0.22176301,0.011875085
2025-03-25,-0.029664476,0.002869654,0.01546884,0.00060476,-0.000451867,-0.016465247,-0.036489875,0.00943404,-0.001376485,0.000583942,0.006306168,0.004691301,-0.002519951,-0.000567789,0.00701995,0.99290071,0.21652724,-0.02389293
2025-03-26,0.014354733,-0.004595243,0.005020098,0.011421859,-0.000226119,0.021256812,0.019371004,0.002344726,0.001101275,0.029337738,-0.008254629,-0.005497762,0.015853482,-0.001989803,0.00704413,1.02955945,0.22045407,0.017973014
2025-03-27,-0.02003482,-0.010998506,-0.025099578,-0.011421859,0.000180943,-0.018818387,-0.020839086,0.004672909,0.003570979,-0.011402632,-0.007340293,-0.012447743,0.00413053,0.0002845,0.00727997,1.08559333,0.32124265,0.376507383
2025-03-28,-0.030748278,-0.009979514,-0.025482406,-0.012165617,-0.00040704,-0.024156922,-0.0328551,0.00581051,0.018204552,-0.022616215,-0.011360953,-0.016611018,0.030046921,7.11e-05,0.00755428,1.10617951,0.4181044,0.263534406
2025-03-31,-0.04570328,-0.009484412,-0.028584873,-0.015418118,0.002529347,-0.040219249,-0.028749488,-0.00581051,0.009646388,0.001172333,-0.021592584,-0.021972731,-0.008838949,0.005813962,0.00720079,1.01122053,0.96393345,0.835291095
2025-04-01,0.022400944,0.020631446,0.00432672,0.010510151,-0.00013547,0.009307223,-0.003652492,0.025317771,0.00372638,-0.008826183,0.010603436,0.036675884,-0.008103772,-0.000777976,0.00739649,1.04240038,0.814714,-0.168185126
2025-04-02,-0.004440199,-0.004678515,-0.002702033,0.000614799,-0.000225463,-0.02395951,-0.020063918,0.0,-0.005060625,-0.003552402,-0.008575042,-0.019281672,-0.00816998,0.001767254,0.00747769,1.04355643,0.85267333,0.045539377
2025-04-03,-0.018284365,-0.019532814,-0.014992837,-0.018610921,0.00184831,-0.020773027,-0.00964646,-0.020666596,-0.001336028,-0.030716055,0.018570206,0.01737016,-0.030822932,0.00310269,0.00763402,1.04448127,1.0607952,0.218397586
2025-04-04,-0.035924153,-0.004192976,-0.009104664,-0.003764138,0.001620217,0.005902854,-0.002696096,-0.040242206,-0.006976116,-0.023515935,-0.003486945,-0.004382986,-0.055666544,0.003093204,0.00809039,1.1074968,1.15373012,0.08398146
2025-04-07,-0.076511471,-0.05110367,-0.05234418,-0.057565161,0.002200938,-0.068076079,-0.071619052,-0.083066542,-0.027017558,-0.092433919,-0.037625255,-0.055020938,-0.059898142,0.003992821,0.01387462,1.40013238,3.43521702,1.091079827
2025-04-08,0.009912648,-0.019133239,-0.014710498,0.0,-0.000718102,-0.002867791,-0.004068586,0.016916455,-0.001938307,-0.002751033,0.0036204,0.017966664,0.012270093,-0.003080748,0.01383372,1.40480696,2.59749378,-0.279533053
2025-04-09,-0.01974164,-0.012309856,-0.011326421,-0.018139581,-0.000673783,-0.029731161,-0.016441988,-0.083381609,0.005252279,-0.047964059,-0.024563531,-0.033901513,0.004679466,-0.003864469,0.01363213,1.34469537,3.00850174,0.146895145
2025-04-10,0.06736974,0.046490415,0.03938218,0.044422271,0.000718657,0.075755073,0.058079115,0.067776598,0.030144875,0.067064231,0.03687777,0.052110784,0.031252544,0.003443616,0.01756315,1.5000625,1.33698208,-0.811027299
2025-04-11,0.003925243,0.000622071,-0.027759341,-0.00194743,0.000583538,-0.002746603,-0.006726541,-0.030607837,0.025618649,-0.005420067,0.005593622,0.023364578,0.005415176,-0.000421031,0.01746589,1.49332649,1.7650063,0.277739365
2025-04-14,0.008311427,0.006199711,0.005613833,0.005184697,0.000179443,0.009852319,0.006167758,0.021391207,0.008826623,0.028793419,0.009588775,0.015457912,0.018725469,0.001122355,0.017639,1.49840527,1.35268939,-0.266059508
2025-04-15,0.006566283,0.017764646,0.03389173,0.016031177,0.000538279,0.003805443,0.014979379,0.007905186,-0.003106366,0.018313134,-0.003522034,-0.00919171,0.008795131,0.002800278,0.01774556,1.50086489,0.85005545,-0.464548448
2025-04-16,-0.036398708,0.009667615,-0.015210528,0.002541288,0.001299498,-0.021942796,-0.019461256,-0.019881353,0.020275271,-0.017653286,0.008532203,-0.013259696,0.006980831,0.002304431,0.01768842,1.49253193,1.13016916,0.284821017
2025-04-17,0.018621176,0.003002165,0.001733594,0.001268194,-0.000582362,0.01704748,0.008386925,0.036797808,0.011368153,0.011803416,0.007468205,0.016648811,0.00173762,-0.000558163,0.01788626,1.51882885,0.86445382,-0.268024714
2025-04-18,0.005961051,0.014286091,0.014615517,0.00757583,0.000627189,-0.002183424,-0.000556915,0.012820699,0.002258165,0.020007121,-0.00248321,0.010099074,-0.003478264,0.001882551,0.01799512,1.52482681,0.74272216,-0.151775854
2025-04-21,0.007612325,0.011166626,-0.000284553,0.02545926,0.000716244,0.0,-0.003348133,-0.002551024,0.014184595,0.012698583,0.010880352,-0.002414413,0.012981576,0.001878904,0.01809781,1.52980284,0.928592,0.223347429
2025-04-22,-0.011525547,0.002917888,-0.004849603,0.017624322,-8.95e-05,-0.001640729,0.006129837,-0.002557548,0.028019846,0.000630716,0.000983331,0.005357629,-0.002582868,-0.001112954,0.01812867,1.53188992,0.89848632,-0.03295798
2025-04-23,0.043858614,0.006389846,0.032079348,0.019093648,0.0,0.029128338,0.023607957,0.026533448,-0.048489821,0.019975695,0.0,0.00824798,0.000861698,0.001391026,0.01827505,1.53469539,0.62229944,-0.367290089
2025-04-24,-0.01280809,0.002891011,-0.000276987,0.0,0.000536931,0.008997089,0.002709354,-0.032956051,-0.001261851,-0.008690309,-0.002459996,-0.006246324,0.012837147,-0.001599864,0.01819831,1.53327563,0.62884415,0.01046206
2025-04-25,0.017041214,0.010339003,-0.002218439,0.009411859,0.00071534,0.019306647,0.004858241,0.011531175,-0.00709582,-0.003747662,0.0,-0.009106771,0.001699236,0.003821664,0.01813539,1.53018564,0.45082796,-0.332797648
2025-04-28,-0.027173351,-0.004007999,0.000555015,0.005255452,0.00026813,-0.009867646,0.010712495,0.002544533,-0.001527092,-0.000625978,0.002459996,-0.013135795,-0.01539808,-0.000693782,0.0178497,1.50487426,0.42464911,-0.059822599
2025-04-29,0.004931276,0.01599143,0.011632102,0.029630909,4.47e-05,0.009981696,0.003418095,-0.025741467,0.010136902,0.003750004,0.013303955,0.020112711,0.004301082,-0.001041577,0.01781253,1.5394485,0.35527516,-0.178370617
2025-04-30,-0.014081156,0.018524029,0.007342527,0.041672696,0.001205712,-0.01686914,0.000550057,-0.026421572,-0.005309024,-0.015085138,0.00097842,-0.010343299,-0.003439384,0.003121482,0.01774421,1.53620636,0.36051093,0.014629687
2025-05-02,0.014754783,0.006099349,-0.012457685,0.005652926,-0.000401647,-0.004796172,-0.008839814,0.0,-0.014296893,-0.018536804,0.012150862,0.012079062,-0.00778214,-0.002079905,0.01758172,1.52943076,0.38538084,0.066709765
2025-05-07,0.012380951,0.014815035,-0.007147999,0.01121088,0.000714031,0.001601281,0.005534062,-0.001339619,0.040070881,0.005789659,-0.019020375,-0.020622066,0.012936791,-0.001250023,0.01731339,1.50677434,0.39585238,0.026809324
2025-05-08,0.008609325,-0.002181105,-0.002585866,0.005004181,-0.000312384,0.009554213,0.007148775,-0.027175607,-0.016438762,-0.022706133,0.009799232,0.002312454,-0.020779968,-0.000903767,0.01208861,1.0512053,0.23223456,-0.533293469
2025-05-09,-0.013108957,-0.006571669,-0.003169573,0.000554477,-0.00147383,-0.019739238,-0.000548054,0.031189026,-0.006550761,-0.019881371,0.001948357,-0.009556387,0.002621233,-0.00397223,0.01217964,1.05832185,0.19558416,-0.171757123
2025-05-12,0.040427729,0.010385348,0.025361123,0.037000956,0.0,0.022903797,0.019544599,0.025050736,-0.013231783,0.034213863,-0.02413313,-0.026408762,0.01386504,-0.001327628,0.0108552,0.93587071,0.15893377,-0.207503198
2025-05-13,0.010055148,-0.001088013,0.00505199,0.021665312,-0.001341739,-0.009523882,-0.014622468,0.001301205,-0.00668208,-0.00844435,0.00248943,0.022285045,0.003436429,-0.00287079,0.00572106,0.49384765,-0.01646453,0.0
2025-05-14,0.019656266,0.011366831,-0.001120497,-0.004190682,0.000867884,0.014775994,-0.003278763,0.024407108,-0.008806048,0.009090972,0.006443625,0.0,-0.011211847,7.01e-05,0.00565703,0.48985208,-0.01646453,0.0
2025-05-15,-0.020291691,-0.002155251,-0.012976167,0.001573564,-0.000196682,-0.008416673,-0.006038968,-0.025708314,-0.027695336,-0.018923893,0.0,-0.00137836,-0.026363566,-0.000631258,0.00618872,0.53524801,0.03982,0.0
2025-05-16,0.013103037,0.004305867,-0.001420635,0.010427623,0.001162127,-0.012224441,-0.013862189,-0.003913934,0.0253512,0.012438786,0.011787883,-0.005532518,0.016777435,0.004689724,0.00605033,0.52258763,0.01887692,-0.746429287
2025-05-19,-0.030090625,-0.000537248,-0.01547315,-0.018320324,-0.000893829,-0.002141328,-0.018597345,0.006514718,0.002083891,-0.012438786,-0.000976986,-0.00277778,0.000875274,-0.005742707,0.00608471,0.52397603,0.22307196,2.469554398
2025-05-20,0.000969305,0.009093323,-0.013664992,0.012076807,0.000491644,-0.023862304,0.003407233,0.005181363,-0.0039108,0.004600731,0.00390242,-0.000139092,-0.007023734,0.00301559,0.00582897,0.50460662,0.15631589,-0.355615514
2025-05-21,-0.000969305,0.006369462,-0.00293165,0.033866756,-0.000178817,0.007109683,-0.000567011,0.014111824,0.030613261,0.014969365,0.011616899,0.027981527,0.029516032,-0.004069683,0.00621891,0.53337432,0.19558416,0.224111877
2025-05-22,-0.024046305,-0.001058853,-0.015086866,-0.007596897,-0.000268142,-0.018702415,-0.011983007,-0.02189397,0.004802253,0.003868477,-0.008699998,-0.007058533,0.011904903,-0.000703346,0.00640835,0.54814384,0.25710446,0.273491689
2025-05-23,-0.005811556,0.010013167,-0.013503616,0.010619569,0.000268142,-0.025873209,0.0,-0.010471308,-0.002271846,-0.005161302,-0.000971387,-0.007108711,-0.009341894,-0.000351859,0.00650744,0.55628747,0.20998253,-0.202458125
2025-05-26,0.022232287,0.01973068,0.008124102,0.003013563,0.000670291,0.023093113,0.023263358,0.013072092,0.003783547,0.036205923,0.012074569,0.010372688,0.007649846,0.000773926,0.00664893,0.56315931,0.2152183,0.024628525
2025-05-27,-0.005552848,0.005639772,-0.001499453,-0.004020106,-0.000133936,-0.006703936,0.003359539,0.0,-0.006567308,-0.013819315,0.003354953,0.013620331,-0.005944816,0.004000779,0.00661121,0.56115818,0.26495812,0.207918914
2025-05-28,0.020906685,-0.001023211,0.024018867,0.003518476,0.000714478,0.041718454,0.03136421,-0.007822732,-0.005081296,-0.021739987,-0.007203033,-0.008474057,-0.003412973,0.000210125,0.00663326,0.56268852,0.35134833,0.282206349
2025-05-29,0.011957097,0.021331551,0.034272623,0.106062728,-0.000625113,0.028618805,0.015054167,0.024564894,-0.009726249,0.001937359,0.005287241,0.006865478,0.001707942,-0.003789014,0.00747869,0.63598399,0.52151086,0.394951974
2025-05-30,-0.01968536,0.005012583,-0.029304014,-0.021898685,-0.000849178,-0.001045478,0.002132139,-0.03376947,0.004619002,-0.008422466,0.004782521,0.011073424,-0.006849342,-0.003521082,0.00763334,0.64745925,0.59742953,0.135906237
2025-06-02,0.009170686,-0.020712926,-0.011140516,-0.008337241,0.000804461,-0.004192878,-0.022618056,0.027363324,0.015244149,0.043291292,-0.002388448,0.004236733,0.003430535,0.000564225,0.00761209,0.64672443,0.61837261,0.034454869
2025-06-04,0.030752246,0.049786195,0.009973603,0.073941845,-0.001743733,0.032044085,0.020485917,0.012771513,0.004528364,-0.004370909,0.010939562,-0.005298727,0.038627808,-0.008283563,0.00850462,0.7100053,0.52936452,-0.155413936
2025-06-05,0.026815366,-0.001944577,0.021083863,0.006887673,0.00027089,0.009617892,0.011143638,-0.007643293,0.003257676,0.009342952,0.000945574,-0.006395758,0.002468121,-7.11e-05,0.0085237,0.7107347,0.58957588,0.107726163
2025-06-09,0.010827173,0.041463931,0.039781201,0.033329387,0.000225757,0.001007049,0.015707063,0.018999922,-0.014871087,-0.008717365,0.016870116,0.019983461,0.046557365,0.002839953,0.00889348,0.73199922,0.89717738,0.41985016
2025-06-10,-0.004046465,0.006050953,-0.009936602,-0.00166113,0.000315946,0.017955595,0.038221203,0.016179551,0.001522442,0.006234434,-0.002326132,0.018820726,0.00781254,-0.00148997,0.00876082,0.72527853,0.83173025,-0.075745421
2025-06-11,0.035697006,-0.011668746,0.026010984,0.031099069,-0.000451423,0.028747412,0.019802673,-0.004950509,0.00329076,0.000621311,0.009733618,0.0121415,-0.00233736,7.1e-05,0.00871253,0.72574316,0.62622627,-0.28379641
2025-06-12,-0.003193036,-0.000469522,0.001620326,-0.000402982,-0.001174495,-0.009652585,0.0,0.035348039,0.011308063,-0.013129291,-0.000922975,0.007214765,-0.003907781,-0.000781292,0.00871238,0.72577474,0.54768971,-0.134002856
2025-06-13,-0.018042294,-0.003764798,-0.022926705,-0.006469897,-0.000361595,-0.014655856,0.020859383,0.07496301,0.016603034,-0.006313152,-0.010675434,-0.034384401,-0.00235202,0.000568273,0.00877031,0.73113728,0.90633998,0.503705586
2025-06-16,0.01191804,0.02330022,0.012347454,0.042103121,-0.000226135,0.015140704,-0.00048025,0.003327765,-0.004186674,0.003792672,0.00790157,0.002477024,0.003134799,-7.1e-05,0.00813601,0.67669939,0.88801478,-0.020426103
2025-06-17,0.009172373,-0.004154187,0.005710481,0.003106799,0.000949265,-0.014156936,-0.00433209,-0.016750796,-0.007928639,0.001890955,-0.004640396,-0.004567708,0.004683849,-7.1e-05,0.00828407,0.68893465,1.02545375,0.14390209
2025-06-18,0.011097613,-0.006496578,0.013198817,0.010414752,-0.000677996,0.007835496,0.002409065,0.037573456,-0.001244576,0.006277485,0.002322799,-0.000916051,0.02081,-0.001065928,0.00784986,0.65172293,1.02021798,-0.005118887
2025-06-19,-0.001434309,-0.001863741,-0.003753363,-0.010414752,-0.000361709,0.005351509,0.040552432,0.007563495,-0.011271241,-0.002506267,-0.004185076,0.001439132,-0.023930127,0.001065928,0.00784432,0.65122877,0.87754324,-0.150645359
2025-06-20,0.015100002,0.019857252,0.005891818,0.008878653,0.000813805,0.015884811,-0.001387269,-0.005396592,-0.00201716,-0.010722272,0.016636231,0.011051273,-0.023716527,0.000142038,0.00768196,0.63823023,0.78329938,-0.113611258
2025-06-23,-0.01423917,0.002283646,-0.033395207,0.038081887,-0.000768584,-0.015399727,0.00829489,0.0203542,0.00403016,0.005690815,-0.011987206,-0.016163021,0.009554213,0.000425993,0.0072863,0.60532069,0.88670584,0.12399832
2025-06-24,0.04390915,0.052866025,0.020765721,0.068622844,0.001130071,0.021114028,-0.001837252,-0.139761966,-0.009598397,0.015639981,0.022926261,0.009677073,-0.001586043,0.003472053,0.00696371,0.57796402,1.0176001,0.137688998
2025-06-25,0.024538613,-0.003033561,0.033504824,0.011675957,0.000361356,0.000474721,0.024972801,0.003651833,0.001521669,0.002479852,0.010820686,-0.00495761,0.001586043,0.001484388,0.00676003,0.56079249,1.0084375,-0.009044909
2025-06-26,0.007072826,-0.020167284,-0.013691613,-0.036860919,-9.04e-05,0.006150954,0.0,0.002427188,0.001772426,0.006788054,0.002239651,-0.006955865,0.010248414,0.001411657,0.00686174,0.57228741,0.93382777,-0.076865361
2025-06-27,-0.01392631,0.000622057,-0.01981321,-0.017870383,0.000587005,-0.018087118,0.000448384,0.001211418,-0.012217082,0.024302533,-0.00179139,0.0,0.003913899,0.000352603,0.00715274,0.59989298,0.82256765,-0.126861292
2025-06-30,0.00336542,0.007523927,-0.002707787,0.001441442,0.000541556,0.039091391,-0.016267871,-0.003638606,-0.002050771,0.005387622,0.006255699,-0.005546765,-0.009419222,-0.001905536,0.00654207,0.55794779,0.78591726,-0.045579209
2025-07-01,-0.010401985,0.010089911,0.018802526,0.008605288,0.000135236,0.028683961,0.013125307,-0.002433093,0.011734882,0.007138638,0.009751746,0.006336655,-0.003951013,0.002258015,0.00602875,0.51476792,0.78199043,-0.005009017
2025-07-02,-0.016843945,-0.001747497,0.016101717,-0.018739287,-0.000992752,0.000448732,0.005381209,0.004860281,0.002279903,-0.010128177,0.003962142,0.018643392,-0.001584786,-0.004591945,0.00611205,0.52436373,0.78068149,-0.001675259
2025-07-03,0.031001803,0.017339052,0.01610429,0.002543144,0.000677006,0.031790757,0.06576764,0.021583647,0.007060037,0.013678477,0.008313426,0.022099641,0.023512055,0.001697944,0.00610344,0.5199639,0.78199043,0.001675259
2025-07-04,-0.019877607,-0.013411316,-0.013489162,-0.054813347,-0.000315989,-0.015769052,-0.018170736,-0.002375358,-0.005037778,-0.022097047,-0.002181034,-0.017203355,0.0,-0.001202412,0.00729352,0.62078804,0.98094971,0.226678692
2025-07-07,-0.005340649,0.015557775,-0.004974574,0.015969921,-0.000225665,-0.013333531,0.019426215,-0.007159882,-0.009642337,-0.010929071,0.008695653,0.015686096,-0.009338589,-0.000991309,0.00671068,0.71886038,0.90110421,-0.084900283
2025-07-08,0.010924593,0.070364018,0.012519764,0.057891621,0.000361183,0.01200815,-0.002931963,0.017804609,0.006354074,0.001829827,0.003025766,-0.003930274,0.007788201,-0.001204943,0.00709439,0.7528326,0.72439696,-0.218281382
2025-07-09,-0.009963912,-0.008428728,0.011083973,0.047959156,-0.000270839,0.006609409,0.003768101,0.009367757,-0.014032563,0.121500135,0.005595009,0.010488502,-0.006225701,-0.000709535,0.00721958,0.80871438,0.50580355,-0.359191177
2025-07-10,0.018349139,0.004424018,0.006897538,0.013481835,0.00148853,0.016982773,0.007078971,0.002328234,0.010987678,-0.01413067,0.019550138,0.029113236,-0.000780945,0.004461574,0.00729569,1.00864903,0.39585238,-0.245106989
2025-07-11,0.008582593,0.006798678,-0.002804334,0.010656111,-0.000315518,0.006884709,0.020127934,-0.014051765,0.006838099,-0.006038997,-0.00548639,-0.006000875,0.037566702,-0.000353376,0.00722746,1.0022241,0.48093364,0.194687934
2025-07-14,-0.001469901,0.02324301,0.026204539,0.019029446,-0.000631478,-0.002576214,-0.001627958,0.014051765,0.005788341,-0.000550812,0.002957918,-0.004555256,0.032571347,-0.004605172,0.00719995,1.0031556,0.59873847,0.219095594
2025-07-15,0.012095582,-0.001558854,-0.012009189,-0.001626281,-4.51e-05,0.005145809,0.02494095,-0.01877991,-0.001255514,-0.000551116,0.00210749,0.024018223,-0.020604114,0.000213019,0.00709286,0.99062774,0.58695799,-0.019871642
2025-07-16,0.004481948,-0.04548045,-0.011391016,-0.053488685,4.51e-05,-0.017256684,0.001191173,0.0,-0.006554064,-0.007747687,-0.007183612,0.001564851,-0.012719962,-0.000355057,0.00781223,1.07176888,0.56077914,-0.045626112
2025-07-17,-0.023151646,0.007725161,0.003557825,0.002743486,-4.51e-05,0.000869944,0.003169567,-0.002372424,-0.003293261,-0.002781643,0.019320218,0.039155945,-0.001507159,-0.002987466,0.00777031,1.07268187,0.49140518,-0.132058137
2025-07-18,-0.00391126,-0.011815124,-0.001269277,-0.022161572,0.000270633,0.011670761,-0.003566441,0.017657889,0.002534255,0.004446922,-0.011715625,0.001617936,0.009756175,0.002632283,0.00781196,1.07737793,0.32909631,-0.400918558
2025-07-21,0.004180439,0.006128689,-0.007393228,-0.01055976,0.000586335,0.024199865,0.022763971,-0.007025853,0.010073083,0.01704743,-0.004640413,-0.013368406,0.004470946,0.002483524,0.00777117,1.07346831,0.31600688,-0.040586458
2025-07-22,-0.019294077,-0.008180044,-0.015472173,-0.003900023,0.00022534,-0.002099518,-0.005057465,-0.010632036,0.005995561,0.0,0.002533811,-0.001639729,0.01329414,0.002053208,0.00782533,1.07446779,0.42334017,0.292412055
2025-07-23,-0.004399842,0.001231301,0.048195966,-0.008920666,0.000225289,0.000420256,0.020842207,-0.001188384,0.011145615,0.025304176,-0.003803087,0.010610488,0.010219067,-0.000212205,0.00782674,1.08345886,0.40632392,-0.041025366
2025-07-24,-0.006497569,0.008169937,-0.011958326,-0.021007654,-0.000270353,0.01252626,-0.008053798,0.009467534,-0.017141176,0.024679646,-0.004242703,0.000347887,-0.008752791,-0.0014867,0.00778867,1.08004736,0.45344585,0.109725184
2025-07-25,-0.007098645,0.004870244,-0.003514949,0.010558991,-0.000135275,0.007441126,0.006524713,0.00937874,-0.005527664,-0.019377407,-0.002554306,-0.010841162,-0.000732869,-0.000425066,0.00768516,1.06337934,0.48355153,0.064282028
2025-07-28,0.027281935,-0.055778139,0.005017596,-0.040278861,0.000585894,-0.000411946,-0.007680547,-0.01291854,-0.005558389,0.001057083,-0.009421811,-0.014045672,-0.019245598,0.002972343,0.00815273,1.10963078,0.5686328,0.162076997
2025-07-29,-0.001632431,0.014871748,-0.00728367,0.009756175,0.00040539,-0.009106023,0.002694922,0.015249488,-0.00609907,-0.035487595,0.00771542,0.009817336,-0.00224467,-0.000424096,0.00809592,1.10374781,0.56994174,0.002299262
2025-07-30,0.012985439,0.007337725,0.02538712,-0.004116002,0.000270193,-0.003749223,-0.020587281,0.033202876,0.000764421,0.007090294,0.005121562,-0.011363759,-0.00375235,0.002753413,0.00808373,1.10483531,0.63277098,0.104574411
2025-07-31,0.010427902,-0.014388756,-0.045502435,-0.003004133,-0.000315292,-0.019385352,-0.010256493,0.011198279,-0.007670736,-0.249995423,-0.002557544,-0.002980628,-0.025125037,0.000281973,0.00932797,1.1411038,0.50580355,-0.223960203
2025-08-01,-0.049481985,-0.044897385,-0.0287001,-0.065667402,-0.000270207,-0.054209075,-0.077897298,-0.011198279,-0.00334237,0.0013947,-0.035182752,-0.046684919,-0.017892348,-0.003176792,0.01133001,1.22452278,1.03199847,0.713104111
2025-08-04,0.005018132,0.017237892,0.012625141,0.023418415,0.001890342,0.011612457,-0.012942318,-0.020478491,0.019383496,0.00486619,0.010991556,0.01920634,0.017121041,0.004585355,0.01150321,1.2421978,0.79377092,-0.262457558
2025-08-05,0.012710865,0.02723322,0.003652503,0.016342776,4.5e-05,0.019785213,0.011655606,-0.019733708,0.005039047,0.003461409,0.015187927,0.019446408,0.0053867,0.001758057,0.01122626,1.21080458,0.56601491,-0.338174485
2025-08-06,-0.005092572,0.005952461,-0.000781564,0.013036994,0.000224742,0.012116115,0.004709982,-0.009422928,0.003261861,-0.011818003,0.011135065,-0.001565982,0.011446138,-0.000421652,0.01081154,1.1766855,0.51627509,-0.091980677
2025-08-07,0.013296063,0.008022027,0.010886497,-0.003816799,0.000494397,-0.004310352,-0.00085472,-0.011904853,0.004748149,0.004883163,-0.005123832,-0.019723064,0.010566136,0.000562163,0.01057465,1.15067166,0.40501497,-0.242715714
2025-08-08,0.008406829,-0.001683628,0.001288244,-0.004983717,-0.000269706,-0.010421284,-0.021608497,-0.020569434,0.012634948,0.0,0.006825903,0.004416643,0.007479466,0.000351192,0.01047845,1.13948375,0.36705564,-0.098410585
2025-08-11,0.013412218,-0.00549109,-0.002061846,-0.020971642,-0.000296603,-0.000436586,0.012158301,-0.002447984,-0.019389129,0.010384309,-0.015856273,-0.001715266,-0.008230499,-7.02e-05,0.01023207,1.12820599,0.30815322,-0.174916317
2025-08-12,-0.000666356,0.005069845,0.005146615,0.019433181,-0.000107878,-0.011860451,-0.008234119,0.015805783,-0.01009097,-0.00137836,-0.008676893,-0.005410071,-0.007541514,-0.001968402,0.01021101,1.12568223,0.41417757,0.295697668
2025-08-13,0.026962901,-0.001265138,0.010976555,0.002306806,0.000134845,0.003969134,0.009958954,-0.017031995,0.003796094,0.012337374,0.005215131,0.024238444,0.013534041,-0.001126432,0.0102019,1.1320005,0.27804755,-0.398502653
2025-08-14,-0.003900668,0.003370011,-0.018706546,-0.001537279,0.000539341,0.009636518,0.001291698,-0.001227778,0.001009803,-0.005464494,-0.005215131,0.000360946,0.001492538,0.002111117,0.01014759,1.12545027,0.32386054,0.152520849
2025-08-18,-0.030153038,-0.027282246,-0.013541856,-0.024135076,-0.000314569,-0.014047641,-0.020870269,0.001227778,-0.003538931,-0.002056909,0.001741429,-0.014418375,-0.010494849,-0.003521082,0.01036632,1.13967224,0.44297431,0.313198786
2025-08-19,-0.009578488,-0.002596345,0.016383132,-0.009103566,-0.000314668,-0.007098521,-0.015051261,-0.001227778,-0.004314171,-0.001373627,-0.010054778,-0.020466748,-0.006805319,-0.002260088,0.0102892,1.13417799,0.45999056,0.03769419
2025-08-20,-0.018331567,0.003891907,0.007964098,-0.020892684,4.49e-05,-0.000445335,-0.006712952,0.0,-0.004332864,-0.00758886,-0.000879091,-0.005120211,-0.01837724,0.000777482,0.01030061,1.134349,0.54245394,0.164897211
2025-08-21,-0.012923129,0.000431597,0.00076737,-0.000812348,0.000179845,0.011514742,0.008940626,0.014634419,0.003315095,-0.000692761,0.004387921,-0.004014558,0.017618227,0.001553152,0.010096,1.1266909,0.44428325,-0.199640869
2025-08-22,0.008495281,-0.005190278,0.000766782,0.005268503,-0.00035965,-0.01687429,-0.00401334,0.006035056,-0.00203875,0.002076844,0.00567557,0.009508391,0.003789319,-0.001270581,0.01013167,1.13146452,0.40632392,-0.089311635
2025-08-25,0.023572422,0.002165702,0.000255397,0.031824484,0.000539391,0.016433859,0.015077874,0.001202558,0.01267445,0.008950146,0.007805842,0.018871975,0.024655713,0.001200036,0.01065648,1.17874985,0.2767386,-0.384077296
2025-08-26,0.005537935,-0.008691883,-0.003069776,-0.014195822,0.000718712,0.002639685,-0.008397807,0.009569459,0.002013,-0.004120885,-0.003895262,0.005118841,-0.005179442,-0.000493958,0.01053721,1.1952685,0.31208005,0.120186347
2025-08-27,0.001749546,0.001308648,0.00562086,-0.000397219,0.000538784,-0.006170139,-0.011607353,-0.019231318,0.002761399,-0.002066828,-0.007836427,-0.010141207,-0.003716095,0.00338214,0.01053082,1.20103404,0.25972235,-0.18364655
2025-08-28,0.007101256,0.010618994,0.010895796,0.03359691,-0.000314173,-0.005319161,-0.004049456,0.007255176,0.005749372,-0.006920443,0.003925847,-0.001966811,0.009633272,0.00112488,0.01057731,1.20480998,0.17333214,-0.404403538
2025-08-29,0.002267121,-0.010881531,0.008532077,-0.00153787,-4.5e-05,-0.009825894,-0.005424998,0.010785043,0.005964174,0.013108156,-0.008305994,-0.004563121,0.00147384,0.000351266,0.00901137,1.06225616,0.20081993,0.147198998
2025-09-01,-0.03359384,-0.014991435,0.00473638,-0.022962675,-0.00017958,-0.021320835,-0.015532501,-0.004778985,0.023507509,0.011584457,-0.000878405,0.002222498,0.050261835,-0.002602292,0.00550485,0.64955745,0.31600688,0.45335535
2025-09-02,0.007137985,0.01060545,-0.000248761,-0.003944778,-0.000359256,0.001832341,0.000460264,0.013087615,0.001209261,-0.006798123,-0.002199223,0.013475642,0.000700035,-0.001550414,0.00523348,0.63432006,0.20736465,-0.421285148
2025-09-03,0.008715839,0.00526093,0.004219954,0.003551,-0.000674096,0.003198541,0.023198694,0.007067115,0.012013609,0.010179932,0.002638522,0.006791198,-0.000700035,-0.003674462,0.00502774,0.61006874,0.22961667,0.101932429
2025-09-04,0.009983893,-0.0118761,-0.001735421,0.008236956,-0.000224752,0.018979332,0.004933916,-0.027366364,-0.001673193,-0.012228413,0.006566006,0.005544187,-0.003507545,0.001838919,0.00500324,0.61428138,0.16678743,-0.319691139
2025-09-05,0.010018116,-0.002214935,-0.0042273,0.00195122,0.00062925,0.009356272,0.007133315,-0.003625355,0.004296933,0.008846604,0.000436233,0.010759219,0.002807019,0.002681582,0.00506024,0.62074509,0.05814519,-1.053776969
2025-09-08,0.014775994,-0.002219674,-0.007001793,0.021978907,0.000424008,0.004424786,0.010605463,-0.001211418,0.007830168,-0.008163311,0.007819321,0.006282247,-0.001402525,0.000704375,0.00511107,0.62635875,0.0489826,-0.171478025
2025-09-09,0.028658215,0.014998048,-0.004023118,0.068178912,0.000676102,0.016637862,0.007444695,-0.006079021,0.011748264,0.000682827,-0.002599653,-0.003314005,0.009776614,0.003304453,0.00549818,0.67110363,0.09348664,0.646353405
2025-09-10,0.030208476,0.042012247,0.008280057,0.040152016,-0.000225269,0.001735358,0.015584818,0.009708762,0.001400547,0.002045688,0.000433773,0.004848924,-0.007673564,-0.001475108,0.00585577,0.70765054,0.31338899,1.20962666
2025-09-11,0.007871151,-0.00084012,0.00473638,-0.014825302,0.00045063,0.006480904,-0.005599838,0.002412608,-0.00327103,0.006112073,0.005621575,0.000707631,-0.001401542,0.001545297,0.0057395,0.69691247,0.27150283,-0.143472636
2025-09-12,0.029571885,0.018318568,-0.000248761,0.00381349,-0.00045063,0.009429988,0.040217069,-0.024391472,0.00513541,0.018115222,-0.001726313,0.016022798,0.02698192,0.00063148,0.00601769,0.72354299,0.34349467,0.235199032
2025-09-15,0.018033372,0.009852423,-0.026211145,0.039021066,0.0,0.023609866,0.007029131,0.018349123,-0.002564408,-0.007340707,-0.000432087,-0.001277065,0.001364257,0.000490875,0.00515109,0.6182564,0.3565841,0.037398522
2025-09-16,0.028216302,0.004483232,-0.000510828,-0.004669788,0.001036159,-0.01342302,-0.008274787,0.006042349,0.011373031,0.007340707,-0.004764975,-0.003141547,0.010847564,0.000770889,0.00478538,0.57439457,0.39847026,0.111062749
2025-09-17,-0.017411666,-0.015160966,-0.005893708,-0.020946712,0.0,0.002530579,-0.004163213,0.014354324,-0.002310575,-0.005333346,-0.000868866,-0.017160741,-0.019748684,0.002308997,0.00492215,0.58978002,0.40763286,0.022734051
2025-09-18,0.038091207,0.002062123,0.012006788,0.021615161,0.000675169,0.014220231,-0.012172218,-0.011947642,-0.010931628,-0.015493742,0.006065928,0.003077654,-0.015246311,0.002303788,0.00492478,0.59330229,0.35396621,-0.14116546
2025-09-19,0.004439519,0.0,-0.015353396,-0.005360147,-0.001080461,-0.018018506,-0.002536972,-0.003612259,0.0025692,0.003388685,0.003019137,0.012333509,0.019364367,-0.004752902,0.00496305,0.59883336,0.35265727,-0.003704778
2025-09-22,0.024395456,0.00123545,0.006682053,0.003688185,-0.000495714,0.006322466,-0.014069743,-0.004836773,0.015507776,0.002702704,-0.000861669,0.020452501,0.034335248,-0.001753126,0.00460777,0.55538219,0.38668978,0.092126091
2025-09-23,0.014271394,-0.0111733,0.002047073,-0.026451186,0.000135206,-0.000840689,-0.004302943,-0.012195223,0.013233159,0.0,0.014548838,0.013631928,0.005938652,0.002103383,0.00451731,0.54448351,0.39192555,0.013449129
2025-09-24,0.004676879,-0.004588117,-0.005639591,-0.029644717,-0.001127159,-0.020820807,-0.008226904,0.020644254,0.004297208,0.002695419,-0.009818696,-0.028264368,0.004594691,-0.003297267,0.00468581,0.56458534,0.42072229,0.070901074
2025-09-25,-0.011733468,-0.000836439,-0.010595768,-0.01210841,-0.000812285,0.0025729,0.009950337,0.021403984,-0.007930297,0.049879105,-0.006455795,-0.016028422,-0.002622952,-0.003096576,0.00467458,0.56332149,0.34480362,-0.198997935
2025-09-26,-0.032940049,-0.015177299,-0.012812281,-0.015162745,-0.001129348,-0.022083599,-0.026610103,0.005865038,0.001363933,-0.01743667,-0.008673045,-0.015211226,0.023362516,-0.004875561,0.00545697,0.6753619,0.49533201,0.362253227
2025-09-29,0.020415592,0.022510739,0.004463723,0.029039502,0.000271117,0.010886239,-0.001769951,0.0,0.016000392,0.004549894,0.012121378,0.013913061,0.040847652,0.000283291,0.00583411,0.72746098,0.38930766,-0.240858334
2025-09-30,-0.001195847,-0.007531528,-0.000524081,-0.012444605,-0.000497211,-0.006517512,0.002653666,-0.030881281,0.013986193,0.017995344,-0.009511548,-0.008300771,0.001845586,-0.000850115,0.00597675,0.74380704,0.34480362,-0.121394893
2025-10-01,0.02524166,-0.001260746,-0.001311559,-0.014777706,-0.000180826,0.00868061,0.003967515,-0.0060496,-0.001765237,-0.010243367,0.001736138,0.0067644,-0.004929154,-0.000496122,0.0059429,0.75673024,0.33564102,-0.026932842
2025-10-02,0.046727307,0.009625426,0.018206,0.024037032,0.000271227,0.016713481,0.001318957,-0.008531412,0.002866941,0.012787898,-0.005217484,0.003070385,0.00983413,-0.000567426,0.00611628,0.78617879,0.56994174,0.529491949
2025-10-10,0.051298356,-0.023173479,-0.015061308,0.003891744,0.000180849,-0.008107576,-0.01907357,0.004883958,0.021782624,0.037410846,0.0,-0.006862308,0.003053437,0.000212823,0.00611705,0.79249273,0.77413678,0.306214431
2025-10-13,0.004700925,-0.010713597,-0.004195056,-0.021053409,0.001355004,0.005980368,0.056162738,-0.043566259,0.025947887,-0.020402562,-0.010517178,-0.013867526,0.041212162,0.004882349,0.00612089,0.79476764,1.31473006,0.52963807
2025-10-14,-0.026378566,-0.014757201,0.017966892,-0.018930307,0.000857263,0.010591075,0.064353283,-0.010230276,0.010442876,-0.003127935,-0.000440568,-0.003617949,0.008738768,0.003523067,0.00583926,0.76345403,1.63149416,0.215864891
2025-10-15,0.039878153,0.032267725,0.006174416,0.04491504,0.000856458,0.008392831,0.010661543,-0.009038189,0.018730561,0.020465831,0.021796805,0.009259882,0.029153251,0.00133556,0.00644377,0.81176697,1.26629919,-0.253397635
2025-10-16,0.020376441,0.0,0.04929081,0.020518891,-0.001307606,0.036919698,-0.021036807,0.002590677,0.007516521,-0.019213482,0.004732261,-0.000838273,0.0089737,-0.00337738,0.00652063,0.83198401,1.55819338,0.207428438
2025-10-17,-0.002779581,-0.000423368,0.009234551,-0.015611765,0.000631494,0.022696575,-0.019032749,-0.026213777,0.032064907,-0.003133816,-0.002578426,-0.006008189,0.024815169,0.001478945,0.00630388,0.80477032,2.17208744,0.332161599
2025-10-20,0.023021148,0.018048761,0.017979643,0.097532756,-0.000180345,0.010573821,0.0,-0.001328938,-0.03166019,0.013715926,0.009848041,0.021580569,-0.058312482,-0.000281556,0.00641548,0.8126063,1.69039658,-0.250725495
2025-10-21,-0.010848367,0.002077669,0.014154493,-0.023749512,-0.000812099,0.013158085,-0.00491799,0.005305056,0.023196437,-0.003100778,0.007217149,0.002709231,0.004608303,-0.001056432,0.00641683,0.81335558,1.65374619,-0.021920032
2025-10-22,0.00903332,0.0,0.019715335,0.003566222,0.000406096,0.048405623,0.013872096,0.019646981,-0.042396401,-0.005605745,0.007165517,0.003171064,-0.040462864,0.002182182,0.00605969,0.76949491,1.56997386,-0.051984163
2025-10-23,-0.006561584,-0.010012582,-0.02794774,-0.029892191,-0.000676967,-0.006984039,-0.004060025,0.039420234,-0.005376332,0.008087136,-0.015235152,-0.010609554,0.001196172,-0.003028221,0.00632742,0.80457269,1.65505513,0.05277535
2025-10-24,0.030170238,-0.003780737,0.001887674,0.026001136,0.000541596,0.039419314,0.018541374,0.012391742,-0.007910148,0.020846862,0.000426292,-0.000237051,-0.015055991,0.000141056,0.0064292,0.81147907,1.74144534,0.050881104
2025-10-27,0.022283578,0.012547236,0.001413444,0.038870774,-0.000496422,0.022441334,-0.021393303,0.004914019,-0.002720467,0.016847571,0.017744513,0.049602677,0.009060769,-0.003390853,0.00668903,0.83164067,1.95742086,0.116912295
2025-10-28,-0.022017468,-0.002080428,-0.011125693,-0.003129893,-0.000270931,0.001386002,-0.009840233,-0.008615414,-0.03258729,-0.02110419,0.004595757,0.003940337,-0.036746327,0.001484913,0.00728799,0.90471648,1.99668914,0.01986266
2025-10-29,0.02651886,-0.00836468,0.020964161,-0.000940881,-0.001581731,0.011704092,0.022005781,-0.017456816,0.004536175,0.02110419,-0.006272229,-0.011299555,0.021599112,-0.00424836,0.00704941,0.87323127,1.91684364,-0.040810483
2025-10-30,0.010140157,-0.005748543,0.007431487,0.000313725,-0.001086106,-0.020398287,-0.026602797,-0.002518895,-0.000862489,-0.005384398,-0.008881429,-0.004555817,-0.001221747,-0.004765556,0.00725347,0.89518627,1.81998189,-0.051853345
2025-10-31,0.00443611,0.002962964,0.034341038,0.011229064,0.000316876,-0.017263067,-0.032886558,0.003775936,0.010514028,-0.019994607,0.008460287,0.023355267,0.023558927,-0.00099855,0.0065519,0.89761029,1.62494945,-0.113349843
2025-11-03,0.038572275,0.001689237,-0.010563085,0.019048195,-0.000588533,0.015165165,0.000856865,0.017435076,0.002132148,0.007317106,0.006298572,0.008439806,-0.000597193,-0.001642828,0.00629736,1.06392993,1.95087615,0.182801872
2025-11-04,-0.015766557,0.02500126,-0.030044636,-0.052800019,-0.000906201,-0.003857624,-0.012931215,-0.009925648,-0.010491432,-0.028344473,0.004593869,0.032636422,-0.029092961,-0.000142982,0.00679528,1.12141971,2.32916055,0.177229344
2025-11-05,-0.032556885,-0.010341316,-0.021177316,-0.018782936,0.000407863,-0.037956579,-0.028604768,-0.005000014,-0.002586268,-0.00187676,-0.005012542,-0.010869087,0.003683245,-0.002577183,0.00762498,1.21530659,2.94829039,0.23571755
2025-11-06,0.012641098,0.03794052,0.011585492,0.007166154,-0.001768706,0.010528324,0.00534281,-0.003766455,0.004736295,0.013681805,0.002927035,-0.005315988,0.014598799,-0.006183509,0.00754654,1.19457338,2.90771317,-0.013858554
2025-11-07,-0.026838012,-0.012082405,-0.009922142,-0.034338138,-0.001362769,-0.03266945,-0.01161244,0.001257041,0.001931189,-0.009308165,-0.007123433,-0.011927701,0.004218144,-0.003685061,0.00811552,1.24343619,3.12761552,0.07290398
2025-11-10,0.02530909,0.030722694,0.056986881,0.062499999,0.000227317,0.044159702,0.024407648,0.005012546,0.019319095,0.010542733,0.010458158,0.000880282,0.022593113,0.000506613,0.0093304,1.32428797,2.84881075,-0.093369273
2025-11-11,0.01627286,-0.00828586,0.001120771,-0.028811212,0.000999251,0.003207987,-0.005274703,-0.006269587,0.01543953,0.008599562,-0.007518832,-0.010503718,0.025538242,0.001951564,0.00934547,1.33143981,2.74147746,-0.038404632
2025-11-12,-0.001506529,0.035036729,0.009808365,0.04973313,-0.001999574,0.024258528,0.04059281,0.013741608,-0.00539762,-0.003676475,0.022388995,0.05471635,0.009694972,-0.008339043,0.00936945,1.28848439,2.37104671,-0.145165487
2025-11-13,-0.002096173,0.002292615,0.009273568,0.010757749,-0.000363995,0.025039895,0.025487014,-0.03793119,0.024062866,0.015834679,0.017073585,0.02883419,0.056275189,0.003416517,0.0095789,1.29912193,2.00977856,-0.165306961
2025-11-14,-0.060016279,-0.0219958,-0.01975421,-0.045341517,-0.000910461,-0.037974877,-0.026757385,0.020408825,-0.00959682,-0.012158204,0.0,0.004793726,-0.02995051,-0.004290722,0.01060853,1.36119045,2.4443475,0.195753669
2025-11-17,0.045218732,-0.012959119,-0.002468858,-0.009643276,0.001047055,0.00316178,-0.005949885,-0.005063306,-0.028722024,-0.011070224,0.0,-0.001323627,-0.042343328,0.001529358,0.0106001,1.38715379,2.14329071,-0.131435853
2025-11-18,-0.046467283,-0.027245244,-0.032430374,-0.054085166,0.001772887,-0.0382531,-0.035578642,0.0,-0.011681161,-0.010568951,-0.014207667,-0.012507852,-0.019214565,0.00319669,0.01174163,1.43743183,2.78467257,0.261787934
2025-11-19,-0.015558567,0.004457925,0.011539487,0.006457117,-0.000681519,-0.004748867,0.023140163,0.016362901,0.019044146,0.004987542,0.001633987,-0.010787367,0.03580059,-0.000653061,0.01181354,1.45200248,2.81739613,0.011682803
2025-11-20,0.020632235,0.001616127,-0.000459007,0.017794661,-4.56e-05,0.007660078,0.010731978,-0.016362901,-0.006940753,0.006199648,0.01257368,0.026448673,-0.005688297,-0.003053156,0.01178202,1.44679415,2.39460768,-0.162593691
2025-11-21,-0.072913486,-0.010960031,-0.001378375,-0.041446149,0.000636171,-0.046485409,-0.023764308,-0.021809702,-0.007839916,-0.011187189,-0.00201735,-0.012982549,-0.036600077,0.004141354,0.0125335,1.44930922,3.06216839,0.24590388
2025-11-24,0.009788627,-0.004500032,-0.0064576,0.010008712,-0.000363394,-0.015343607,-0.023894959,0.002590677,0.005515557,0.009331327,0.008045096,-0.015867587,0.011179875,-0.000725334,0.01218306,1.42404826,2.71398967,-0.120703534
2025-11-25,0.016228488,0.006131318,0.007376668,-0.007237667,-9.09e-05,0.008084741,0.015111416,0.006447512,0.021348612,0.008017311,-0.025153456,-0.022517998,0.031108499,0.002102021,0.01207826,1.41207985,2.50979463,-0.078218826
2025-11-26,0.018986745,0.025348363,0.015497175,0.038675105,0.000590538,0.042048236,0.027839921,-0.006447512,0.004751565,0.001227747,0.021138999,0.026170112,0.009034505,0.000868511,0.01257458,1.44133596,1.97312817,-0.240580742
2025-11-27,0.017198107,-0.005035435,0.020148396,-0.005673301,-0.003093152,-0.007380107,0.044060032,0.002583983,-0.001650095,0.006116227,0.005615739,-0.005012018,0.02388339,-0.007552159,0.01259084,1.4421829,1.67599821,-0.163211253
2025-11-28,-0.000987654,0.003200021,0.011458903,-0.00536914,0.000318911,-0.015301661,-0.002877708,0.007712127,0.009042335,0.001827597,-0.00040008,0.026139202,0.017410668,-0.000291614,0.01259091,1.4424489,1.60400637,-0.043904453
2025-12-01,0.008675874,0.015455102,-0.016569399,-0.007091031,-0.001139229,-0.005279047,0.00164543,0.016508293,0.009569465,0.027612799,-0.005215659,0.006302755,0.052021185,-0.003579077,0.01258172,1.44024528,1.77547784,0.101565112
2025-12-02,0.015990446,0.031355353,0.035022176,0.017467693,0.000410243,0.009032805,-0.001233798,-0.006317114,-0.006709403,-0.012511334,-0.004030638,-0.007935742,0.003067487,0.001535393,0.01239449,1.41737816,1.5372503,-0.144074291
2025-12-03,0.008378475,-0.00420089,0.020017707,0.014545711,-0.000638317,0.017456339,-0.003297644,-0.008911556,0.0,0.004784698,0.009646377,0.000918883,0.020713042,-0.002780153,0.01199113,1.37162051,1.48881942,-0.032011831
2025-12-04,-0.020103385,-0.013485141,0.025191282,-0.01022605,0.000501564,-0.008875798,-0.003722834,0.005102056,-0.005523127,0.018913093,0.00079968,0.002242611,-0.018673265,0.001976133,0.01195868,1.36620714,1.36316094,-0.088177247
2025-12-05,0.016010194,0.010034916,0.047183304,0.008912421,0.001093429,0.006664223,0.028999323,0.001271426,0.010407174,0.016260521,-0.00039976,-0.026203273,0.020172141,0.000877081,0.01170319,1.32851479,1.17336426,-0.149931165
2025-12-08,0.017560245,-0.020563268,-0.000981051,-0.006925007,-0.000560068,0.012103577,0.017953843,0.010113874,-0.002235551,0.001151411,-0.004809629,-0.011035899,-0.000499376,-0.000950205,0.01075985,1.22134946,1.22310408,0.041516897
2025-12-09,-0.012251038,-0.005109118,-0.014633504,-0.008307076,-0.0023444,0.008350021,0.016859831,-0.020331085,-0.010019546,-0.022106776,-0.002413517,0.009885452,-0.009031672,-0.004030004,0.01087532,1.2355586,1.29378698,0.056181606
2025-12-10,0.007265211,-0.010695331,-0.002193638,-0.009723463,9.2e-05,-0.015300845,-0.003895603,-0.002570698,0.007167059,0.003523198,-0.002015723,0.009685054,0.058725286,-0.000367181,0.01024598,1.1731481,1.2636813,-0.023544433
2025-12-11,-0.010133905,-0.000398191,-0.016505987,-0.010159248,0.0,-0.014793169,-0.000780914,-0.003868448,0.000815792,-0.000586338,-0.004854378,-0.003737934,0.007575794,-0.001028825,0.00989663,1.12862763,1.23226668,-0.025173825
2025-12-12,-0.001045205,0.009121493,0.025251814,0.034128438,0.000322088,0.018457519,0.023930097,-0.002587326,0.016779957,0.030042698,0.00847976,-0.005110299,0.031571796,0.002129965,0.00947046,1.07166613,0.92466517,-0.287178888
2025-12-15,-0.022561986,-0.006336613,-0.017166102,-0.022622389,0.001516956,-0.005133858,0.018141117,-0.002594037,0.015319143,-0.023029227,0.013181737,0.01319157,-0.012879663,0.006800018,0.00941689,1.06431296,1.16943744,0.234846398
2025-12-16,-0.034273527,-0.013197568,-0.019927418,0.002016807,0.001744043,-0.032508,-0.073819912,-0.02498485,-0.013716568,-0.009950331,0.008298803,-0.00995549,-0.009769792,0.004217536,0.00881778,0.96411798,1.35923411,0.150398574
2025-12-17,0.036232566,0.014388741,0.011638694,-0.020010842,-0.000229313,0.0158255,0.019565384,-0.00400271,0.011146608,0.01169604,-0.009092769,-0.018725563,0.055468763,-0.003052268,0.0088904,0.97366376,1.15111224,-0.166192747
2025-12-18,-0.011002392,-0.007968136,-0.020716531,0.013948176,0.00146661,-0.04942588,-0.035825905,0.00533335,-0.000395983,-0.00291121,-0.018032947,-0.003830199,0.001767566,-0.000145584,0.00918463,0.99422367,1.29247804,0.115832697
2025-12-19,-0.00523042,0.010346312,0.027393335,0.022713067,-0.001283184,0.014815086,0.001228745,-0.00801073,-0.001783751,0.016194686,0.006850722,0.019946838,-0.010652564,-0.0033543,0.00771694,0.83383971,1.21525042,-0.061611174
2025-12-22,0.047497673,0.015711177,0.003020272,0.004941535,0.000687656,0.014980115,0.041689343,0.019907741,0.017891003,0.005150226,-0.002815204,-0.009237941,0.047493133,-0.001023111,0.00813509,0.86679691,1.20477888,-0.008654115
2025-12-23,0.005245744,-0.004687536,-0.015397428,0.011436165,-9.16e-05,0.000762195,-0.017825746,0.009156415,0.017193517,-0.001713796,-0.001612253,-0.007941171,0.00509339,0.0,0.00815963,0.8692168,1.06341309,-0.124812416
2025-12-24,-0.008527551,0.005466698,0.003464808,-0.005865119,0.001236617,-0.008800516,0.006374508,0.011650594,0.000382941,0.019813838,-0.004042043,-0.008219078,0.039432376,0.003649172,0.00756581,0.80967464,1.04770578,-0.014880829
2025-12-26,0.029407617,-0.006250056,-0.008992494,-0.008203491,-0.000228904,-0.020187021,-0.01399739,-0.0012878,0.008009193,0.028186447,-0.0052792,0.006942618,0.041066165,-0.002553021,0.00752276,0.80503356,1.07519357,0.025897908
2025-12-29,0.020452991,0.005099062,0.010212516,0.0231243,0.000366164,-0.000392234,0.032100979,-0.016486047,-0.009204284,0.005976655,0.004468827,0.018455573,0.027822506,0.002286558,0.00766098,0.82837282,1.24273822,0.144816476
2025-12-30,0.00893046,-0.009829126,0.010310449,-0.019178225,-0.00027461,-0.007086644,-0.026879043,0.010498784,-0.028132349,-0.02024693,-0.004468827,0.002608924,-0.040044223,-0.001253272,0.0079943,0.86288789,1.42206335,0.134791693
2026-01-02,0.06596491,-0.002373371,0.003613698,0.022713501,0.000228883,-0.018744317,-0.004014457,-0.001306336,0.002967655,0.008257685,0.015353837,0.020936154,-0.007165636,-0.000885609,0.00806027,0.86961631,1.6511283,0.149349992
2026-01-05,0.046547782,0.01259361,0.001201696,0.01148338,-0.000457818,0.027007201,0.007613718,-0.013158085,0.008458789,0.023300973,0.017488522,0.023202897,0.019387353,-0.002365465,0.00840692,0.89711899,1.96920134,0.176169177
2026-01-06,0.031354579,0.007014926,-0.003408537,0.057017445,0.000137382,0.009360443,-0.021792647,0.01185004,0.009164537,0.035774462,0.000787712,0.002688843,0.045575569,0.0,0.00869251,0.92145402,2.13936388,0.082880483
2026-01-07,-0.006875315,-0.014473217,0.054711856,-0.022418388,0.001235372,-0.015649772,0.007317138,-0.022502604,-0.002137376,-0.015100521,-0.004735605,0.004960328,0.001870208,0.004283294,0.0085967,0.90968703,2.30167276,0.073127613
2026-01-08,-0.001993451,-0.020701347,-0.015135884,-0.018241347,0.000182872,-0.01190018,-0.009359165,-0.00402415,-0.006048209,-0.034154867,0.005522696,0.013954629,-0.044315884,0.002869865,0.00904679,0.94359295,2.25455082,-0.020685385
2026-01-09,-0.012261294,0.008411773,0.043998439,0.005600512,-0.000320085,0.005967792,-0.002455982,0.035647339,0.009930955,0.01026204,0.012898361,0.009904917,0.015888728,-0.005009219,0.00904851,0.93869499,2.11711186,-0.062897931
2026-01-12,-0.002672929,0.001992428,-0.009839507,0.008957589,-0.000960797,0.036608449,0.038589982,0.014166367,0.022985115,0.021791986,-0.007014838,-0.015973847,0.095624695,-0.000295443,0.00943582,0.98421004,2.03072165,-0.041661607
2026-01-13,0.004042743,0.007930251,0.065703874,0.011617373,0.000411904,0.036053473,0.066729499,0.010178205,0.00340265,-0.002105264,0.023957869,-0.005217318,0.00592233,-0.003181535,0.00968788,0.99560325,1.90244527,-0.06525118
2026-01-14,0.016434811,0.009825186,0.021260884,0.027579686,0.0,-0.007776377,-0.017113499,0.018809332,0.009204536,0.018789697,-0.008820767,-0.020138254,0.059336581,0.000370466,0.00950563,0.97313529,1.77809573,-0.067597066
2026-01-15,0.008468646,-0.00195733,0.022157317,0.023668015,-0.002107103,0.018416727,0.051555947,-0.012500163,-0.006189647,-0.019316706,0.002308581,0.003518476,-0.013179762,-0.00646578,0.00935661,0.96060394,1.88542902,0.058612415
2026-01-16,0.007351687,0.000783376,-0.00755603,0.014619724,0.000733406,-0.00732604,-0.001426548,-0.024189594,-0.00075287,-0.018085599,0.001919755,0.013159396,0.019054453,0.001564537,0.00810703,0.83189005,1.78464044,-0.054938431
2026-01-19,0.00882042,-0.003530075,0.077485281,0.001421869,-0.001283832,0.016047026,0.018037645,0.008980176,0.014579698,0.005887092,-0.001919755,-0.012657766,0.029498772,-0.004551398,0.00818437,0.8341804,1.96396557,0.095748718
2026-01-20,-0.025349722,0.025219556,-0.007829674,-0.00770222,-0.002066709,0.020412526,0.029017527,0.007633625,0.009235381,-0.007498696,0.032517043,0.004503385,0.007554332,-0.00765712,0.00744553,0.76233568,2.16946956,0.099517016
2026-01-21,0.002903582,0.00649227,0.074063057,-0.017914377,0.001194587,-0.011766939,-0.004094145,0.003795071,0.034869398,0.004291852,-0.014615212,-0.063906336,0.00874186,0.003610655,0.00750041,0.77051501,2.3029817,0.059721979
2026-01-22,0.018496989,0.008339754,-0.032794749,0.021059483,0.000229587,0.033506926,-0.011000428,0.010050336,-0.011967634,-0.014559438,0.00752166,0.014372011,-0.01031098,0.003672479,0.00723025,0.74876728,2.40507922,0.043378168
2026-01-23,0.002426765,0.012380581,-0.022424813,0.068935776,-0.000367307,0.012067031,0.027949987,-0.006269613,0.025897155,0.007036565,0.006349228,0.045331797,0.052313502,-0.002771849,0.00752443,0.77686564,2.10794926,-0.131867283
2026-01-26,0.017096781,-0.001866019,-0.016017778,-0.002400962,0.002293673,0.002737852,0.037927022,0.02607224,0.024901857,0.011796383,-0.002982851,0.048919075,0.082630209,0.005162943,0.00788213,0.80043635,2.14198176,0.016015896
2026-01-27,0.061517248,0.035953974,-0.006290286,0.040052468,-0.000779293,-0.003766483,-0.006167831,-0.014815086,0.0,-0.001066667,0.007811087,0.008556812,0.02171638,0.001267947,0.00787933,0.80087117,2.20219312,0.02772228
2026-01-28,0.060183941,-0.015250816,-0.005854009,0.008177914,0.000825073,0.019701724,0.010366182,0.035434373,0.032431642,0.011143655,0.006646996,0.026623402,0.038456148,0.00223364,0.0081529,0.81654083,2.7087539,0.207034977
2026-01-29,0.022588046,0.008771946,0.035183433,0.089532164,-0.000504122,0.005367339,0.032050974,0.017846994,0.060468992,0.059910414,0.003673773,0.013368938,0.050634162,-0.003725509,0.00845773,0.80769218,2.74016852,0.011530709
2026-01-30,0.038780901,-0.018733318,-0.030392739,0.015471963,-0.000687836,-0.017890773,-0.020827512,0.002355714,-0.079161125,-0.05202601,-0.006253469,-0.043406284,-0.09555585,-0.003664514,0.01102169,1.01374824,2.82655873,0.031040553
2026-02-02,-0.082076142,-0.005577234,-0.035764121,-0.066802004,-0.000321171,-0.052441235,-0.074795021,-0.038374013,-0.13835626,-0.075558883,-0.023521712,-0.040418352,-0.356674944,0.001796542,0.02062354,1.4353168,3.84622499,0.30803217
2026-02-03,0.088630578,0.053713874,0.028617263,0.121640793,-0.001010099,0.038378236,0.046988509,0.004878058,0.075792427,0.071361605,0.025733286,0.036420631,0.0893253,-0.004497422,0.02285293,1.47260894,4.20880208,0.09008592
2026-02-04,0.000225251,0.025812361,0.016753988,0.000650548,-0.000413494,0.044256504,0.025891414,0.0264121,0.038178619,0.005243851,0.017156836,0.00133435,0.027856955,-0.002858864,0.0229042,1.47872655,4.28210286,0.017266146
2026-02-05,-0.055569851,0.004123766,-0.013571299,-0.027248445,-4.59e-05,-0.025775486,-0.037101554,-0.001185537,-0.027475698,-0.036212689,-0.005443672,-0.025955435,-0.103378354,0.001731341,0.0237038,1.50600702,4.47975319,0.045123742
2026-02-06,0.004987542,0.024056771,-0.02885203,-0.030075755,0.0,-0.014344508,-0.017729182,-0.004756252,-0.015016371,-0.009261848,-0.010241494,-0.031477553,-0.066927766,-0.002258867,0.02408838,1.5152547,4.38420038,-0.021560698
2026-02-09,0.047988859,0.031957815,0.02550994,0.067461243,-0.001149552,0.04111091,0.032866029,-0.003582093,0.034693745,0.017363431,0.033975078,0.042849596,0.101730155,-0.003624834,0.02487262,1.52738141,3.8187372,-0.138087464
2026-02-10,-0.021281648,0.030653792,0.020511921,0.024587928,0.001654925,0.003624983,-0.004582659,0.014252023,0.00191188,0.004294156,0.015165165,-0.002128484,-0.001472212,0.006635524,0.02474534,1.52348766,3.14332283,-0.194639326
2026-02-11,-0.010201213,0.038857809,0.026203719,-0.00925543,0.001377039,0.00949426,0.006214247,0.008220833,0.00502296,0.006406856,0.018037256,0.016711876,0.009165967,0.003975254,0.024747,1.54284619,2.73493275,-0.13917362
2026-02-12,0.040810343,0.042635271,0.001975835,0.038757312,0.001329306,0.026368087,0.01134718,0.003502631,-0.000518448,0.002657456,0.019404864,0.003423033,0.017007828,0.00157074,0.02485248,1.54640685,2.94829039,0.075118627
2026-02-13,-0.007353593,-0.01371685,-0.009611791,0.078931796,0.000183199,-0.016640384,-0.014613022,-0.028370697,-0.020784959,-0.029627807,-0.01152946,-0.011840108,-0.090049553,0.003804413,0.02513849,1.58354495,3.0870383,0.045986679
2026-02-19,0.031500414,-0.000293939,0.024531818,0.121886738,0.000137413,0.050340921,0.01654539,0.039958312,0.009135692,-0.001094092,0.005781346,0.049562858,0.02021056,0.00059546,0.0255692,1.58473375,3.21662361,0.041120089
2026-02-20,0.014740418,0.028399423,0.007600066,0.0145289,0.001007001,0.017037224,0.029796182,0.025029748,0.004884867,-0.002740479,0.009449952,-0.008352887,0.009573115,0.002971991,0.02559933,1.58430309,3.38809509,0.051935602
2026-02-23,-0.006043293,-0.015839031,0.000148445,-0.03996185,0.000137184,-0.006354992,-0.015104126,-0.019285907,0.026278884,0.010917139,0.001342733,0.002025783,0.097248433,-0.002376886,0.02559647,1.61657922,3.7114039,0.091142372
2026-02-24,0.035201423,-0.02290166,0.00930789,-0.022775312,-0.000823676,0.027841942,0.026901841,0.014781395,0.003046719,0.010799241,0.004017414,0.009885664,0.013054119,-0.001786379,0.02558876,1.61732249,3.94439568,0.060885542
2026-02-25,0.00541922,0.003261624,0.062698594,0.030591834,0.001692408,0.019298845,0.042006478,-0.01135086,0.003711205,0.011215071,-0.003011547,-0.008874309,0.026605375,0.004237452,0.0255343,1.6099613,4.13419235,0.046996233
2026-02-26,0.089135434,-0.006852484,0.05338365,0.011778699,0.001552643,0.0,-0.005638834,-0.005724114,0.0,0.001061571,-0.000871693,0.020195356,-0.011363759,0.00702276,0.02543398,1.60844765,4.80175306,0.149689083
2026-02-27,0.002041932,-0.033128619,0.024574439,-0.023869098,0.000775454,0.016087678,0.033365694,0.00458191,-0.000168393,0.008978143,-0.023552859,0.003595833,0.009700695,0.001177943,0.02542204,1.60723114,4.72976122,-0.015106353
2026-03-03,-0.075707558,-0.025666521,-0.101435969,-0.083202855,-0.003059592,-0.042200354,-0.045643135,0.105131918,0.022480341,-0.022867255,-0.049631864,-0.045623074,-0.052976678,-0.010280015,0.02648261,1.60783566,5.88948434,0.219293726
2026-03-04,-0.140580985,-0.109101783,-0.158401784,-0.15474044,-0.001739421,-0.157425954,-0.167903551,0.047221229,-0.034168455,-0.010273137,-0.11296787,-0.148250958,-0.025957013,-0.003649231,0.03211443,1.60328341,8.16573547,0.326778353
2026-03-05,0.169529048,0.067341354,0.079430806,0.136705008,0.001098915,0.097711293,0.07647255,0.003917733,0.000170372,-0.005996202,0.053875815,0.108688306,-0.022219089,0.003426191,0.03423529,1.61975498,7.29397972,-0.112897486
2026-03-06,0.017248604,-0.013981562,0.006558401,0.008118613,-0.000404349,0.016586204,0.034077612,0.037414436,-0.004268039,0.0,0.012176711,0.009723919,0.023299197,-0.002605816,0.02982072,1.40979014,5.85545183,-0.219676148
2026-03-09,-0.092967687,-0.034445036,-0.070046721,-0.054683767,-0.004560223,-0.058802881,-0.058134903,0.23846809,0.001196888,-0.012654914,-0.032285663,-0.029260801,0.005025136,-0.011848658,0.02832197,1.33070437,7.04658957,0.185170587
2026-03-10,0.062055548,0.027380225,0.034298234,0.021611843,0.003778632,0.018265348,0.012435045,-0.14934031,0.010708014,0.022989518,0.018192876,0.01030937,0.05299253,0.009983194,0.02820974,1.32506576,6.36463049,-0.101787574
2026-03-11,-0.008298803,0.025334685,0.006752008,0.065631218,0.000321906,0.021107275,0.017875352,-0.033278027,0.005563531,0.002162163,0.012578782,0.0,-0.009553126,0.002461677,0.02751402,1.29212728,5.91697213,-0.072931323
2026-03-12,-0.003053437,-0.011920632,0.001094862,-0.009142503,-0.000735937,0.000632711,0.005561932,0.106339555,-0.011158188,-0.011403871,-0.009897302,0.002757536,-0.032047326,-0.002088306,0.02720278,1.27936725,6.19970373,0.046676652
2026-03-13,-0.011946716,-0.016795822,-0.022288127,-0.023040781,-0.001243123,-0.047273289,-0.014790738,0.022170346,-0.012488401,-0.009327914,0.000764818,0.004709585,-0.026180445,-0.003814943,0.02649258,1.24069846,5.59889909,-0.101931518
2026-03-16,0.02581544,-0.00339331,-0.013842165,0.011958289,0.000644775,-0.016380109,-0.028208721,0.030842846,-0.014216606,-0.00497376,-0.016185324,-0.02007087,-0.032499167,0.003516257,0.02651468,1.24122909,4.80175306,-0.153588915
2026-03-17,0.0,0.014845058,0.032057605,0.006664223,0.000184145,0.028245772,0.021564178,-0.009153382,-0.00297281,0.002766253,0.029852963,0.007363217,0.003746726,-0.000597639,0.02651974,1.2430203,4.53080195,-0.058082117
2026-03-18,0.055056187,0.03261698,0.036827211,0.033920002,0.001747689,0.037618967,0.019802627,-0.050285535,0.000525256,-0.012229169,0.017937701,0.020119428,-0.012039273,0.008260512,0.02648183,1.23990882,4.73761488,0.044634864
2026-03-19,-0.016113911,0.001619414,-0.027609116,-0.034104521,-0.002392346,-0.027837344,-0.034916265,0.053345981,-0.040909518,-0.047532566,-0.020580708,-0.019227589,-0.079948087,-0.007812249,0.02681691,1.24977831,4.90646847,0.035020611
2026-03-20,0.004293612,0.008379038,-0.006553308,0.02927748,-0.001751879,0.019280803,0.018441428,-0.028673022,-0.026234647,0.009921295,0.013145729,0.01543104,-0.016119382,-0.003666708,0.02613729,1.21868254,4.92872049,0.004524988
2026-03-23,-0.06318832,-0.07183935,-0.05271143,-0.091910946,-0.00583092,-0.073275924,-0.07089311,0.058773112,-0.098685394,-0.046354109,-0.059179771,-0.059887305,-0.15082289,-0.012370981,0.02884462,1.26667191,5.86592337,0.174080488
2026-03-24,0.026515747,0.006872864,0.020578874,-0.005713738,0.00194742,0.030024181,0.046682109,-0.081031583,0.032523192,0.028187773,0.036155542,0.02888398,0.099529595,0.00348538,0.02929674,1.28084664,6.1525818,0.047711892
2026-03-25,0.015509564,0.024692568,0.01348768,0.057586433,-0.000741427,0.024295351,0.020549822,-0.024411302,0.035946127,0.020486523,0.014781395,0.036741245,0.060418202,-0.001286661,0.02971547,1.29498913,5.69576084,-0.077149613
2026-03-26,-0.05768495,0.006991892,-0.015105542,-0.029915143,0.000463456,-0.022635049,-0.024984419,0.03321488,-0.025797796,-0.009898189,-0.005281038,0.006187181,-0.047346121,-0.000757633,0.02957728,1.2834628,5.47978532,-0.038656261
2026-03-27,-0.005641469,0.00727275,0.003555847,0.027674245,-0.000788004,-0.007660321,-0.014116261,0.015810606,0.00533124,0.011634803,0.007160385,0.008445348,-0.000432994,-0.004253386,0.02943348,1.27723007,5.57795601,0.017756478
2026-03-30,-0.042919531,-0.029040031,-0.035638881,-0.055740792,0.001853139,-0.005699932,-0.004169568,0.066741974,0.014467506,-0.004637689,-0.017806873,-0.029777672,0.011625535,0.002356788,0.02942115,1.27388515,5.68659824,0.019289818
2026-03-31,-0.050924987,-0.024803201,-0.030557462,-0.023803504,9.26e-05,-0.03420306,-0.033637443,0.012395346,0.006577698,-0.001162791,-0.009602532,-0.054214914,0.018660423,0.00053141,0.02891273,1.24607455,5.69314295,0.001150239
2026-04-01,0.098808604,0.046012546,0.06312613,0.079357328,0.005492364,0.047895043,0.065505824,-0.034651458,0.031320772,0.026407964,0.033772893,0.037936639,0.041964199,0.017006957,0.02361877,0.99808227,5.71539498,0.003900948
2026-04-02,-0.062590979,-0.023935071,-0.044341424,-0.071091985,-0.002950127,-0.036134271,-0.040260039,0.058990526,-0.024977647,-0.019451414,-0.040744261,-0.060430755,-0.066205233,-0.009672053,0.02127927,0.88395695,5.35674471,-0.064806947
2026-04-03,0.025692301,0.004765155,0.008590973,0.01276698,0.001153429,0.023786375,0.032472629,-0.00425231,0.020857791,0.009200755,0.002329194,-0.001915302,0.02675887,0.005334949,0.02133383,0.8865034,5.38161462,0.004631984
