Date,kodex200
2012-01-03,0.03103392751991453
2012-01-04,-0.005809018003033252
2012-01-05,-0.0018090504006644996
2012-01-06,-0.013983638301328705
2012-01-09,-0.012940669035953289
2012-01-10,0.017013913966471936
2012-01-11,-0.0024419554599673663
2012-01-12,0.0073079477829401315
2012-01-13,0.011263275216055383
2012-01-16,-0.010656471805596219
2012-01-17,0.019814430104741182
2012-01-18,-0.0007929062260156904
2012-01-19,0.01496091049077116
2012-01-20,0.019733663592677954
2012-01-25,0.0034419885732450937
2012-01-26,0.0009542807095537792
2012-01-27,0.0015250340638990698
2012-01-30,-0.011299716198136436
2012-01-31,0.005378412851438314
2012-02-01,0.0011486463924536747
2012-02-02,0.01122613816192769
2012-02-03,-0.004931438188504346
2012-02-06,0.0013301404289898658
2012-02-07,0.0017075849122278042
2012-02-08,0.011310362523425292
2012-02-09,0.004301989436051098
2012-02-10,-0.011072901429075367
2012-02-13,0.0056453698307096485
2012-02-14,-0.0009385901545195016
2012-02-15,0.012506125966933903
2012-02-16,-0.013257519545551726
2012-02-17,0.013443179426690348
2012-02-20,0.002777888785830645
2012-02-21,0.00018492469761067942
2012-02-22,0.0
2012-02-23,-0.008542223649484116
2012-02-24,0.004280372967991634
2012-02-27,-0.013272765079028071
2012-02-28,0.007685894369250349
2012-02-29,0.010957737642690918
2012-03-02,0.0012918980470297337
2012-03-05,-0.009266006414465993
2012-03-06,-0.008789507215498229
2012-03-07,-0.008298640001553762
2012-03-08,0.011299616206118586
2012-03-09,0.0087630981562005
2012-03-12,-0.005771476153023762
2012-03-13,0.011509276941232095
2012-03-14,0.011195916159805098
2012-03-15,-0.00018225293942485718
2012-03-16,-0.003841174370745519
2012-03-19,0.004570903557888828
2012-03-20,-0.0031060907947777177
2012-03-21,-0.005872539245234051
2012-03-22,0.0007360485915402286
2012-03-23,-0.0012881862980496663
2012-03-26,-0.0009213088940258131
2012-03-27,0.010817016533993442
2012-03-28,-0.0021908132697320195
2012-03-29,-0.009917519031238045
2012-03-30,-0.002402059563393201
2012-04-02,0.00829099407625628
2012-04-03,0.014210382485560856
2012-04-04,-0.010730458788834872
2012-04-05,0.002556745850103754
2012-04-06,-0.0012770969838605721
2012-04-09,-0.013050566639225537
2012-04-10,-0.0016665728418844864
2012-04-12,-0.004643735528197792
2012-04-13,0.008712367933475459
2012-04-16,-0.007781894083120123
2012-04-17,-0.0029809439880394313
2012-04-18,0.00910045276048898
2012-04-19,-0.0014801751448972197
2012-04-20,-0.013608013715336122
2012-04-23,-0.0007513009780698426
2012-04-24,-0.005084178383049722
2012-04-25,0.00018857488570405372
2012-04-26,0.003392062270330902
2012-04-27,0.006450338353368564
2012-04-30,0.004716725579861777
2012-05-02,0.007686885277057794
2012-05-03,-0.0018693023387949743
2012-05-04,-0.006382809566872853
2012-05-07,-0.018244221287385447
2012-05-08,0.006689954636868969
2012-05-09,-0.008033428419192384
2012-05-10,-0.0034631217198730327
2012-05-11,-0.01749626579380052
2012-05-14,0.0003920550571077843
2012-05-15,-0.004519113625939643
2012-05-16,-0.033236215660946464
2012-05-17,-0.00040754787304811565
2012-05-18,-0.033550507282585885
2012-05-21,0.010267392413508896
2012-05-22,0.017359711598359303
2012-05-23,-0.011746985510158452
2012-05-24,0.003518068963916114
2012-05-25,0.0049450425021828155
2012-05-29,0.015501257485387615
2012-05-30,-0.006089983215192351
2012-05-31,-0.002038601920675371
2012-06-01,-0.002860615851725812
2012-06-04,-0.025281108950151454
2012-06-05,0.010023664826066241
2012-06-07,0.02543677360509537
2012-06-08,-0.005280111708608906
2012-06-11,0.01715976193915975
2012-06-12,-0.007433451760674709
2012-06-13,0.0036230521961300105
2012-06-14,0.003209795243100858
2012-06-15,-0.005825148875920914
2012-06-18,0.017968631731859697
2012-06-19,0.00039534860702122106
2012-06-20,0.005325775056793172
2012-06-21,-0.008098670270597881
2012-06-22,-0.027955399691628628
2012-06-25,-0.013966076214055326
2012-06-26,-0.004976625206152038
2012-06-27,0.0008315891234285382
2012-06-28,0.0010374072123449523
2012-06-29,0.02033156219839345
2012-07-02,-0.0014240003715720853
2012-07-03,0.007908346488129134
2012-07-04,0.004835939445955711
2012-07-05,-0.0016095160520770207
2012-07-06,-0.010524163516581298
2012-07-09,-0.01166504521889255
2012-07-10,-0.004125371903940115
2012-07-11,-0.0020691884310483797
2012-07-12,-0.0194504088164476
2012-07-13,0.012591735720449632
2012-07-16,0.0029157313661843805
2012-07-17,0.0024921847229440255
2012-07-18,-0.013153969388541726
2012-07-19,0.014812084843928139
2012-07-20,0.001241707783495018
2012-07-23,-0.019211269275629207
2012-07-24,0.0027368395318196678
2012-07-25,-0.012269743221610209
2012-07-26,0.006365005624872821
2012-07-27,0.029181288953278206
2012-07-30,0.009616198234856124
2012-07-31,0.020955777739130484
2012-08-01,0.0005978746940183767
2012-08-02,-0.005996286342342298
2012-08-03,-0.01352337134295884
2012-08-06,0.020515585297781483
2012-08-07,0.0019889831356790823
2012-08-08,0.00909833916439787
2012-08-09,0.021234115050901343
2012-08-10,0.0021175583937193252
2012-08-13,-0.007335961817585791
2012-08-14,0.011750313152105266
2012-08-16,0.0003829827447579425
2012-08-17,-0.006529974096042577
2012-08-20,-0.0011566357638472893
2012-08-21,-0.002123979744602925
2012-08-22,-0.005622075589025608
2012-08-23,0.0036868778746870167
2012-08-24,-0.01266924734875313
2012-08-27,-0.0037339728563134675
2012-08-28,-0.0023655490295075763
2012-08-29,0.005707071664933961
2012-08-30,-0.013234861981264761
2012-08-31,-0.002787785260737172
2012-09-03,0.0033840946413370306
2012-09-04,-0.0033840946413371043
2012-09-05,-0.018921782991282853
2012-09-06,0.004056122168216035
2012-09-07,0.029513566891439726
2012-09-10,-0.0019667814617975784
2012-09-11,-0.004341074418307593
2012-09-12,0.017446495016196155
2012-09-13,0.0007766427668512797
2012-09-14,0.03097170899882295
2012-09-17,-0.003772206663619941
2012-09-18,0.00018930492847070237
2012-09-19,0.002452658267604742
2012-09-20,-0.008516754305572222
2012-09-21,0.0032259234694504636
2012-09-24,0.0003787321055224122
2012-09-25,-0.0036046555749728406
2012-09-26,-0.008974054062184437
2012-09-27,0.007452030591397845
2012-09-28,0.0017118778620932376
2012-10-02,-0.00095029337267284
2012-10-04,-0.0017138850437578574
2012-10-05,0.0007619318767127985
2012-10-08,-0.006878186739091209
2012-10-09,0.0005752224247303028
2012-10-10,-0.01954226343461251
2012-10-11,-0.009028304778108747
2012-10-12,-0.002764411919532279
2012-10-15,-0.003366375045421472
2012-10-16,0.010262641572442428
2012-10-17,0.006458202219327619
2012-10-18,0.005835712821872602
2012-10-19,-0.00798375128483605
2012-10-22,-0.0045066109854822204
2012-10-23,-0.008084306820882726
2012-10-24,-0.008549738908904434
2012-10-25,0.006369082130775166
2012-10-26,-0.01741197886172744
2012-10-29,0.0026210005808681163
2012-10-30,0.002212516377745232
2012-10-31,0.008602665387365267
2012-11-01,-0.01041265982839972
2012-11-02,0.011805888650630949
2012-11-05,-0.005185429346372066
2012-11-06,0.010937881199633034
2012-11-07,0.005325998978979976
2012-11-08,-0.01586397630497509
2012-11-09,-0.005813369536761041
2012-11-12,-0.0006034644550525991
2012-11-13,-0.005648593736896462
2012-11-14,0.004239458722070419
2012-11-15,-0.012568678042830636
2012-11-16,-0.005522792988415507
2012-11-19,0.01060984661076299
2012-11-20,0.008085639862227037
2012-11-21,-0.0030240328059605434
2012-11-22,0.009846082497218498
2012-11-23,0.007172831357126025
2012-11-26,-0.001589467357386216
2012-11-27,0.009893339345838295
2012-11-28,-0.005726228667706621
2012-11-29,0.010636337255483547
2012-11-30,0.0013709948513895528
2012-12-03,0.0013680512538951182
2012-12-04,-0.0027390461052846683
2012-12-05,0.006833840886281215
2012-12-06,0.0023324453009192403
2012-12-07,0.005807278722166482
2012-12-10,0.001542967078449851
2012-12-11,0.003078619553651975
2012-12-12,0.007274076787835645
2012-12-13,0.010813137760762887
2012-12-14,0.003390358457168563
2012-12-17,-0.00982639296088675
2012-12-18,0.004736347484203094
2012-12-20,-0.00018918890962953247
2012-12-21,-0.008924261831618348
2012-12-24,0.003997175555608847
2012-12-26,0.0009496900134887955
2012-12-27,0.00511114990831074
2012-12-28,0.0048973870907158615
2013-01-02,0.019352896817605776
2013-01-03,-0.0035075845279446947
2013-01-04,-0.0061222786340025615
2013-01-07,0.0005582229067947685
2013-01-08,-0.010657372259813187
2013-01-09,-0.0037661491100013473
2013-01-10,0.008828704849681162
2013-01-11,-0.005626388018856887
2013-01-14,0.00506484660871106
2013-01-15,-0.0103450764299351
2013-01-16,-0.007210206159215972
2013-01-17,0.0017121512552256265
2013-01-18,0.003984564539739214
2013-01-21,-0.00018964115777413422
2013-01-22,0.004912098730599506
2013-01-23,-0.007947016423328403
2013-01-24,-0.009160316769746267
2013-01-25,-0.010988142875052483
2013-01-28,-0.0015516580529141158
2013-01-29,0.008505576425044245
2013-01-30,0.0044176477811841575
2013-01-31,-0.0019183976525620568
2013-02-01,-0.0019217985779918251
2013-02-04,-0.0025038724152239926
2013-02-05,-0.008522144146626507
2013-02-06,-0.0011680523685155726
2013-02-07,-0.0001948403272290993
2013-02-08,0.010656127082537053
2013-02-12,-0.0017360773157796617
2013-02-13,0.019689118939915085
2013-02-14,0.0032127924781152548
2013-02-15,-0.002077912990399906
2013-02-18,-0.00037818136133004976
2013-02-19,0.0028333481786605814
2013-02-20,0.021273484251899812
2013-02-21,-0.004627055857469477
2013-02-22,0.00148290765322373
2013-02-25,-0.0038966635869795868
2013-02-26,-0.0044727701297982364
2013-02-27,0.0009328995795586642
2013-02-28,0.009841464202578112
2013-03-04,-0.008722484828860514
2013-03-05,0.0029779609284672744
2013-03-06,-0.0005570697519454924
2013-03-07,-0.007840665075734771
2013-03-08,-0.0005622341419755243
2013-03-11,-0.0013135140227174772
2013-03-12,-0.008484916401828536
2013-03-13,0.0037797672240221184
2013-03-14,0.003201994587797467
2013-03-15,-0.010016385894211298
2013-03-18,-0.008775029113127332
2013-03-19,0.003633611636910806
2013-03-20,-0.008628084187376844
2013-03-21,-0.006762634208199485
2013-03-22,-0.0021345048030920535
2013-03-25,0.016952656463651513
2013-03-26,0.0024799875357541562
2013-03-27,0.007025887008544918
2013-03-28,0.0011344500844617193
2013-03-29,0.003960984705233863
2013-04-01,-0.002827632775385969
2013-04-02,-0.00853175714614182
2013-04-03,-0.0022872553620692467
2013-04-04,-0.012868709160560415
2013-04-05,-0.015782160626081933
2013-04-08,0.0007852653421030253
2013-04-09,-0.0009816536975382365
2013-04-10,0.006461118930048307
2013-04-11,0.008743761905748139
2013-04-12,-0.01933836226155451
2013-04-15,0.002167376024916165
2013-04-16,-0.0025617982594665126
2013-04-17,0.0
2013-04-18,-0.013508630923735563
2013-04-19,0.003394526555209587
2013-04-22,0.008731958925069895
2013-04-23,-0.0027705267133504912
2013-04-24,0.007697762391403878
2013-04-25,0.005490307552153866
2013-04-26,-0.0013697049401368562
2013-04-29,-0.0028457059411868906
2013-04-30,0.012781493325621066
2013-05-02,-0.005485816487549031
2013-05-03,0.00431294589415517
2013-05-06,-0.0035273714900134396
2013-05-07,-0.001768120547292829
2013-05-08,-0.0009841909743066263
2013-05-09,0.014268322671265272
2013-05-10,-0.020587299270820755
2013-05-13,0.003164382241975372
2013-05-14,0.011778932824225761
2013-05-15,0.00019514804000845295
2013-05-16,0.00874200172877975
2013-05-20,0.0
2013-05-21,-0.0005801744001173245
2013-05-22,0.005981333382696376
2013-05-23,-0.01355775294565708
2013-05-24,0.0015585192274290775
2013-05-27,0.004662181657886165
2013-05-28,0.0036755402774264145
2013-05-29,0.007693251553598895
2013-05-30,0.0007665418456562092
2013-05-31,0.0007653895062957864
2013-06-03,-0.0036412544148404567
2013-06-04,-0.001537429280479317
2013-06-05,-0.013747936583408392
2013-06-07,-0.021480675700693
2013-06-10,0.004967508086958998
2013-06-11,-0.0071613247668217824
2013-06-12,-0.008419969346042262
2013-06-13,-0.01378482852986511
2013-06-14,0.0008158879271344374
2013-06-17,-0.0008158879271342919
2013-06-18,0.007928773150563595
2013-06-19,-0.004872193892087318
2013-06-20,-0.024306007851283947
2013-06-21,-0.015337982473590304
2013-06-24,-0.009573345468697817
2013-06-25,-0.00729444453898664
2013-06-26,-0.003019410767040944
2013-06-27,0.029999198195824195
2013-06-28,0.013118214007345046
2013-07-01,-0.0008278445629156976
2013-07-02,-0.0008286324851866634
2013-07-03,-0.018402704699183245
2013-07-04,0.0063118450376864815
2013-07-05,-0.0029406672654353
2013-07-08,-0.009723219974809585
2013-07-09,0.008460489382559763
2013-07-10,-0.007610992631610468
2013-07-11,0.03421286702279115
2013-07-12,-0.006171811775861865
2013-07-15,0.0024729934687746378
2013-07-16,-0.004125161713678315
2013-07-17,0.009667918537802245
2013-07-18,-0.0076033121273795705
2013-07-19,-0.0010317195455261624
2013-07-22,0.0030922748487818815
2013-07-23,0.013900671541774715
2013-07-24,0.003849605260884404
2013-07-25,0.0
2013-07-26,0.0018185312298081018
2013-07-29,-0.003235156760758717
2013-07-30,0.007071659244162506
2013-07-31,-0.002418990513486969
2013-08-01,0.001008772657129763
2013-08-02,0.004826888600437872
2013-08-05,-0.005432089598300155
2013-08-06,-0.009526810369620432
2013-08-07,-0.014359139749256605
2013-08-08,0.00227011097835877
2013-08-09,0.0004123233240835218
2013-08-12,0.0018525447712307793
2013-08-13,0.014294730655261163
2013-08-14,0.007071659244162506
2013-08-16,-0.002418990513486969
2013-08-19,0.0004035716592674322
2013-08-20,-0.0150410957072384
2013-08-21,-0.011948844455709571
2013-08-22,-0.00811569444878438
2013-08-23,0.011839510786629127
2013-08-26,0.01088377222376745
2013-08-27,-0.0014307839464593388
2013-08-28,0.0026556862540017562
2013-08-29,0.014982932788794912
2013-08-30,0.00780711703856363
2013-09-02,-0.0011967949855534123
2013-09-03,0.004183264298881431
2013-09-04,-0.0007952918284687613
2013-09-05,0.011277233396961166
2013-09-06,0.002946381846403735
2013-09-09,0.008788370135416862
2013-09-10,0.011406654533879422
2013-09-11,0.0032626690384156233
2013-09-12,0.001148949120591085
2013-09-13,-0.005373439763665956
2013-09-16,0.011098747886378683
2013-09-17,-0.005151422283141683
2013-09-23,0.0021019980566469067
2013-09-24,-0.0007640226122669841
2013-09-25,-0.006131207180304966
2013-09-26,0.00956406605943568
2013-09-27,0.0011414231263165678
2013-09-30,-0.008402043999925314
2013-10-01,0.0013415911607327288
2013-10-02,0.00019144178083695064
2013-10-04,-0.001533032941569609
2013-10-07,0.0
2013-10-08,0.006117705956768989
2013-10-10,-0.002862780261796297
2013-10-11,0.01705548634043088
2013-10-14,-0.0013163660032995358
2013-10-15,0.008057752852561302
2013-10-16,0.0007466733563958008
2013-10-17,0.005207785036426493
2013-10-18,0.003888594645586663
2013-10-21,0.0011085665964513057
2013-10-22,0.0
2013-10-23,-0.011138145612034661
2013-10-24,0.003168232870107873
2013-10-25,-0.007470911427954387
2013-10-28,0.008586923359133119
2013-10-29,0.0037107666185126533
2013-10-30,0.0038812242877050086
2013-10-31,-0.015054722378636247
2013-11-01,0.002618516188559721
2013-11-04,-0.007687454661602964
2013-11-05,-0.005662536750546545
2013-11-06,0.0007569902968428792
2013-11-07,-0.0075945953528429805
2013-11-08,-0.0072687653173635495
2013-11-11,-0.0005761686118797867
2013-11-12,0.006891365258491515
2013-11-13,-0.018677304750736777
2013-11-14,0.00504031095291624
2013-11-15,0.019912652115871583
2013-11-18,0.0020830094798073456
2013-11-19,0.011474188299416268
2013-11-20,-0.007320677856949142
2013-11-21,-0.01537778766455142
2013-11-22,0.00686367943223095
2013-11-25,0.007760299285840895
2013-11-26,0.0037636523863222196
2013-11-27,0.003749540403040991
2013-11-28,0.007828494867857258
2013-11-29,0.000371191627053158
2013-12-02,-0.007638392480844955
2013-12-03,-0.01166344128013412
2013-12-04,-0.011609019883597537
2013-12-05,-0.0019160790988869626
2013-12-06,0.0
2013-12-09,0.009543985016620805
2013-12-10,-0.0024728310937406797
2013-12-11,-0.010914456180057189
2013-12-12,-0.00019232137785249036
2013-12-13,-0.007926834193111477
2013-12-16,0.000388429353116496
2013-12-17,0.004259374068086348
2013-12-18,0.0057789733137903684
2013-12-19,-0.0011529557935588159
2013-12-20,0.002688636886706667
2013-12-23,0.009923591060352621
2013-12-24,0.002465609907162762
2013-12-26,-0.0015161984527028883
2013-12-27,0.007748471359485859
2013-12-30,0.003757532726463076
2014-01-02,-0.028535172553463696
2014-01-03,-0.009695456490895956
2014-01-06,0.0029182905673465825
2014-01-07,0.0029103705473636147
2014-01-08,0.0
2014-01-09,-0.005244666068201583
2014-01-10,-0.00821263430398052
2014-01-13,0.006458473738847204
2014-01-14,-0.0013666377721203297
2014-01-15,0.0029257880521420757
2014-01-16,0.004664157472372624
2014-01-17,-0.009349305128133355
2014-01-20,0.006047986818083916
2014-01-21,0.007943632567175682
2014-01-22,-0.0015450764409350606
2014-01-23,-0.010296442472616072
2014-01-24,-0.00450151037219601
2014-01-27,-0.012037423791884853
2014-01-28,0.0025775605154711636
2014-01-29,0.011028051958523969
2014-02-03,-0.013010411021537192
2014-02-04,-0.019231054039441458
2014-02-05,0.0044397942272981035
2014-02-06,0.007822579578347227
2014-02-07,0.008554608956846226
2014-02-10,0.000396430339963014
2014-02-11,0.0037553601207178273
2014-02-12,0.0025611158878126594
2014-02-13,-0.007306969361199914
2014-02-14,0.011822620036119459
2014-02-17,0.0017614662614207877
2014-02-18,-0.0003912757862233938
2014-02-19,-0.004902555380069238
2014-02-20,-0.005716679648246736
2014-02-21,0.01549825550769841
2014-02-24,-0.003510704857510286
2014-02-25,0.008365464405455368
2014-02-26,0.00405999939691066
2014-02-27,0.001541921373415881
2014-02-28,0.0011550483847489823
2014-03-03,-0.008114259789610653
2014-03-04,-0.003108671332495802
2014-03-05,0.009104306431989033
2014-03-06,0.0009635763053682805
2014-03-07,-0.0021211707562746093
2014-03-10,-0.01262748146596763
2014-03-11,0.004486293874068961
2014-03-12,-0.015297514092885241
2014-03-13,0.0023689505996729275
2014-03-14,-0.009907262536283552
2014-03-17,0.0037764543350368414
2014-03-18,0.0065252659633915685
2014-03-19,0.0
2014-03-20,-0.011895767983925842
2014-03-21,0.00774827312543457
2014-03-24,0.005328773718692025
2014-03-25,-0.0013788275893679635
2014-03-26,0.014093432781576392
2014-03-27,0.00562037819175595
2014-03-28,0.0
2014-03-31,0.004627612874263726
2014-04-01,0.0007694589502202521
2014-04-02,0.0030711747756845317
2014-04-03,-0.0007670042065314191
2014-04-04,0.003637360491762924
2014-04-07,-0.002295700889513947
2014-04-08,0.005158310352813493
2014-04-09,0.0015229318664586925
2014-04-10,0.002659842571044858
2014-04-11,-0.007810188847725867
2014-04-14,0.003055622715412393
2014-04-15,-0.005736631380926077
2014-04-16,0.004209940173337336
2014-04-17,-0.0015289315078235999
2014-04-18,0.00743096428227252
2014-04-21,-0.001519833944201695
2014-04-22,-0.0001900950036592643
2014-04-23,-0.001141423126316607
2014-04-24,-0.000952197797872733
2014-04-25,-0.014394372263941135
2014-04-28,0.0001931599152413541
2014-04-29,-0.004104393975127238
2014-04-30,-0.0005877059646033526
2014-05-02,-0.003730371938827359
2014-05-07,-0.009684746704247103
2014-05-08,0.004557924281777041
2014-05-09,0.0013825789008535532
2014-05-12,0.006298261929539843
2014-05-13,0.013639962274443144
2014-05-14,0.01250169639095952
2014-05-15,0.00019073717741466628
2014-05-16,-0.000573438843409525
2014-05-19,0.0021010963947767987
2014-05-20,-0.0013363050006567562
2014-05-21,0.00019075740849899424
2014-05-22,0.005334172386842683
2014-05-23,-0.0017112986745120966
2014-05-26,-0.0017142322385869367
2014-05-27,-0.010156261426450198
2014-05-28,0.010918587758526742
2014-05-29,-0.0009534633988884841
2014-05-30,-0.008425600336278385
2014-06-02,0.002304897884861199
2014-06-03,0.0009591275338846123
2014-06-05,-0.005188918436743977
2014-06-09,-0.00019288107382813937
2014-06-10,0.010353037343155735
2014-06-11,-0.0007631991131726453
2014-06-12,-0.003633451563793018
2014-06-13,-0.012336468911103161
2014-06-16,0.005415870472467827
2014-06-17,0.0017349498988703275
2014-06-18,-0.005793652090806014
2014-06-19,0.0025147989869781693
2014-06-20,-0.014596258758960161
2014-06-23,0.005474199878419449
2014-06-24,0.01105196509682904
2014-06-25,-0.0058018734837981655
2014-06-26,0.006572963318741192
2014-06-27,-0.0025079130445669353
2014-06-30,0.004432806062565028
2014-07-01,-0.0025029902321017173
2014-07-02,0.006916139909730648
2014-07-03,-0.0011491242588832508
2014-07-04,-0.0013427369609789208
2014-07-07,-0.0053888621430305894
2014-07-08,0.0
2014-07-09,-0.0048357891787741076
2014-07-10,0.0019369152658005948
2014-07-11,-0.00796666515313339
2014-07-14,0.0035055793288114763
2014-07-15,0.010442569867254297
2014-07-16,0.0015379361556480647
2014-07-17,0.003068794704847076
2014-07-18,-0.0013416376105444357
2014-07-21,0.0003838957240998742
2014-07-22,0.00592451120848915
2014-07-23,-0.00019065629144344852
2014-07-24,0.00038118339937540135
2014-07-25,0.0020933131964519275
2014-07-28,0.00927257291808435
2014-07-29,0.009560305930143903
2014-07-30,0.012205594163156986
2014-07-31,-0.004805405551896719
2014-08-01,-0.004455783838143186
2014-08-04,-0.00018621388159534316
2014-08-05,-0.006722608743446227
2014-08-06,-0.0030022925962541734
2014-08-07,-0.004143224348332674
2014-08-08,-0.012724443779144027
2014-08-11,0.0059073572011913225
2014-08-12,0.0
2014-08-13,0.005684005146136737
2014-08-14,0.0028299328360535604
2014-08-18,-0.005478054806960431
2014-08-19,0.008300001717475834
2014-08-20,-0.0013157221236476872
2014-08-21,-0.01573647441982851
2014-08-22,0.007425037460591541
2014-08-25,0.002651910599685014
2014-08-26,0.0035879736904160225
2014-08-27,0.00018860055688474703
2014-08-28,0.0009420109706491009
2014-08-29,-0.0028285152812283472
2014-09-01,-0.0018900699367215346
2014-09-02,-0.008740092374137864
2014-09-03,-0.0026753145122326875
2014-09-04,0.0034383905904706706
2014-09-05,-0.0019088296299436963
2014-09-11,-0.0045960000075874665
2014-09-12,0.0019175210515171668
2014-09-15,-0.0036463176076363133
2014-09-16,0.0032631447798236297
2014-09-17,0.009156699374474452
2014-09-18,-0.006477195275445249
2014-09-19,0.004005702930601931
2014-09-22,-0.012065381801877367
2014-09-23,-0.0032813423279119814
2014-09-24,-0.00038646648190441483
2014-09-25,-0.00019343060544213075
2014-09-26,-0.0032935851074812053
2014-09-29,-0.0015536226836819803
2014-09-30,-0.004285354439212324
2014-10-01,-0.013757993397496986
2014-10-02,-0.012145363239766682
2014-10-06,-0.0016038672824344713
2014-10-07,0.0018038040624858303
2014-10-08,-0.003209374617011803
2014-10-10,-0.015592294578185034
2014-10-13,-0.0024521107356659092
2014-10-14,-0.001023672999074789
2014-10-15,-0.0014341656396832173
2014-10-16,-0.004934175977588955
2014-10-17,-0.011817035433920724
2014-10-20,0.013670468724697862
2014-10-21,-0.007226366336580614
2014-10-22,0.006814488264507915
2014-10-23,0.0020561952282364105
2014-10-24,-0.003910091438894848
2014-10-27,0.004731087254166284
2014-10-28,-0.0008209958152714538
2014-10-29,0.018315289344547202
2014-10-30,-0.0006051260193970815
2014-10-31,0.0076383628791529155
2014-11-03,-0.006428378618893964
2014-11-04,-0.006875687168800825
2014-11-05,-0.0028450338072106003
2014-11-06,0.005681996354635254
2014-11-07,0.00060654412196434
2014-11-10,0.009660077014271656
2014-11-11,0.0
2014-11-12,0.0031994964992266787
2014-11-13,-0.002999014395192664
2014-11-14,-0.008647491094705298
2014-11-17,0.0024206506159666695
2014-11-18,0.008027522936065725
2014-11-19,-0.0014002288255977558
2014-11-20,-0.004011379406478054
2014-11-21,0.0034104436707147355
2014-11-24,0.009369619258822013
2014-11-25,0.0
2014-11-26,-0.0021856026534196717
2014-11-27,0.005750466902270483
2014-11-28,-0.00019784876616634001
2014-12-01,-0.008539203047212758
2014-12-02,-0.0003991128998755951
2014-12-03,0.001993003447810448
2014-12-04,0.010498503215504836
2014-12-05,0.0005910368982809203
2014-12-08,-0.001576875335687319
2014-12-09,-0.003160747989112815
2014-12-10,-0.014750138059153782
2014-12-11,-0.011714824192654601
2014-12-12,0.0012181395369334953
2014-12-15,0.000405420543374761
2014-12-16,-0.007532592378477379
2014-12-17,-0.003275470989058034
2014-12-18,-0.0008208217771760594
2014-12-19,0.014869497729884358
2014-12-22,0.00805490568681715
2014-12-23,-0.0006019458013225999
2014-12-24,0.0026055264053819276
2014-12-26,0.0012003022222432146
2014-12-29,-0.004006557774723618
2014-12-30,-0.00968140891941907
2015-01-02,0.002226651721864435
2015-01-05,-0.0018213293379396695
2015-01-06,-0.01798913978798255
2015-01-07,0.0020605548401506244
2015-01-08,0.012681495533788164
2015-01-09,0.011117040525928039
2015-01-12,-0.0024149031343776665
2015-01-13,0.004423007438597603
2015-01-14,-0.004423007438597709
2015-01-15,0.0030177188048905045
2015-01-16,-0.013958132552572592
2015-01-19,0.010134017366665016
2015-01-20,0.008833919317082776
2015-01-21,0.002196267132932543
2015-01-22,0.002787982586421189
2015-01-23,0.00575122046079146
2015-01-26,0.0
2015-01-27,0.00689731198541495
2015-01-28,0.0009814855375243816
2015-01-29,-0.004719921593398144
2015-01-30,-0.00039418213050061116
2015-02-02,-0.00236951687854804
2015-02-03,-0.00039517692049265764
2015-02-04,0.00689731198541495
2015-02-05,-0.010264327468099393
2015-02-06,0.0015854814357230713
2015-02-09,-0.0011889719700858606
2015-02-10,-0.004771337113477361
2015-02-11,0.00139380335577803
2015-02-12,-0.002989353953133083
2015-02-13,0.007358198013927036
2015-02-16,0.0011879874321615283
2015-02-17,0.002174270122432934
2015-02-23,0.002761165773866101
2015-02-24,0.0011807393892496944
2015-02-25,0.0035342582038187065
2015-02-26,-0.0003919411076535327
2015-02-27,-0.0033391539647485585
2015-03-02,0.006080188028969146
2015-03-03,0.0037085200258064536
2015-03-04,-0.0007794889795551159
2015-03-05,0.001169290346157746
2015-03-06,0.005244103260733557
2015-03-09,-0.010320646152291932
2015-03-10,-0.004315426007583957
2015-03-11,0.0005896432341118585
2015-03-12,0.0
2015-03-13,0.002158673457761675
2015-03-16,0.0007839570641843256
2015-03-17,0.022276989947930804
2015-03-18,0.0
2015-03-19,0.0028695445774549497
2015-03-20,-0.0030610659672087896
2015-03-23,0.00038309941328917976
2015-03-24,0.002104753247681353
2015-03-25,0.0
2015-03-26,-0.009216758561611636
2015-03-27,-0.002317430113388592
2015-03-30,0.0021247665712851543
2015-03-31,0.0003857597473198614
2015-04-01,-0.007744463721302049
2015-04-02,0.0009712851770222965
2015-04-03,0.007544251893992675
2015-04-06,-0.0003854623555944487
2015-04-07,-0.0021229382432439107
2015-04-08,0.0071226769746188055
2015-04-09,-0.0007676157597821627
2015-04-10,0.011452822124244411
2015-04-13,0.007563078946854293
2015-04-14,0.004697732930864219
2015-04-15,0.005235763807335492
2015-04-16,0.007246869020308302
2015-04-17,0.0007404280051618652
2015-04-20,-0.0005552696006262918
2015-04-21,-0.0009257739920552372
2015-04-22,0.0046212215972209515
2015-04-23,0.014283546636586675
2015-04-24,-0.00638401979967568
2015-04-27,-0.0029320489422342147
2015-04-28,-0.0034928988484910508
2015-04-29,-0.002238850238308274
2015-04-30,-0.004492613528309338
2015-05-04,0.0031846366590366233
2015-05-06,-0.01621489061812189
2015-05-07,-0.004572304533319743
2015-05-08,-0.004209762610158827
2015-05-11,0.0017244061548106376
2015-05-12,-0.0005744717175366238
2015-05-13,0.0061105056419455414
2015-05-14,0.0013315502537119242
2015-05-15,-0.009935130700489767
2015-05-18,0.002301541613329101
2015-05-19,0.004587252644299162
2015-05-20,0.009111946184426963
2015-05-21,-0.01140285013446256
2015-05-22,0.012912998973335886
2015-05-26,-0.0018885659308084594
2015-05-27,-0.020241173345198604
2015-05-28,-0.00019280746488381794
2015-05-29,0.005195661971812654
2015-06-01,-0.009062062914663162
2015-06-02,-0.009536091101168934
2015-06-03,-0.009232680264038881
2015-06-04,0.0037427414775498755
2015-06-05,-0.0011803807768962973
2015-06-08,-0.001970719315515586
2015-06-09,-0.001578805903657431
2015-06-10,-0.005944304809331529
2015-06-11,0.0037688206108230037
2015-06-12,-0.008549798825306237
2015-06-15,-0.0034002888801263373
2015-06-16,-0.008249044490095728
2015-06-17,0.0008082562734754256
2015-06-18,0.003023169943180855
2015-06-19,0.005018555375378277
2015-06-22,0.003398345672818999
2015-06-23,0.01328198106156683
2015-06-24,-0.0003939884525586273
2015-06-25,-0.0007880632270197111
2015-06-26,0.0005911530655060989
2015-06-29,-0.012890547064372407
2015-06-30,0.0041829125083504785
2015-07-01,0.011266055769897596
2015-07-02,0.0011783367658682244
2015-07-03,-0.0029489707268891287
2015-07-06,-0.02512070053192142
2015-07-07,0.002016641930504175
2015-07-08,-0.013796291439392814
2015-07-09,0.006719154409336595
2015-07-10,0.0008113747582817831
2015-07-13,0.01068880630445517
2015-07-14,-0.004825969570498313
2015-07-15,0.0030189108028930178
2015-07-16,0.007408013551013335
2015-07-17,-0.00600219835406731
2015-07-20,-0.0016068764877420463
2015-07-21,0.0020081200584013536
2015-07-22,-0.008663293639225227
2015-07-23,-0.0004048329213387805
2015-07-24,-0.011400701602653227
2015-07-27,0.0018414605512798623
2015-07-28,0.0018370937277943412
2015-07-29,0.0040718438845495294
2015-07-30,-0.00918650689675608
2015-07-31,-0.00308108493197693
2015-08-03,-0.00536310578256717
2015-08-04,0.0043340964378681315
2015-08-05,0.0006172156793929212
2015-08-06,-0.01117520271443102
2015-08-07,-0.0018748363356055158
2015-08-10,-0.0027145523701824627
2015-08-11,-0.004400088890238872
2015-08-12,-0.006108362452745555
2015-08-13,0.00442719138579099
2015-08-17,-0.00802558754999398
2015-08-18,-0.001697889874697165
2015-08-19,-0.007675661503476321
2015-08-20,-0.010327285977432196
2015-08-21,-0.015693487597746972
2015-08-24,-0.023561884326200308
2015-08-25,0.003368197026668818
2015-08-26,0.018654445164818644
2015-08-27,0.005923329541879518
2015-08-28,0.014332315989761953
2015-08-31,-0.0012944165627601504
2015-09-01,-0.009980549762535896
2015-09-02,0.0021784565231743476
2015-09-03,0.001956342059363494
2015-09-04,-0.008505157241035522
2015-09-07,-0.00241212780773058
2015-09-08,0.001973828681756223
2015-09-09,0.029576068783906014
2015-09-10,-0.0017032091428336269
2015-09-11,-0.0025605223839529788
2015-09-14,-0.005569807146142096
2015-09-15,0.00236026781185592
2015-09-16,0.021624709130024466
2015-09-17,0.004185592703254836
2015-09-18,0.007283543208235918
2015-09-21,-0.017781167414918458
2015-09-22,0.0054729075786922425
2015-09-23,-0.013312314344215943
2015-09-24,0.00021222388132708885
2015-09-30,0.005514592911657221
2015-10-01,0.01093858228213712
2015-10-02,-0.006506820343280331
2015-10-05,0.00105248570043891
2015-10-06,0.009421148410708114
2015-10-07,0.015096952544833332
2015-10-08,0.007158018122506517
2015-10-12,0.005892790751651448
2015-10-13,-0.0024344118481436088
2015-10-14,-0.0036620300874043742
2015-10-15,0.011148507343875744
2015-10-16,-0.0018158279713379722
2015-10-19,0.0004037699829283491
2015-10-20,0.0022177769683711423
2015-10-21,0.004020334124232517
2015-10-22,-0.005431156967357083
2015-10-23,0.007635253786100684
2015-10-26,0.002398889174868506
2015-10-27,-0.00039931929760936123
2015-10-28,-0.0005993742912072064
2015-10-29,-0.0022011058329520264
2015-10-30,0.00459673843694417
2015-11-02,-0.0023956326039921145
2015-11-03,0.009350156763195092
2015-11-04,-0.00019788388226964074
2015-11-05,-0.0013873347634596584
2015-11-06,-0.0065665485694070234
2015-11-09,-0.0038003840921240085
2015-11-10,-0.01473721110620122
2015-11-11,-0.0014247030238289811
2015-11-12,0.0016280943945501667
2015-11-13,-0.013923438577031351
2015-11-16,-0.011196255563064179
2015-11-17,0.008512365135433459
2015-11-18,-0.0026911130846254704
2015-11-19,0.013384019314389681
2015-11-20,0.0016352787812858724
2015-11-23,0.0065132347800177836
2015-11-24,0.004453555260489409
2015-11-25,-0.0008080953912511026
2015-11-26,0.011655726119873025
2015-11-27,-0.0024003288217518026
2015-11-30,-0.019209968265014338
2015-12-01,0.01459273526386968
2015-12-02,-0.006459330532394073
2015-12-03,-0.008950444624160095
2015-12-04,-0.010682318841363399
2015-12-07,-0.0035169505033240075
2015-12-08,-0.004777982993023163
2015-12-09,-0.0002089066202025447
2015-12-10,0.006022606583808541
2015-12-11,-0.00207230804641856
2015-12-14,-0.008543018681796502
2015-12-15,0.0018813993787083517
2015-12-16,0.019852102485912276
2015-12-17,-0.001229474282519253
2015-12-18,-0.0018463583676378212
2015-12-21,0.0045077209633097364
2015-12-22,0.0014305288172308756
2015-12-23,0.010156534449546893
2015-12-24,-0.006488534072818292
2015-12-28,-0.013516418642510486
2015-12-29,0.0090313783730975
2015-12-30,-0.005121209887856192
2016-01-04,-0.020542514024834365
2016-01-05,0.006269617428192656
2016-01-06,-0.0073182681173347
2016-01-07,-0.009488590165412291
2016-01-08,0.006966907431104812
2016-01-11,-0.0112132343288917
2016-01-12,-0.002983491894994591
2016-01-13,0.013986577221394155
2016-01-14,-0.009514977479066256
2016-01-15,-0.010464594074137528
2016-01-18,-0.0008594656439415018
2016-01-19,0.005357986621678755
2016-01-20,-0.023134014445618654
2016-01-21,-0.0024088533963512126
2016-01-22,0.0214735962654967
2016-01-25,0.005350282694522406
2016-01-26,-0.012673012293360394
2016-01-27,0.013952897543308036
2016-01-28,0.0014912686157251057
2016-01-29,0.0014889457456234712
2016-02-01,0.007200523191643104
2016-02-02,-0.006988172850015724
2016-02-03,-0.011540836891313171
2016-02-04,0.0183175288041454
2016-02-05,0.002529555083260338
2016-02-11,-0.027316706092387483
2016-02-12,-0.007383364834700655
2016-02-15,0.01299272313891443
2016-02-16,0.014523862821675471
2016-02-17,0.0012714772561996253
2016-02-18,0.008435281360749005
2016-02-19,0.0020978248813871615
2016-02-22,0.001675338694499596
2016-02-23,0.00020881743260434246
2016-02-24,-0.0008369420862372988
2016-02-25,0.0010460178788861965
2016-02-26,0.0020890603345484027
2016-02-29,-0.0012527917458175879
2016-03-02,0.01513735492058715
2016-03-03,0.003082549514714812
2016-03-04,0.00020508685579195037
2016-03-07,0.00204934677681111
2016-03-08,-0.00698486344368565
2016-03-09,0.004320129874496649
2016-03-10,0.009194014141208915
2016-03-11,0.002234642389934122
2016-03-14,-0.0008122595051287107
2016-03-15,-0.0008126263208281608
2016-03-16,0.0026386734724059458
2016-03-17,0.005458704804679278
2016-03-18,0.0006046659380772643
2016-03-21,-0.001209989013768316
2016-03-22,0.005031008333537125
2016-03-23,-0.0008031618136793855
2016-03-24,-0.002615079163990807
2016-03-25,-0.0018140728317788896
2016-03-28,0.0016126069779598393
2016-03-29,0.005224097838781889
2016-03-30,0.0043990407444964436
2016-03-31,-0.0041986245184828346
2016-04-01,-0.014327870768237584
2016-04-04,0.0018277255931494806
2016-04-05,-0.008352816154929126
2016-04-06,0.005101354581831167
2016-04-07,0.0006103508521716303
2016-04-08,-0.0020360186387993135
2016-04-11,0.0008149441787699859
2016-04-12,0.007911531234489039
2016-04-14,0.020202534202801332
2016-04-15,-0.0007920567434003617
2016-04-18,-0.0033750043561557963
2016-04-19,0.0013913966545330888
2016-04-20,-0.0033816211297391344
2016-04-21,0.00774047107706649
2016-04-22,-0.003763688698536963
2016-04-25,-0.0011913463511334954
2016-04-26,0.002975947268950711
2016-04-27,0.0
2016-04-28,-0.010301367860974712
2016-04-29,-0.003266474816571028
2016-05-02,-0.007595157922008022
2016-05-03,0.0030858248232605583
2016-05-04,-0.005148962337011228
2016-05-09,-0.0016528568571605338
2016-05-10,0.00392165552599306
2016-05-11,-0.0010301910173941946
2016-05-12,-0.002271530584408818
2016-05-13,-0.007885237879948099
2016-05-16,0.001457368354669395
2016-05-17,0.0006236420691378132
2016-05-18,-0.005629398889169199
2016-05-19,-0.002721446863612153
2016-05-20,0.0
2016-05-23,0.0027214468636122644
2016-05-24,-0.007133680256546025
2016-05-25,0.014009786521303013
2016-05-26,-0.0018703494447256412
2016-05-27,0.005187128066925031
2016-05-30,-0.0022792378595014695
2016-05-31,0.008057114350064579
2016-06-01,0.0006169404693572036
2016-06-02,0.0018491230432919285
2016-06-03,0.0016407024978379212
2016-06-07,0.013231670394271193
2016-06-08,0.01006055092487141
2016-06-09,-0.00040060207250381714
2016-06-10,-0.004013446502598615
2016-06-13,-0.02092959313118438
2016-06-14,-0.0032907590537493924
2016-06-15,-0.0004120464680370271
2016-06-16,-0.007654773714701703
2016-06-17,0.0016597167463261136
2016-06-20,0.013796600203338713
2016-06-21,0.0
2016-06-22,0.005709251739568285
2016-06-23,0.0006099550831206672
2016-06-24,-0.03263368392630543
2016-06-27,0.0027252420279700196
2016-06-28,0.0025096784684930534
2016-06-29,0.011834268356887404
2016-06-30,0.007197970924233639
2016-07-01,0.008163375204932707
2016-07-04,0.003449080670955826
2016-07-05,-0.0012157504186237687
2016-07-06,-0.020281347958315033
2016-07-07,0.0113185237601495
2016-07-08,-0.005129181726012929
2016-07-11,0.014700353255693653
2016-07-12,0.0
2016-07-13,0.006665985831354528
2016-07-14,0.0018099652250442777
2016-07-15,0.005011778182361108
2016-07-18,0.0017979541860453567
2016-07-19,-0.0013980873688690192
2016-07-20,-0.0018007558205048724
2016-07-21,0.0010008622287169362
2016-07-22,-0.000600434962180252
2016-07-25,0.0006004349621801867
2016-07-26,0.008763178654346731
2016-07-27,-0.0005948195751110986
2016-07-28,-0.0021860107266146226
2016-07-29,-0.0007958513111775798
2016-08-01,0.008129073590492626
2016-08-02,-0.007731115770837641
2016-08-03,-0.012818340440729246
2016-08-04,0.002215156146212141
2016-08-05,0.01080200983318915
2016-08-08,0.007532290232165699
2016-08-09,0.0076719890330594585
2016-08-10,-0.00333704007588839
2016-08-11,0.001178903476072554
2016-08-12,0.0035288566801293525
2016-08-16,-0.00058715533535687
2016-08-17,-0.0007835647449567186
2016-08-18,0.007224400727853627
2016-08-19,0.0023320581944181974
2016-08-22,-0.005840097772487669
2016-08-23,0.00525754700835338
2016-08-24,-0.0046718341074745
2016-08-25,0.0017542549683840412
2016-08-26,-0.0039031170861141564
2016-08-29,0.00019555042032449554
2016-08-30,0.004097290151976242
2016-08-31,-0.00370639632019859
2016-09-01,-0.0025435917293743933
2016-09-02,0.0019571474772722064
2016-09-05,0.012630441208957009
2016-09-06,0.0036619236119080204
2016-09-07,-0.00192594410976997
2016-09-08,-0.00019252533648260594
2016-09-09,-0.011830271212301348
2016-09-12,-0.025487515690500565
2016-09-13,0.003595540666615624
2016-09-19,0.010315662477227504
2016-09-20,0.0015773574131233076
2016-09-21,0.0066771898003344455
2016-09-22,0.00876947522183581
2016-09-23,-0.0007765999974821834
2016-09-26,-0.0033062595661927127
2016-09-27,0.006795442866787289
2016-09-28,-0.002906470485489782
2016-09-29,0.006961826301249994
2016-09-30,-0.010850798682547402
2016-10-04,0.005827801697232119
2016-10-05,-0.0005813091298019047
2016-10-06,0.006952505570768254
2016-10-07,-0.0030842087252278823
2016-10-10,0.0015431568108524218
2016-10-11,-0.01397554279173661
2016-10-12,-0.0007820011006566263
2016-10-13,-0.008841565203048365
2016-10-14,0.005117920617865005
2016-10-17,0.0015695894085608279
2016-10-18,0.0068380189302210395
2016-10-19,0.0011675249606814008
2016-10-20,0.0009717748943377373
2016-10-21,-0.004868991210468677
2016-10-24,0.007585442018499979
2016-10-25,-0.0015511443667815179
2016-10-26,-0.012301701639309786
2016-10-27,0.004508758501546259
2016-10-28,0.0005863741885524268
2016-10-31,-0.001956196821891965
2016-11-01,0.0003915826162380744
2016-11-02,-0.013203669220675096
2016-11-03,0.003366405333036114
2016-11-04,-0.003564545441047295
2016-11-07,0.009675243991015174
2016-11-08,0.0021588508391031298
2016-11-09,-0.02080281801488636
2016-11-10,0.019625579447082438
2016-11-11,-0.01006208527213466
2016-11-14,-0.007963134863057938
2016-11-15,-0.0036042746505175003
2016-11-16,0.0036042746505173797
2016-11-17,-0.0006000944858940761
2016-11-18,-0.00040013711419983986
2016-11-21,-0.0020023330332768117
2016-11-22,0.01136236041288831
2016-11-23,0.0037589127423498913
2016-11-24,-0.005147399100871029
2016-11-25,0.00039705445188160146
2016-11-28,0.002971632148128897
2016-11-29,0.0003955325708813342
2016-11-30,0.004931420409215504
2016-12-01,0.000786708477934857
2016-12-02,-0.007103224654101242
2016-12-05,-0.0011888073423450339
2016-12-06,0.012020884919839095
2016-12-07,0.0027386767213005247
2016-12-08,0.016852722515185277
2016-12-09,0.0005762649933252182
2016-12-12,-0.0013449233447573395
2016-12-13,0.0019204032305631645
2016-12-14,0.0009590015160774407
2016-12-15,-0.0003833090687298052
2016-12-16,0.0024896999621227198
2016-12-19,0.000764746680393711
2016-12-20,0.0022910075364578303
2016-12-21,-0.0013358507752275995
2016-12-22,-0.0005730026233360957
2016-12-23,-0.001338314479246566
2016-12-26,0.0019113171025826909
2016-12-27,0.0015261035119682631
2016-12-28,0.0032362227321863944
2016-12-29,0.0005700442066514886
2017-01-02,0.0034130109650436775
2017-01-03,0.007918474918486212
2017-01-04,0.0011263753300726782
2017-01-05,-0.003947120596721342
2017-01-06,0.00432209057560668
2017-01-09,0.002434413891581336
2017-01-10,-0.001310081370405139
2017-01-11,0.017821235130301184
2017-01-12,0.002572604266321856
2017-01-13,-0.0025726042663218214
2017-01-16,-0.0055353358034560835
2017-01-17,0.0038779672935214905
2017-01-18,-0.0005529509925766063
2017-01-19,0.0005529509925766519
2017-01-20,-0.0014755066354463242
2017-01-23,-0.0009229711495701016
2017-01-24,0.00018440060800599002
2017-01-25,0.0036872360191374065
2017-01-26,0.008064670868998895
2017-01-31,-0.005491679986624156
2017-02-01,0.0029327984633068307
2017-02-02,-0.0038507717909850255
2017-02-03,0.0007346368760708839
2017-02-06,0.002383611487836092
2017-02-07,-0.0009158682243657987
2017-02-08,-0.004777737088772141
2017-02-09,0.0014722583830147143
2017-02-10,0.0018377354422870302
2017-02-13,0.0005505153448971978
2017-02-14,-0.0027559601078568706
2017-02-15,0.0031229175769762925
2017-02-16,-0.0005503133106545709
2017-02-17,0.0
2017-02-20,0.0032977784163328687
2017-02-21,0.009104222130867323
2017-02-22,0.0019919649625949206
2017-02-23,0.00036178059333219763
2017-02-24,-0.007624154161850408
2017-02-27,-0.004565675467561254
2017-02-28,0.00182865154442569
2017-03-02,0.009275357888597562
2017-03-03,-0.00964038901613005
2017-03-06,0.0010957289764581355
2017-03-07,0.006007199644712311
2017-03-08,0.0018131529362851665
2017-03-09,-0.001994597720888673
2017-03-10,0.000725667383272834
2017-03-13,0.011183438208994517
2017-03-14,0.009106341237929869
2017-03-15,0.0012436270341213268
2017-03-16,0.007252123098896588
2017-03-17,0.0043961804362146716
2017-03-20,-0.001228801078335055
2017-03-21,0.0096161826623684
2017-03-22,-0.0033113628674297057
2017-03-23,0.0015696428457874204
2017-03-24,-0.001569642845787365
2017-03-27,-0.006304819794938725
2017-03-28,0.0022811307730976078
2017-03-29,0.0033246914344262357
2017-03-30,-0.0008737737729710941
2017-03-31,-0.0019250436466610504
2017-04-03,0.0024495481388383425
2017-04-04,-0.002099422407355162
2017-04-05,-0.0017529333072625326
2017-04-06,-0.0038669209531138607
2017-04-07,-0.001762820982668895
2017-04-10,-0.0058390872876995835
2017-04-11,-0.004090064280280527
2017-04-12,0.000534418004174442
2017-04-13,0.00939473356380567
2017-04-14,-0.004420612336197383
2017-04-17,0.002124406399032676
2017-04-18,-0.0005304696786496658
2017-04-19,-0.004433237386599087
2017-04-20,0.004256184405414535
2017-04-21,0.008282647496026705
2017-04-24,0.0052514456195814005
2017-04-25,0.010074489234756307
2017-04-26,0.006030988974640613
2017-04-27,0.0019190584765090217
2017-04-28,0.002089598567988719
2017-05-02,0.0077970742317900665
2017-05-04,0.009960317063759933
2017-05-08,0.025809216775058697
2017-05-10,-0.010883316555126758
2017-05-11,0.012381073216473042
2017-05-12,-0.004332754928331678
2017-05-15,0.0023353245539672234
2017-05-16,0.001331883029112233
2017-05-17,-0.0004994126764891482
2017-05-18,-0.001999760986367408
2017-05-19,-0.002003457348725437
2017-05-22,0.007990783014132662
2017-05-23,0.0029803884853343743
2017-05-24,0.0009911851531706826
2017-05-25,0.011657709346139189
2017-05-26,0.0061836803078267385
2017-05-29,-0.0009739511843721109
2017-05-30,-0.006843588760464355
2017-05-31,0.00016350614343142047
2017-06-01,-0.0027829421132915537
2017-06-02,0.012220093136929427
2017-06-05,-0.0014585267717194255
2017-06-07,-0.00601886043718219
2017-06-08,0.0050451500485311
2017-06-09,0.007439972187141245
2017-06-12,-0.009715178102469748
2017-06-13,0.005516901018569897
2017-06-14,-0.0001619143894554072
2017-06-15,-0.0040541380756641005
2017-06-16,0.0003248912845176725
2017-06-19,0.005346461275843004
2017-06-20,0.0030650715795879804
2017-06-21,-0.006302044836634418
2017-06-22,0.006624035716042238
2017-06-23,0.0024126776817361174
2017-06-26,0.005446855128472033
2017-06-27,0.0003196645702136257
2017-06-28,-0.003199615189834229
2017-06-29,0.006866509109182294
2017-06-30,-0.0030283904162534334
2017-07-03,0.002232260301745081
2017-07-04,-0.0062304873027011175
2017-07-05,0.003838732078750671
2017-07-06,0.00015949492220516771
2017-07-07,-0.003998227000955949
2017-07-10,0.003359723497861253
2017-07-11,0.005574551769140141
2017-07-12,-0.00015900482207870635
2017-07-13,0.010744553033450609
2017-07-14,0.001413183520855913
2017-07-17,0.004228551520946077
2017-07-18,-0.00031255169878020937
2017-07-19,0.0012498387600003557
2017-07-20,0.005138640121766758
2017-07-21,0.004185149052969398
2017-07-24,-0.00030943239174349756
2017-07-25,-0.004963261913674692
2017-07-26,-0.0023355206376770125
2017-07-27,0.0032680015781910957
2017-07-28,-0.019671557397446096
2017-07-31,0.0
2017-08-01,0.008860502394997465
2017-08-02,0.0026743646890136307
2017-08-03,-0.0179126664049808
2017-08-04,0.005264484024179142
2017-08-07,0.0006361530325749514
2017-08-08,-0.0015914002590978126
2017-08-09,-0.012661491978526436
2017-08-10,-0.004688155515575804
2017-08-11,-0.01848125344264103
2017-08-14,0.00887432046597893
2017-08-16,0.006035463810872812
2017-08-17,0.005675746091029997
2017-08-18,-0.0009706314685526191
2017-08-21,-0.0011336454566878685
2017-08-22,0.0033972378214460245
2017-08-23,0.0006457045410013894
2017-08-24,0.004669581618667715
2017-08-25,0.0006421338914642695
2017-08-28,-0.005796123139828821
2017-08-29,-0.0025867278222926385
2017-08-30,0.0037163486051179414
2017-08-31,-0.00614775172026209
2017-09-01,0.0
2017-09-04,-0.01126105016408846
2017-09-05,-0.0009848309007102778
2017-09-06,-0.0021381503571223518
2017-09-07,0.01243450790701848
2017-09-08,0.0006503388376960551
2017-09-11,0.009058448723592877
2017-09-12,0.0008049324280963673
2017-09-13,0.0004829168629522179
2017-09-14,0.003852067728055115
2017-09-15,0.0055915670161565045
2017-09-18,0.015962204047002587
2017-09-19,-0.0004701456001295604
2017-09-20,-0.0006277138515822226
2017-09-21,0.0007845262724936303
2017-09-25,-0.007398872034863488
2017-09-26,-0.005068936106348309
2017-09-27,-0.0020664029631654196
2017-09-28,0.0011130504719297856
2017-09-29,0.0077589025104922065
2017-10-10,0.017976388749745623
2017-10-11,0.010479397958602338
2017-10-12,0.006417763376732616
2017-10-13,-0.0012191017250257393
2017-10-16,0.0009146244242299128
2017-10-17,0.002130946502726837
2017-10-18,-0.0006084994652005797
2017-10-19,-0.003963377696777608
2017-10-20,0.005331629239116309
2017-10-23,0.0030340210986112273
2017-10-24,-0.001819406222621927
2017-10-25,0.0007585350841118112
2017-10-26,-0.006846557794142343
2017-10-27,0.006846557794142395
2017-10-30,0.003030990922627028
2017-10-31,0.009936829352948234
2017-11-01,0.016345172752635695
2017-11-02,-0.0035435032190448486
2017-11-03,0.002215989760476213
2017-11-06,-0.003992666921491079
2017-11-07,-0.0010379061003068276
2017-11-08,0.0029621721681611173
2017-11-09,-0.002813686806104587
2017-11-10,-0.002673293809537543
2017-11-13,-0.00521783854109464
2017-11-14,-0.000747217573421073
2017-11-15,-0.0061522235165137685
2017-11-16,0.006451011427019703
2017-11-17,-0.0002987879105060155
2017-11-20,-0.004347841534325111
2017-11-21,0.002251047400266751
2017-11-22,0.006127469219635165
2017-11-23,-0.001789728117485531
2017-11-24,0.002087521131479308
2017-11-27,-0.01712533883314922
2017-11-28,0.002723504833508814
2017-11-29,-0.0004533093865866965
2017-11-30,-0.01646115017718586
2017-12-01,-0.0003075524205293307
2017-12-04,0.010551312558253945
2017-12-05,0.0027344019992804323
2017-12-06,-0.014362430524398
2017-12-07,-0.0032369784053472256
2017-12-08,0.003082965382750222
2017-12-11,0.0012307289894607884
2017-12-12,-0.0033876921233224736
2017-12-13,0.007835881130219628
2017-12-14,0.0010709283166031346
2017-12-15,-0.0016833723000111865
2017-12-18,0.0012245839038256432
2017-12-19,0.0003057879524545769
2017-12-21,-0.02242073901522172
2017-12-22,0.004835742584554544
2017-12-26,-0.004054508653971243
2017-12-27,0.011650716627292855
2017-12-28,0.012432014075782044
2018-01-02,0.004413873979131699
2018-01-03,0.004243305645934953
2018-01-04,-0.007894629633771796
2018-01-05,0.01347392944642873
2018-01-08,0.006744124527354226
2018-01-09,-0.004041000402723314
2018-01-10,-0.006469661289040012
2018-01-11,-0.005145246426011592
2018-01-12,0.0018188783259609016
2018-01-15,0.002269095312832223
2018-01-16,0.007826761261447693
2018-01-17,-0.002401555724159854
2018-01-18,0.0007510450820479086
2018-01-19,0.000750550893149034
2018-01-22,-0.010256694215828536
2018-01-23,0.013403258603413548
2018-01-24,0.0016437505806772333
2018-01-25,0.007735872512385038
2018-01-26,0.003993257289676741
2018-01-29,0.0067668928684640715
2018-01-30,-0.012539909882605687
2018-01-31,0.0007419744222543634
2018-02-01,0.0002965121332018864
2018-02-02,-0.019467205685152755
2018-02-06,-0.024957583756044496
2018-02-07,-0.025595854166508124
2018-02-08,0.00839454568528397
2018-02-09,-0.026855977026808375
2018-02-12,0.011117662393763366
2018-02-13,0.007661542319723974
2018-02-14,0.012954508900685297
2018-02-19,0.0051664149059031566
2018-02-20,-0.01162269209032091
2018-02-21,0.005199864511935734
2018-02-22,-0.006622574835712572
2018-02-23,0.015540593578005146
2018-02-26,0.0017118304936046375
2018-02-27,-0.003114654480035078
2018-02-28,-0.011451954480785356
2018-03-06,-0.007443296205732559
2018-03-07,0.0012709302142976941
2018-03-08,0.01010912571635831
2018-03-09,0.011407287088662973
2018-03-12,0.008817453578292235
2018-03-13,0.0046096717710803195
2018-03-14,-0.0007668518510798618
2018-03-15,0.003522602935658713
2018-03-16,-0.001836488751751532
2018-03-19,-0.007224690077174683
2018-03-20,0.0047710644622663825
2018-03-21,0.00015363468643789425
2018-03-22,0.003830384595781979
2018-03-23,-0.03390664327388704
2018-03-26,0.008663381044518782
2018-03-27,0.004225602963323992
2018-03-28,-0.01241466867867903
2018-03-29,0.008189065715355076
2018-03-30,0.0025063526531319386
2018-04-02,-0.002349562268126195
2018-04-03,-0.002040485928445944
2018-04-04,-0.015518924840216317
2018-04-05,0.013788765566382989
2018-04-06,-0.004891298500460558
2018-04-09,0.006935677780985694
2018-04-10,0.0009420680487839838
2018-04-11,-0.0031435386054195374
2018-04-12,-0.0001577718737852005
2018-04-13,0.006591396155258707
2018-04-16,0.0007816953850984452
2018-04-17,-0.0014076513272462839
2018-04-18,0.011051508018934907
2018-04-19,0.005557457748164658
2018-04-20,-0.006641319721706991
2018-04-23,-0.0006202774227223652
2018-04-24,-0.005597857702539231
2018-04-25,-0.0064136406540371465
2018-04-26,0.012476616946879382
2018-04-27,0.009078238482755414
2018-04-30,0.006522766369107019
2018-05-02,-0.007146210335044309
2018-05-03,-0.0034358711950243552
2018-05-04,-0.008010810434955513
2018-05-08,-0.0045838660524429205
2018-05-09,-0.003332502315170488
2018-05-10,0.006811845182223096
2018-05-11,0.006138304071908783
2018-05-14,-0.002041822034630867
2018-05-15,-0.009161335451267029
2018-05-16,0.0031687999087562347
2018-05-17,-0.003644936443871805
2018-05-18,0.003170234455545702
2018-05-21,0.0015809597854700805
2018-05-23,0.006771300141904943
2018-05-24,-0.003143609124671206
2018-05-25,0.001573111562784185
2018-05-28,0.004234753021265766
2018-05-29,-0.00927740239215953
2018-05-30,-0.021557644109573074
2018-05-31,0.004027132653654013
2018-06-01,0.006090946599904947
2018-06-04,0.005259362172755382
2018-06-05,0.0022226846116576147
2018-06-07,0.008685642607843741
2018-06-08,-0.009796258705511018
2018-06-11,0.008694965268999922
2018-06-12,-0.0012597587140783682
2018-06-14,-0.018451586614212517
2018-06-15,-0.004989149293670977
2018-06-18,-0.012011045569720302
2018-06-19,-0.01298387648303741
2018-06-20,0.007088070400699572
2018-06-21,-0.00857834064121972
2018-06-22,0.007592192891836647
2018-06-25,-0.000493213632914169
2018-06-26,-0.0011525301156429942
2018-06-27,-0.0036296705034292486
2018-06-28,-0.00896553926267393
2018-06-29,0.002165565031273979
2018-07-02,-0.022552187718671287
2018-07-03,0.0013608590310633117
2018-07-04,-0.002893740955535997
2018-07-05,-0.0023898476422318624
2018-07-06,0.00715170265169109
2018-07-09,0.007437367892680931
2018-07-10,0.0013464304988049728
2018-07-11,-0.005734834210401196
2018-07-12,0.003040157893227074
2018-07-13,0.009900567267385469
2018-07-16,-0.00301031481590543
2018-07-17,-0.001173006402307125
2018-07-18,-0.00235022540625047
2018-07-19,-0.002692555179670071
2018-07-20,0.004875227032658869
2018-07-23,-0.008082399425057757
2018-07-24,0.0030385409926713255
2018-07-25,-0.001855900103062447
2018-07-26,0.006732100375580808
2018-07-27,0.0030144701236900664
2018-07-30,-0.0023489770534316744
2018-07-31,0.0013429481621429328
2018-08-01,0.0035165679378888503
2018-08-02,-0.018048884736099807
2018-08-03,0.007799391009550352
2018-08-06,-0.001521428250415263
2018-08-07,0.0067432192522527195
2018-08-08,0.00016818662468019352
2018-08-09,-0.0005041856657456992
2018-08-10,-0.010984437239661747
2018-08-13,-0.013342869724724284
2018-08-14,0.004467329755618624
2018-08-16,-0.009819700603721318
2018-08-17,0.000345961509677267
2018-08-20,0.0008648528452271761
2018-08-21,0.010835284150331045
2018-08-22,0.003585698532291678
2018-08-23,0.004082535198463891
2018-08-24,0.0038965147160893014
2018-08-27,0.00505992605577117
2018-08-28,0.000672792830270094
2018-08-29,0.002853967849159433
2018-08-30,0.0005026892607270357
2018-08-31,0.004013658508326779
2018-09-03,-0.005858394883775048
2018-09-04,0.004355160137412908
2018-09-05,-0.012953428064581782
2018-09-06,-0.0015249866429473571
2018-09-07,-0.005611857833389674
2018-09-10,0.0022145632734711313
2018-09-11,-0.003238427491071905
2018-09-12,-0.0010246801998134744
2018-09-13,0.0013661883505106628
2018-09-14,0.01574584537608415
2018-09-17,-0.007926644832843702
2018-09-18,0.004392762689643122
2018-09-19,0.0008425631493484775
2018-09-20,0.009388097041104515
2018-09-21,0.003996645521997266
2018-09-27,0.00761602563336377
2018-09-28,-0.006287125501164366
2018-10-01,-0.00016632772047738494
2018-10-02,-0.012192168014265469
2018-10-04,-0.015580140876441918
2018-10-05,-0.0015376181073664596
2018-10-08,-0.0049690493006145295
2018-10-10,-0.006550068805613673
2018-10-11,-0.04220605460212438
2018-10-12,0.009693384011433931
2018-10-15,-0.005553489562188841
2018-10-16,-0.002697943663424501
2018-10-17,0.012885080724275166
2018-10-18,-0.008930240320054818
2018-10-19,0.003939179878833155
2018-10-22,0.0019635426643355536
2018-10-23,-0.023458637592004467
2018-10-24,-0.005124946782607085
2018-10-25,-0.01609532789130388
2018-10-26,-0.01597878227708025
2018-10-29,-0.008182279009495225
2018-10-30,0.006875414288318877
2018-10-31,0.004557458663600493
2018-11-01,-0.004176653041351307
2018-11-02,0.03716208409164953
2018-11-05,-0.011059847459362383
2018-11-06,0.007018989903739858
2018-11-07,-0.00516709666457177
2018-11-08,0.008474579866820623
2018-11-09,-0.006072309799510644
2018-11-12,0.0025803525291306314
2018-11-13,-0.007576301814806992
2018-11-14,-0.0026004238875534176
2018-11-15,0.00999255188186404
2018-11-16,-0.0007362819749882723
2018-11-19,0.003494667283822016
2018-11-20,-0.009965057304153268
2018-11-21,-0.004833492284277985
2018-11-22,-0.001118903227772727
2018-11-23,-0.006363186182213407
2018-11-26,0.013427595995658903
2018-11-27,0.007750585067237929
2018-11-28,0.006047993905726998
2018-11-29,0.0018253590713908962
2018-11-30,-0.009345106529935122
2018-12-03,0.017338125858059324
2018-12-04,-0.011281168113360008
2018-12-05,-0.006056957744699263
2018-12-06,-0.015023904662835534
2018-12-07,0.003358337706976432
2018-12-10,-0.009356223114692737
2018-12-11,-0.002446951604047367
2018-12-12,0.012920118970334661
2018-12-13,0.0051957781131817034
2018-12-14,-0.016045069166205947
2018-12-17,0.002817272576770983
2018-12-18,-0.003569859196362519
2018-12-19,0.006566029214140032
2018-12-20,-0.008827278992521748
2018-12-21,-0.0009435557793874703
2018-12-24,0.0003777004922875857
2018-12-26,-0.013109391134624537
2018-12-27,0.012354104639854103
2018-12-28,0.0041466498247884395
2019-01-02,-0.011731315977801063
2019-01-03,-0.009754326106300113
2019-01-04,0.007658814059208351
2019-01-07,0.01420310788662258
2019-01-09,0.013819116434798318
2019-01-10,-0.00037094639829003006
2019-01-11,0.0061036749893217624
2019-01-14,-0.008704413050954775
2019-01-15,0.019890064077169676
2019-01-16,0.004366981808216833
2019-01-17,0.002176113542149552
2019-01-18,0.007579769393227081
2019-01-21,0.0005394122250877104
2019-01-22,-0.005044144102749438
2019-01-23,0.005762663587353973
2019-01-24,0.00822611949231975
2019-01-25,0.01800247455010429
2019-01-28,-0.0005247492274983329
2019-01-29,0.004714045281287976
2019-01-30,0.012119216426055221
2019-01-31,-0.001032940158265489
2019-02-01,-0.001034321297994465
2019-02-07,0.0
2019-02-08,-0.014241251023584789
2019-02-11,0.0017477592104061437
2019-02-12,0.005398217740993346
2019-02-13,0.005024043911802373
2019-02-14,0.009630257100850852
2019-02-15,-0.013265658440846081
2019-02-18,0.007257399955214771
2019-02-19,-0.004659617225117405
2019-02-20,0.011523292313384616
2019-02-21,0.0
2019-02-22,0.0005129610054564282
2019-02-25,0.0020485974672012847
2019-02-26,-0.003759517659020149
2019-02-27,0.003247606697271543
2019-02-28,-0.017038309527660098
2019-03-04,-0.004872272179538429
2019-03-05,-0.007001680483902444
2019-03-06,-0.00281410491406103
2019-03-07,-0.0029991702046196457
2019-03-08,-0.013697597821129878
2019-03-11,0.0007163662020774787
2019-03-12,0.010150214151401016
2019-03-13,-0.0072907612080683835
2019-03-14,0.002673498155092251
2019-03-15,0.011503588449728838
2019-03-18,0.0008793300032488725
2019-03-19,-0.0010552888285392025
2019-03-20,0.001231221642924188
2019-03-21,0.006832118508486527
2019-03-22,0.002266802030751923
2019-03-25,-0.019523736815449763
2019-03-26,0.0007099045190913973
2019-03-27,-0.00017724759666434167
2019-03-28,-0.005518580448377277
2019-03-29,0.005873285867557041
2019-04-01,0.01322196998153468
2019-04-02,0.0038456030888833295
2019-04-03,0.014547986999321352
2019-04-04,0.0010312216279332132
2019-04-05,0.0018876209453508065
2019-04-08,-0.0024029038351995433
2019-04-09,0.0017167597576493146
2019-04-10,0.00513351833856897
2019-04-11,-0.0022210982825572635
2019-04-12,0.0023917418761660925
2019-04-15,0.004087197570670149
2019-04-16,0.0039013801301229023
2019-04-17,-0.0006772379634918581
2019-04-18,-0.016052442316068394
2019-04-19,0.00017219036578064068
2019-04-22,0.00017208261523372453
2019-04-23,0.0017192774000697397
2019-04-24,-0.010881812928515004
2019-04-25,-0.001564324081486258
2019-04-26,-0.005931428617996378
2019-04-29,0.019900445422078417
2019-04-30,-0.006297175913474666
2019-05-02,0.0043769500427780165
2019-05-03,-0.008949659931048088
2019-05-07,-0.00796390766934938
2019-05-08,-0.004630451113241275
2019-05-09,-0.0297122126433633
2019-05-10,0.001837060325180814
2019-05-13,-0.01181692243664907
2019-05-14,-0.001859250136341367
2019-05-15,0.0046412050027031665
2019-05-16,-0.014176613275101422
2019-05-17,-0.006596916696866025
2019-05-20,0.0026440249688984736
2019-05-21,0.0048916461059073605
2019-05-22,0.002250023487141128
2019-05-23,-0.0013118983768250494
2019-05-24,-0.0073397262529259245
2019-05-27,0.0007552203763617484
2019-05-28,0.0015089842737476729
2019-05-29,-0.013662259839132282
2019-05-30,0.0091287122799458
2019-05-31,-0.001705160364223903
2019-06-03,0.016364453445500384
2019-06-04,-0.0018674158875086957
2019-06-05,0.0011210180016357335
2019-06-07,0.00037281025977546774
2019-06-10,0.014453269486929297
2019-06-11,0.0056862257305306686
2019-06-12,-0.0034814301535032155
2019-06-13,-0.008294346541560187
2019-06-14,-0.00018504185044074925
2019-06-17,0.0005555185013060455
2019-06-18,0.0049827868934938496
2019-06-19,0.012440664859317416
2019-06-20,0.0034485713025316825
2019-06-21,-0.0027213837362388966
2019-06-24,0.0016336540011171025
2019-06-25,-0.0014522844054805847
2019-06-26,0.0010893907327451534
2019-06-27,0.012084374756772142
2019-06-28,-0.0025133543122672465
2019-07-01,0.00017973494920638618
2019-07-02,-0.0055858920408065164
2019-07-03,-0.01291299230240732
2019-07-04,0.008385184584305334
2019-07-05,-0.00145342084308659
2019-07-08,-0.021126717734017822
2019-07-09,-0.002044447365739234
2019-07-10,0.0037141113054047193
2019-07-11,0.01215923785088539
2019-07-12,0.0021948770560350625
2019-07-15,-0.0005481249462225852
2019-07-16,0.00437782923484135
2019-07-17,-0.008958898780527066
2019-07-18,-0.002206258569340008
2019-07-19,0.013891812791766458
2019-07-22,-0.0003630761416382009
2019-07-23,0.004890883859740113
2019-07-24,-0.009623316360604104
2019-07-25,-0.0018261527243777752
2019-07-26,-0.0021960070336803994
2019-07-29,-0.01346247017654401
2019-07-30,0.00260184882329353
2019-07-31,-0.010072936862384387
2019-08-01,-0.0011254763444967211
2019-08-02,-0.011325070123985159
2019-08-05,-0.02187752466935013
2019-08-06,-0.014068283357777002
2019-08-07,-0.006119110696959573
2019-08-08,0.0043464345664251045
2019-08-09,0.006875713476945223
2019-08-12,0.0015648067115476847
2019-08-13,-0.010216080362564847
2019-08-14,0.007084101833043497
2019-08-16,-0.003339348541575822
2019-08-19,0.006275729445268938
2019-08-20,0.00972779490085538
2019-08-21,0.0019342374965238972
2019-08-22,-0.007954199742322195
2019-08-23,-0.0009743310189191529
2019-08-26,-0.01473066091019649
2019-08-27,0.0031606163831403196
2019-08-28,0.009618268810655485
2019-08-29,-0.005484695560784569
2019-08-30,0.016365002038426623
2019-09-02,0.0017376808759842184
2019-09-03,-0.0038656602015176276
2019-09-04,0.014800778952758246
2019-09-05,0.008739151848429692
2019-09-06,0.004528930042585226
2019-09-09,0.00806379850343959
2019-09-10,0.004286480449044249
2019-09-11,0.007411563069578555
2019-09-16,0.0031336102500413828
2019-09-17,-0.00036817007019402157
2019-09-18,0.005507471652248993
2019-09-19,0.006569515960590899
2019-09-20,0.005441698745092646
2019-09-23,0.0012652467525427699
2019-09-24,0.005944352448216836
2019-09-25,-0.014471879120518906
2019-09-26,0.001820581174666605
2019-09-27,-0.010605365606079907
2019-09-30,0.008420075222880137
2019-10-01,0.0023669394967580806
2019-10-02,-0.021506060805326705
2019-10-04,-0.00409612892537507
2019-10-07,0.0016775893258514374
2019-10-08,0.01460704520261843
2019-10-10,-0.007184561636058016
2019-10-11,0.007000966570201501
2019-10-14,0.010228469350382572
2019-10-15,0.0012711528449976274
2019-10-16,0.005610393554294562
2019-10-17,-0.003253994047600289
2019-10-18,-0.01000799347386891
2019-10-21,0.005653122039882717
2019-10-22,0.013187958049254897
2019-10-23,-0.006120489021814035
2019-10-24,0.0027046175025700926
2019-10-25,0.0008998893427512183
2019-10-28,0.0037713239453199356
2019-10-29,-0.0021530488607484134
2019-10-30,-0.007592223219946786
2019-10-31,0.0038032766604202484
2019-11-01,0.007563591175277585
2019-11-04,0.014250277082055486
2019-11-05,0.006698528961593677
2019-11-06,0.0005267547057036231
2019-11-07,-0.0012300210023485534
2019-11-08,-0.0033456592124867066
2019-11-11,-0.007791883698556314
2019-11-12,0.008849308326318804
2019-11-13,-0.008138642052135386
2019-11-14,0.007962678038866992
2019-11-15,0.01400095468520886
2019-11-18,-0.0010433626133649072
2019-11-19,-0.004358905908492211
2019-11-20,-0.013014408883972584
2019-11-21,-0.014801974792090347
2019-11-22,0.004839258195609571
2019-11-25,0.011024275969656008
2019-11-26,0.00017663373085433413
2019-11-27,0.0010604034342640743
2019-11-28,-0.004424944339569766
2019-11-29,-0.01735800475159407
2019-12-02,0.003244195165732252
2019-12-03,-0.005050673261304287
2019-12-04,-0.0067134023871728505
2019-12-05,-0.002369238282256748
2019-12-06,0.011611326267186656
2019-12-09,0.0044990057986521465
2019-12-10,0.005015232878069826
2019-12-11,0.0039228234629820865
2019-12-12,0.017990096947695107
2019-12-13,0.01543688740868764
2019-12-16,-0.00034431504347801913
2019-12-17,0.013680130308562065
2019-12-18,-0.00016974885927302887
2019-12-19,0.0010185890537712649
2019-12-20,0.002203528041527824
2019-12-23,-0.00016953248466983735
2019-12-24,-0.006455747704190422
2019-12-26,0.004082362874311376
2019-12-27,0.014493020869587992
2019-12-30,-0.0035196903964765307
2020-01-02,-0.010633941200090482
2020-01-03,-0.00016968023837577297
2020-01-06,-0.007666780080949555
2020-01-07,0.010039988360853083
2020-01-08,-0.0064547255268137
2020-01-09,0.016562741020499667
2020-01-10,0.008179548096935557
2020-01-13,0.010254715795582087
2020-01-14,0.0047609318850891395
2020-01-15,-0.005913296554903878
2020-01-16,0.010162557702378706
2020-01-17,0.0022804287450774717
2020-01-20,0.007456565222399823
2020-01-21,-0.011205983587850986
2020-01-22,0.013142142725826452
2020-01-23,-0.013142142725826568
2020-01-28,-0.030848168726486037
2020-01-29,0.003363179974467315
2020-01-30,-0.019012853890346633
2020-01-31,-0.010682326708503371
2020-02-03,0.00103856214343911
2020-02-04,0.016986058027839146
2020-02-05,0.004921736281841012
2020-02-06,0.029359898457543623
2020-02-07,-0.008419638419287766
2020-02-10,-0.005318973200584235
2020-02-11,0.009620443661172448
2020-02-12,0.0082193735106258
2020-02-13,-0.0024588791366838042
2020-02-14,0.0060542323207997155
2020-02-17,-0.0008160868597855417
2020-02-18,-0.015963492007529053
2020-02-19,0.0018234071153594852
2020-02-20,-0.005146489868218129
2020-02-21,-0.014417889493148421
2020-02-24,-0.03838329814284421
2020-02-25,0.010993762798252864
2020-02-26,-0.014685816584290882
2020-02-27,-0.010445317123904063
2020-02-28,-0.0327421478525508
2020-03-02,0.0095168768875127
2020-03-03,0.004543432861966943
2020-03-04,0.022412350477606483
2020-03-05,0.008826329989928033
2020-03-06,-0.020238634469018923
2020-03-09,-0.04305889976038932
2020-03-10,0.005601022628602435
2020-03-11,-0.030242107700311258
2020-03-12,-0.03415966988790037
2020-03-13,-0.02615312667723115
2020-03-16,-0.036956729076284854
2020-03-17,-0.022674665936019068
2020-03-18,-0.056522460275194024
2020-03-19,-0.07608204110872296
2020-03-20,0.07401970770718294
2020-03-23,-0.06052420889739998
2020-03-24,0.08879696091264243
2020-03-25,0.05573261923593638
2020-03-26,-0.019595931812005838
2020-03-27,0.023805592314233983
2020-03-30,-0.005898667931043863
2020-03-31,0.017592175591746657
2020-04-01,-0.04805364228067803
2020-04-02,0.03025026894242218
2020-04-03,-0.0025390800987781523
2020-04-06,0.0390575676155657
2020-04-07,0.015567149326847654
2020-04-08,-0.014752175374006127
2020-04-09,0.015754618323155795
2020-04-10,0.008381522851477191
2020-04-13,-0.01723805996910733
2020-04-14,0.017238059969107378
2020-04-16,0.0
2020-04-17,0.02995242749881219
2020-04-20,-0.012029477679703643
2020-04-21,-0.011188991006912072
2020-04-22,0.008648091079123713
2020-04-23,0.009737077862690112
2020-04-24,-0.015035292926568534
2020-04-27,0.019675551084085502
2020-04-28,0.006061193655403359
2020-04-29,0.006606030995881755
2020-05-04,-0.03087463675915606
2020-05-06,0.01840353384396481
2020-05-07,-0.0023556602177371793
2020-05-08,0.008610652600339557
2020-05-11,-0.007235643352812374
2020-05-12,-0.007091099705537792
2020-05-13,0.011399607567410161
2020-05-14,-0.01060932522236956
2020-05-15,0.0023674505779486005
2020-05-18,0.006481608484005653
2020-05-19,0.025513233980504455
2020-05-20,0.002287655858658146
2020-05-21,0.004369761651805189
2020-05-22,-0.017015994032152194
2020-05-25,0.012455704126686661
2020-05-26,0.01793030667951965
2020-05-27,0.000560915437816176
2020-05-28,0.002986707768011933
2020-05-29,-0.0018656569186971316
2020-06-01,0.019601124236460418
2020-06-02,0.010383714155521782
2020-06-03,0.035953160103742964
2020-06-04,0.0012230257555548465
2020-06-05,0.016623686116435346
2020-06-08,-0.0013746007613589543
2020-06-09,0.0005156873647547145
2020-06-10,0.0030890006503266915
2020-06-11,-0.016586422361122392
2020-06-12,-0.020593798715052236
2020-06-15,-0.05163948189804254
2020-06-16,0.05961037129446385
2020-06-17,-0.0028267416096435963
2020-06-18,-0.002834754734154632
2020-06-22,-0.003555208659132598
2020-06-23,0.002667474508989366
2020-06-24,0.016206089219846745
2020-06-25,-0.02548340179702605
2020-06-26,0.013883852956402225
2020-06-29,-0.01621686836013563
2020-06-30,0.008586854076028173
2020-07-01,0.0005343788439482139
2020-07-02,0.012560821396477871
2020-07-06,0.023456748584430868
2020-07-07,-0.0120940375032991
2020-07-08,-0.002959186015029325
2020-07-09,0.004695962235493964
2020-07-10,-0.00976473836058933
2020-07-13,0.01891922418492636
2020-07-14,-0.001548543620795204
2020-07-15,0.009938270003623434
2020-07-16,-0.010972091606654306
2020-07-17,0.007556306700852046
2020-07-20,-0.00239800319030199
2020-07-21,0.014471803377391656
2020-07-22,-0.003725600965821974
2020-07-23,-0.005955783744862489
2020-07-24,-0.005476726941419539
2020-07-27,0.009564603461739858
2020-07-28,0.020692103261642718
2020-07-29,0.005148137574582424
2020-07-30,0.0013266844803160314
2020-07-31,-0.007986710155199691
2020-08-03,0.0
2020-08-04,0.011956451318718817
2020-08-05,0.01083572604796446
2020-08-06,0.015715081858613367
2020-08-07,0.00417072128633206
2020-08-10,0.0147775649590232
2020-08-11,0.012539200723550642
2020-08-12,0.005436868076462469
2020-08-13,-0.0004647488806438057
2020-08-14,-0.010595344486010436
2020-08-18,-0.02089337255211084
2020-08-19,0.0035124993564946776
2020-08-20,-0.03933538954516337
2020-08-21,0.014973393541454919
2020-08-24,0.011044640983525193
2020-08-25,0.012998653553062721
2020-08-26,0.00015943286375602028
2020-08-27,-0.00896712742618315
2020-08-28,0.005293725172667218
2020-08-31,-0.016291778766729107
2020-09-01,0.007775815325209329
2020-09-02,0.0051504414058560774
2020-09-03,0.01497798694857911
2020-09-04,-0.014015103185355409
2020-09-07,0.004480705973837677
2020-09-08,0.012692389230437721
2020-09-09,-0.012373299406240122
2020-09-10,0.009531507544307993
2020-09-11,-0.0006327070479609016
2020-09-14,0.013357651544129405
2020-09-15,0.007775076069471372
2020-09-16,-0.0027921171148829194
2020-09-17,-0.014866111588824673
2020-09-18,0.0033053403218441585
2020-09-21,-0.008521591738091399
2020-09-22,-0.023571823914056652
2020-09-23,0.003724879090299043
2020-09-24,-0.023388171255382322
2020-09-25,0.004458146374898218
2020-09-28,0.014556014275917156
2020-09-29,0.009373024740069045
2020-10-05,0.010878203149560903
2020-10-06,0.0022250051838757913
2020-10-07,0.009637417184434435
2020-10-08,0.0003146348182217904
2020-10-12,0.004078269427639638
2020-10-13,0.0007826492595077216
2020-10-14,-0.009903484705147514
2020-10-15,-0.007452842702217265
2020-10-16,-0.005906010063250981
2020-10-19,0.002238882071399606
2020-10-20,0.007004118703616782
2020-10-21,0.003167494771211227
2020-10-22,-0.006822452978644703
2020-10-23,0.0036549582074334643
2020-10-26,-0.0019053100826799307
2020-10-27,-0.008619455654669067
2020-10-28,0.005276090229474711
2020-10-29,-0.010435995632197721
2020-10-30,-0.027488527967357995
2020-11-02,0.01514678987420923
2020-11-03,0.0197385868708619
2020-11-04,0.006228615071425649
2020-11-05,0.021732964858869865
2020-11-06,0.0024895593375214
2020-11-09,0.012508709868821102
2020-11-10,-0.00015344219972914896
2020-11-11,0.015988242908107127
2020-11-12,-0.004845477825044478
2020-11-13,0.010419232925165084
2020-11-16,0.021106490604856185
2020-11-17,-0.00029438726146506906
2020-11-18,-0.0010300137124519071
2020-11-19,0.0013244009739170216
2020-11-20,0.0010289706363142974
2020-11-23,0.022662227499052112
2020-11-24,0.005443258690931889
2020-11-25,-0.005874405489035909
2020-11-26,0.00986661684145138
2020-11-27,0.002273890127201388
2020-11-30,-0.015306730911899068
2020-12-01,0.015732552704540024
2020-12-02,0.017304024685976797
2020-12-03,0.007087427694699035
2020-12-04,0.01770696009552619
2020-12-07,0.00542702335109001
2020-12-08,-0.016096075282689016
2020-12-09,0.02283939860498089
2020-12-10,-0.007961685051065742
2020-12-11,0.00863362826945238
2020-12-14,-0.00390286695150817
2020-12-15,0.0
2020-12-16,0.00417163465670917
2020-12-17,-0.0009407109235877819
2020-12-18,-0.0013446571972180424
2020-12-21,0.0012102143556232475
2020-12-22,-0.016399256468514634
2020-12-23,0.014111661454711062
2020-12-24,0.019744259548235003
2020-12-28,0.005007051146158048
2020-12-29,0.0168140097397493
2020-12-30,0.02084897726631812
2021-01-04,0.02598822878238727
2021-01-05,0.014934710737979673
2021-01-06,-0.009767900068849275
2021-01-07,0.02304486302512334
2021-01-08,0.04329422074439408
2021-01-11,0.0025230104815835487
2021-01-12,-0.007819092392260701
2021-01-13,0.005640458478920863
2021-01-14,-0.0012635608569630877
2021-01-15,-0.022195933054150983
2021-01-18,-0.023541651950850777
2021-01-19,0.026006248689579025
2021-01-20,0.00572748340436104
2021-01-21,0.01457844209561456
2021-01-22,-0.007031539036669932
2021-01-25,0.023662463450644225
2021-01-26,-0.027602756289790698
2021-01-27,-0.0033738988915748645
2021-01-28,-0.0186036948024545
2021-01-29,-0.02271912865386651
2021-02-01,0.024618913686673235
2021-02-02,0.014718753303170871
2021-02-03,0.008265401604168238
2021-02-04,-0.0168348153404293
2021-02-05,0.012652505529674275
2021-02-08,-0.009826981990210926
2021-02-09,-0.003415321406088318
2021-02-10,0.006936163005702249
2021-02-15,0.014537499139621797
2021-02-16,0.004378008774812937
2021-02-17,-0.010864662691550814
2021-02-18,-0.014397210361961258
2021-02-19,0.008686589452347352
2021-02-22,-0.010574819518089968
2021-02-23,-0.0010635249999869053
2021-02-24,-0.02151384682737207
2021-02-25,0.03572000677985398
2021-02-26,-0.028017484168154857
2021-03-02,0.011088174073757312
2021-03-03,0.011083319031467071
2021-03-04,-0.012863738664202441
2021-03-05,-0.00535942398738049
2021-03-08,-0.009478750870512436
2021-03-09,-0.0062881954061798076
2021-03-10,-0.005718132386641839
2021-03-11,0.02017076914804899
2021-03-12,0.008809342166070174
2021-03-15,-0.004871274121351209
2021-03-16,0.008302760232584493
2021-03-17,-0.00794544664349072
2021-03-18,0.007236144927934421
2021-03-19,-0.010575390040167191
2021-03-22,0.0016709645734945611
2021-03-23,-0.009466256365639176
2021-03-24,-0.004585421342222639
2021-03-25,0.004344628880729306
2021-03-26,0.009229841182236144
2021-03-29,-0.001791170214390848
2021-03-30,0.011172803325959784
2021-03-31,-0.0027221843956771324
2021-04-01,0.009085309547237515
2021-04-02,0.011096102341813867
2021-04-05,0.001973119628353982
2021-04-06,0.001389822957411854
2021-04-07,0.002428504999844368
2021-04-08,-0.0009244207922868184
2021-04-09,-0.004751090502455427
2021-04-12,0.0
2021-04-13,0.011318194776663987
2021-04-14,0.006866829407987447
2021-04-15,0.0009117938890271599
2021-04-16,-0.0005698356497715055
2021-04-19,-0.00011410516110421338
2021-04-20,0.006251705517679522
2021-04-21,-0.01806570492295556
2021-04-22,0.00149875467382635
2021-04-23,0.0005759080691353306
2021-04-26,0.00905502687932121
2021-04-27,0.001140157277766451
2021-04-28,-0.010655904089893083
2021-04-29,-0.0033989709917864193
2021-04-30,-0.006950485866777959
2021-05-03,-0.006404058862553799
2021-05-04,0.008411741577309418
2021-05-06,0.005881812387699562
2021-05-07,0.006429885870831965
2021-05-10,0.016642117118204798
2021-05-11,-0.017691340925040735
2021-05-12,-0.016704346195649346
2021-05-13,-0.011573359831291177
2021-05-14,0.00931699035153828
2021-05-17,-0.004289373281246752
2021-05-18,0.011751762198267818
2021-05-20,-0.0031915383158604587
2021-05-21,-0.00047348162041496315
2021-05-24,-0.0028470295770951734
2021-05-25,0.009457671956725854
2021-05-26,-0.002002244277770953
2021-05-27,-0.001769653128890557
2021-05-28,0.006122505407453967
2021-05-31,0.003865938871317204
2021-06-01,0.005713652465282723
2021-06-02,-0.0008143680189568095
2021-06-03,0.009265577489616057
2021-06-04,-0.0038114606377797292
2021-06-07,0.0035810912904003247
2021-06-08,-0.0019622615617668608
2021-06-09,-0.01138742992923218
2021-06-10,0.0033833057820395265
2021-06-11,0.00731064671675489
2021-06-14,-0.00046251964628915055
2021-06-15,0.0023108567831724896
2021-06-16,0.00609781418717701
2021-06-17,-0.005751803667215936
2021-06-18,0.002995196233685126
2021-06-21,-0.009708857797545115
2021-06-22,0.006829202016294165
2021-06-23,0.0051774050961385445
2021-06-24,0.003779786496923011
2021-06-25,0.005017820608620889
2021-06-28,-0.0010243415598275738
2021-06-29,-0.00387917760623654
2021-06-30,0.003537269786513097
2021-07-01,-0.005826176630301287
2021-07-02,-0.0012612140075460318
2021-07-05,0.004692612606015861
2021-07-06,0.0045567642801914165
2021-07-07,-0.006270991768105759
2021-07-08,-0.010462797154397324
2021-07-09,-0.010690224069818142
2021-07-12,0.008954877521134828
2021-07-13,0.008416526334606126
2021-07-14,-0.003450341610422496
2021-07-15,0.006774413218541246
2021-07-16,-0.0042430386140506855
2021-07-19,-0.011325478029824613
2021-07-20,-0.0032597215537228767
2021-07-21,-0.005143641426220078
2021-07-22,0.01234723681559743
2021-07-23,0.0018503920457878565
2021-07-26,-0.010804626229413972
2021-07-27,0.0016340447892527353
2021-07-28,0.00302763142020981
2021-07-29,0.0013956958297750657
2021-07-30,-0.012281235524456794
2021-08-02,0.004696215479147857
2021-08-03,0.00874709312804281
2021-08-04,0.01395245945442683
2021-08-05,-0.0018340339499321337
2021-08-06,-0.004714501581443908
2021-08-09,-0.004621197602930424
2021-08-10,-0.006505347051718602
2021-08-11,-0.00901480785794006
2021-08-12,-0.004006624641597889
2021-08-13,-0.017029402992238186
2021-08-17,-0.01135414812232037
2021-08-18,0.004968357822489324
2021-08-19,-0.020146113686550095
2021-08-20,-0.009791351452042962
2021-08-23,0.008927601354008104
2021-08-24,0.018831230912945626
2021-08-25,0.0031447164595941562
2021-08-26,-0.0075149223316099195
2021-08-27,-0.0006083910324603824
2021-08-30,0.00243165766561385
2021-08-31,0.019602753476479443
2021-09-01,0.0014280570038820407
2021-09-02,-0.009198768193755463
2021-09-03,0.006459695237689085
2021-09-06,0.0034524389408699414
2021-09-07,-0.005959541259185846
2021-09-08,-0.008765145136142781
2021-09-09,-0.017886997899826364
2021-09-10,0.004654539597490286
2021-09-13,0.0021972594827555183
2021-09-14,0.006320479925064614
2021-09-15,0.0014531630101536168
2021-09-16,-0.008749571957130206
2021-09-17,0.0025599801060422517
2021-09-23,-0.0015840510841302314
2021-09-24,-0.00097592902191214
2021-09-27,0.0032901712106940457
2021-09-28,-0.013102732568698316
2021-09-29,-0.01327637599956339
2021-09-30,0.00411331752338863
2021-10-01,-0.018834930479006973
2021-10-05,-0.014941910888851927
2021-10-06,-0.015560538712259037
2021-10-07,0.01658908573130838
2021-10-08,-0.002187767384375703
2021-10-12,-0.017280888260647283
2021-10-13,0.010041427607088746
2021-10-14,0.012507412499615107
2021-10-15,0.010198897833651313
2021-10-18,-0.0031760436419918455
2021-10-19,0.00836281414340169
2021-10-20,-0.004426027323512581
2021-10-21,-0.0017760408049630556
2021-10-22,0.0008885230537579145
2021-10-25,0.0051875341915871625
2021-10-26,0.009295209926943868
2021-10-27,-0.008412389962012462
2021-10-28,-0.00278363956409032
2021-10-29,-0.016222857713654046
2021-11-01,0.0041127046790596965
2021-11-02,0.01324993475795522
2021-11-03,-0.014276772521747073
2021-11-04,0.005633189395519552
2021-11-05,-0.004349916149096159
2021-11-08,-0.0012832732464234879
2021-11-09,0.0025643560451241885
2021-11-10,-0.010685721204037999
2021-11-11,-0.0001296417327710759
2021-11-12,0.010559255800969645
2021-11-15,0.01146242615254208
2021-11-16,-0.0017745503138245403
2021-11-17,-0.0126383794463354
2021-11-18,-0.004119259197431634
2021-11-19,0.007325869940888911
2021-11-22,0.022914005890856442
2021-11-23,-0.008799449964925331
2021-11-24,-0.002022464767700029
2021-11-25,-0.0073652500236841235
2021-11-26,-0.018523631931710614
2021-11-29,-0.007951517936175451
2021-11-30,-0.02049390892045464
2021-12-01,0.023760210015318833
2021-12-02,0.01566088678040829
2021-12-03,0.007547961992613674
2021-12-06,0.0019102183901846654
2021-12-07,0.00823466574303395
2021-12-08,0.004406180750650274
2021-12-09,0.0030100071310394695
2021-12-10,-0.005525446928853366
2021-12-13,0.0007550605751073861
2021-12-14,-0.00567867989950028
2021-12-15,0.00025324426202204004
2021-12-16,0.005802805847758459
2021-12-17,0.0025129172680785515
2021-12-20,-0.018616462685969337
2021-12-21,0.007640417114779237
2021-12-22,0.00531390903662866
2021-12-23,0.0049089348838918705
2021-12-24,0.007380825809386416
2021-12-27,-0.005875203130096063
2021-12-28,0.008116629020909184
2021-12-29,-0.002241425890813096
2021-12-30,-0.0061258403457972845
2022-01-04,0.001753889695263438
2022-01-05,-0.014374104696884596
2022-01-06,-0.010083730674204077
2022-01-07,0.012493664929757998
2022-01-10,-0.007630483990525028
2022-01-11,0.002932181396775338
2022-01-12,0.016286898402284426
2022-01-13,-0.005147899026064521
2022-01-14,-0.015604529217506487
2022-01-17,-0.007314808173442378
2022-01-18,-0.007757648113702604
2022-01-19,-0.007295456388253218
2022-01-20,0.0058666106838469725
2022-01-21,-0.011373624915765136
2022-01-24,-0.011371053908151445
2022-01-25,-0.024636339510528828
2022-01-26,-0.003140039670301235
2022-01-27,-0.033561398296972134
2022-01-28,0.026414919728809095
2022-02-03,0.009608752473321576
2022-02-04,0.013029747471930258
2022-02-07,-0.010301146974220481
2022-02-08,0.001905704211164205
2022-02-09,0.013774517173071339
2022-02-10,0.008281293020440547
2022-02-11,-0.009354727083287013
2022-02-15,-0.019660152828205685
2022-02-16,0.017913132264204892
2022-02-17,0.006435038625541722
2022-02-18,-0.003748700259202443
2022-02-21,0.0006702874305051623
2022-02-22,-0.014582891443443645
2022-02-23,0.003530336521298231
2022-02-24,-0.026507098280972034
2022-02-25,0.011210160666433704
2022-02-28,0.0075413215205795
2022-03-02,-0.004106406928203376
2022-03-03,0.018885181208140565
2022-03-04,-0.015598940434841677
2022-03-07,-0.02267464668249959
2022-03-08,-0.013090539543725573
2022-03-10,0.0204748783965202
2022-03-11,-0.0037549519529921018
2022-03-14,-0.0018131656805052592
2022-03-15,-0.008691988561891852
2022-03-16,0.014815145696564593
2022-03-17,0.01500861549299265
2022-03-18,0.0021846718441639545
2022-03-21,-0.010280693527310238
2022-03-22,0.009052497350418715
2022-03-23,0.00870040740490522
2022-03-24,-0.004612581408700516
2022-03-25,-0.004087825996204791
2022-03-28,0.0006823884183738072
2022-03-29,0.005171452303324349
2022-03-30,0.0035230457959852315
2022-03-31,0.00310638224157797
2022-04-01,-0.007716068466887343
2022-04-04,0.004744812059433689
2022-04-05,-0.0009468405017564524
2022-04-06,-0.01034191326890206
2022-04-07,-0.013217771288421628
2022-04-08,0.0006929297569049554
2022-04-11,0.0
2022-04-12,-0.00946306921982758
2022-04-13,0.01883696052259974
2022-04-14,-0.005641613285009872
2022-04-15,-0.011937751227428028
2022-04-18,0.0008376778758581272
2022-04-19,0.011652055347165052
2022-04-20,-0.0008278523763176534
2022-04-21,0.004407275276371596
2022-04-22,-0.011054528142315721
2022-04-25,-0.01610809825972953
2022-04-26,0.004227217899330792
2022-04-27,-0.011881268536271215
2022-04-28,0.00991029483626111
2022-04-29,0.014895024840812215
2022-05-03,-0.006214674090166844
2022-05-04,0.002405804338469173
2022-05-06,-0.01394855621689529
2022-05-10,-0.014727242466294619
2022-05-11,-0.00014551698350733768
2022-05-12,-0.016575497598318827
2022-05-13,0.02338952343818163
2022-05-16,-0.003908736155129537
2022-05-17,0.00967173139288809
2022-05-18,0.0018657488356891455
2022-05-19,-0.014442769913310645
2022-05-20,0.017735160577582756
2022-05-23,0.0032817656366383335
2022-05-24,-0.018692165704905974
2022-05-25,0.004200205532646198
2022-05-26,-0.0033296901588916804
2022-05-27,0.010530273182331606
2022-05-30,0.012973389524187527
2022-05-31,0.00395814972781766
2022-06-02,-0.010922835653988973
2022-06-03,0.005546983603896771
2022-06-07,-0.01875627022535318
2022-06-08,0.002165763335886681
2022-06-09,-0.003033141033284098
2022-06-10,-0.01032356989952339
2022-06-13,-0.03601054173851789
2022-06-14,-0.003947116368232341
2022-06-15,-0.017957754746964396
2022-06-16,-0.0006197007122599119
2022-06-17,-0.007466321942255177
2022-06-20,-0.01621179845055073
2022-06-21,0.005696324310036768
2022-06-22,-0.025568734150156158
2022-06-23,-0.008126128222894977
2022-06-24,0.02083244843277978
2022-06-27,0.012704699132857027
2022-06-28,0.007702534545916572
2022-06-29,-0.01689729190877909
2022-06-30,-0.01670207926903297
2022-07-01,-0.010254732718717512
2022-07-04,0.0003270824389081575
2022-07-05,0.015740722747535005
2022-07-06,-0.02296323162913863
2022-07-07,0.019899511575205635
2022-07-08,0.0054759292910675945
2022-07-11,-0.0056375663866045315
2022-07-12,-0.009575538712564006
2022-07-13,0.005204834249231465
2022-07-14,-0.003575270716193178
2022-07-15,0.006005850677410897
2022-07-18,0.021929682922370755
2022-07-19,-0.003330419212717046
2022-07-20,0.0074385059302651164
2022-07-21,0.010821132340267327
2022-07-22,-0.006258756302465471
2022-07-25,0.0039163025638136294
2022-07-26,0.003589583390571056
2022-07-27,0.0003114415597775047
2022-07-28,0.0043511334956430605
2022-07-29,0.0043324773974421785
2022-08-01,-0.0004633203465646067
2022-08-02,-0.005420956190417406
2022-08-03,0.006964437013685091
2022-08-04,0.005076611251764634
2022-08-05,0.006576234827995924
2022-08-08,-0.0018307644426676384
2022-08-09,0.0032019448647643734
2022-08-10,-0.011790993596762387
2022-08-11,0.01649905106662866
2022-08-12,0.0037806120453007385
2022-08-16,0.00256284293212713
2022-08-17,-0.005132080485946101
2022-08-18,-0.0037904837099305873
2022-08-19,-0.005789188515861544
2022-08-22,-0.013072033503558988
2022-08-23,-0.012618094177259318
2022-08-24,0.004067531645416904
2022-08-25,0.011641755101515362
2022-08-26,0.0006170546964729748
2022-08-29,-0.024353414134503225
2022-08-30,0.010844943479601554
2022-08-31,0.00763069549442131
2022-09-01,-0.02291022307994449
2022-09-02,-0.0055710286840960355
2022-09-05,0.0
2022-09-06,0.0
2022-09-07,-0.014631686785740729
2022-09-08,0.0019417618887137328
2022-09-13,0.031036136055153585
2022-09-14,-0.019943622139444266
2022-09-15,-0.005611355270843768
2022-09-16,-0.007098986327088471
2022-09-19,-0.007149879268349511
2022-09-20,0.0034187285425277005
2022-09-21,-0.009306843968811936
2022-09-22,-0.010885814902320623
2022-09-23,-0.012347889307188354
2022-09-26,-0.024818551885024995
2022-09-27,0.0018915227135135179
2022-09-28,-0.024873051139803003
2022-09-29,0.0003520787026431016
2022-09-30,-0.004411068189673773
2022-10-04,0.023937580295770436
2022-10-05,0.00017269858452166145
2022-10-06,0.010987120372969731
2022-10-07,-0.0037632402227639468
2022-10-11,-0.020604945169038276
2022-10-12,0.008535868438377382
2022-10-13,-0.016087091048633345
2022-10-14,0.024034690250289484
2022-10-17,0.0006880695822044957
2022-10-18,0.0128151941195675
2022-10-19,-0.008182707834380224
2022-10-20,-0.009804875451597488
2022-10-21,0.0020719790829477375
2022-10-24,0.009272182355352711
2022-10-25,0.0015369202264690924
2022-10-26,0.006802748293277791
2022-10-27,0.020192529881659926
2022-10-28,-0.012955486678362002
2022-10-31,0.014792733996431913
2022-11-01,0.01507022424236002
2022-11-02,-0.001809742293933488
2022-11-03,-0.00561416298583765
2022-11-04,0.008738002527908868
2022-11-07,0.010613267930119541
2022-11-08,0.01435150842794494
2022-11-09,0.009877420098467924
2022-11-10,-0.012602848446063459
2022-11-11,0.039350288612527234
2022-11-14,-0.006348260747524077
2022-11-15,0.0027920760620362716
2022-11-16,-0.0018603882353738512
2022-11-17,-0.013278409837900755
2022-11-18,-0.0022039612825226116
2022-11-21,-0.00775264105651627
2022-11-22,-0.0071730274331565196
2022-11-23,0.006696506917685112
2022-11-24,0.009331716587975585
2022-11-25,-0.004101516025219468
2022-11-28,-0.012246783085030992
2022-11-29,0.01129777402227906
2022-11-30,0.014919845675842636
2022-12-01,0.0059061110653865784
2022-12-02,-0.022567929057852692
2022-12-05,-0.0031751321060083174
2022-12-06,-0.01280224660593123
2022-12-07,-0.0056529831516438965
2022-12-08,0.0
2022-12-09,0.011594388028544055
2022-12-12,-0.006263511670237312
2022-12-13,-0.0008059899884055572
2022-12-14,0.011223508568822054
2022-12-15,-0.01672050923606458
2022-12-16,-0.004712871058116941
2022-12-19,0.00016285031393836885
2022-12-20,-0.008340803190018876
2022-12-21,-0.0024665324059643156
2022-12-22,0.012922318536326005
2022-12-23,-0.017377424871888435
2022-12-26,0.0014872418659077754
2022-12-27,0.007075332849312176
2022-12-28,-0.011875574017530314
2022-12-29,-0.0180818762812662
2023-01-02,-0.005930702378965184
2023-01-03,0.0
2023-01-04,0.020855134216667518
2023-01-05,0.007957685611782069
2023-01-06,0.010676091486991
2023-01-09,0.026599356042902554
2023-01-10,0.001271895660826719
2023-01-11,0.001746054042920384
2023-01-12,0.002850889162371124
2023-01-13,0.007248697135370121
2023-01-16,0.007975640288813401
2023-01-17,-0.007975640288813299
2023-01-18,-0.006458322533375146
2023-01-19,0.006144112518799852
2023-01-20,0.00657503486706559
2023-01-25,0.015636282890820457
2023-01-26,0.013730002500238885
2023-01-27,0.007848005176036262
2023-01-30,-0.015946885961550663
2023-01-31,-0.015583162522394988
2023-02-01,0.010826097068669716
2023-02-02,0.010709893731270003
2023-02-03,0.0041004747511487385
2023-02-06,-0.02299654310834705
2023-02-07,0.006184360512309025
2023-02-08,0.015447182964618453
2023-02-09,-0.0031920949183269678
2023-02-10,-0.0025918176572918648
2023-02-13,-0.005970929448133279
2023-02-14,0.005970929448133195
2023-02-15,-0.01910977137211001
2023-02-16,0.019720278877879725
2023-02-17,-0.008887607891512333
2023-02-20,0.00338046885347856
2023-02-21,-0.0013814249024542502
2023-02-22,-0.017510406811732458
2023-02-23,0.012582732767002468
2023-02-24,-0.00899372536392404
2023-02-27,-0.008918166765617934
2023-02-28,0.002824703665272298
2023-03-02,0.002504455697267132
2023-03-03,0.0021861355510515447
2023-03-06,0.013940871420018968
2023-03-07,-0.005243874248425935
2023-03-08,-0.01432818306668875
2023-03-09,-0.003142178551138988
2023-03-10,-0.010916961946187322
2023-03-13,0.008080554440857094
2023-03-14,-0.023631833342635526
2023-03-15,0.012523996619505345
2023-03-16,-0.003676723150635156
2023-03-17,0.011465118624080332
2023-03-20,-0.007309783371715069
2023-03-21,0.0025486701805427846
2023-03-22,0.012489252717015356
2023-03-23,0.002980611027904743
2023-03-24,-0.003452077959737227
2023-03-27,-0.004568681949737087
2023-03-28,0.01161706283280118
2023-03-29,0.0015596694639721242
2023-03-30,0.00698817904868194
2023-03-31,0.011692372593768699
2023-04-03,-0.005060308180027448
2023-04-04,0.004601255849098325
2023-04-05,0.005646000740569841
2023-04-06,-0.017963228934934745
2023-04-07,0.016897409420793832
2023-04-10,0.009550533974303542
2023-04-11,0.013040888231410988
2023-04-12,0.0031224482610543464
2023-04-13,0.0019280608177900443
2023-04-14,0.003549679491420993
2023-04-17,0.0002953255983093594
2023-04-18,-0.0014771321341256285
2023-04-19,0.0007387466743140003
2023-04-20,-0.0029585132473719422
2023-04-21,-0.005049697314300339
2023-04-24,-0.006872980060771598
2023-04-25,-0.012673682448057248
2023-04-26,-0.001063426397332907
2023-04-27,0.003384138127920718
2023-04-28,0.001994270948922332
2023-05-02,0.010822497561037245
2023-05-03,-0.008985107120129246
2023-05-04,-0.0038316613898301006
2023-05-08,0.012513550110247098
2023-05-09,-0.0030376883140737078
2023-05-10,-0.006256205133174049
2023-05-11,-0.0027591695007661114
2023-05-12,-0.004769614889269113
2023-05-15,0.002772216665565656
2023-05-16,0.002764615635669795
2023-05-17,0.0032157126460288354
2023-05-19,0.023569470055366876
2023-05-22,0.00640026733919154
2023-05-23,0.0029631053980178888
2023-05-25,-0.004596231386313529
2023-05-26,0.0034119575645296897
2023-05-30,0.013387718520766997
2023-05-31,-0.007186548453365906
2023-06-01,-0.0032432019231091774
2023-06-02,0.012764916161746503
2023-06-05,0.002911891180596707
2023-06-07,-0.0021830185012476195
2023-06-08,-0.0013120783065461207
2023-06-09,0.013187525591391485
2023-06-12,-0.006499593010726688
2023-06-13,0.004770605050799539
2023-06-14,-0.004915650822506043
2023-06-15,-0.0034841438672105897
2023-06-16,0.004787849107487689
2023-06-19,-0.0055152702384095725
2023-06-20,-0.0017481161836289312
2023-06-21,-0.009374586754580553
2023-06-22,0.0024987642484976154
2023-06-23,-0.004856071143192369
2023-06-26,0.005002749678478822
2023-06-27,-0.0004402206353300372
2023-06-28,-0.005448127860137221
2023-06-29,-0.00014742369548254806
2023-06-30,0.0029489423941677583
2023-07-07,-0.01992644024249493
2023-07-10,-0.0016536880606228296
2023-07-14,0.047593162400845504
2023-07-17,-0.003880618745057149
2023-07-19,-0.007661810348262023
2023-07-20,-0.003052134448600147
2023-07-21,0.0010184732066968385
2023-07-24,0.006522379471712604
2023-07-26,-0.011332381303763133
2023-07-28,0.007569152230756793
2023-08-03,-0.007861501438540383
2023-08-04,0.00014621525963625498
2023-08-07,-0.00248755003468446
2023-08-08,-0.008385450272512073
2023-08-09,0.010873000307196413
2023-08-10,-0.0032201210284199394
2023-08-11,-0.003230704712012412
2023-08-14,-0.009012463578202557
2023-08-16,-0.01510288769313394
2023-08-17,-0.0030181016955019703
2023-08-18,-0.0053033688885118415
2023-08-21,0.0007594105594964854
2023-08-22,0.003939106911228508
2023-08-23,-0.0021190575562394904
2023-08-24,0.013546194186098074
2023-08-25,-0.01097343277137282
2023-08-28,0.006778877617729369
2023-08-29,0.00464292125056468
2023-08-30,0.0029842660041639216
2023-08-31,0.0004468300027965022
2023-09-01,0.009928218276904318
2023-09-04,0.006320123520283575
2023-09-05,-0.0010259363244510835
2023-09-06,-0.007065142974480082
2023-09-07,-0.00503466503746073
2023-09-08,0.0014833167646466606
2023-09-11,0.002812472859654179
2023-09-12,-0.005186983225263231
2023-09-13,0.0007424728548872395
2023-09-14,0.014006967474133292
2023-09-15,0.012946678414650902
2023-09-18,-0.012068467224280207
2023-09-19,-0.007635962327319386
2023-09-20,-0.00014730556916065199
2023-09-21,-0.017699677530638204
2023-09-22,-0.0036079392254950576
2023-09-25,0.0009030824622270031
2023-09-26,-0.013176917534161111
2023-09-27,0.002436403561218475
2023-10-04,-0.026820399007223356
2023-10-05,0.0003124235745795082
2023-10-06,0.0018723665522524
2023-10-10,0.0023355708610758607
2023-10-11,0.016656823660354803
2023-10-12,0.011254699432378416
2023-10-13,-0.008810479800966983
2023-10-16,-0.0076581945633620654
2023-10-17,0.012225042697252515
2023-10-18,0.004243631667076488
2023-10-19,-0.01923997390552806
2023-10-20,-0.015224853448826297
2023-10-23,-0.005336605450484555
2023-10-24,0.007681972298777223
2023-10-25,-0.005481232798897561
2023-10-26,-0.025929962386425053
2023-10-27,0.0009665604431823296
2023-10-30,0.002742153482004601
2023-10-31,-0.01231789014058742
2023-11-01,0.013766556771521957
2023-11-02,0.016431723464254637
2023-11-03,0.010075559241480595
2023-11-06,0.04577223483654873
2023-11-07,-0.018271620700950564
2023-11-08,-0.009339403830877727
2023-11-09,0.004757100577031621
2023-11-10,-0.00568044529219202
2023-11-13,-0.000770147730528085
2023-11-14,0.010270739672567395
2023-11-15,0.02142508920873643
2023-11-16,-0.0007467472271328969
2023-11-17,-0.005092109560703478
2023-11-20,0.007926360929464273
2023-11-21,0.004755683271228011
2023-11-22,0.0017775438430109312
2023-11-23,0.00014800125422686017
2023-11-24,-0.007873737176072815
2023-11-27,-0.001193810474701282
2023-11-28,0.011432291764537599
2023-11-29,-0.003253019826350213
2023-11-30,0.0057595273361685856
2023-12-01,-0.011403265120833665
2023-12-04,0.0050510143333687705
2023-12-05,-0.011026629468317738
2023-12-06,0.0032909147049282684
2023-12-07,-0.0038905674635965164
2023-12-08,0.014438005792580422
2023-12-11,0.0033931247831409227
2023-12-12,0.0041152393168426
2023-12-13,-0.009727364214281544
2023-12-14,0.012071442282215357
2023-12-15,0.005690496766357002
2023-12-18,0.0031957228163678577
2023-12-19,0.000869920510130405
2023-12-20,0.01908923710165945
2023-12-21,-0.006561336497076906
2023-12-22,0.0031434478670853768
2023-12-26,0.00412820482841751
2023-12-27,0.011020555729682023
2023-12-28,0.01630549847330368
2024-01-02,0.006064233808889277
2024-01-03,-0.02814735220519522
2024-01-04,-0.008800505782233818
2024-01-05,-0.0028558514762577047
2024-01-08,-0.0032938744623030713
2024-01-09,-0.0037364478104274347
2024-01-10,-0.011003559767993783
2024-01-11,0.0015999495235842734
2024-01-12,-0.009639221556281602
2024-01-15,0.004246877208671105
2024-01-16,-0.013831901569704114
2024-01-17,-0.024751934854319424
2024-01-19,0.019552661280764216
2024-01-22,0.0010418735527890602
2024-01-23,0.005194055007495346
2024-01-24,-0.0038558880403480444
2024-01-25,0.0011879600852091506
2024-01-26,0.0017795102310520581
2024-01-29,0.011782119741844573
2024-01-30,-0.0017632062930031344
2024-01-31,-0.0048656774126418665
2024-02-01,0.016999249521283837
2024-02-02,0.03174879829484589
2024-02-05,-0.012179854443640928
2024-02-06,-0.0038546474086229385
2024-02-07,0.01406203575502975
2024-02-08,0.0011274685401458419
2024-02-13,0.01218244511113035
2024-02-14,-0.013733502566989148
2024-02-15,-0.001411839150386807
2024-02-16,0.009982403097169081
2024-02-19,0.015547250270924568
2024-02-20,-0.011777107737804684
2024-02-21,-0.002232653268804761
2024-02-22,0.005155140490592814
2024-02-23,0.003052606209389096
2024-02-26,-0.008067988554243602
2024-02-27,-0.008555794798699895
2024-02-28,0.012180624938845386
2024-02-29,-0.002647524775921908
2024-03-04,0.014269197904729471
2024-03-05,-0.008010048013526297
2024-03-06,-0.003611625115281253
2024-03-07,0.0006955178067643417
2024-03-08,0.014496124666286428
2024-03-11,-0.008395864139395503
2024-03-12,0.008532886373758614
2024-03-13,0.004648509771932518
2024-03-14,0.00896262737374982
2024-03-15,-0.018970089316635016
2024-03-18,0.006317917415464129
2024-03-19,-0.011982993580170997
2024-03-20,0.017444318983681484
2024-03-21,0.02673621926534732
2024-03-22,-0.0029206717254540446
2024-03-25,-0.003996917435057026
2024-03-26,0.009830078789084698
2024-03-27,0.0005284962970390616
2024-03-28,-0.0005284962970390922
2024-03-29,0.003299388251465239
2024-04-01,0.0006585089205669693
2024-04-02,0.0027609905160125526
2024-04-03,-0.015214993555803597
2024-04-04,0.014164249646497977
2024-04-05,-0.010305630872957213
2024-04-08,0.004240823654922073
2024-04-09,-0.006234734612319826
2024-04-11,-0.0003991945830275424
2024-04-12,-0.009765371505854803
2024-04-15,-0.004445861963956196
2024-04-16,-0.023360059811247297
2024-04-17,-0.010979416414893074
2024-04-18,0.01731713082482646
2024-04-19,-0.01899520239366194
2024-04-22,0.013348071584715723
2024-04-23,-0.0011054559694260921
2024-04-24,0.01822349103616346
2024-04-25,-0.017394143680900313
2024-04-26,0.011401882006340888
2024-04-29,0.009768346623505576
2024-04-30,0.0035533916274287794
2024-05-02,-0.003690291800665241
2024-05-03,-0.0008219052605213305
2024-05-07,0.02289625030465121
2024-05-08,0.003476206901260212
2024-05-09,-0.011275331194188729
2024-05-10,0.005116580555004805
2024-05-13,-0.0018820172668664909
2024-05-14,0.002016396638861406
2024-05-16,0.009488750336950116
2024-05-17,-0.011774141051811678
2024-05-20,0.008309761982050613
2024-05-21,-0.005219122638053088
2024-05-22,0.0
2024-05-23,0.0
2024-05-24,-0.015686756397354677
2024-05-27,0.013806616663868653
2024-05-28,0.001074891104350002
2024-05-29,-0.014745132138134758
2024-05-30,-0.01829113159186597
2024-05-31,-0.00041640194763757415
2024-06-03,0.01788965995851425
2024-06-04,-0.007392338045981828
2024-06-05,0.009980198829246629
2024-06-07,0.013109398078311844
2024-06-10,-0.008765580467622618
2024-06-11,0.0009477512125870958
2024-06-12,0.008757096921341287
2024-06-13,0.006817702260939789
2024-06-14,0.0033252799423451715
2024-06-17,-0.005459186422148938
2024-06-18,0.010492090450482992
2024-06-19,0.0148192903493227
2024-06-20,0.003897567138896396
2024-06-21,-0.008595104988271832
2024-06-24,-0.007614714431564622
2024-06-25,0.002895323144223944
2024-06-26,0.008244428068813044
2024-06-27,-0.0011734569388834612
2024-06-28,0.005854503573903849
2024-07-01,0.0019437005537805703
2024-07-02,-0.007146113613333648
2024-07-03,0.0041640724790455936
2024-07-04,0.013286011326677076
2024-07-05,0.0182841331914669
2024-07-08,-0.0032768460142359158
2024-07-09,0.003528412324975271
2024-07-10,-0.00037737320219332124
2024-07-11,0.006146705381846178
2024-07-12,-0.013852236596591561
2024-07-15,0.006320406748822574
2024-07-16,0.0006297476442507331
2024-07-17,-0.008346000686914656
2024-07-18,-0.007392255584492795
2024-07-19,-0.01183922454473739
2024-07-22,-0.010017510760788198
2024-07-23,0.002872325384618101
2024-07-24,-0.005884149751443069
2024-07-25,-0.01839794642706235
2024-07-26,0.00532914458128982
2024-07-29,0.011887636410432344
2024-07-30,-0.009403347171532808
2024-07-31,0.014531366302024397
2024-08-01,0.000786621479388892
2024-08-02,-0.041062603931094906
2024-08-05,-0.09623886929904014
2024-08-06,0.027285106541142013
2024-08-07,0.02256402534984687
2024-08-08,-0.00746499091405161
2024-08-09,0.013595923033413062
2024-08-12,0.011448121846505649
2024-08-13,0.003367089755071967
2024-08-14,0.00934007583669295
2024-08-16,0.023449699852486214
2024-08-19,-0.008849109132474893
2024-08-20,0.009932853161239567
2024-08-21,-0.0013549452511261318
2024-08-22,0.0014903171301609043
2024-08-23,-0.0006771514364846483
2024-08-26,-0.005297052721496875
2024-08-28,-0.003273962445019056
2024-08-29,-0.01334165951120349
2024-08-30,0.005247952633408845
2024-09-02,-0.0011025631975963208
2024-09-03,-0.008447188824853123
2024-09-04,-0.03538432976878683
2024-09-05,-0.0015858075142607387
2024-09-06,-0.00898712126190742
2024-09-09,-0.006720220603497919
2024-09-10,-0.0042599276519059
2024-09-11,-0.00946606282606086
2024-09-12,0.022627940148265992
2024-09-13,0.0021769794855002237
2024-09-19,-0.0017412509009079504
2024-09-20,0.0024656650790735213
2024-09-23,0.003037656466791736
2024-09-24,0.011916033180662285
2024-09-25,-0.014808730277963018
2024-09-26,0.0330514592189763
2024-09-27,-0.004072098896546132
2024-09-30,-0.023202309694715217
2024-10-02,-0.010568335875011582
2024-10-04,-0.0004367968526616785
2024-10-07,0.01574616790356699
2024-10-08,-0.007625388706308174
2024-10-10,0.0018756254735146092
2024-10-11,0.0012966832580522311
2024-10-14,0.011736133707964213
2024-10-15,0.0035510754932747725
2024-10-16,-0.009115684615609642
2024-10-17,0.0022866372834877595
2024-10-18,-0.005870059113510968
2024-10-21,0.0028675801502441108
2024-10-22,-0.01471221022096078
2024-10-23,0.012849218759352906
2024-10-24,-0.008354820281990256
2024-10-25,0.000722958847786134
2024-10-28,0.009065354695843103
2024-10-29,0.0025751438021416194
2024-10-31,-0.02291291473288188
2024-11-01,-0.007066088897893196
2024-11-04,0.016556042178256163
2024-11-06,-0.008024085778745716
2024-11-07,-0.00043951123450120867
2024-11-08,-0.001173014334798667
2024-11-11,-0.01627014239282315
2024-11-12,-0.021097774801902336
2024-11-13,-0.025919421928725237
2024-11-14,-0.004228959790045763
2024-11-15,0.00719426776024127
2024-11-18,0.022954113958529674
2024-11-19,0.003496677964946688
2024-11-20,0.0019711672339579227
2024-11-21,0.0012109533024941164
2024-11-22,0.00888620689587718
2024-11-25,0.0116281242969296
2024-11-26,-0.003117465117511906
2024-11-27,-0.007761131614894857
2024-11-28,-0.003001246530661851
2024-11-29,-0.019117486747881614
2024-12-02,0.00183653780406073
2024-12-03,0.014572188394445983
2024-12-04,-0.013655213316112401
2024-12-05,-0.007051991677748883
2024-12-06,-0.005089780436592258
2024-12-09,-0.02521082732291495
2024-12-10,0.020094884133457426
2024-12-11,0.010359572491588767
2024-12-12,0.014204253956985562
2024-12-13,0.004539096382876434
2024-12-16,-0.003629566750630383
2024-12-17,-0.011582083219863527
2024-12-18,0.01400325754663948
2024-12-19,-0.022933244991436376
2024-12-20,-0.014487361534902363
2024-12-23,0.0166502116259758
2024-12-24,0.0007711952612774234
2024-12-26,-0.0058768487163013364
2024-12-27,-0.002795917029842716
2024-12-30,-0.002647771615094865
2025-01-02,-0.0021858125978486396
2025-01-03,0.019808773154800816
2025-01-06,0.021225787799592714
2025-01-07,0.0002999533898164064
2025-01-08,0.009552319528615115
2025-01-09,0.000742337766168879
2025-01-10,-0.001485345894528268
2025-01-13,-0.013318448237340269
2025-01-14,0.0043592013780210485
2025-01-15,-0.001501012806514105
2025-01-16,0.01416967352452855
2025-01-17,-0.002075571561192735
2025-01-20,-0.0016338422975024458
2025-01-21,0.0008916147985539502
2025-01-22,0.011371263329875814
2025-01-23,-0.01077753223390152
2025-01-24,0.005939244419385353
2025-01-31,-0.009818636684973568
2025-02-03,-0.027739433188565428
2025-02-04,0.012373151259948369
2025-02-05,0.011771846785669369
2025-02-06,0.010002495295733835
2025-02-07,-0.006557632694407
2025-02-10,0.0020912688250090995
2025-02-11,0.007876940401584967
2025-02-12,0.0013314237018626147
2025-02-13,0.01102710622672635
2025-02-14,0.0049593716309962715
2025-02-17,0.007248402822191317
2025-02-18,0.007339700988557417
2025-02-19,0.020156941924106588
2025-02-20,-0.008751088632582801
2025-02-21,0.0011335981567012566
2025-02-24,-0.006250127915376258
2025-02-25,-0.00528613858525785
2025-02-26,0.005000997954466902
2025-02-27,-0.0039987043051421195
2025-02-28,-0.033763394879652256
2025-03-04,-0.002519555581945273
2025-03-05,0.007539349667500317
2025-03-06,0.009819314631237034
2025-03-07,-0.00467788442627353
2025-03-10,0.002341619273731197
2025-03-11,-0.011319508949984727
2025-03-12,0.01569532077189511
2025-03-13,-0.004814389687495255
2025-03-14,0.00554177572135198
2025-03-17,0.019300716293013765
2025-03-18,0.0024221559842649083
2025-03-19,0.008502168160319483
2025-03-20,0.0067501355305076335
2025-03-21,0.004754005805689412
2025-03-24,-0.003493447205801221
2025-03-25,-0.0046298747846768564
2025-03-26,0.008402155649330348
2025-03-27,-0.012347557802152168
2025-03-28,-0.01622574375586811
2025-03-31,-0.028527649616396207
2025-04-01,0.014220055401773814
2025-04-02,-0.004961309783147123
2025-04-03,-0.01251216190230169
2025-04-04,-0.00892745631977771
2025-04-07,-0.05862757293207022
2025-04-08,-0.0004754938787777113
2025-04-09,-0.01678834095461971
2025-04-10,0.05977067338445354
2025-04-11,-0.003042342530695001
2025-04-14,0.006378203045467617
2025-04-15,0.009791435064437496
2025-04-16,-0.01571269625100725
2025-04-17,0.009849359365383446
2025-04-18,0.006762303803144594
2025-04-21,0.0013470263441648018
2025-04-22,-0.0032959400089659545
2025-04-23,0.01784712311876446
2025-04-24,-0.0017705823300951625
2025-04-25,0.009260223710528866
2025-04-28,0.0007310991358987592
2025-04-29,0.006905081748922189
2025-04-30,-0.0020605498222437692
2025-05-02,0.0008835961800988649
2025-05-07,0.008501953767128164
2025-05-08,0.0004377685544755989
2025-05-09,-0.00014586327193275584
2025-05-12,0.014055126099649755
2025-05-13,0.00229966741025736
2025-05-14,0.013262054403143974
2025-05-15,-0.007393688408514195
2025-05-16,0.003703845399656858
2025-05-19,-0.011296465967899055
2025-05-20,0.002011115578995396
2025-05-21,0.006294814633483816
2025-05-22,-0.012918189313739278
2025-05-23,0.0008663708301934127
2025-05-26,0.015752915876014014
2025-05-27,0.0031208882804113457
2025-05-28,0.0135062505636208
2025-05-29,0.019649082205095172
2025-05-30,-0.009637965761784044
2025-06-02,-0.0004151122935079425
2025-06-04,0.02770939953298778
2025-06-05,0.017350081035099718
2025-06-09,0.01718410186562447
2025-06-10,0.00583539137500486
2025-06-11,0.011697573520638818
2025-06-12,0.001787458410724959
2025-06-13,-0.008455050737929614
2025-06-16,0.018103520574641336
2025-06-17,0.0026497064243710708
2025-06-18,0.008407125099046064
2025-06-19,0.0016230350065308294
2025-06-20,0.013875404483796046
2025-06-23,-0.0009848030695789965
2025-06-24,0.03247195618489335
2025-06-25,0.0030947999684105055
2025-06-26,-0.009073560538274583
2025-06-27,-0.006135250576381486
2025-06-30,0.006375103675296415
2025-07-01,0.0028734765011423323
2025-07-02,-0.003833234267158122
2025-07-03,0.015363899569271984
2025-07-04,-0.01945289324723044
2025-07-07,0.0015655696613768204
2025-07-08,0.018360001122176763
2025-07-09,0.002948951606332081
2025-07-10,0.012873150973046527
2025-07-11,0.0005813113909626731
2025-07-14,0.00925395702185411
2025-07-15,0.006541541478914853
2025-07-16,-0.009424277048392235
2025-07-17,0.0019612111926105773
2025-07-18,-0.0010377877629099157
2025-07-21,0.008043336958860996
2025-07-22,-0.01382840755075082
2025-07-23,0.0035905915252508838
2025-07-24,-0.0010410582418075639
2025-07-25,0.002543140563446078
2025-07-28,0.005181508319014749
2025-07-29,0.006753352900369612
2025-07-30,0.008576364339531989
2025-07-31,-0.0023876516677332747
2025-08-01,-0.04148618826621105
2025-08-04,0.01144352627832899
2025-08-05,0.013515275746213253
2025-08-06,-0.0005787424008746159
2025-08-07,0.008532216822686949
2025-08-08,-0.0024139095959252455
2025-08-11,0.00023014306817695227
2025-08-12,-0.003226923349843272
2025-08-13,0.010221187784718542
2025-08-14,-0.0009145584850523862
2025-08-18,-0.01521110124352787
2025-08-19,-0.007108370921995179
2025-08-20,-0.005982132005170404
2025-08-21,0.0024676095747831923
2025-08-22,0.008297826484974227
2025-08-25,0.012146663885395655
2025-08-26,-0.009473361931940942
2025-08-27,0.0016237984093435752
2025-08-28,0.005086164924424078
2025-08-29,-0.003812287151365322
2025-09-01,-0.01692475975806422
2025-09-02,0.01053871568331065
2025-09-03,0.004996229160574624
2025-09-04,0.003701979819596521
2025-09-05,0.004033446419619521
2025-09-08,0.003902737122644492
2025-09-09,0.013540645440508247
2025-09-10,0.020803727542859047
2025-09-11,0.006509594711038185
2025-09-12,0.020033361732517557
2025-09-15,0.005911178412353756
2025-09-16,0.016156854932997202
2025-09-17,-0.012306608229426964
2025-09-18,0.017354938314214006
2025-09-19,-0.0036786192276959777
2025-09-22,0.00974494077328116
2025-09-23,0.007997192481150507
2025-09-24,-0.0031082408285369348
2025-09-25,0.00031128359345573473
2025-09-26,-0.02425444201581222
2025-09-29,0.015188545932313802
2025-09-30,-0.002725373473281541
2025-10-01,0.010441727903485243
2025-10-02,0.029376338978469578
2025-10-10,0.025100909765157255
2025-10-13,-0.009190252453271402
2025-10-14,-0.010177721412910033
2025-10-15,0.027401721859017982
2025-10-16,0.02591041317295648
2025-10-17,0.002848531742087848
2025-10-20,0.01813352033625307
2025-10-21,0.0021392859382208173
2025-10-22,0.011271338511907283
2025-10-23,-0.010621155669229687
2025-10-24,0.025756382517672243
2025-10-27,0.02713725465686411
2025-10-28,-0.01000143991038221
2025-10-29,0.020688269011856178
2025-10-30,0.0034877187444304096
2025-10-31,0.012111936300963072
2025-11-03,0.03023731845648607
2025-11-04,-0.027918207986275815
2025-11-05,-0.02810225925043486
2025-11-06,0.005455862753042971
2025-11-07,-0.018243504308563904
2025-11-10,0.030107890275611504
2025-11-11,0.00932247948384178
2025-11-12,0.010342391706952218
2025-11-13,0.00458129942846235
2025-11-14,-0.044305519284753056
2025-11-17,0.021099489416876414
2025-11-18,-0.03374322575952205
2025-11-19,-0.007013846683336259
2025-11-20,0.021248968200599704
2025-11-21,-0.04286696617743523
2025-11-24,-0.00027666581521021926
2025-11-25,0.007260074730167624
2025-11-26,0.02665375880001336
2025-11-27,0.007018833616583744
2025-11-28,-0.014715971381637296
2025-12-01,-0.0013486294402142046
2025-12-02,0.019599719162385735
2025-12-03,0.010880211063802771
2025-12-04,-0.0025339685329407
2025-12-05,0.018893017054647167
2025-12-08,0.013303946104867124
2025-12-09,-0.005351446801713611
2025-12-10,-0.00042599687509209703
2025-12-11,-0.008213602247170144
2025-12-12,0.013567389424129333
2025-12-15,-0.022975739194304415
2025-12-16,-0.02200784360412872
2025-12-17,0.01914186542452325
2025-12-18,-0.01172265277381982
2025-12-19,0.005265986786535474
2025-12-22,0.022589552744353637
2025-12-23,0.0029054686505500527
2025-12-24,0.00025596397533558937
2025-12-26,0.008494812859242027
2025-12-29,0.026873008979527716
2025-12-30,0.0028779396613789424
2026-01-02,0.028572186731702785
2026-01-05,0.0372791734403724
2026-01-06,0.017829018444182707
2026-01-07,0.007673315025024429
2026-01-08,-0.0014999772601624497
2026-01-09,0.008370784375292517
2026-01-12,0.006380294344979274
2026-01-13,0.012566757830551634
2026-01-14,0.005462352435661445
2026-01-15,0.016924528158463722
2026-01-16,0.010513642784793333
2026-01-19,0.014382767110245725
2026-01-20,-0.00825356071778505
2026-01-21,0.007905174317023018
2026-01-22,0.010742750483069663
2026-01-23,0.006801529787415049
2026-01-26,-0.009908542715400679
2026-01-27,0.033590325991299554
2026-01-28,0.018549741088393024
2026-01-29,0.012277304346975298
2026-01-30,0.00349877252081956
2026-02-02,-0.06141725201508421
2026-02-03,0.07407849638034915
2026-02-04,0.013889552609652023
2026-02-05,-0.04344452295152572
2026-02-06,-0.01078017119437266
2026-02-09,0.04097358885410887
2026-02-10,0.0012119280705184723
2026-02-11,0.008632233862742892
2026-02-12,0.035511832559765345
2026-02-13,-0.001403851666455012
2026-02-19,0.030438440105618216
2026-02-20,0.02238068691950715
2026-02-23,0.007388627471263697
2026-02-24,0.024372744575287156
2026-02-25,0.02005901399474575
2026-02-26,0.044490030744633445
2026-02-27,-0.009569451016150672
2026-03-03,-0.08205901160864916
2026-03-04,-0.1330948678489284
2026-03-05,0.09626791961176057
2026-03-06,-0.00011966732497971694
2026-03-09,-0.06591173099137579
2026-03-10,0.05798185644426007
2026-03-11,0.01109623021104286
2026-03-12,-0.0074839445251293005
2026-03-13,-0.020153650436055548
2026-03-16,0.017566171181574664
2026-03-17,0.019688024068378374
2026-03-18,0.05443716275224011
2026-03-19,-0.029754636566331975
2026-03-20,-0.001038002515205243
2026-03-23,-0.0672346672841523
2026-03-24,0.0301487612759696
2026-03-25,0.011963360252810157
2026-03-26,-0.03504060858632965
2026-03-27,-0.004606180414897364
2026-03-30,-0.031834088034305694
2026-03-31,-0.04218391965531881
2026-04-01,0.08558519807755702
2026-04-02,-0.04964850980667387
2026-04-03,0.03004666556507884
2026-04-06,0.014477382075861241
2026-04-07,0.012399867119941614
2026-04-08,0.07257069283483537
2026-04-09,-0.019858808649603286
2026-04-10,0.01597487142641526
2026-04-13,-0.008780184992542378
2026-04-14,0.02860382323597929
2026-04-15,0.024414768496884842
2026-04-16,0.02182875198873639
2026-04-17,-0.006993035490970637
