round,date,distance,use_hmm_off,log_return
1,2019-01-02,2.8856993025811715,False,0.0026209082424640657
1,2019-01-03,2.604808042644738,False,-0.019164977610111236
1,2019-01-04,1.8914965802472345,False,0.000635382229089737
1,2019-01-07,9.274444699452259,False,0.0015959775157272816
1,2019-01-09,1.6939946499605476,False,0.014074561132490634
1,2019-01-10,0.7105173183672858,True,0.005334256076812744
1,2019-01-11,0.5309016110581221,True,-0.000359781316621229
1,2019-01-14,0.6752489960612077,True,-0.0007768462873063982
1,2019-01-15,0.6663336222542703,True,0.005707598371058702
1,2019-01-16,0.5469814632158403,True,0.0007302994936704636
1,2019-01-17,0.6979171277937061,True,-0.0002842774623772129
1,2019-01-18,0.5471522974705065,True,0.0016956031711772084
1,2019-01-21,0.542540657834823,True,-0.004300045866519213
1,2019-01-22,0.6553394659609709,True,-0.0019496845049783587
1,2019-01-23,0.5457540227964,True,0.0008807842804118991
1,2019-01-24,0.5246007551401036,True,0.016364841796457766
1,2019-01-25,0.4769297242630326,True,0.013978903459012508
1,2019-01-28,0.7373514492354828,True,-0.003664665090665221
1,2019-01-29,0.7487097321624174,True,-0.0013095453217625618
1,2019-01-30,2.9375621254333386,True,0.002519834689050913
1,2019-01-31,2.24649912929654,True,0.0033108021974563597
1,2019-02-01,0.7566449514072379,True,-0.004119265615940094
1,2019-02-07,0.5233605015452697,True,-0.005130007888376713
1,2019-02-08,0.5669506252870334,True,-0.007839518444240093
1,2019-02-11,0.579064728184053,True,0.004943169791996479
1,2019-02-12,0.5805978279964624,True,0.0006957447570748627
1,2019-02-13,1.2908200311821536,True,0.0029425621163100004
1,2019-02-14,1.4989706970220593,True,0.00499048088863492
1,2019-02-15,0.44314982597876973,True,-0.003307834055274725
1,2019-02-18,0.33401199097461265,True,0.008163671611249448
1,2019-02-19,0.9716866147858907,True,0.0025803867273032667
1,2019-02-20,0.5868468947546067,True,0.004665846895426512
1,2019-02-21,0.42998835009795344,True,-0.0020298730149865152
1,2019-02-22,0.33937937003969043,True,1.2997793033719094e-05
1,2019-02-25,0.5449533536952796,True,-0.0018362792775034904
1,2019-02-26,0.47698444063261314,True,-0.004045591954141855
1,2019-02-27,0.433392870492198,True,0.0036426068633794786
1,2019-02-28,1.1754692370493,True,0.0002557192731648684
1,2019-03-04,0.7283151005070221,True,-0.013110099451243877
1,2019-03-05,0.5431614939327865,True,-0.0029861320935189724
1,2019-03-06,0.44302185409007855,True,-0.004143096488714218
1,2019-03-07,0.4410158938939457,True,-0.004390393000096082
1,2019-03-08,0.8768884861235187,True,-0.010662751972675324
1,2019-03-11,0.9787828444854857,True,0.0035220759715884923
1,2019-03-12,0.887946937434305,True,0.011667431984841823
1,2019-03-13,0.5703033428696033,True,0.0037024952813982962
1,2019-03-14,0.5463127751235017,True,-0.002128244064003229
1,2019-03-15,0.1823644937335436,True,-0.004893852306902409
1,2019-03-18,0.25373272185297774,True,0.005723598978668452
1,2019-03-19,0.14821196023378042,True,0.000712162662949413
1,2019-03-20,0.29054168858484297,True,0.0014186652772128583
1,2019-03-21,0.24046018603641864,True,0.004498342084884643
1,2019-03-22,0.253867232490713,True,-0.008375997973978519
1,2019-03-25,1.423205116232382,True,0.002629424447566271
1,2019-03-26,0.5685573845997826,True,-0.0017638927198946476
1,2019-03-27,0.4922704424490792,True,-0.00038958190446719527
1,2019-03-28,0.64009824155382,True,-0.006319133412837982
1,2019-03-29,0.5183349066261749,True,-0.007256664906442166
1,2019-04-01,0.3195595916815609,True,0.015978321781754495
1,2019-04-02,0.2051245091051725,True,0.0005937937034294009
1,2019-04-03,0.09915768584309392,True,0.0003074576740153134
1,2019-04-04,0.18650442377360105,True,-0.00013888690443709492
1,2019-04-05,0.033522006354325604,True,0.00623665131777525
1,2019-04-08,0.2648688477936282,True,0.0027268521703779696
1,2019-04-09,0.42467619834237114,True,0.00018197891740128402
1,2019-04-10,7.190029676717028,True,0.0009811833932995796
1,2019-04-11,0.5240743917429934,True,0.0011949823834002018
1,2019-04-12,0.47522157048378827,True,-0.004706850592046976
1,2019-04-15,0.3464593114583414,False,-0.0024892260756343605
1,2019-04-16,0.38472535161792676,False,0.00016231941133737564
1,2019-04-17,0.37092032860019203,False,0.0057758533880114555
1,2019-04-18,0.30145098923864544,False,-0.01023021640777588
1,2019-04-19,0.4902368740255062,False,0.002027345693483949
1,2019-04-22,0.3361495212128168,False,-0.0012262501906603574
1,2019-04-23,0.34918565397675433,False,0.0012398375045508147
1,2019-04-24,0.27907971289036476,False,-0.007791239035129547
1,2019-04-25,0.2730929482328717,False,0.002796352756023407
1,2019-04-26,0.23707197575612843,False,-0.002833032486587763
1,2019-04-29,0.18263899630406846,False,0.00169516185503453
1,2019-04-30,0.11243964387536463,False,-0.00048329419111832976
1,2019-05-02,0.2700931602022821,False,-0.012479459156095982
1,2019-05-03,0.0765930442779695,False,-0.0014814980590716004
1,2019-05-07,0.8343008856759345,False,0.005631137079000473
1,2019-05-08,1.4966379727796943,False,-0.009149465863406658
1,2019-05-09,2.027787771341435,False,-0.010949176372587681
1,2019-05-10,2.504030968991188,False,-0.0037951947920024393
1,2019-05-13,2.2497931107721025,False,-0.0022002565674483776
1,2019-05-14,4.80277840290043,False,0.00309401314035058
1,2019-05-15,1.3250533320938604,False,-0.0008151730211451649
1,2019-05-16,1.3097531234456408,False,-0.009193858236074447
1,2019-05-17,1.2954017740914638,False,-0.002875633558258414
1,2019-05-20,1.01441544546697,False,-0.004991915355622769
1,2019-05-21,0.9285784278010352,False,-0.0018599099854007364
1,2019-05-22,1.2372114719663816,False,-0.0011656655509024857
1,2019-05-23,1.3199799417085645,False,0.0009114318317733705
1,2019-05-24,1.4300351161412683,False,0.003040579841285944
1,2019-05-27,1.7953334991594534,False,-0.0019324773276224731
1,2019-05-28,1.4844387571939126,False,0.006392032933980226
1,2019-05-29,1.9036720894402215,False,0.0008319815656170249
1,2019-05-30,2.021262975911591,False,-0.0013634150102734565
1,2019-05-31,2.353673877933111,False,0.005383520915545523
1,2019-06-03,1.618918138763171,False,0.004306142048723996
1,2019-06-04,1.6995685116949844,False,-0.0002696986071765423
1,2019-06-05,2.5037753506023805,False,0.0008991969153285027
1,2019-06-07,1.2445215781441512,False,-0.00047239753997419025
1,2019-06-10,0.9381735691597641,False,0.004424878986924887
1,2019-06-11,0.5651314961530263,False,0.00824242197573185
1,2019-06-12,0.626845784912411,False,-0.001449589893594384
1,2019-06-13,0.5818629206358762,False,-0.0003334764352766797
1,2019-06-14,0.48267855432889745,False,0.0035431729815900326
1,2019-06-17,0.5472185880906493,False,-0.002983094076439738
1,2019-06-18,0.43635510401311134,False,0.0019843066800385714
1,2019-06-19,0.37723225090078455,False,0.00646454691439867
1,2019-06-20,0.41740923792685447,False,0.00906193637251854
1,2019-06-21,0.13337324742434004,False,-0.0003682932008989155
1,2019-06-24,0.2539126327222653,False,-0.0029120775666087867
1,2019-06-25,0.2589745926153355,False,-0.0063766619496047495
1,2019-06-26,0.2247353527168928,False,0.0035018545255064964
1,2019-06-27,0.18115422028507147,False,-0.003942954958230257
1,2019-06-28,0.5181824171077435,False,-0.0035820613138377666
1,2019-07-01,0.3076838116209559,False,0.009649873503670097
1,2019-07-02,0.3283707257495837,False,-0.0014627369675785304
1,2019-07-03,0.0677802168935805,False,-0.0004193592514842748
1,2019-07-04,0.22835010905580638,False,-0.0014883511163294315
1,2019-07-05,0.15497943819274276,False,0.0017982060860842466
1,2019-07-08,0.893810480650085,False,-0.004374388980865478
1,2019-07-09,0.38628013688306906,False,-0.020813279536366462
1,2019-07-10,0.5052409204453401,False,0.002531754891946912
1,2019-07-11,0.43982235029111716,False,0.01594189503788948
1,2019-07-12,0.6609151884068725,False,-0.0011797560662031173
1,2019-07-15,0.23742383420546775,False,-0.003050981955975294
1,2019-07-16,0.45605397040638596,False,0.006881673616170883
1,2019-07-17,0.3036274243037093,False,-0.006444433412700891
1,2019-07-18,0.43661087304776275,False,-0.0007833991177380085
1,2019-07-19,0.3897286095635762,False,0.007347612127661705
1,2019-07-22,0.3179802357461337,False,0.00449715451002121
1,2019-07-23,0.29412325798452943,False,-0.003433329435065389
1,2019-07-24,0.3471109541645401,False,-0.0019079859931021928
1,2019-07-25,0.3341001252743574,False,-0.0003257087769918144
1,2019-07-26,0.3990852959827748,False,-0.003372484524175525
1,2019-07-29,0.8876151749625419,False,-0.02401799196600914
1,2019-07-30,0.6130917754197551,False,0.005088661765307188
1,2019-07-31,0.8223061061967356,False,0.0011954683978110552
1,2019-08-01,0.7222221831808867,False,-0.005171717888116836
1,2019-08-02,1.3696295588974305,False,-0.0022431355468928815
1,2019-08-05,2.3685195254580056,False,0.003163955318555236
1,2019-08-06,3.562150397998668,False,-0.0015408639617264272
1,2019-08-07,3.0852390420357763,False,0.010374680764973164
1,2019-08-08,1.2569127638056115,False,0.015612648096121848
1,2019-08-09,1.2149297805805812,False,0.0004332731804810464
1,2019-08-12,0.9264385645250571,False,-0.001314506883174181
1,2019-08-13,3.500734063467893,False,0.008996457989327609
1,2019-08-14,2.413628485468432,False,-0.008194925090670586
1,2019-08-16,2.3382572461407265,False,-0.0032943960908800364
1,2019-08-19,1.6950063825049018,False,-0.0024572797022759914
1,2019-08-20,1.588381031995505,False,0.013549239394068718
1,2019-08-21,0.7365219450541481,False,-0.000644089843519032
1,2019-08-22,0.7335365927548524,False,-0.008347381581366062
1,2019-08-23,0.933650526216858,False,-0.004296665365993976
1,2019-08-26,3.5858499365471834,False,0.0007257976019755006
1,2019-08-27,2.059069025572057,False,-0.0021433568835258483
1,2019-08-28,1.2733161424607187,False,0.024032716435194015
1,2019-08-29,1.5678893265059408,False,-0.0019285215962678193
1,2019-08-30,1.7271219522641752,False,-0.0009932757370173931
1,2019-09-02,1.2433302079726358,False,-0.0020945588897913693
1,2019-09-03,1.4283416507791966,False,0.00016661152094602584
1,2019-09-04,1.249844458605147,False,0.00315839214771986
1,2019-09-05,1.0473294864365534,False,0.008161796835064888
1,2019-09-06,0.5567504868133673,False,-0.001894891081377864
1,2019-09-09,0.368125424383909,False,-0.0002035391923505813
1,2019-09-10,0.5274026395203898,False,-0.0003517874915152788
1,2019-09-11,0.05757215274946409,False,0.003702350080013275
1,2019-09-16,0.6880801398690646,False,0.00702012035921216
1,2019-09-17,0.5101558284890668,False,0.0036204618219286204
1,2019-09-18,0.5453046880734718,False,0.00390758204087615
1,2019-09-19,0.43577348622837486,False,0.0029069150935858486
1,2019-09-20,0.24978091929706359,False,0.006583526841551065
1,2019-09-23,0.6765931999007307,False,-0.005616505806148052
1,2019-09-24,0.49838733481056097,False,0.0014615491250529885
1,2019-09-25,1.23195519304234,False,0.0017528286883607507
1,2019-09-26,0.7914080453481536,False,0.0025761476550251244
1,2019-09-27,0.5759883590710643,False,-0.0020491308268159626
1,2019-09-30,0.7524285955255601,False,-0.0036468505457043646
1,2019-10-01,0.6022107928730249,False,0.0056218648597598075
1,2019-10-02,1.3817408574435917,False,0.004017936187237501
1,2019-10-04,1.3494585639321546,False,0.011249028422310948
1,2019-10-07,1.160322509855059,False,0.015132152371108532
1,2019-10-08,1.1981776944052704,False,0.012365440467000008
1,2019-10-10,0.9503029724405764,False,0.0008032021164894104
1,2019-10-11,0.8442202502353288,False,-0.00027519144788384437
1,2019-10-14,0.4709654951357098,False,0.0071590601727366445
1,2019-10-15,0.29731529287621744,False,0.009597376742959022
1,2019-10-16,0.28666242928886965,False,0.01000720058977604
1,2019-10-17,0.09324298176786792,False,0.0009224721340462565
1,2019-10-18,0.33289266051818145,True,-0.013139386951923371
1,2019-10-21,0.1370679245485431,True,-0.0006523992825299501
1,2019-10-22,0.42284830394438383,True,0.011264611861109733
1,2019-10-23,0.15000457396632802,True,0.009162251688539982
1,2019-10-24,0.13701866116066008,True,-0.002677537713199854
1,2019-10-25,0.13651275997498935,True,0.0038820474721491336
1,2019-10-28,0.148582644249886,True,0.0016395554181188345
1,2019-10-29,0.06776109459071811,True,0.0029627308949828146
1,2019-10-30,0.2691124236910611,True,-0.00071313366596587
1,2019-10-31,0.12477301982514022,True,0.004062735140323639
1,2019-11-01,0.21827282029778594,True,0.00041106102243065835
1,2019-11-04,0.10850115102793292,True,0.01081316568851471
1,2019-11-05,0.082000557221726,True,0.005094682485610247
1,2019-11-06,0.3252521240520568,True,-0.0068667929783463475
1,2019-11-07,0.11544358638588567,True,-0.002785388779267669
1,2019-11-08,0.11850686793128015,True,-0.009268017867207528
1,2019-11-11,0.4083780914994611,True,-0.003696210880577564
1,2019-11-12,0.3071496106638257,True,0.005488779260963202
1,2019-11-13,0.1972715700411554,True,-0.004299711927771568
1,2019-11-14,0.21897337376700832,True,0.006041425599902868
1,2019-11-15,0.22636989537096244,True,0.01658829832971096
1,2019-11-18,0.15183043487309153,True,-0.0009312686015851795
1,2019-11-19,0.11389940207056932,True,0.002283956369012594
1,2019-11-20,0.44493170948198835,True,-0.002988500775396824
1,2019-11-21,0.5237204015926544,True,-0.012818378160893916
1,2019-11-22,0.4006370057610922,True,0.0009142207246273756
1,2019-11-25,0.17153190345228708,True,0.015851284623146056
1,2019-11-26,0.36398554903939395,True,0.00010483897561207415
1,2019-11-27,0.23288884054969292,True,0.0012627196226269008
1,2019-11-28,0.10713554989526584,True,-0.0019333882849663496
1,2019-11-29,0.23263432458868938,True,0.0004748879187740386
1,2019-12-02,0.1887934384492681,True,-0.0007725206117145717
1,2019-12-03,0.38326210950814327,True,-0.006021364864706993
1,2019-12-04,0.3772231950037345,True,0.007619410449266434
1,2019-12-05,0.4670741911057689,True,0.005290267436951399
1,2019-12-06,0.40797273810154994,True,0.0031151754304766656
1,2019-12-09,0.14938687836988374,True,0.007974060655012726
1,2019-12-10,0.15327714381577384,True,6.028174422681334e-05
1,2019-12-11,0.07473152556944392,True,-0.0002936152602313086
1,2019-12-12,0.057572776718451145,True,0.016149337020516394
1,2019-12-13,0.2105137155032934,True,0.010669451376795768
1,2019-12-16,0.13929233544169148,True,0.002928919491916895
1,2019-12-17,0.22309226059692527,True,0.0011241716857999563
1,2019-12-18,0.2180004693838575,True,0.001738042830862105
1,2019-12-19,0.1727896347739944,True,0.0022981031939387324
1,2019-12-20,0.19391649128464372,True,0.006639732866734267
1,2019-12-23,0.5376007717293161,True,-0.004996793369203806
1,2019-12-24,0.13858210661981402,True,0.00428409132361412
1,2019-12-26,0.35582364741061956,True,0.005429073162376881
1,2019-12-27,0.25954976226909204,True,0.008399688386917114
1,2019-12-30,0.6485570156689806,True,0.0012828350696712733
2,2020-01-02,0.810442581679661,False,-0.0014542089056223631
2,2020-01-03,0.9297731519968813,False,0.008749410797655583
2,2020-01-06,0.8180632384191364,False,-0.002550088284537196
2,2020-01-07,0.764918898071701,False,1.9603311829268938e-05
2,2020-01-08,1.1351209705336396,False,-0.018013275715708734
2,2020-01-09,1.473109099420975,False,0.019764413791894912
2,2020-01-10,0.4743327118909538,False,-4.817491709254682e-05
2,2020-01-13,0.2613736556656756,False,0.0014036586318165064
2,2020-01-14,0.1498599898929304,False,1.283656060695651e-05
2,2020-01-15,0.14720193004211526,False,0.0028262763608247043
2,2020-01-16,0.12157338436155417,False,0.0018595328707247973
2,2020-01-17,0.06288980101701414,False,0.00018563417792320254
2,2020-01-20,0.0538632487290919,False,0.0001941692094318569
2,2020-01-21,0.47187030613846,False,-0.009051645416021346
2,2020-01-22,0.20920197023280868,False,0.01468624991029501
2,2020-01-23,0.8810206795817352,False,0.0007933050738647581
2,2020-01-28,1.7553942692473619,False,0.001138722037523985
2,2020-01-29,1.2444553570640586,False,0.002305705267563462
2,2020-01-30,1.778444558585702,False,-0.006548723511397838
2,2020-01-31,3.0261455262354806,False,0.0007768340580165386
2,2020-02-03,2.1376194645973077,False,0.0007912653415463865
2,2020-02-04,2.9628918739744887,False,-0.0022276641193777324
2,2020-02-05,2.0161988756876617,False,-0.0002934474591398612
2,2020-02-06,1.5594678425115698,False,0.015343697226047516
2,2020-02-07,2.252311038320713,False,0.002408325304463506
2,2020-02-10,1.7169771403541507,False,0.001099522634781897
2,2020-02-11,1.8150166342240657,False,1.7559803370386368e-05
2,2020-02-12,1.2290892111016567,False,-0.0021663349084556104
2,2020-02-13,1.182562844093234,False,0.003597187139466405
2,2020-02-14,1.2355464773949936,False,-0.0016105588637292385
2,2020-02-17,1.4755389601155922,False,0.0026922712627798317
2,2020-02-18,1.7285022807471355,False,0.003035137140378356
2,2020-02-19,1.8009126613555524,False,0.0020295735150575637
2,2020-02-20,1.7508825867928621,False,0.0030358017772436144
2,2020-02-21,4.28764936571094,False,0.007018997163325548
2,2020-02-24,4.276235912704702,False,0.007846367682889105
2,2020-02-25,3.480258197813814,False,-0.00534142789915204
2,2020-02-26,4.38899466330822,False,0.0014616599787026644
2,2020-02-27,5.02469749063169,False,-6.400294862687588e-05
2,2020-02-28,7.730538041524567,False,-0.004315388938784599
2,2020-03-02,7.273139047825186,False,-0.008070345586631448
2,2020-03-03,6.08746953273058,False,-0.00207505825990811
2,2020-03-04,5.050236010673883,False,0.011719228740036487
2,2020-03-05,3.9375893116671454,False,-0.0009737886607646942
2,2020-03-06,5.311410209015857,False,0.006146975643932819
2,2020-03-09,8.65629094799676,False,-0.001471829148940742
2,2020-03-10,8.095777762494295,False,-0.0038310208678245545
2,2020-03-11,9.152730230534273,False,-0.0010092960787937044
2,2020-03-12,11.250802390167348,False,-0.00764627439789474
2,2020-03-13,15.391356314885002,False,-0.019559762627258896
2,2020-03-16,19.502524213048837,False,-0.01326381864156574
2,2020-03-17,19.49344823580612,False,-0.01363649650812149
2,2020-03-18,18.847562666687992,False,-0.0002023551283404231
2,2020-03-19,21.307417243643023,False,-0.0136701212357264
2,2020-03-20,18.06873686754619,False,0.008959180913493037
2,2020-03-23,18.725204152173692,False,-0.006379653174057603
2,2020-03-24,15.404315124400357,False,0.02271934821456671
2,2020-03-25,13.679809924219743,False,0.017384919026494028
2,2020-03-26,14.978468670189763,False,-0.0037290378853678703
2,2020-03-27,15.696877223941975,False,0.005952661983668804
2,2020-03-30,15.78152651814814,False,-0.004064801773056388
2,2020-03-31,13.391334690419542,False,6.834379425272345e-05
2,2020-04-01,13.922412280882838,False,-0.007771255381405354
2,2020-04-02,12.875548725026759,False,0.001373527150042355
2,2020-04-03,12.143001911090613,False,0.005840474747121334
2,2020-04-06,9.46114075019849,False,0.004447552083432674
2,2020-04-07,8.614485700844236,False,0.016330312928557397
2,2020-04-08,10.092331728994527,False,-0.006680047346279025
2,2020-04-09,8.407470466712175,True,0.0034641032041981814
2,2020-04-10,8.48483538107814,True,0.020259912921860815
2,2020-04-13,9.954105560913117,True,-0.009865660007297992
2,2020-04-14,8.587542187032037,True,0.007252911984734237
2,2020-04-16,8.102114173997633,True,-0.0017844263851176947
2,2020-04-17,6.830382900948407,True,-0.010038395162764937
2,2020-04-20,7.498461450654819,True,-0.0036889116682112216
2,2020-04-21,8.740988852845842,True,-0.005579611761122942
2,2020-04-22,8.758988501779646,True,-0.006206937363743782
2,2020-04-23,7.970602228951168,True,0.013431814514845609
2,2020-04-24,9.12917841022937,True,-0.0005147368170320988
2,2020-04-27,8.23719568559395,True,-0.0013374950099736451
2,2020-04-28,7.278040433075042,True,-0.003708013919368386
2,2020-04-29,6.460401492843827,True,0.004567160298675299
2,2020-05-04,8.680636103804773,True,-0.0017180727096274494
2,2020-05-06,6.985869052628851,True,0.001860083162598312
2,2020-05-07,6.749802158523675,True,-0.0031918244145810602
2,2020-05-08,5.804217605852111,True,0.012066860568523408
2,2020-05-11,5.981194646185071,True,-0.004001587010174989
2,2020-05-12,5.414691542645343,True,0.00040299363108351827
2,2020-05-13,4.653580152195704,True,0.0016276413321495056
2,2020-05-14,5.0029801385545944,True,0.002735452076047659
2,2020-05-15,5.0730190259088195,True,0.023115493217110632
2,2020-05-18,5.104640353475977,True,-0.0023490614622831345
2,2020-05-19,4.373493901374749,True,-0.007039344322681427
2,2020-05-20,4.2664056661470156,True,0.0065733450992964204
2,2020-05-21,3.8128177511625196,True,-0.003043414482101798
2,2020-05-22,5.4249856632207525,True,-0.002741047647455707
2,2020-05-25,4.488163814677034,True,0.016762734565138816
2,2020-05-26,3.9063308237518193,True,0.0011443871140480043
2,2020-05-27,4.1126469673467785,True,-0.006995389488339424
2,2020-05-28,4.408154432821433,True,-0.007267489553242922
2,2020-05-29,4.563532525744103,True,0.0007996689645573497
2,2020-06-01,4.311865946707402,True,0.017831762492656708
2,2020-06-02,4.320921150896557,True,-0.0024737029038369657
2,2020-06-03,4.600230730602028,True,-0.006549471284635365
2,2020-06-04,4.587460170446234,True,-0.014122919276356697
2,2020-06-05,4.4980872738836215,True,0.009208401314914226
2,2020-06-08,5.239976831064705,True,0.011183398170769215
2,2020-06-09,4.922335258910186,True,0.0013074995521456002
2,2020-06-10,4.735659338623343,True,0.010815536306798459
2,2020-06-11,5.003765846064328,True,0.010850349116325379
2,2020-06-12,7.367259997032603,True,-0.0015032779611647128
2,2020-06-15,9.955943364445295,True,-0.007150027904286981
2,2020-06-16,8.535152543825845,True,0.0037278631118126213
2,2020-06-17,8.9461321356165,True,0.0014727198674809189
2,2020-06-18,9.046043871910898,True,0.0013924536182545126
2,2020-06-22,7.816337890681637,True,0.006597755703394068
2,2020-06-23,6.92818360482052,True,-0.000637775802006945
2,2020-06-24,6.334685838495878,True,0.00414732027053833
2,2020-06-25,7.432217092491402,True,-0.006220297494530678
2,2020-06-26,6.484953514756265,True,0.0008054419836960733
2,2020-06-29,7.608712637283326,True,0.0020087041122373193
2,2020-06-30,6.678698942420277,True,0.0001089420256903395
2,2020-07-01,6.215705320316178,True,0.0025367845989763735
2,2020-07-02,5.30312882973881,True,-0.005548140062019229
2,2020-07-06,4.079703559899147,True,0.001863345074467361
2,2020-07-07,4.258548455299163,True,0.0011617716832086444
2,2020-07-08,4.334744308825745,True,0.003296732222661376
2,2020-07-09,3.7604102448160375,True,0.003764720159024
2,2020-07-10,4.257203102014802,True,-0.00462931949198246
2,2020-07-13,3.831856883773348,True,0.0035722336445003747
2,2020-07-14,4.105225374995791,True,-0.0038161131378263236
2,2020-07-15,3.817429575391299,True,0.0020987947225570677
2,2020-07-16,3.740770439232754,True,-0.003215443617105484
2,2020-07-17,3.3521229222925997,True,-0.0017726603722199798
2,2020-07-20,3.310662710910267,True,0.0026917499635368586
2,2020-07-21,2.92867620933371,True,0.006217502267286182
2,2020-07-22,2.7305548047698993,True,0.006065385603904724
2,2020-07-23,2.7811964233389856,True,0.004041005959361792
2,2020-07-24,3.4082629618840015,True,-0.0010896874019876122
2,2020-07-27,3.5331738770347885,True,0.006783611099421978
2,2020-07-28,3.5234561400608784,True,0.0019959339994937183
2,2020-07-29,3.6753775636656667,True,-0.0010030188485980033
2,2020-07-30,3.5303075551125453,True,-0.00018928082287311554
2,2020-07-31,3.767512087078302,True,0.0038758364960551264
2,2020-08-03,3.754058526822327,True,0.0006643749909475445
2,2020-08-04,3.378844591353244,True,0.005002096615731716
2,2020-08-05,3.0550271458046514,True,0.024600535997748373
2,2020-08-06,3.188561756500737,True,0.006220507378876209
2,2020-08-07,3.1958246378009876,True,0.0006768039347603917
2,2020-08-10,3.5302229147540336,True,-0.0021047432243824003
2,2020-08-11,3.544910076117152,True,-0.008014610996842385
2,2020-08-12,3.5022870066297758,True,-0.0271928370308131
2,2020-08-13,3.246786900181866,True,0.00897614566721022
2,2020-08-14,3.3874235430840716,True,0.003917128397896886
2,2020-08-18,4.4421057039734535,True,0.01274331411216408
2,2020-08-19,4.102014563264332,True,0.011284529460966588
2,2020-08-20,5.569445014725456,True,-0.008670965537428856
2,2020-08-21,5.067385847545829,True,-0.0033079391181468965
2,2020-08-24,4.880958107992894,True,-0.0023148285578936337
2,2020-08-25,4.227882411077002,True,0.004597096186876297
2,2020-08-26,4.48490040965128,True,-0.0037588862426578998
2,2020-08-27,5.169986928214255,True,0.006539661910757422
2,2020-08-28,4.8717700712676875,True,-0.0014998808201402425
2,2020-08-31,5.379053970424726,True,0.004651524606347084
2,2020-09-01,5.318671164141208,True,0.0033375945188105108
2,2020-09-02,4.8285040018527265,True,-0.0037519466400146484
2,2020-09-03,4.455123581133338,True,-0.007636738683283329
2,2020-09-04,5.409880214870803,True,-0.000919909224100411
2,2020-09-07,4.689438806990304,True,-0.0019406352780759334
2,2020-09-08,3.954550203316692,True,0.0007167069674469531
2,2020-09-09,4.212631804331994,True,-0.002849593028798699
2,2020-09-10,3.3980103564982165,True,0.0051264127910137175
2,2020-09-11,3.0661166131476234,True,-0.0020276609057560562
2,2020-09-14,2.912261808636725,True,0.0009255166778340936
2,2020-09-15,2.789800173251302,True,0.006829408061504364
2,2020-09-16,2.801967250245817,True,0.0008253920420072973
2,2020-09-17,3.3188427274904204,True,-0.005131169052422046
2,2020-09-18,3.049605769975439,True,0.0032300133749842645
2,2020-09-21,3.708508094147387,True,-0.015567042648792266
2,2020-09-22,4.4068279552335605,True,-0.014458776389062405
2,2020-09-23,4.194115805695131,True,-0.006010109724849462
2,2020-09-24,5.1765362772683154,True,-0.004592074885964394
2,2020-09-25,4.773757441745822,True,0.007134785431623459
2,2020-09-28,4.34904838764939,True,-0.002361423986684531
2,2020-09-29,4.015622564018743,True,0.0062460684309713545
2,2020-10-05,3.8931648208475544,True,0.0017871586401015521
2,2020-10-06,3.3644522602883216,True,0.0032609543640166523
2,2020-10-07,3.036432929060733,True,-0.005731317603029311
2,2020-10-08,2.8199662208310823,True,0.0010102315358817577
2,2020-10-12,2.6032394640547882,True,0.010889823320508004
2,2020-10-13,2.5323499036504162,True,-0.0028216022721491755
2,2020-10-14,2.7859319390946395,True,-0.004910965360701084
2,2020-10-15,2.9645389427851847,True,0.0033686226546764376
2,2020-10-16,3.178380791565805,True,-0.0010639987347647547
2,2020-10-19,3.3606843611585298,True,0.004475204836577177
2,2020-10-20,3.2490679586800093,True,-0.003034826277568936
2,2020-10-21,3.133673069530392,True,0.002231961990147829
2,2020-10-22,3.3741477809799036,True,-0.0009970156563445926
2,2020-10-23,3.1590144193357643,True,-0.002205449924618006
2,2020-10-26,3.5353183807163404,True,-0.0028351041339337827
2,2020-10-27,3.7712633528751724,True,0.0003354275348596275
2,2020-10-28,3.6714161758119843,True,0.008077894173935056
2,2020-10-29,4.69052563184263,True,-0.009787971940636634
2,2020-10-30,7.029044262754071,True,-0.0037707493351656013
2,2020-11-02,5.772877005721294,True,0.003176769858598709
2,2020-11-03,4.952354031680503,True,0.0024514980541542174
2,2020-11-04,4.271872308395502,True,0.0019702495666220786
2,2020-11-05,3.4042795558489214,True,0.003778250319696963
2,2020-11-06,3.0864940454460426,True,-0.005368990263342858
2,2020-11-09,3.0133313878857435,True,0.0049174296647310255
2,2020-11-10,2.8281531037073395,True,-0.019287019699811937
2,2020-11-11,2.683653050181402,True,0.0004453308922238648
2,2020-11-12,2.4816179945541466,True,-0.004288080954551697
2,2020-11-13,2.3184921999647496,True,0.002758017397299409
2,2020-11-16,2.639223173018939,True,0.0026976884547621014
2,2020-11-17,2.4358615161438872,True,0.0023904883340001106
2,2020-11-18,2.2664645102753123,True,-0.0010020384779199957
2,2020-11-19,2.206052817379094,True,0.0022630810752511023
2,2020-11-20,2.132612163070967,True,0.0010338000757619738
2,2020-11-23,2.395597108308409,True,0.003681473557278514
2,2020-11-24,2.326767241391651,True,-0.007116438364982605
2,2020-11-25,2.798665117355512,True,-0.005043374322354794
2,2020-11-26,2.5207039044566426,True,0.0005893836480565369
2,2020-11-27,2.3161085381998996,True,-0.0008982988528907299
2,2020-11-30,2.815240166257418,True,-0.009871308187767863
2,2020-12-01,2.540526368810414,True,0.00794998962879181
2,2020-12-02,2.4714938617057576,True,0.005273847095668316
2,2020-12-03,2.4205706895787844,True,0.005309810942411423
2,2020-12-04,2.84962982709049,True,0.0016193815236911178
2,2020-12-07,2.8962074297236358,True,0.017467320615053177
2,2020-12-08,2.7166282682281233,True,0.006310267408192158
2,2020-12-09,2.5186281234829706,True,-0.0010171525856480003
2,2020-12-10,2.4206404109681277,True,-0.005539352462440729
2,2020-12-11,2.359214350254126,True,-0.000879541577771306
2,2020-12-14,3.017605795275686,True,-0.00019236104995943605
2,2020-12-15,2.888125999505556,True,0.0017030322451144456
2,2020-12-16,2.651057798770428,True,0.0038676448989659546
2,2020-12-17,2.4201408212751487,True,0.0007647393848747015
2,2020-12-18,2.2736193303465444,True,0.003272850540280342
2,2020-12-21,2.7150121562737723,True,0.010193376824259758
2,2020-12-22,3.642822617320837,True,-0.015163601368665696
2,2020-12-23,3.0771468971836815,True,-0.00526473188996315
2,2020-12-24,2.988327828800643,True,0.0017361405562609435
2,2020-12-28,3.6400774906178883,True,0.0025093956165015696
2,2020-12-29,3.131679012886721,True,-0.001558891831152141
2,2020-12-30,3.199816474106406,True,0.0002692209795117378
3,2021-01-04,4.164710727149475,False,0.009861636121571064
3,2021-01-05,4.645475499724268,False,0.004088315446674823
3,2021-01-06,5.174413337388542,False,-0.0007168435302563012
3,2021-01-07,4.866433926050992,False,-0.0028715655259788034
3,2021-01-08,5.7831832318667376,False,-0.0026526754476130007
3,2021-01-11,8.276814191183236,True,-0.017796258521080018
3,2021-01-12,8.011513688804722,True,0.0038537647789751647
3,2021-01-13,6.899918468340534,True,0.0013548353585414589
3,2021-01-14,6.007397802202705,True,-0.009177813199162483
3,2021-01-15,6.695623636742624,True,0.002701760205253959
3,2021-01-18,7.31930326680018,True,-0.002271971521899104
3,2021-01-19,7.668305077528555,True,0.00016486440304724965
3,2021-01-20,7.385734333715894,True,0.010459838090837002
3,2021-01-21,6.374357946850144,True,0.00549342977181077
3,2021-01-22,5.871322194542758,True,-0.005943350951559841
3,2021-01-25,5.711818635949886,True,-0.0014007448058575391
3,2021-01-26,6.094147034296724,True,-0.0003991819900460541
3,2021-01-27,5.882713627667929,True,0.0002717312309425324
3,2021-01-28,7.284298347106049,True,-0.0038278116909554226
3,2021-01-29,8.297716338082378,True,0.0011591348571702838
3,2021-02-01,7.714142354202686,True,0.012102222235500813
3,2021-02-02,7.416462452116854,True,-0.0015950644061900675
3,2021-02-03,6.619479248154313,True,-0.010091918230406009
3,2021-02-04,6.891756714846415,True,-0.004165048187947832
3,2021-02-05,5.634457908879021,True,-0.0038069231446832418
3,2021-02-08,5.0959902646519595,True,0.0036692111019045117
3,2021-02-09,4.313376970699524,True,0.006024666544153661
3,2021-02-10,4.7251949191531875,True,0.00017544721043668686
3,2021-02-15,4.65346046601697,True,0.0023260008480399845
3,2021-02-16,4.235817573502277,True,0.0010728878110647202
3,2021-02-17,4.399899005949987,True,-0.007419890045281499
3,2021-02-18,4.599874895106689,True,0.0007242256447672844
3,2021-02-19,4.891041867416852,True,-0.004610975866764784
3,2021-02-22,5.191038552556921,True,0.004611642275005579
3,2021-02-23,5.01797969728585,True,0.005023636069946224
3,2021-02-24,5.685274730016524,True,-0.022245947113633157
3,2021-02-25,5.316630393012749,True,-0.0014833808299154043
3,2021-02-26,6.613977741245166,True,-0.012574845688877394
3,2021-03-02,6.47998330110309,True,-0.022024840772151947
3,2021-03-03,5.492292803397802,True,0.004251858510077
3,2021-03-04,5.905022402253244,True,-0.005067045932538167
3,2021-03-05,5.758110857201807,True,0.002154209968447685
3,2021-03-08,5.901326087894419,True,0.0014600575571879744
3,2021-03-09,6.017350435466034,True,-0.014533817452192307
3,2021-03-10,5.671801085736549,True,-0.013438849034905434
3,2021-03-11,4.78520425309817,True,0.01673839007727802
3,2021-03-12,4.4413758591040375,True,-0.007425890327990055
3,2021-03-15,4.5249510046133254,True,0.00017482001837342977
3,2021-03-16,3.949766220556643,True,-0.001612204472720623
3,2021-03-17,3.997838076189531,True,-0.0016688071373850107
3,2021-03-18,3.3812551666477075,True,0.005770521567761898
3,2021-03-19,3.6443519549390024,True,-0.02241032701730728
3,2021-03-22,3.6804343954527936,True,0.0012542441161349416
3,2021-03-23,3.499303512971459,True,0.001926998697593808
3,2021-03-24,3.3156922569361416,True,-0.001383569297194481
3,2021-03-25,2.9675633490115256,True,0.00152525008097291
3,2021-03-26,2.5768667397984677,True,0.0010827627308666707
3,2021-03-29,2.6598520578786395,True,-0.0015042808387428523
3,2021-03-30,2.53031670084031,True,-0.006498618970811367
3,2021-03-31,2.4409150160858784,True,-0.006393395099788904
3,2021-04-01,2.29051528841402,True,-0.0011102411039173603
3,2021-04-02,2.1319110921673983,True,0.004206931757181883
3,2021-04-07,1.2789288738626274,True,0.007239921940863132
3,2021-04-08,2.3003321936397105,True,0.0027478134453296664
3,2021-04-09,1.1903452576066775,True,-0.00017745787636376918
3,2021-04-12,0.9362446023784432,True,-0.0021484230110421776
3,2021-04-13,1.5195527408796738,True,0.004814714802801609
3,2021-04-14,1.2895721644891431,True,0.006030769687891006
3,2021-04-15,2.8999640818107,True,0.003674397436529398
3,2021-04-16,1.3444313673401849,True,0.0034599367309361695
3,2021-04-19,1.505749151846677,True,0.003583015026524663
3,2021-04-20,1.4749932792258578,True,0.004271680920571089
3,2021-04-21,1.8556061309622545,True,0.0031188949119299652
3,2021-04-22,1.4365486827488814,True,0.0030185964073985816
3,2021-04-23,1.6172404259387219,True,0.006393952776491642
3,2021-04-26,1.6265094779103109,True,-0.0031962225899100304
3,2021-04-27,2.7392939208053098,True,-0.011288254007697106
3,2021-04-28,4.175508128141243,True,-0.0036877562280744312
3,2021-04-29,1.8440721530034903,True,-0.008501156754791737
3,2021-04-30,1.830609357836276,True,-0.004520174977183342
3,2021-05-03,4.241011791507117,True,-0.0016631944097578526
3,2021-05-04,1.0636546141682552,True,0.010213187827169895
3,2021-05-06,1.1359229403414792,True,0.0016340981256216765
3,2021-05-07,1.1741625914488971,True,0.0003987653290852904
3,2021-05-10,2.097825533957849,True,0.004176675207167864
3,2021-05-11,2.2593004183545804,True,-0.0031506313279271126
3,2021-05-12,3.303825417467302,True,0.0007348994978703558
3,2021-05-13,2.9990817874124787,True,-0.0038374527983367442
3,2021-05-14,2.892077013139272,True,0.002649241987615824
3,2021-05-17,1.989236455259067,True,0.006106446269154548
3,2021-05-18,3.544006087226268,True,0.006491475766897201
3,2021-05-20,3.3157378059554956,True,-0.0022751127425581215
3,2021-05-21,2.4998588816488883,True,-0.0005295576883479953
3,2021-05-24,2.494671784685515,True,0.001537795884325169
3,2021-05-25,2.637189833008582,True,-0.001012294156011194
3,2021-05-26,1.9164540813038764,True,0.00035153070744127035
3,2021-05-27,2.2720470222596867,True,-0.003139351457729936
3,2021-05-28,1.2251088981665004,True,-0.00028866145838983353
3,2021-05-31,1.242446341009804,True,0.00028018769323825835
3,2021-06-01,1.1986033449792102,True,0.001970150002092123
3,2021-06-02,0.9962494087022179,True,-0.005286119564622641
3,2021-06-03,2.291215008000089,True,0.0013237388633191587
3,2021-06-04,1.2716192291921902,True,0.005419563464075327
3,2021-06-07,1.4354725957124417,True,0.0029819673206657174
3,2021-06-08,1.3376363159442382,True,0.0036937939543742688
3,2021-06-09,1.050967556703462,True,2.7157911099493513e-06
3,2021-06-10,1.1584175635432081,True,0.01035681314021349
3,2021-06-11,0.5608918962266105,True,0.0035000072844326496
3,2021-06-14,0.12785566901785492,True,-0.009600867958366871
3,2021-06-15,0.08724508954442817,True,0.0003849029488861561
3,2021-06-16,0.3181564195512297,True,-0.000756181139498949
3,2021-06-17,0.3851073531301249,True,-0.0008935119861736894
3,2021-06-18,0.2579369885701852,True,-0.0029689507689327
3,2021-06-21,1.5496591132929445,True,-0.0014419369146227838
3,2021-06-22,0.992200954626668,True,-0.003644335079938173
3,2021-06-23,0.30039579863469884,True,-0.0017937017798423766
3,2021-06-24,0.28763566925373674,True,-0.00040130953094922006
3,2021-06-25,0.26719841941752837,True,0.008128597547113895
3,2021-06-28,0.2595231143021154,True,0.0018425998985767366
3,2021-06-29,0.1953042140903983,True,-0.00031327831055969
3,2021-06-30,0.15328654368877473,True,-0.0025069305252283813
3,2021-07-01,0.13139034775055633,True,0.001556666411086917
3,2021-07-02,0.2980664273357103,True,-0.0008043080572038889
3,2021-07-05,0.4633531117594748,True,-0.0037633374378085137
3,2021-07-06,0.5638445831814133,True,0.007119575202465057
3,2021-07-07,0.3907433180350452,True,-0.021413612630963325
3,2021-07-08,0.4159895937453476,True,-0.0013669998176395893
3,2021-07-09,0.6755263312857996,True,-0.0010868185056373478
3,2021-07-12,0.7833303895473909,True,0.006006881165504456
3,2021-07-13,0.7302365090569631,True,2.9764637537300602e-05
3,2021-07-14,0.46906653708165674,True,-0.001458379255607724
3,2021-07-15,0.418591086051825,True,0.008572248408198356
3,2021-07-16,0.3535266612768128,True,-0.0008295232539996505
3,2021-07-19,1.1436479677806508,True,-0.0055069863794371485
3,2021-07-20,0.6996100076048968,True,-0.00830319324284792
3,2021-07-21,0.8871496918166878,True,-0.000680203237850219
3,2021-07-22,1.0774682562877236,True,0.0051123608574271204
3,2021-07-23,0.13053950361531153,True,0.0024702568586915732
3,2021-07-26,1.3921995373771288,True,-0.008823230984807015
3,2021-07-27,0.6581476710718667,True,-0.003316010618582368
3,2021-07-28,0.8519665738463887,True,-0.00012419726713560518
3,2021-07-29,0.6905899080476743,True,0.0008222380776889622
3,2021-07-30,2.679016567092903,True,-0.014253112363815308
3,2021-08-02,2.192680963396075,True,0.0018094212144613266
3,2021-08-03,0.6899541146239437,True,-0.0037989555422216653
3,2021-08-04,0.24862597683267754,True,0.0022761047277599575
3,2021-08-05,0.18493661941930825,True,0.003919005430489779
3,2021-08-06,0.15404779597483886,True,-0.0003201854022219777
3,2021-08-09,0.09534252732234913,True,-0.014457400929927826
3,2021-08-10,0.21527384278346645,True,-0.002713007193058729
3,2021-08-11,0.5458727756104436,True,-0.00244202650077641
3,2021-08-12,0.5411908133543869,True,-0.005763347186893225
3,2021-08-13,0.9782871973029874,True,-0.0036758286595344543
3,2021-08-17,1.2073563125796098,True,-0.005153633934259415
3,2021-08-18,0.8909007955400591,True,0.0040521794356405735
3,2021-08-19,5.271548256478448,True,-0.025579033529758453
3,2021-08-20,1.8440721530034903,True,0.002149585101008415
3,2021-08-23,1.2174203858257666,True,-0.0017932902731001377
3,2021-08-24,2.2699706164496334,True,0.003590809254720807
3,2021-08-25,0.5227174978035445,True,-0.0013031604640185834
3,2021-08-26,1.0012700426061751,True,-0.0011323627799749375
3,2021-08-27,0.7887163161137727,True,0.002426752632111311
3,2021-08-30,0.7071678007617211,True,0.001984324637427926
3,2021-08-31,0.7865556199567314,True,0.012598964819312096
3,2021-09-01,0.3559432213713939,True,-0.0010284807152114808
3,2021-09-02,0.4882347290175645,True,-0.00015290477788075806
3,2021-09-03,0.3961917317793651,True,0.010040363478660583
3,2021-09-06,0.17629180466388392,True,0.004522016270458698
3,2021-09-07,0.02082422082535974,True,-0.0023262921765446662
3,2021-09-08,0.3958295055902554,True,0.0015737664483487606
3,2021-09-09,1.2237405294713113,True,-0.005316031119972467
3,2021-09-10,0.7323336263456575,True,0.001417292451672256
3,2021-09-13,0.4564814671105837,True,-0.004471416038274765
3,2021-09-14,0.39874778130567573,True,0.006343694619834423
3,2021-09-15,0.20648636653497496,True,-8.866203897632657e-05
3,2021-09-16,0.7374509625259077,True,-0.006330530999600887
3,2021-09-17,0.525266350852239,True,0.005805791632831097
3,2021-09-23,1.6572418455366118,True,-0.005082620847225189
3,2021-09-24,0.9487766948481697,True,0.0038491060957312586
3,2021-09-27,0.772403180818571,True,-0.0008227339114062488
3,2021-09-28,1.0808372874177157,True,0.003268826615065336
3,2021-09-29,5.047309718025229,True,-0.0015254967711865902
3,2021-09-30,3.286811112380539,True,0.0009060883481055498
3,2021-10-01,1.840227510852571,True,0.0047019955739378925
3,2021-10-05,3.4684362869974223,True,-0.006109959065914154
3,2021-10-06,2.9663899078359695,True,-0.005439269655942917
3,2021-10-07,2.620816944289217,True,0.0019717620253562928
3,2021-10-08,2.4434476715759543,True,0.0006272248851135374
3,2021-10-12,3.2971596845001794,True,-0.0012679706729948521
3,2021-10-13,2.716079052814831,True,0.0013901825518347322
3,2021-10-14,4.8268914267046386,True,0.003954010839760304
3,2021-10-15,1.11747160844142,True,0.004142185308784246
3,2021-10-18,1.494215703399824,True,-0.0076251525826752185
3,2021-10-19,1.1981992173223126,True,0.004566265100985766
3,2021-10-20,2.476658586972723,True,-0.000764840138470754
3,2021-10-21,1.3853535334850104,True,0.002975087857991457
3,2021-10-22,2.03134883098848,True,-0.006259760412573814
3,2021-10-25,1.1502469376488051,True,0.01383949462622404
3,2021-10-26,1.4029953642341606,True,-0.0014681310456246138
3,2021-10-27,1.4858753089740744,True,-0.0036514417339116334
3,2021-10-28,1.2289617543090283,True,0.003357065595313907
3,2021-10-29,1.7018210892342587,True,-0.002857546291872859
3,2021-11-01,1.9027822976964524,True,-0.004207539020478725
3,2021-11-02,1.2135761473263786,True,0.003983094841241836
3,2021-11-03,1.628774116041363,True,-0.0067504915431141855
3,2021-11-04,1.3365940160505372,True,-0.0007518843330442906
3,2021-11-05,1.4980601842618901,True,-0.004717851579934359
3,2021-11-08,3.9164827849084616,True,0.01223908630758524
3,2021-11-09,5.5908199242468966,True,0.0028195712223649024
3,2021-11-10,5.042881747490427,True,-0.0008123905547894537
3,2021-11-11,1.0982511227437857,True,-0.0028020172782242296
3,2021-11-12,1.2841244340503477,True,0.006562263699620962
3,2021-11-15,0.7121733895466552,True,0.01908346936404705
3,2021-11-16,0.7178120921811798,True,0.0015159292049705983
3,2021-11-17,1.116443683309027,True,-0.007761004936695099
3,2021-11-18,1.0738135356031009,True,-0.0026730209294706583
3,2021-11-19,0.9816779252982939,True,-0.0007399565658997745
3,2021-11-22,0.784866863200088,True,-0.002896724334359169
3,2021-11-23,1.0098253293299109,True,-0.010208752354979514
3,2021-11-24,0.8473185512950617,True,0.011275414596498013
3,2021-11-25,0.7825508853302918,True,-0.00235322977527976
3,2021-11-26,1.505749151846677,True,-0.021879180236160756
3,2021-11-29,7.640147677816913,True,-0.0022518849022686483
3,2021-11-30,3.6042541169456075,True,-0.0015164668213576077
3,2021-12-01,2.8632002326667783,True,0.000674928359221667
3,2021-12-02,2.651254349034361,True,-0.009218687014281749
3,2021-12-03,2.4272380643140643,True,0.008704958681762218
3,2021-12-06,2.644786965197011,True,0.0026408855348825453
3,2021-12-07,3.7593663380639146,True,-0.001116457713395357
3,2021-12-08,1.3711934646135895,True,0.0036881499327719213
3,2021-12-09,2.8673567751620443,True,0.000556397263891995
3,2021-12-10,2.0052711122695372,True,-0.008176938715577125
3,2021-12-13,1.4903711962505803,True,0.002898725499212742
3,2021-12-14,6.307317893463328,True,0.0006363299075514079
3,2021-12-15,1.6527504206792587,True,-0.009311329266428947
3,2021-12-16,1.0982511227437857,True,0.009070615375041962
3,2021-12-17,1.1211984365397183,True,0.0008200177332386375
3,2021-12-20,2.07475316490017,True,-0.00011141395939048379
3,2021-12-21,3.315547733534277,True,-0.0017517594397068023
3,2021-12-22,1.2673959466343412,True,-0.0010603532964363694
3,2021-12-23,1.518328909505212,True,0.0002133984919637442
3,2021-12-24,1.0698958906816411,True,-0.0031867860674858095
3,2021-12-27,2.3675327347888637,True,5.9466211870312706e-05
3,2021-12-28,1.4710886758565789,True,0.008493132780492305
3,2021-12-29,1.200155007456166,True,-0.0025032476495951412
3,2021-12-30,0.9113082711184491,True,-0.0037728401202708484
4,2022-01-04,0.5683435961668948,False,-0.002474954353272915
4,2022-01-05,0.7256771308758379,False,-0.016558277225494383
4,2022-01-06,2.2693401346460584,False,-0.010554369649291039
4,2022-01-07,1.5128125869801774,False,0.00802793823480606
4,2022-01-10,1.1437150317319666,False,0.00074056781437248
4,2022-01-11,0.42504081723871867,True,0.003427716081961989
4,2022-01-12,2.1335621856264386,True,0.012271769468486309
4,2022-01-13,0.11397438936839303,True,0.006271343077719212
4,2022-01-14,1.4261234333786965,True,-0.02293761377632618
4,2022-01-17,1.6569144983383413,True,-0.0039884469289332624
4,2022-01-18,0.22914260907428616,True,0.0014025341304019093
4,2022-01-19,3.005832676230053,True,0.000337571232393384
4,2022-01-20,10.588575034828366,True,0.006698486845940352
4,2022-01-21,11.693667420591321,True,-0.005807019551843404
4,2022-01-24,1.9808012842041187,True,-0.0014547617742791772
4,2022-01-25,2.1894593420185267,True,-0.0006615174343809486
4,2022-01-26,1.254116720525308,True,0.0005607725011184812
4,2022-01-27,1.7693921277326248,True,-0.009251333203911782
4,2022-01-28,1.5055544340635252,True,-0.0012293128319084644
4,2022-02-03,1.0034107509735124,True,0.0021413275737315416
4,2022-02-04,1.2022611013905702,True,0.007985184837877751
4,2022-02-07,0.7810755237573899,True,0.0020217457450926305
4,2022-02-08,0.7341862230689531,True,-0.002291035287082195
4,2022-02-09,1.3168497417541078,True,0.0018253799017518759
4,2022-02-10,0.7863137056550856,True,0.0015130177410319448
4,2022-02-11,1.8420975972810532,True,-0.004787516760081053
4,2022-02-15,1.9759548073249604,True,0.010924837723001837
4,2022-02-16,1.3292330429512964,True,-0.006018104296922683
4,2022-02-17,1.1040524089498822,True,0.0014392152616754174
4,2022-02-18,1.0199337486179236,True,0.00027484165746718644
4,2022-02-21,1.0301675798103096,True,-0.002377956686541438
4,2022-02-22,1.3241891665851648,True,0.0071674905329942706
4,2022-02-23,1.1521010494782176,True,-0.0019432173876091838
4,2022-02-24,1.6851900267446127,True,0.012234153860062361
4,2022-02-25,1.3976337618091426,True,0.006622006113827229
4,2022-02-28,1.1278703098045884,True,0.0006270236551761628
4,2022-03-02,1.1913420376724997,True,0.01926544214338064
4,2022-03-03,1.1884003877684604,True,-0.0026863003224134444
4,2022-03-04,1.2987482550250318,True,-0.00289421241953969
4,2022-03-07,1.7805531249269622,True,0.04123243556618691
4,2022-03-08,1.7735178117199408,True,0.0017664942245930433
4,2022-03-10,1.5072959366740728,True,-0.0033438958279788495
4,2022-03-11,1.1937637756628663,True,-0.004927574741840362
4,2022-03-14,1.1608193836835332,True,-0.003862903805822134
4,2022-03-15,1.3366472422135018,True,-0.00747339326441288
4,2022-03-16,1.2142930123376219,True,0.004539963664859533
4,2022-03-17,0.9934646837321957,True,0.002060975243523717
4,2022-03-18,0.8345635519606602,True,0.008861700361967087
4,2022-03-21,0.8530645815290208,True,-0.005651977169513702
4,2022-03-22,1.01348358287391,True,-0.007213660474866629
4,2022-03-23,1.3754450598026164,True,-0.006818006580322981
4,2022-03-24,0.464605154792999,True,0.004461233778297901
4,2022-03-25,0.46561505754231675,True,0.002100015814602375
4,2022-03-28,0.43643671338023654,True,-0.013694754049926997
4,2022-03-29,1.5763748769104406,True,-0.00017236762568354606
4,2022-03-30,0.18951924335438142,True,0.0029322988454252483
4,2022-03-31,4.183290157265126,True,-0.002363867128849961
4,2022-04-01,0.15179433136969328,True,-0.0002625948085915297
4,2022-04-04,0.9676688584097802,True,0.003454428915679455
4,2022-04-05,0.6457763251784624,True,0.012136842131614685
4,2022-04-06,1.1440003579344502,True,-0.005507523211091757
4,2022-04-07,3.5966609577817277,True,-0.008381135046482087
4,2022-04-08,2.9295918241763825,True,-0.0007782139785587788
4,2022-04-11,1.5665353310497903,True,-0.0025442906007170675
4,2022-04-12,0.2731184925698035,True,0.002242822116613388
4,2022-04-13,0.07009352972713993,True,0.012882251811027527
4,2022-04-14,0.2838761021283789,True,0.003983333046734333
4,2022-04-15,2.824120808160445,True,-0.009037826910614968
4,2022-04-18,0.3313790605273485,True,0.0014891348848119377
4,2022-04-19,0.16271978188104277,True,-0.0021701261539012195
4,2022-04-20,1.5573121773260892,True,-0.000707346897572279
4,2022-04-21,1.254987136943327,True,0.002624432905763388
4,2022-04-22,3.3546725169738294,True,-0.008336837220191956
4,2022-04-25,0.6404051488717899,True,-0.0017966899491846562
4,2022-04-26,1.060052775914284,True,-0.0008818304809741676
4,2022-04-27,1.6069754779163283,True,0.0002703221716918051
4,2022-04-28,1.154436276501134,True,0.009653398655354977
4,2022-04-29,2.023637133019433,True,0.0039003307446837427
4,2022-05-03,1.8351642991744606,True,-0.019222503393888472
4,2022-05-04,0.8284895967857475,True,-0.0024595909044146536
4,2022-05-06,1.2833364417291966,True,0.0031106685765087605
4,2022-05-10,1.0464693450328044,True,-0.002505378734320402
4,2022-05-11,0.8855490431664336,True,0.006854361529648304
4,2022-05-12,1.1930520396379856,True,0.005641526800394058
4,2022-05-13,2.1488920880869506,True,-0.0009480247944593429
4,2022-05-16,0.7688459045767009,True,-0.005450886603444814
4,2022-05-17,1.5995592997558397,True,0.013584667894244194
4,2022-05-18,1.9774569526721142,True,-0.003825156909972429
4,2022-05-19,3.5939361815214097,True,-0.0009463981457985938
4,2022-05-20,1.6543209590839563,True,0.024290135622024537
4,2022-05-23,0.6516794749558089,True,0.0009424495389685034
4,2022-05-24,1.295633643729479,True,-2.6647421531379224e-05
4,2022-05-25,0.8313882058961373,True,0.004094518034905195
4,2022-05-26,0.47695734762697817,True,-0.0022610471308231353
4,2022-05-27,1.8012211254942172,True,0.011436347615718842
4,2022-05-30,0.1697629865756229,True,0.00193793890401721
4,2022-05-31,2.1673473041422078,True,-0.006952545488625765
4,2022-06-02,1.3165407048340774,True,-0.017386961448192597
4,2022-06-03,2.124358752793657,True,0.005098689682781697
4,2022-06-07,0.22064232181899252,True,0.002605761721357703
4,2022-06-08,0.08079400058065572,True,0.003782873136177659
4,2022-06-09,0.19931923462808931,True,0.002615516795963049
4,2022-06-10,0.24757362528307608,True,-0.00306900983415544
4,2022-06-13,5.831003790236877,True,-0.011262653514742852
4,2022-06-14,1.0299115806341645,True,-0.004373037879168987
4,2022-06-15,1.1068830316572253,True,-0.010211825454235077
4,2022-06-16,1.0452734837093245,True,0.002036310474202037
4,2022-06-17,1.4365206130967034,True,0.0019468063481152059
4,2022-06-20,1.4014853102894504,True,-0.0029455165434628724
4,2022-06-21,1.345079745703091,True,0.011101964670419693
4,2022-06-22,1.4501818962793256,True,0.0011673799738287926
4,2022-06-23,1.3341890791347077,True,-0.0010392939910292625
4,2022-06-24,1.2227924345826615,True,0.0014081929814070463
4,2022-06-27,1.0373960975838492,True,0.011288179774582387
4,2022-06-28,0.9768131815386035,True,0.000584468724578619
4,2022-06-29,1.046881253843481,True,-0.001754445030540228
4,2022-06-30,1.169090989159445,True,-0.004769184698164463
4,2022-07-01,1.0573737435938542,True,-0.0019634225165471434
4,2022-07-04,1.0701715446688684,True,0.0016167629128322006
4,2022-07-05,1.033578992852688,True,0.004291447100415826
4,2022-07-06,1.3258873927024384,True,0.0031216894753277303
4,2022-07-07,1.0781074930866135,True,-0.0035269905474036934
4,2022-07-08,0.9562426189920155,True,-0.00245510186702013
4,2022-07-11,0.9685401641561981,True,-0.0012043386979028582
4,2022-07-12,0.9654403128101263,True,-0.0006534306820016354
4,2022-07-13,0.9617194317000954,True,0.001667903562169522
4,2022-07-14,0.9637186059058537,True,-8.785312427207826e-05
4,2022-07-15,0.9736741415194,True,0.0007656171690672636
4,2022-07-18,1.1473616931328077,True,0.0011947385689243673
4,2022-07-19,0.608176579433121,True,0.013994224686920643
4,2022-07-20,0.6542918116959836,True,-0.003098968716338277
4,2022-07-21,0.5786355978713661,True,-0.003918584504723549
4,2022-07-22,0.5799853277047267,True,-0.008444555974006653
4,2022-07-25,0.5462549478187687,True,-0.006718394304811954
4,2022-07-26,0.8480064127904086,True,0.0036695137664675714
4,2022-07-27,0.4030334963729799,True,0.0032210134424269198
4,2022-07-28,2.7202188830281027,True,-0.0021304467909038067
4,2022-07-29,0.1768132967904081,True,0.0031458244875073433
4,2022-08-01,0.23764706823826462,True,-0.002471948494017124
4,2022-08-02,3.3875721663408354,True,0.0041821559108793736
4,2022-08-03,2.0607292288611254,True,0.0016023775335401297
4,2022-08-04,0.16412781474702717,True,0.002289054976403713
4,2022-08-05,2.4811502755186146,True,0.0038569523468613624
4,2022-08-08,0.3711587467078393,True,-0.004650643886625767
4,2022-08-09,1.1391557726547068,True,0.006710274276137352
4,2022-08-10,1.2696530876606267,True,-0.01070890435874462
4,2022-08-11,2.0548324698201603,True,0.00726319427266717
4,2022-08-12,0.273494906066508,True,0.003324118714034557
4,2022-08-16,0.16357188418242835,True,-0.02104795785546303
4,2022-08-17,0.17874943724797784,True,-0.0019199552366510034
4,2022-08-18,0.2737429491982936,True,-0.003991389521956444
4,2022-08-19,0.11995860203543147,True,0.0029792843878269195
4,2022-08-22,1.2620170276178153,True,-0.007267832866311073
4,2022-08-23,3.128730758664605,True,-0.0026024912241846324
4,2022-08-24,1.2814539320580798,True,-0.00117500366717577
4,2022-08-25,2.5412678462052,True,0.004224816607683897
4,2022-08-26,0.05940556458511778,True,-0.004818183192610741
4,2022-08-29,0.308633289644495,True,-0.01085594781190157
4,2022-08-30,0.1318430560476373,True,0.008851715844869613
4,2022-08-31,0.5300545177639712,True,-0.004277038563042879
4,2022-09-01,0.376898300434317,True,-0.02240111055970192
4,2022-09-02,0.4422743632569492,True,-0.006333379603177309
4,2022-09-05,0.5524918258659471,True,0.004049151349067688
4,2022-09-06,1.1997226142288477,True,0.0007066218172200024
4,2022-09-07,2.6561122151619245,True,-0.005131323481351137
4,2022-09-08,1.0207962631218468,True,0.008848755714669823
4,2022-09-13,0.030928128107920165,True,0.020795448285341262
4,2022-09-14,0.3100545697029776,True,-0.003479805201664567
4,2022-09-15,1.2927380826939716,True,-0.008012013196945191
4,2022-09-16,2.107242825667849,True,-0.009647403700649738
4,2022-09-19,0.8373109611723054,True,-7.390402760356664e-05
4,2022-09-20,0.6555998449933655,True,0.005423337092250586
4,2022-09-21,1.651716077641718,True,-0.002965953002125025
4,2022-09-22,0.626511944016655,True,-0.005834083864092827
4,2022-09-23,0.5578175406174264,True,-0.005428210600465536
4,2022-09-26,2.152622127159643,True,-0.014699458423256874
4,2022-09-27,1.0220462067365523,True,0.0029119238479528575
4,2022-09-28,1.6424383255455264,True,-0.004967684656381607
4,2022-09-29,1.3546731485687935,True,0.013213652653992176
4,2022-09-30,1.5340434274761494,True,0.006514227277040482
4,2022-10-04,1.3420049639918636,True,0.013802138721104711
4,2022-10-05,1.1359227419508158,True,0.002998895773291588
4,2022-10-06,1.043199395616694,True,-0.001406210602633655
4,2022-10-07,1.0619057009449537,True,-0.004823308077454567
4,2022-10-11,1.4065748954036796,True,-0.016530615647137165
4,2022-10-12,1.2100730878486152,True,0.0036582525136880577
4,2022-10-13,1.632925949808569,True,-0.0028833032850176096
4,2022-10-14,1.4046893418303166,True,0.014258835858106613
4,2022-10-17,1.1222709680972058,True,-0.007591742802411318
4,2022-10-18,1.0775374916533667,True,0.013192492887377739
4,2022-10-19,0.9526399901993609,True,0.0004987362649291754
4,2022-10-20,1.0960584767893133,True,-0.00402133632004261
4,2022-10-21,1.0543271044572433,True,-0.004229146263748407
4,2022-10-24,1.1617599005095294,True,0.013103574611246586
4,2022-10-25,1.105452993523152,True,0.0022581751632504165
4,2022-10-26,1.0293446212434962,True,0.003376329618692398
4,2022-10-27,0.9889690444813434,True,0.0032362043015658854
4,2022-10-28,0.9058773508065854,True,0.003343078374490142
4,2022-10-31,0.860640628018169,True,-0.004596524623036385
4,2022-11-01,0.8363034257853573,True,0.004296959555149078
4,2022-11-02,0.6512134951045023,True,0.0023906039666384458
4,2022-11-03,0.6623555205725717,True,-0.005414889527857304
4,2022-11-04,0.6717538750051233,True,0.003948002295196057
4,2022-11-07,0.6086294428414214,True,0.013541812032461166
4,2022-11-08,0.8828183469975593,True,0.00017166234590113163
4,2022-11-09,0.5093168347639148,True,0.0030575686899013818
4,2022-11-10,1.05248203347309,True,-0.00022936769027728587
4,2022-11-11,1.1267842585138454,True,0.017307889304310084
4,2022-11-14,0.6108995227877515,True,-0.0007322011031210422
4,2022-11-15,0.8615988376336985,True,0.006260516211390495
4,2022-11-16,0.5297807433097026,True,-0.0010514089811593293
4,2022-11-17,0.5370448407710667,True,-0.004248956263810396
4,2022-11-18,0.5367204095631551,True,-0.0005211369016207755
4,2022-11-21,0.47299782096265913,True,-0.0038851934660226106
4,2022-11-22,1.1084685218882278,True,0.0035621122375130653
4,2022-11-23,0.19517185475390303,True,0.00023601207355968657
4,2022-11-24,5.742276747815025,True,0.009388703011721372
4,2022-11-25,0.2596136700637897,True,0.00023022770509123803
4,2022-11-28,0.2234752550085778,True,-0.0151915257781744
4,2022-11-29,0.1725823040590854,True,0.0016018686948344111
4,2022-11-30,0.2772864660721729,True,0.010519950520992279
4,2022-12-01,1.6744730757241677,True,0.00950940040498972
4,2022-12-02,0.27595831292130224,True,-0.016420397457480432
4,2022-12-05,0.20365631067605958,True,-0.0003769974816124886
4,2022-12-06,0.2333943457288335,True,-0.0011339209923520684
4,2022-12-07,1.6545496115839295,True,-0.009573598816990853
4,2022-12-08,0.44422956423233445,True,0.002770118997618556
4,2022-12-09,0.1458512790955818,True,0.015596797001361847
4,2022-12-12,0.2802185206613978,True,-0.0009718216526322066
4,2022-12-13,1.4829387500792013,True,0.00353758436255157
4,2022-12-14,0.10403516686520219,True,0.007742737862467766
4,2022-12-15,1.1441122105086867,True,-0.0038050794795155525
4,2022-12-16,0.6155472863150447,True,-0.0034932368040084837
4,2022-12-19,1.8715493043550997,True,0.0011204861594364048
4,2022-12-20,8.537180125470153,True,-0.003984874078631401
4,2022-12-21,8.370537214971433,True,0.006028955705463886
4,2022-12-22,2.6711935824207416,True,0.0034165560018271208
4,2022-12-23,1.8823241966485,True,-0.005454897973686456
4,2022-12-26,0.18965090906225807,True,0.0052129987925291065
4,2022-12-27,1.0543285154334403,True,0.002868955507874489
4,2022-12-28,1.4033596618072501,True,-0.002425176286138594
4,2022-12-29,0.26318138020159726,True,-0.02140871352851391
5,2023-01-02,1.3853469442081858,False,0.0037423362858593464
5,2023-01-03,0.2758152647247646,False,0.006754038164019585
5,2023-01-04,3.1642585477458245,False,0.00211951665841043
5,2023-01-05,0.028095365064562425,False,-0.01349247070401907
5,2023-01-06,1.1087647585788694,False,-0.003590630316734314
5,2023-01-09,0.11202478113976488,True,0.0097549801081419
5,2023-01-10,1.4281064946522823,True,-0.0030662172764539717
5,2023-01-11,0.04462386524830416,True,0.010536454509198667
5,2023-01-12,0.09297080352134807,True,-0.003155777198448777
5,2023-01-13,0.06716936129419293,True,0.004491490112245083
5,2023-01-16,0.6194679860804698,True,0.00019137775897979737
5,2023-01-17,0.11901536607964781,True,-0.0016398514945060014
5,2023-01-18,0.1381665376222344,True,0.0007022852485068143
5,2023-01-19,0.19381484743339952,True,-0.006325112030655146
5,2023-01-20,0.16918806741177225,True,0.012670551604032517
5,2023-01-25,0.12932548480762213,True,0.013048147985339164
5,2023-01-26,0.4680251479800436,True,0.015061631022393704
5,2023-01-27,0.5105843391346312,True,0.0008468696782365442
5,2023-01-30,1.1854569730826807,True,-0.019004548713564873
5,2023-01-31,1.7978084834130335,True,-0.014268918794393539
5,2023-02-01,1.1914482538975355,True,0.01704455418884754
5,2023-02-02,1.3306499680961275,True,0.006636359623074532
5,2023-02-03,0.1571650524670984,True,0.0004589906143024564
5,2023-02-06,1.5375577740436923,True,-0.009569037315249444
5,2023-02-07,0.8183378460792557,True,0.0046756806217134
5,2023-02-08,0.6377323462624352,True,-0.00015931185814552006
5,2023-02-09,4.946056329200169,True,-0.0020210422411561014
5,2023-02-10,4.798641848194717,True,-0.01716791519522667
5,2023-02-13,0.07805611583553722,True,-0.0022357073467224836
5,2023-02-14,1.4703994341408901,True,0.0025347833838313817
5,2023-02-15,1.928641812566247,True,-0.005159174665808678
5,2023-02-16,0.026893724360385323,True,-0.0017624607416801155
5,2023-02-17,0.07805611583553722,True,-0.00890677128881216
5,2023-02-20,1.8535837328350704,True,0.007687998461723328
5,2023-02-21,0.6200842822137016,True,-0.0005976385304704309
5,2023-02-22,1.0647096588294485,True,-0.0012331031061708928
5,2023-02-23,0.8839245208448987,True,0.010207931444048881
5,2023-02-24,0.4186622634118561,True,0.0019008827105164528
5,2023-02-27,1.0061819101559144,True,-0.006019174795597792
5,2023-02-28,1.7972865111750975,True,-0.004471000548824668
5,2023-03-02,0.9974491868670222,True,-0.003989680551737547
5,2023-03-03,0.013577040125686649,True,0.003279282349720597
5,2023-03-06,1.8837321436364824,True,0.003689978002011776
5,2023-03-07,0.47297232252388094,True,0.0058903146952390675
5,2023-03-08,0.5628117502234835,True,-0.013236893762648106
5,2023-03-09,1.188859224978049,True,0.0008461644891649485
5,2023-03-10,2.337951055210739,True,0.0077451401889324185
5,2023-03-13,0.07400148309566063,True,0.017843717300891876
5,2023-03-14,5.071977582458118,True,0.011002583029866219
5,2023-03-15,2.681567870917983,True,-0.005387387967854739
5,2023-03-16,1.8155486428012597,True,0.003914444909244775
5,2023-03-17,3.7574161869680234,True,0.0015482252407819032
5,2023-03-20,4.280245226073836,True,0.011885804650187492
5,2023-03-21,1.0802703151545652,True,0.00031618895255960527
5,2023-03-22,3.0626887446112527,True,0.006289737041294575
5,2023-03-23,0.04331537334773486,True,0.007807352578639984
5,2023-03-24,6.079363858893708,True,-0.0021514370024204254
5,2023-03-27,6.10636122297623,True,-0.00497210421860218
5,2023-03-28,8.14024732267397,True,0.014284191264212131
5,2023-03-29,0.8570804387618646,True,0.008310729697346687
5,2023-03-30,0.48614440148091875,True,-0.0018429329432547092
5,2023-03-31,0.3033118168165206,True,0.0018374161783605814
5,2023-04-03,0.36554814929078916,True,0.018433679953217506
5,2023-04-04,0.6072466744040371,True,0.006405616778880358
5,2023-04-05,0.3351743438809363,True,0.004384144296497107
5,2023-04-06,0.4866707867581651,True,-0.006153793009370565
5,2023-04-07,0.5155649754726674,True,0.015468725264072418
5,2023-04-10,0.3996476391100814,True,-0.004131408164650202
5,2023-04-11,0.2903211222185425,True,0.008983742038905621
5,2023-04-12,0.3100769963838684,True,-0.007769411303848028
5,2023-04-13,0.37726523428644354,True,0.001899659461900592
5,2023-04-14,0.3156691062720974,True,0.007652768456935882
5,2023-04-17,0.30580323714206287,True,-0.0022642517168074846
5,2023-04-18,0.40672488392174555,True,-0.005264601483941078
5,2023-04-19,0.4291579665866541,True,0.004333402609080076
5,2023-04-20,0.4356944988931001,True,-0.010822004958987236
5,2023-04-21,0.4187469010139362,True,-0.00853450182825327
5,2023-04-24,0.4137064858753214,True,-0.010258178578317165
5,2023-04-25,0.379828513874988,True,-0.003893508156388998
5,2023-04-26,0.35846111136413517,True,-0.001519503166154027
5,2023-04-27,0.408734424171656,True,-0.00021653276011347766
5,2023-04-28,0.47428346296113555,True,0.0002856018317863345
5,2023-05-02,0.4975076558388976,True,0.0005545516290701926
5,2023-05-03,0.6222628123113828,True,0.009764495489001273
5,2023-05-04,0.3547509947368916,True,-0.007089024037122726
5,2023-05-08,0.45872498984365073,True,-0.005868732902407646
5,2023-05-09,0.5210120462420011,True,0.0006503070225007832
5,2023-05-10,0.45517118340680457,True,0.0013044566255062818
5,2023-05-11,0.5218652821733358,True,0.0004838587170466781
5,2023-05-12,0.5433484563917366,True,-0.028299578362703325
5,2023-05-15,0.5319977296246695,True,-0.0016359745934605599
5,2023-05-16,0.5671840307742673,True,0.00352809489145875
5,2023-05-17,0.5701508754846527,True,-0.0034772972270846365
5,2023-05-19,0.5640324908370077,True,0.0009536065544933081
5,2023-05-22,0.5234961663020073,True,0.000774790550582111
5,2023-05-23,0.4369700189062671,True,0.008187724050879478
5,2023-05-25,0.4758168005484757,True,-0.012563845206424593
5,2023-05-26,0.37693104331203253,True,-0.009943934486806392
5,2023-05-30,0.4064064728497426,True,0.00011256556566804648
5,2023-05-31,0.3943237068477054,True,-0.00019148994954302907
5,2023-06-01,0.5155995826287894,True,0.0012354961371049285
5,2023-06-02,0.5416735471214746,True,0.017449186170101164
5,2023-06-05,0.49721086026069444,True,-0.008744220674037934
5,2023-06-07,0.5676056700288091,True,0.010709199085831643
5,2023-06-08,0.5906936920714067,True,-0.00694977899864316
5,2023-06-09,0.628110255663993,True,0.014903717647492886
5,2023-06-12,0.5926199168465162,True,-0.006309028086066246
5,2023-06-13,0.5552164777581678,True,-0.008159063191711903
5,2023-06-14,0.5718005720668824,True,-0.018588389551639557
5,2023-06-15,0.6178461084800168,True,0.00550611195191741
5,2023-06-16,0.6245428577821657,True,0.005682232514023781
5,2023-06-19,0.6006396254707281,True,0.002331507405638695
5,2023-06-20,0.6500933398774895,True,-0.007556552977114916
5,2023-06-21,0.6083925011257669,True,-0.013344361066818237
5,2023-06-22,0.6095402020845033,True,-0.00029850852973759175
5,2023-06-23,0.6395583467992494,True,-0.017477457424998285
5,2023-06-26,0.603997691127052,True,0.009379907131195069
5,2023-06-27,0.6254820481573037,True,-0.01417966858446598
5,2023-06-28,0.6278314950397665,True,-0.009634825874865055
5,2023-06-29,0.6532631197920366,True,-0.004474329751729966
5,2023-06-30,0.7070570754064595,True,-0.0052901098020374775
5,2023-07-07,0.9762615632121057,True,0.0009089441837742925
5,2023-07-10,0.41901080050491635,True,-0.000567649152688682
5,2023-07-14,0.907951785136422,True,0.06360554847121239
5,2023-07-17,0.6124593217365769,True,9.486186066642405e-05
5,2023-07-19,0.6623664360562278,True,-0.0005870174204930663
5,2023-07-20,0.6238527426558542,True,-0.0035814343590289356
5,2023-07-21,0.5960592798332526,True,0.009276198729872703
5,2023-07-24,0.6011879899882869,True,-0.005350712084770203
5,2023-07-26,0.4844685497958895,True,-0.0005185138642787932
5,2023-07-28,0.5187901383041923,True,-0.00418079362437129
5,2023-08-03,1.1709857501275234,False,-0.006873676020931452
5,2023-08-04,0.39354525322945355,False,0.0031388180401176213
5,2023-08-07,0.30295596195071134,False,-6.0933794267475596e-05
5,2023-08-08,0.3880935560739058,False,0.0008840251419693231
5,2023-08-09,0.8814388266950081,False,0.0010084628839045764
5,2023-08-10,0.507906328732887,False,0.0005381715510040521
5,2023-08-11,0.6287268471176071,False,-0.0016254089470952749
5,2023-08-14,0.5833737364731163,False,-0.00337775811329484
5,2023-08-16,0.6805287778622285,False,-0.010393114367127419
5,2023-08-17,0.4259941714418192,False,-0.006874531153589487
5,2023-08-18,0.46823605183470207,False,0.005039074221253395
5,2023-08-21,0.22546522000951782,False,0.005950786433368921
5,2023-08-22,0.6529283379680673,False,-0.005820634403079748
5,2023-08-23,0.4366323648086913,False,0.007231967405229807
5,2023-08-24,0.7495316806883734,False,0.005421253301948309
5,2023-08-25,0.6294557378801958,False,-0.010860621269047261
5,2023-08-28,0.601488939553742,False,0.0011246706331148745
5,2023-08-29,0.650993084102361,False,0.0018521836582571268
5,2023-08-30,0.6564898923779335,False,0.00818081726282835
5,2023-08-31,0.6778430067538679,False,-0.0004797715853899717
5,2023-09-01,0.7103951083508988,False,0.008346108874678612
5,2023-09-04,0.7111387370414765,False,-0.0015079472022131086
5,2023-09-05,0.720925069550808,False,0.00086473185159266
5,2023-09-06,0.7154945481946873,False,-0.0022909023873507977
5,2023-09-07,0.6891586975853771,False,-0.010546973852813243
5,2023-09-08,0.7296138481590463,False,0.007530287480354309
5,2023-09-11,0.7208250319919183,False,-0.003429146043583751
5,2023-09-12,0.7234530812590134,False,-0.00451962023973465
5,2023-09-13,0.6962952315562704,False,-0.007117142106592655
5,2023-09-14,0.8014389664162557,False,-0.002542009402811527
5,2023-09-15,0.8197806386102241,False,0.014525303587317467
5,2023-09-18,0.762966432540251,False,-0.0016572974974289536
5,2023-09-19,0.6494594949163597,False,-0.0012001943250186742
5,2023-09-20,0.6380708993685277,False,-0.003153022338077426
5,2023-09-21,0.6484365971603377,False,-0.012994704541563987
5,2023-09-22,0.492703429437338,False,0.0036616437651216982
5,2023-09-25,0.49107797909747364,False,0.0003425256730988622
5,2023-09-26,0.5329945012345787,False,-0.008894011013209819
5,2023-09-27,0.4176475955139124,False,-0.0028077599853277204
5,2023-10-04,0.059209456651341474,False,-0.02227691260576248
5,2023-10-05,0.04716218649251468,False,0.00010104533657431604
5,2023-10-06,0.16973008190965935,False,-0.005596600857377052
5,2023-10-10,0.6485977451083634,False,0.007551824990659952
5,2023-10-11,2.022182190442157,False,0.0002735870668664575
5,2023-10-12,1.1688368268353222,False,0.005158384084701538
5,2023-10-13,0.3296689288893235,False,-0.003224613244831562
5,2023-10-16,1.525365057909578,False,-0.0039009627252817153
5,2023-10-17,1.289006580400165,False,-0.0006195220082066953
5,2023-10-18,0.28464617279896615,False,-0.001894575122743845
5,2023-10-19,0.07805611583553722,False,-0.0017802725629881024
5,2023-10-20,3.4810528574504622,False,0.0009245092049241066
5,2023-10-23,0.29930960337145185,False,0.005450778869539499
5,2023-10-24,1.330197897308993,False,0.003150578333437443
5,2023-10-25,0.7310228841729894,False,0.002685015991702676
5,2023-10-26,3.2385966494867504,False,-0.0025605100855231287
5,2023-10-27,0.9052911261707367,False,0.0037480608388781545
5,2023-10-30,0.3239339841508678,False,0.00022576913852244616
5,2023-10-31,0.3397540366443791,False,-0.0006952602107077837
5,2023-11-01,1.6519393913779419,False,0.007351926349103451
5,2023-11-02,0.02801313255950629,False,0.024253482067584993
5,2023-11-03,1.7950824628301323,False,0.0014227183962240814
5,2023-11-06,0.13522399893569997,False,0.0019124045588076114
5,2023-11-07,1.9076645354367008,False,-0.012914409199357033
5,2023-11-08,0.020078051789519016,False,-0.002652554386481643
5,2023-11-09,1.8632674031546588,False,-0.0012200056206434966
5,2023-11-10,0.5692683133449842,False,-0.0038029758375138045
5,2023-11-13,1.9594250004704825,False,-0.010773237857222557
5,2023-11-14,1.3720391609511826,False,0.002382792112603784
5,2023-11-15,0.29503667841109427,False,0.009842937766760587
5,2023-11-16,0.5612836914057369,False,0.0025604557752609254
5,2023-11-17,0.6789700089597283,False,-0.00030509251835756
5,2023-11-20,0.2348044704741515,False,0.001544314713217318
5,2023-11-21,0.6356020556111015,False,0.0028863843396306037
5,2023-11-22,0.37238820050626265,False,-0.0003657658159732819
5,2023-11-23,0.6650153102261468,False,0.0005716407118365168
5,2023-11-24,0.3643813993108143,False,-0.005107532954216004
5,2023-11-27,0.35827229597021265,False,0.0042392243586480615
5,2023-11-28,0.33859775537956605,False,0.008926609805226325
5,2023-11-29,0.6271170366969737,False,0.002172330667823553
5,2023-11-30,0.4458556205106088,False,0.00814182803928852
5,2023-12-01,0.436277687318642,False,-0.00424478928744793
5,2023-12-04,0.425864973783713,False,-0.00392276104837656
5,2023-12-05,0.41398690770891483,False,-0.0038374512754380703
5,2023-12-06,0.45326261461785305,False,0.004802260812371969
5,2023-12-07,2.1029080157500766,False,-0.002688426911085844
5,2023-12-08,2.0047887415145147,False,0.005500639625638723
5,2023-12-11,0.4319044197009496,False,0.005255466611683368
5,2023-12-12,0.44718103129572784,False,-0.0004482824061065912
5,2023-12-13,0.4678931945272962,False,-0.0024534736931324007
5,2023-12-14,0.49634000443177007,False,0.016760413580480964
5,2023-12-15,0.50945589510659,False,0.009011947359144687
5,2023-12-18,0.4905360303143554,False,0.0030160309750586747
5,2023-12-19,0.5592793107772905,False,0.003418877974152565
5,2023-12-20,0.6313392255336207,False,0.006519325587153435
5,2023-12-21,0.38930221581624924,False,0.0012099313689395786
5,2023-12-22,0.372298941759652,False,0.00030250933156348767
5,2023-12-26,1.0738336316072594,False,-0.0040821793600916865
5,2023-12-27,0.4012521936120835,False,-0.0008466952305287122
5,2023-12-28,3.6870386836495066,False,0.006552561667561531
6,2024-01-02,0.0959752609531309,False,-0.010056943218410015
6,2024-01-03,1.1826296147871123,False,-0.0026018524773418904
6,2024-01-04,0.5287676686656319,False,-0.003953511055186391
6,2024-01-05,0.21188495888781997,False,-0.0030279900468885897
6,2024-01-08,0.3023412475767529,False,-0.011958134999871254
6,2024-01-09,1.4873685868531572,False,0.004505781632661819
6,2024-01-10,1.188478347252558,False,-0.004428985776007175
6,2024-01-11,0.6282954301323584,False,0.002370009183883667
6,2024-01-12,0.650339188740893,False,-0.0061718087755143645
6,2024-01-15,0.36598062995062597,False,-0.0009579594403505325
6,2024-01-16,0.6333008855166754,False,-0.0037188780393451453
6,2024-01-17,0.022147741713322972,False,-0.007799453690648079
6,2024-01-19,0.23492854071367072,False,-0.0009399371637031436
6,2024-01-22,0.18167920213250605,False,0.007875486212968826
6,2024-01-23,0.27096858419058156,False,0.0002335438055917621
6,2024-01-24,0.7175509580777207,False,-0.0015543167985975742
6,2024-01-25,0.4019370318219718,False,0.0013356707155704499
6,2024-01-26,0.3409634659946393,False,0.003608315394073725
6,2024-01-29,0.6380596563078347,False,0.0016849495070055127
6,2024-01-30,0.4274802594012218,False,0.0034332662392407656
6,2024-01-31,0.3505436033883513,False,-1.2700991891324518e-05
6,2024-02-01,0.47444806819237667,False,0.0011815113957971335
6,2024-02-02,2.8051643037283727,False,0.004173823016881943
6,2024-02-05,0.17449613327125835,False,-0.013538037200272083
6,2024-02-06,0.24213360516612695,False,-0.0008605312209576368
6,2024-02-07,0.27468488843824707,False,0.0010729536658152937
6,2024-02-08,1.1163015597012744,False,-0.0033082006849348543
6,2024-02-13,0.1802422731847394,False,-0.000457615103572607
6,2024-02-14,0.18599089265140806,False,-0.014840071453154087
6,2024-02-15,5.395328251592176,False,0.0011580457247793675
6,2024-02-16,1.6613734123695096,False,0.0021705676935613156
6,2024-02-19,0.1802422731847394,False,0.0037423528544604776
6,2024-02-20,1.7006271482026456,False,-0.0009521051373332738
6,2024-02-21,2.434744923665805,False,-8.69512162171304e-06
6,2024-02-22,1.2357278821194164,False,-0.00010021711289882659
6,2024-02-23,0.4997623897806031,False,0.0015755048334598542
6,2024-02-26,0.19174176869904877,False,0.004038028220832348
6,2024-02-27,4.436170714249244,False,-0.00034033836778253314
6,2024-02-28,0.6115093472311014,False,-0.0028746072359383105
6,2024-02-29,0.36539407725698936,False,-0.0008280539159663022
6,2024-03-04,1.004600634130044,False,0.011027582278847694
6,2024-03-05,0.49878711534794373,False,0.006073509693145752
6,2024-03-06,0.3826265810454814,False,0.0040427805721759795
6,2024-03-07,0.29116436319714084,False,-0.003210137901455164
6,2024-03-08,0.29116436319714084,False,0.0064776194572448735
6,2024-03-11,0.17593242005691723,False,0.002960168191790581
6,2024-03-12,0.21188495888781997,False,0.003118765366822481
6,2024-03-13,2.6737109393426737,False,-0.0022878021620213987
6,2024-03-14,0.6381797570481544,False,0.010877391639351844
6,2024-03-15,0.52595190887945,False,0.001549482461065054
6,2024-03-18,0.5546028909858662,False,0.004332501887530088
6,2024-03-19,0.6096105689479243,False,-0.0034684579085558654
6,2024-03-20,0.3960046072582952,False,0.00021090071331709623
6,2024-03-21,1.3454464476085732,False,0.009697583022341132
6,2024-03-22,0.9997148161976326,False,0.0015419057523831726
6,2024-03-25,0.5480662868903788,False,-0.001205541693698615
6,2024-03-26,0.27775220102553805,False,-0.0003926744335331023
6,2024-03-27,0.5022623556970461,False,0.0005532969307154417
6,2024-03-28,0.5244237653693345,False,0.002748760597407818
6,2024-03-29,0.3521089506107205,False,0.0009075574694201351
6,2024-04-01,0.5575561431592733,False,0.002566480190679431
6,2024-04-02,0.31449652570918496,False,-0.0003853508586063981
6,2024-04-03,1.4379378064115627,False,0.01808740077316761
6,2024-04-04,1.2367155631627031,False,0.007352638503164053
6,2024-04-05,0.1658821429814763,False,-0.013206584870815278
6,2024-04-08,0.41381799198189295,False,0.018262448611855508
6,2024-04-09,0.8251788096938294,False,-0.0019377187825739383
6,2024-04-11,1.34698809166944,False,-0.002482334528118372
6,2024-04-12,0.24213360516612695,False,0.00818531991392374
6,2024-04-15,0.11867511114194745,False,-0.003379838378727436
6,2024-04-16,2.195573444431059,False,0.006602333559095859
6,2024-04-17,0.11437418227263607,False,-0.010989002586901189
6,2024-04-18,0.5584004693495332,False,0.007038693197071552
6,2024-04-19,1.2565723804314206,False,-0.0007646138455718756
6,2024-04-22,0.9131998392828327,False,-0.0006398661136627196
6,2024-04-23,1.0242779748990598,False,-0.00726317425891757
6,2024-04-24,5.117041012558978,False,0.0019975710812956096
6,2024-04-25,4.885821835120365,False,-0.0035127489518374205
6,2024-04-26,1.430278228145819,False,0.003382121492922306
6,2024-04-29,1.3195740595937826,False,-0.005250027611851693
6,2024-04-30,0.1826280967368061,False,-0.00489157771319151
6,2024-05-02,0.20037189436923813,False,0.0002071619024500251
6,2024-05-03,2.3059222965777937,False,-0.0010929245486855507
6,2024-05-07,0.7918134214722066,False,0.008449087312817573
6,2024-05-08,1.100859395493048,False,-0.0006646743612363934
6,2024-05-09,0.4032094791470824,False,0.00334244185090065
6,2024-05-10,0.46492114715021093,False,-0.003928655042126775
6,2024-05-13,0.5039409541354689,False,-0.0016283161982893943
6,2024-05-14,0.4022092506948477,False,-0.0016719830816611647
6,2024-05-16,0.8497403200643652,False,0.025850943297147752
6,2024-05-17,0.47458578426323894,False,-0.0021774270199239254
6,2024-05-20,0.4787902601734789,False,0.001090895533747971
6,2024-05-21,0.49677631687211954,False,-0.00787302367091179
6,2024-05-22,0.5202268799910803,False,0.0017644622996449472
6,2024-05-23,0.6508978370768347,False,-0.007846399047970772
6,2024-05-24,0.5699927525354387,False,-0.010642004953324794
6,2024-05-27,0.5967668432560972,False,0.004099192173033952
6,2024-05-28,0.6092808673656182,False,0.005657111226022244
6,2024-05-29,0.6334524787481298,False,-0.01363241944462061
6,2024-05-30,1.1330319400855897,False,-0.0028395439125597477
6,2024-05-31,0.36356182628106437,False,-0.0022291618889197706
6,2024-06-03,0.4512668896042522,False,0.005685675506293774
6,2024-06-04,0.3812991910829732,False,0.006756231186538935
6,2024-06-05,0.39730420773419534,False,-0.00888021867275238
6,2024-06-07,0.3929854662433858,False,0.009944814085960388
6,2024-06-10,0.8415921266461183,False,-0.013401067045331002
6,2024-06-11,0.30370600988850344,False,0.0014391044989228248
6,2024-06-12,0.6072852462213035,False,0.006678891634196043
6,2024-06-13,1.4486528750914718,False,0.005111892956495285
6,2024-06-14,0.6339954931455055,False,0.0012892569120973349
6,2024-06-17,0.7664167491236179,False,0.002276446181535721
6,2024-06-18,0.5655566460266108,False,0.0010220367718487978
6,2024-06-19,0.42378637441513994,False,0.002783944818750024
6,2024-06-20,0.46101856886106546,False,0.003505872017517686
6,2024-06-21,0.39719987299300846,False,0.0032665125217288733
6,2024-06-24,0.7325991448694085,False,-0.005543469348549843
6,2024-06-25,0.3329412166023156,False,0.0029209607642143964
6,2024-06-26,0.48036278271479915,False,0.006390589410811663
6,2024-06-27,0.4291086136199097,False,-0.003076770606637001
6,2024-06-28,0.6246508092162456,False,0.006531180106848478
6,2024-07-01,0.46496672760951,False,-0.0018469738146290183
6,2024-07-02,0.5022443343288016,False,0.0016996919576078653
6,2024-07-03,0.5762896705218233,False,0.0009824272053316236
6,2024-07-04,0.7617574999462096,False,0.004128698280453682
6,2024-07-05,0.5431787404072785,False,0.012340850779414178
6,2024-07-08,0.37713104567792766,False,0.0007639750232920051
6,2024-07-09,0.7040068257789761,False,0.004057366785407066
6,2024-07-10,0.4856038586470171,False,0.00019946177448146047
6,2024-07-11,0.45655664839179744,False,0.00023237159932032228
6,2024-07-12,0.5087416414221817,False,0.00529729428961873
6,2024-07-15,0.40603453315003457,False,0.0010410681694746017
6,2024-07-16,0.43675954660279454,False,0.00528287713304162
6,2024-07-17,0.444285462320622,False,-0.008186512511968613
6,2024-07-18,0.47826445973864773,False,-0.005274303334951401
6,2024-07-19,0.854887540397318,False,-0.00835508504807949
6,2024-07-22,0.12722887780506614,False,-0.00012530878875404596
6,2024-07-23,0.2594320310296956,False,-0.001493649190850556
6,2024-07-24,0.2939876382812273,False,0.005818443597853184
6,2024-07-25,0.0735530913010558,False,-0.0076986313305795195
6,2024-07-26,0.18599089265140806,False,-0.00020840714341029525
6,2024-07-29,6.7602257356206525,False,0.00872451025545597
6,2024-07-30,1.3225441001898552,False,-0.009742098166048527
6,2024-07-31,1.2949519743722862,False,-0.00303761826492846
6,2024-08-01,0.9545429262495253,False,0.0008041633282788098
6,2024-08-02,0.36400922446763523,False,0.0021896205205470323
6,2024-08-05,4.874243417408289,False,-0.0005589095372706651
6,2024-08-06,3.4530311251908103,False,-0.007371500112581998
6,2024-08-07,1.954080862192378,False,-0.0013399985746480525
6,2024-08-08,1.4248202327725046,False,0.00015608560803811997
6,2024-08-09,1.1354321551618867,False,0.0020472052119672297
6,2024-08-12,0.8804061424761944,False,0.004318274444341659
6,2024-08-13,0.6791908332158688,False,0.003286929880082607
6,2024-08-14,0.6586882687700442,False,0.0012852795334532857
6,2024-08-16,1.2008485624971028,False,0.0026832089461386204
6,2024-08-19,1.6207625473882492,False,0.018018759110569955
6,2024-08-20,0.8942338006500727,False,-0.0010392470451071859
6,2024-08-21,0.2820733028807771,False,0.002491621534153819
6,2024-08-22,0.27698943088780953,False,-0.00045205624918453395
6,2024-08-23,0.29397385229120826,False,-0.005073885527253151
6,2024-08-26,0.3054697091112938,False,0.0035379068437963726
6,2024-08-28,1.1848458518383083,False,-0.004191710311919451
6,2024-08-29,0.39042630123009997,False,-0.0003112058057449758
6,2024-08-30,1.2334026263395936,False,0.006175174278020858
6,2024-09-02,0.7417476551905628,False,-0.013243146850168705
6,2024-09-03,0.37319258871468697,False,-0.005936994004994631
6,2024-09-04,2.5143966619936324,False,0.0009547030668705702
6,2024-09-05,0.9133822470804807,False,-0.0007520485228858888
6,2024-09-06,1.112229135741883,False,0.003163546757400036
6,2024-09-09,0.9540796128837731,False,-0.005106679226458073
6,2024-09-10,0.7929645632136751,False,0.0040426024310290815
6,2024-09-11,0.694805785826478,False,0.00360010644569993
6,2024-09-12,0.847876909074894,False,0.003548164701089263
6,2024-09-13,0.35312480353492687,False,0.006319084170460701
6,2024-09-19,0.44931865338818094,False,-0.00024051356987183682
6,2024-09-20,0.5816707940497964,False,0.0029076947980560363
6,2024-09-23,0.3827727479187912,False,0.002520340710878372
6,2024-09-24,0.5154883712943783,False,0.0069656331889331345
6,2024-09-25,0.8212456591678099,False,0.0035333757989108564
6,2024-09-26,0.9884473034855481,False,0.0015616431096568703
6,2024-09-27,0.8917344747027413,False,-0.0070306727796792985
6,2024-09-30,0.8942642884115041,False,-0.0037750271990895272
6,2024-10-02,0.9606277850716158,False,-0.0003852851713076234
6,2024-10-04,0.9527785620913719,False,0.004559328760206699
6,2024-10-07,0.8975900559943705,False,-0.007075429330766201
6,2024-10-08,0.9199959977625468,False,0.0002680031963158399
6,2024-10-10,0.8302138574946953,False,0.008239512690901757
6,2024-10-11,0.6004656794620326,False,0.002875738250091672
6,2024-10-14,0.38131198338504996,False,0.0050668727487325664
6,2024-10-15,0.3954837387688172,False,-0.0027663556329905986
6,2024-10-16,0.3795532192024209,False,0.004971567122638226
6,2024-10-17,0.38478031804238483,False,-0.005053979769349098
6,2024-10-18,0.29540398997379347,False,0.0007337352428585292
6,2024-10-21,0.24401306060317313,False,0.0038837317049503326
6,2024-10-22,0.49484228354307697,False,-0.0019546663329005243
6,2024-10-23,0.34269313008551955,False,-0.003902905743569136
6,2024-10-24,0.4532142826962955,False,-0.0036273313131183387
6,2024-10-25,0.4139985825037051,False,-0.0012407043974846602
6,2024-10-28,0.3981597888915845,False,-0.0007498625101521611
6,2024-10-29,0.3874255410739733,False,0.003526822152361274
6,2024-10-31,0.6545897326252098,False,0.0035263396974653007
6,2024-11-01,0.5380128787781588,False,-0.004297724172472954
6,2024-11-04,0.5205550556322405,False,0.017157277119159698
6,2024-11-06,0.926586604348603,False,-0.003501485901325941
6,2024-11-07,0.6814693241511353,False,-0.007884696675091982
6,2024-11-08,0.8438008643657342,False,0.005848345562815666
6,2024-11-11,0.847180231374136,False,-0.013363517740368843
6,2024-11-12,1.0800062167070477,False,-0.017667670223116876
6,2024-11-13,1.246059701791847,False,-0.002965949059650302
6,2024-11-14,0.7175175846266524,False,-0.014311412134766579
6,2024-11-15,0.6913692234827015,False,2.7383762411773205e-05
6,2024-11-18,0.412623318123528,False,0.004177383898757398
6,2024-11-19,0.6876563056621195,False,0.017344208031892776
6,2024-11-20,0.12834518514720838,False,-0.002182082491740584
6,2024-11-21,0.4471886997106237,False,0.004684531496465206
6,2024-11-22,0.7390045486267495,False,0.003967972386628389
6,2024-11-25,0.6791835195725074,False,-0.00012124865911900997
6,2024-11-26,0.2887333428826615,False,-0.005651992291212082
6,2024-11-27,1.3721824336217043,False,-0.004612512205541134
6,2024-11-28,0.22340413993763805,False,-0.009966955660283565
6,2024-11-29,0.023979686045444367,False,0.011802632901072502
6,2024-12-02,0.5499964813733319,False,-0.002493173337355256
6,2024-12-03,0.9256793716265989,False,0.0021590596152003855
6,2024-12-04,1.7358363272796165,False,0.002011881361156702
6,2024-12-05,0.3943258286346215,False,0.0006137868380174041
6,2024-12-06,0.6843052030937201,False,-0.0029871255204081534
6,2024-12-09,0.7515361160000223,False,-0.0044398399561643605
6,2024-12-10,0.7359224781513546,False,0.0035747923746705054
6,2024-12-11,0.5638546453864743,False,0.0031553039714694022
6,2024-12-12,0.5016876869677809,False,0.0033995815593749284
6,2024-12-13,0.4008735182049769,False,0.00014066985356621446
6,2024-12-16,0.8206737629013636,False,0.0015823829509317875
6,2024-12-17,1.3631612717909034,False,-0.004730422618985176
6,2024-12-18,0.18886606693530647,False,0.00548927730768919
6,2024-12-19,0.15220327959840804,False,-0.008413058145344257
6,2024-12-20,0.6735283415543367,False,-0.008572316506505013
6,2024-12-23,0.8113309849321871,False,0.004590610755234956
6,2024-12-24,0.12510265088820552,False,-0.003173693864606321
6,2024-12-26,0.34533966111376785,False,-0.004458434035629034
6,2024-12-27,0.3069461038703601,False,0.0018857871970161795
6,2024-12-30,0.2924486214402238,False,0.007153010872006416
7,2025-01-02,0.32679844835361455,False,0.00017563783917576075
7,2025-01-03,0.30370056911212584,False,0.004176800888776779
7,2025-01-06,0.29260345320142583,False,-0.0033383880168199537
7,2025-01-07,0.34940509417075755,False,0.014157795803248883
7,2025-01-08,0.1289577184235698,False,0.0008308207210153342
7,2025-01-09,0.26766074935144313,False,0.002662878507375717
7,2025-01-10,0.07558987463117525,False,-0.004355194561183453
7,2025-01-13,0.4110230377028249,False,-0.0005609538921155035
7,2025-01-14,1.1068876582927092,False,-0.002839906508848071
7,2025-01-15,0.026642523973689235,False,0.001967422628775239
7,2025-01-16,3.3661898493940234,False,0.018562990087270737
7,2025-01-17,0.255812652627948,False,0.006638601108640433
7,2025-01-20,0.1437500635859094,False,0.0011771917320787908
7,2025-01-21,0.6625628732935407,False,0.0012620930448174477
7,2025-01-22,0.25727461379492095,False,0.007233028718084097
7,2025-01-23,0.8156361985201038,False,-0.0065410916343331335
7,2025-01-24,3.234295325660089,False,0.004476855243742466
7,2025-01-31,0.09513611023930146,False,0.0015975927479565143
7,2025-02-03,2.5697962917077484,False,-0.0024633506812155245
7,2025-02-04,0.6026090197659195,False,0.002611194033175707
7,2025-02-05,0.5785054159942883,False,0.011397986246645451
7,2025-02-06,0.9812096137238429,False,-0.000967672390700318
7,2025-02-07,0.19439583070359476,False,0.0025230875715613367
7,2025-02-10,0.6238839657210151,False,0.006359878787398339
7,2025-02-11,0.6862588721894637,False,0.0041845912665128705
7,2025-02-12,0.7636720909129752,False,-0.004985361389443279
7,2025-02-13,4.6311786504991,False,0.005212511280924082
7,2025-02-14,0.2528890102843707,False,0.004405844242870808
7,2025-02-17,0.20034794119902397,False,0.0031379803717136385
7,2025-02-18,0.22659590719025371,False,-0.004317923577129841
7,2025-02-19,0.13797979640563093,False,-7.154175378382203e-05
7,2025-02-20,0.4016170157938551,False,0.0016154259279370308
7,2025-02-21,0.11644004245892395,False,-0.0002714736394584179
7,2025-02-24,1.277318036579721,False,0.00219620142057538
7,2025-02-25,0.09851116933712246,False,0.0023219560272991656
7,2025-02-26,0.2765736913039349,False,-0.002024318549595773
7,2025-02-27,0.6219431050142453,False,-0.012083414363861084
7,2025-02-28,2.077219671451705,False,-0.0018964649200439454
7,2025-03-04,0.616009115099724,False,0.0028243823427008463
7,2025-03-05,0.6120538543553712,False,0.0023116806603968145
7,2025-03-06,0.4946586202287544,False,-0.008904624211788177
7,2025-03-07,0.4655414636410781,False,-0.0003132499822415411
7,2025-03-10,0.4008323044238333,False,-0.0011337982535362244
7,2025-03-11,0.8955482952168864,False,-0.0011737922120839358
7,2025-03-12,0.6247936723108829,False,0.01861056414246559
7,2025-03-13,0.5441909070372961,False,-0.002637107914313674
7,2025-03-14,0.564130772761563,False,0.006921886394917965
7,2025-03-17,0.6008379168624144,False,6.537535539828242e-05
7,2025-03-18,0.3268551036867394,False,0.002906341341615189
7,2025-03-19,0.15768513956728553,False,0.008229179899394512
7,2025-03-20,0.617420468426271,False,-0.001194798681139946
7,2025-03-21,0.04729372831142296,False,-0.002732233230397105
7,2025-03-24,0.04040062943207323,False,-0.0010930849531665444
7,2025-03-25,0.0733813219483344,False,-0.0008087381022050977
7,2025-03-26,0.03796370778330581,False,-0.0006478973442688585
7,2025-03-27,0.5858900994202206,False,0.001204439628869295
7,2025-03-28,0.46584004213276703,False,0.005317326166169369
7,2025-03-31,1.5525073177166033,False,0.00586862677410245
7,2025-04-01,0.766418460613841,False,0.0007892727041617036
7,2025-04-02,0.7489952871970419,False,-0.0009955413902411237
7,2025-04-03,1.0290900652773918,False,0.0013298203131183982
7,2025-04-04,1.0903439651011064,False,-0.0010349850033409894
7,2025-04-07,4.0090698221263015,False,-0.005971019210107624
7,2025-04-08,2.752637450184603,False,-0.0019022950165672229
7,2025-04-09,3.174240582404462,False,-5.576038482831791e-05
7,2025-04-10,1.8475635565334405,False,0.018950814348459244
7,2025-04-11,1.8161294337857457,False,0.007702930443733931
7,2025-04-14,1.3881123010493952,False,0.0048091707438230515
7,2025-04-15,1.0701535612218216,False,0.0002083528938703239
7,2025-04-16,1.137186388412106,False,0.0038806345872581006
7,2025-04-17,0.8883717834695788,False,0.0029206938374787567
7,2025-04-18,0.6815934221973666,False,0.0015553075067757164
7,2025-04-21,0.8917879435505095,False,0.012942695969343186
7,2025-04-22,0.804223699761367,False,0.007774349544942379
7,2025-04-23,0.7835992338344496,False,0.0025318127986043693
7,2025-04-24,0.49689254805763,False,-0.0008738229740411043
7,2025-04-25,0.6299706994801577,False,-0.0007115606440231204
7,2025-04-28,0.29477571515406564,False,-0.0006372258623130619
7,2025-04-29,0.3639265412663744,False,0.005161050082743168
7,2025-04-30,0.19535580955705026,False,-0.00023486803881824015
7,2025-05-02,0.23579001783163306,False,-0.005163581385836005
7,2025-05-07,0.23531262138200879,False,0.011711756827309728
7,2025-05-08,0.8715607821338449,False,0.004669762517511845
7,2025-05-09,0.29876593849573035,False,-0.006619816119968891
7,2025-05-12,0.35602968048919,False,-0.004430184403806925
7,2025-05-13,0.22951541183527877,False,-0.0021519354570657015
7,2025-05-14,0.22951541183527877,False,0.0024722079284489155
7,2025-05-15,0.16690844414819775,False,-0.02195228099822998
7,2025-05-16,1.2190662532158525,False,0.0027977220211178066
7,2025-05-19,3.8733929185218625,False,-0.002012257149629295
7,2025-05-20,0.5895728565318525,False,0.0020426742605865003
7,2025-05-21,0.32684887512526956,False,0.016668214339017867
7,2025-05-22,0.4117030813180537,False,-0.007120351999998093
7,2025-05-23,0.3482333286083474,False,-0.004020616329088807
7,2025-05-26,0.034036567247311224,False,0.00856615667939186
7,2025-05-27,0.3129780236132458,False,0.0016413555739447474
7,2025-05-28,0.4559807486930561,False,-0.001293335414864123
7,2025-05-29,0.7022330780777174,False,-0.00044479351080954074
7,2025-05-30,0.49634854411852525,False,-0.004044371644407511
7,2025-06-02,0.4854154456457852,False,0.005267581595480442
7,2025-06-04,0.47386771773134007,False,-0.001694291144795716
7,2025-06-05,0.4732975905904908,False,0.008159742218255996
7,2025-06-09,1.0156927191861431,False,-0.0031567093089222907
7,2025-06-10,0.7406765066118861,False,-0.00016454744250513613
7,2025-06-11,0.6887370158678073,False,0.0009125231516547501
7,2025-06-12,0.4726147429043968,False,0.0024210484985262154
7,2025-06-13,1.1099542107855453,False,0.005021498540788889
7,2025-06-16,0.7905959386779045,False,0.0042199447460472585
7,2025-06-17,0.9612934706223852,False,-0.0022517957806587217
7,2025-06-18,0.9372841612003985,False,-3.723088316619395e-05
7,2025-06-19,0.8224793251189658,False,-0.0032784223176538945
7,2025-06-20,0.7031993964609804,False,0.008570326249301433
7,2025-06-23,0.8026135213052279,False,0.0009001718163490296
7,2025-06-24,0.9507465240364531,False,0.008739489459991454
7,2025-06-25,0.924378472511583,False,0.009878356640040874
7,2025-06-26,0.8537057080338296,False,0.0006958777170628309
7,2025-06-27,0.7517341147462072,False,-0.00037627663086168466
7,2025-06-30,0.6813179327827742,False,-3.218025490641593e-05
7,2025-07-01,0.6699528800485204,False,0.004825485321879387
7,2025-07-02,0.668178246841425,False,-0.005577172049880028
7,2025-07-03,0.669381194124078,False,0.004302523396909237
7,2025-07-04,0.9485571071900639,False,-0.002215916810184717
7,2025-07-07,0.8200570754142171,False,-0.0033949178405106068
7,2025-07-08,0.7123993831651055,False,0.004227808210253716
7,2025-07-09,0.6972094096539443,False,0.004404113396257162
7,2025-07-10,0.47830614679088657,False,0.004865204890072345
7,2025-07-11,0.4313361507644764,False,0.0017667259803041816
7,2025-07-14,0.5595355332129667,False,-0.0014262331433594227
7,2025-07-15,0.45398648190035956,False,-0.0005356778968125582
7,2025-07-16,0.4327159201875729,False,-0.0028950903557240963
7,2025-07-17,0.4175147669527783,False,-0.004618499721586704
7,2025-07-18,0.681065365663146,False,0.004616267291456461
7,2025-07-21,0.1723380591371635,False,0.003966803096234798
7,2025-07-22,0.5073419061228887,False,0.0025805562611087227
7,2025-07-23,0.26415507074360384,False,0.0005377200542017817
7,2025-07-24,0.3321214018005055,False,-0.005893607553839684
7,2025-07-25,0.3409636572417923,False,-0.00022126282416284082
7,2025-07-28,0.4842972946438682,False,0.003647895900905132
7,2025-07-29,0.43138478294185995,False,-0.001981828102469444
7,2025-07-30,0.5184557259124598,False,0.0035855964742600916
7,2025-07-31,0.5255998126561237,False,-0.001143778364919126
7,2025-08-01,1.4455837331638366,False,-0.003919587659835816
7,2025-08-04,0.8160701844977738,False,0.013229072818160057
7,2025-08-05,0.708018856679269,False,0.0018776257164776326
7,2025-08-06,0.4099427424948478,False,0.0009515190883306787
7,2025-08-07,0.4802784676907505,False,-0.00472698475420475
7,2025-08-08,0.2740947737145802,False,0.0024623771119862796
7,2025-08-11,0.3339538522433523,False,-0.006245833467692137
7,2025-08-12,0.5065854522973888,False,-0.003865989204496145
7,2025-08-13,0.6656044115276534,False,0.0029602442644536494
7,2025-08-14,0.26227485300015346,False,0.0012037571869790555
7,2025-08-18,0.5466846265139876,False,-0.010597078819572926
7,2025-08-19,0.30840185453627633,False,-0.008654540064930915
7,2025-08-20,0.4607926338400328,False,-0.009503845253586768
7,2025-08-21,0.4505291180614676,False,0.0014136763954535126
7,2025-08-22,0.2999851816602221,False,0.0011581973725929857
7,2025-08-25,0.6428541325809196,False,0.0072857168465852735
7,2025-08-26,0.21414002356162692,False,-0.0005827176172286271
7,2025-08-27,0.32848485102366093,False,0.0018992967292666436
7,2025-08-28,0.6660015965715343,False,0.0019634831577539443
7,2025-08-29,0.20576674367696138,False,0.001990195670723915
7,2025-09-01,0.7026783633169313,False,0.017706846868991852
7,2025-09-02,0.6932558778461216,False,0.0032617567539215088
7,2025-09-03,0.141800023628014,False,0.001915828625112772
7,2025-09-04,0.5324237758390772,False,6.846900397213176e-05
7,2025-09-05,1.696457483041828,False,0.0036954280808568
7,2025-09-08,0.33446985811999125,False,-0.003134328671172261
7,2025-09-09,1.0002364907502481,False,0.0027769445322453974
7,2025-09-10,1.8874640644676646,False,-0.001753668122179806
7,2025-09-11,0.27198022402147914,False,0.0001117686961311847
7,2025-09-12,0.3852433950745442,False,0.0015581067785620688
7,2025-09-15,0.19320298693916527,False,-0.0006029271291568875
7,2025-09-16,0.2790963389168807,False,0.008531584884226322
7,2025-09-17,0.24827167763275912,False,-5.343101033940911e-05
7,2025-09-18,0.31433809986923117,False,0.0027781208854168655
7,2025-09-19,0.18967188764861834,False,-0.0013783162092790007
7,2025-09-22,0.2529188256876969,False,0.003871970526163932
7,2025-09-23,0.23069384990568229,False,0.004765094966616016
7,2025-09-24,0.2754629715046847,False,-0.0009015080742537975
7,2025-09-25,0.3864721230620331,False,-0.005407675515115261
7,2025-09-26,0.6431122582245674,False,-0.0020409170761704447
7,2025-09-29,0.4687982354716121,False,0.00536839050501585
7,2025-09-30,0.28326648131782595,False,0.0010646238528192044
7,2025-10-01,0.18190897225697616,False,-0.005364384645223617
7,2025-10-02,0.912895494692359,False,0.0006092537315562367
7,2025-10-10,0.7987589529200793,False,0.014702384726703167
7,2025-10-13,1.4969664067981436,False,0.008539664062857628
7,2025-10-14,1.6499792959308426,False,0.0019457226932048798
7,2025-10-15,1.2896864039167595,False,0.007505376268178225
7,2025-10-16,1.5667412871170385,False,0.0005005089258775115
7,2025-10-17,2.28024330829477,False,0.00995999566540122
7,2025-10-20,1.7452083383254047,False,0.004881866006553173
7,2025-10-21,1.6496355860429823,False,0.006213516947627068
7,2025-10-22,1.558674284717528,False,-0.011792960893950658
7,2025-10-23,1.6497694467978914,False,-0.002936404127976857
7,2025-10-24,1.7466880045058528,False,-0.0021317516680224797
7,2025-10-27,1.9936959533816143,False,-0.002140698817255907
7,2025-10-28,2.0330528557489895,False,-0.00935666047509294
7,2025-10-29,1.9464433680612074,False,-0.0009302503319457173
7,2025-10-30,1.8388923183048158,False,-0.0023334959775209428
7,2025-10-31,1.6306130009185218,False,0.002937264471035451
7,2025-11-03,1.9963222491705535,False,7.140945633873344e-05
7,2025-11-04,2.41735187951468,False,-0.0035273592814803125
7,2025-11-05,3.117805176354989,False,-0.0015423736818163888
7,2025-11-06,3.057249978128135,False,-0.0013513999976508784
7,2025-11-07,3.303712376153152,False,-0.001196814869071386
7,2025-11-10,2.9969956042673407,False,0.006071889718738384
7,2025-11-11,2.871850606595591,False,0.0056555573949983225
7,2025-11-12,2.469401243709049,False,-0.005225498266081558
7,2025-11-13,2.070728546042113,False,0.009217989321053027
7,2025-11-14,2.5488521279021463,False,-0.004727412545681
7,2025-11-17,2.212507136058626,False,-0.0077238483171910045
7,2025-11-18,2.9399570545296614,False,-0.0018407705247402192
7,2025-11-19,2.9550338346892366,False,0.0052467437790939585
7,2025-11-20,2.4989659748377346,False,-0.003159225387647166
7,2025-11-21,3.246558899714134,False,-0.0007025398341007531
7,2025-11-24,2.8492204037202247,False,0.0012843318230618024
7,2025-11-25,2.615224143991707,False,0.007084716539864894
7,2025-11-26,2.0513560039232415,False,0.0020022340938216075
7,2025-11-27,1.699677712257079,False,-0.004114932657917961
7,2025-11-28,1.59586386164215,False,0.002949800869077444
7,2025-12-01,1.7883051359425952,False,0.0011919045872986317
7,2025-12-02,1.5406871804862503,False,-0.0013322580564708916
7,2025-12-03,1.465442630939412,False,-0.0011781505270977504
7,2025-12-04,1.333518228739018,False,-0.006094347277283668
7,2025-12-05,1.1417799110588167,False,0.005162035887688398
7,2025-12-08,1.1644335387936318,False,-0.0012305204287171364
7,2025-12-09,1.2444944382902796,False,-0.005243913729535416
7,2025-12-10,1.2120776300825407,False,0.0198845046967268
7,2025-12-11,1.1770111916390509,False,-0.0003408921840600669
7,2025-12-12,0.9622905531154602,False,0.0028521609578281643
7,2025-12-15,1.1530148153094826,False,0.007566179964877665
7,2025-12-16,1.3317718559607095,False,-0.011481192591786385
7,2025-12-17,1.1240616990024404,False,0.0019461082212626935
7,2025-12-18,1.250335651984219,False,-0.003920296712592244
7,2025-12-19,1.1632277981292374,False,-0.004260069106519222
7,2025-12-22,1.1447087247577006,False,0.005259278831630946
7,2025-12-23,1.012129979104036,False,0.006117255367338657
7,2025-12-24,0.9689706747232079,False,0.0018067737121134997
7,2025-12-26,0.9979935988795949,False,0.0012074215389788151
7,2025-12-29,1.2013124437415454,False,0.008603317093849183
7,2025-12-30,1.3982498703112525,False,-0.009429743270576
8,2026-01-02,1.57087175821667,False,0.000451084160245955
8,2026-01-05,1.9423031081076256,False,0.001569471580174286
8,2026-01-06,2.131104588566318,False,0.002803862388449488
8,2026-01-07,2.3194586851922634,False,0.0012886415518529248
8,2026-01-08,2.26645183200679,False,-0.0002956688918173313
8,2026-01-09,2.1103731601954214,True,0.001093004947528243
8,2026-01-12,2.007913104105319,True,0.006456648385946755
8,2026-01-13,1.8614945763955157,True,0.0008905984023585916
8,2026-01-14,1.7175614386176103,True,0.0028478898115456104
8,2026-01-15,1.8352247531771648,True,-0.0003586080931127071
8,2026-01-16,1.7235467487656755,True,0.00046747292783111334
8,2026-01-19,1.9279528987295842,True,0.0023299520380795
8,2026-01-20,2.166847819709061,True,-0.000633432770206855
8,2026-01-21,2.3207372080488344,True,0.01210559616909013
8,2026-01-22,2.4394044998961912,True,-0.002213941587461159
8,2026-01-23,2.1096925751457944,True,0.007421021170914173
8,2026-01-26,2.1338419673435043,True,0.012573744709789753
8,2026-01-27,2.2036018614728707,True,0.00014380470770411193
8,2026-01-28,2.801819624342442,True,0.010807006756755435
8,2026-01-29,2.829706626507372,True,0.018064534160494805
8,2026-01-30,2.9297338856454638,True,-0.02758786090314388
8,2026-02-02,4.13077017571336,True,-0.04110729317963124
8,2026-02-03,4.537161843411751,True,0.02082607363141942
8,2026-02-04,4.622940306353838,True,0.01031129499779272
8,2026-02-05,4.8523213978745465,True,-0.007663004574831575
8,2026-02-06,4.742969781154952,True,-0.0052992641752665805
8,2026-02-09,4.094160235551565,True,0.008747815072657978
8,2026-02-10,3.3183640747968584,True,0.004354667656868696
8,2026-02-11,2.8368002425060177,True,0.0033427500739693643
8,2026-02-12,3.0712806895861133,True,0.0008634414677908353
8,2026-02-13,3.232520007707417,True,-0.027987835520505905
8,2026-02-19,3.383273993000628,True,0.002910041846707463
8,2026-02-20,3.582621708099228,True,0.0028622986454720375
8,2026-02-23,3.9588130287941783,True,0.007100444719611551
8,2026-02-24,4.229567652466696,True,0.004153122239559889
8,2026-02-25,4.450394258384735,True,0.004005602464079857
8,2026-02-26,5.2277535628185765,True,0.00288855323754251
8,2026-02-27,5.1445997564747366,True,0.0006312283461520565
8,2026-03-03,6.494449014565824,True,0.0020695651628659106
8,2026-03-04,9.1440771209139,True,-0.01216275759314085
8,2026-03-05,8.131238763313991,True,0.001659781809318622
8,2026-03-06,6.467741110780804,True,0.001931029274687171
8,2026-03-09,7.838241467907333,True,-0.005476748768240214
8,2026-03-10,7.050023006591275,True,0.008028895993206789
8,2026-03-11,6.527881180953115,True,0.0026374211582820863
8,2026-03-12,6.8527193680454666,True,-0.004686020153015852
8,2026-03-13,6.159765769643491,True,-0.005526613527536392
8,2026-03-16,5.237403348408125,True,-0.00647055394873023
8,2026-03-17,4.915253516675014,True,-0.0011508905358612537
8,2026-03-18,5.152237312283299,True,0.0021072016052901743
8,2026-03-19,5.348767921822141,True,-0.01591276954486966
8,2026-03-20,5.375347468739896,True,-0.009766290449886583
8,2026-03-23,6.465447153963982,True,-0.036458599681127815
8,2026-03-24,6.797898663711699,True,0.011666276615764946
8,2026-03-25,6.2708882524210035,True,0.010180412102816627
8,2026-03-26,6.017823763916511,True,-0.007846475999359974
8,2026-03-27,6.1301148878929,True,-0.0001634394051216077
8,2026-03-30,6.256439400563292,True,0.015125872546434403
8,2026-03-31,6.264522165166212,True,0.0020526246719062328
8,2026-04-01,6.290324340913354,True,0.021376317927241324
8,2026-04-02,5.876010681312804,True,-0.012039866051077843
8,2026-04-03,5.9020928070842915,True,0.008530520775340847
